"dataset","method","family","backend","timing_scope","requested_threads","effective_threads","n","p","k","perplexity","input_type","landmark_fraction","n_runs","n_success","status","total_runtime_sec_median","total_runtime_sec_q1","total_runtime_sec_q3","total_runtime_sec_iqr","total_runtime_sec_sd","total_runtime_sec_min","total_runtime_sec_max","preprocess_sec_median","preprocess_sec_q1","preprocess_sec_q3","preprocess_sec_iqr","preprocess_sec_sd","preprocess_sec_min","preprocess_sec_max","knn_sec_median","knn_sec_q1","knn_sec_q3","knn_sec_iqr","knn_sec_sd","knn_sec_min","knn_sec_max","init_sec_median","init_sec_q1","init_sec_q3","init_sec_iqr","init_sec_sd","init_sec_min","init_sec_max","graph_or_affinity_sec_median","graph_or_affinity_sec_q1","graph_or_affinity_sec_q3","graph_or_affinity_sec_iqr","graph_or_affinity_sec_sd","graph_or_affinity_sec_min","graph_or_affinity_sec_max","embedding_sec_median","embedding_sec_q1","embedding_sec_q3","embedding_sec_iqr","embedding_sec_sd","embedding_sec_min","embedding_sec_max","peak_ram_gb_median","peak_ram_gb_q1","peak_ram_gb_q3","peak_ram_gb_iqr","peak_ram_gb_sd","peak_ram_gb_min","peak_ram_gb_max","peak_gpu_mb_median","peak_gpu_mb_q1","peak_gpu_mb_q3","peak_gpu_mb_iqr","peak_gpu_mb_sd","peak_gpu_mb_min","peak_gpu_mb_max","peak_gpu_delta_mb_median","peak_gpu_delta_mb_q1","peak_gpu_delta_mb_q3","peak_gpu_delta_mb_iqr","peak_gpu_delta_mb_sd","peak_gpu_delta_mb_min","peak_gpu_delta_mb_max","trustworthiness_median","trustworthiness_q1","trustworthiness_q3","trustworthiness_iqr","trustworthiness_sd","trustworthiness_min","trustworthiness_max","knn_preservation_15_median","knn_preservation_15_q1","knn_preservation_15_q3","knn_preservation_15_iqr","knn_preservation_15_sd","knn_preservation_15_min","knn_preservation_15_max","knn_preservation_30_median","knn_preservation_30_q1","knn_preservation_30_q3","knn_preservation_30_iqr","knn_preservation_30_sd","knn_preservation_30_min","knn_preservation_30_max","knn_preservation_50_median","knn_preservation_50_q1","knn_preservation_50_q3","knn_preservation_50_iqr","knn_preservation_50_sd","knn_preservation_50_min","knn_preservation_50_max","silhouette_median","silhouette_q1","silhouette_q3","silhouette_iqr","silhouette_sd","silhouette_min","silhouette_max","label_knn_accuracy_median","label_knn_accuracy_q1","label_knn_accuracy_q3","label_knn_accuracy_iqr","label_knn_accuracy_sd","label_knn_accuracy_min","label_knn_accuracy_max","tsne_kl_median","tsne_kl_q1","tsne_kl_q3","tsne_kl_iqr","tsne_kl_sd","tsne_kl_min","tsne_kl_max","n_landmarks_median","n_landmarks_q1","n_landmarks_q3","n_landmarks_iqr","n_landmarks_sd","n_landmarks_min","n_landmarks_max","reference_embedding_sec_median","reference_embedding_sec_q1","reference_embedding_sec_q3","reference_embedding_sec_iqr","reference_embedding_sec_sd","reference_embedding_sec_min","reference_embedding_sec_max","landmark_projection_knn_sec_median","landmark_projection_knn_sec_q1","landmark_projection_knn_sec_q3","landmark_projection_knn_sec_iqr","landmark_projection_knn_sec_sd","landmark_projection_knn_sec_min","landmark_projection_knn_sec_max","landmark_refinement_sec_median","landmark_refinement_sec_q1","landmark_refinement_sec_q3","landmark_refinement_sec_iqr","landmark_refinement_sec_sd","landmark_refinement_sec_min","landmark_refinement_sec_max","landmark_transform_sec_median","landmark_transform_sec_q1","landmark_transform_sec_q3","landmark_transform_sec_iqr","landmark_transform_sec_sd","landmark_transform_sec_min","landmark_transform_sec_max","kodama_core_sec_median","kodama_core_sec_q1","kodama_core_sec_q3","kodama_core_sec_iqr","kodama_core_sec_sd","kodama_core_sec_min","kodama_core_sec_max","kodama_visualization_sec_median","kodama_visualization_sec_q1","kodama_visualization_sec_q3","kodama_visualization_sec_iqr","kodama_visualization_sec_sd","kodama_visualization_sec_min","kodama_visualization_sec_max","kodama_core_peak_ram_gb_median","kodama_core_peak_ram_gb_q1","kodama_core_peak_ram_gb_q3","kodama_core_peak_ram_gb_iqr","kodama_core_peak_ram_gb_sd","kodama_core_peak_ram_gb_min","kodama_core_peak_ram_gb_max","kodama_visualization_peak_ram_gb_median","kodama_visualization_peak_ram_gb_q1","kodama_visualization_peak_ram_gb_q3","kodama_visualization_peak_ram_gb_iqr","kodama_visualization_peak_ram_gb_sd","kodama_visualization_peak_ram_gb_min","kodama_visualization_peak_ram_gb_max","kodama_core_peak_gpu_delta_mb_median","kodama_core_peak_gpu_delta_mb_q1","kodama_core_peak_gpu_delta_mb_q3","kodama_core_peak_gpu_delta_mb_iqr","kodama_core_peak_gpu_delta_mb_sd","kodama_core_peak_gpu_delta_mb_min","kodama_core_peak_gpu_delta_mb_max","kodama_visualization_peak_gpu_delta_mb_median","kodama_visualization_peak_gpu_delta_mb_q1","kodama_visualization_peak_gpu_delta_mb_q3","kodama_visualization_peak_gpu_delta_mb_iqr","kodama_visualization_peak_gpu_delta_mb_sd","kodama_visualization_peak_gpu_delta_mb_min","kodama_visualization_peak_gpu_delta_mb_max","suite","profile","source_file","method_label","runtime","runtime_q1","runtime_q3","trust","preserve30","silhouette","label_accuracy","peak_ram_gb","threads"
"COIL20","fastEmbedR_opentsne_cpu_full","t-SNE","cpu","full_pipeline",4,4,1440,16384,,30,"float32",,3,3,"success",16.438,16.356,17.3255,0.969499999999996,1.07527066360057,16.274,18.213,0.01,0.00950000000000006,0.0135000000000001,0.00399999999999999,0.00435889894354069,0.00900000000000012,0.0170000000000001,12.435,12.389,13.1495,0.7605,0.852833121620715,12.343,13.864,,,,,,,,,,,,,,,2.149,2.1175,2.2635,0.146,0.153663051295142,2.086,2.378,1.01515197753906,1.01513290405273,1.01566696166992,0.0005340576171875,0.000605964790722852,1.01511383056641,1.01618194580078,,,,,,,,,,,,,,,0.905713000449843,0.899063363537048,0.911104684788896,0.0120413212518475,0.0120632043441805,0.892413726624253,0.916496369127948,0.521794871794872,0.520299145299145,0.535470085470086,0.0151709401709401,0.0167213654243706,0.518803418803419,0.549145299145299,0.574358974358974,0.568055555555556,0.581410256410256,0.0133547008547005,0.0133616790885118,0.561752136752137,0.588461538461538,0.656153846153846,0.654487179487179,0.661474358974359,0.00698717948717953,0.00729868991153352,0.652820512820513,0.666794871794872,0.457890075855963,0.453099458953909,0.458473505971879,0.00537404701796995,0.00589750129878496,0.448308842051855,0.459056936087795,0.576923076923077,0.548076923076923,0.592948717948718,0.044871794871795,0.0454781979781898,0.519230769230769,0.608974358974359,0.721785448278456,0.71973609968086,0.722870143995916,0.00313404431505604,0.00318314605829725,0.717686751083264,0.723954839713376,,,,,,,,,,,,,,,,,,,,,,,,,,,,,,,,,,,,,,,,,,,,,,,,,,,,,,,,,,,,,,,,,,,,,,,,,,,,,,"standard","cpu4","/Users/stefano/Documents/fastEmbedR-results/COIL20/standard/cpu4/20260721_084502_1071178/benchmark_summary_median_variability.csv","fastEmbedR openTSNE CPU",16.438,16.356,17.3255,0.905713000449843,0.574358974358974,0.457890075855963,0.576923076923077,1.01515197753906,4
"COIL20","KlugerLab_FItSNE","t-SNE","cpu","full_pipeline",4,4,1440,16384,,30,"standard_R_double",,3,3,"success",21.694,21.5315,21.754,0.222499999999997,0.230235386796499,21.369,21.814,,,,,,,,,,,,,,,,,,,,,,,,,,,,,,,,,,,,1.32224655151367,1.32222366333008,1.32228469848633,6.103515625e-05,6.16676618091946e-05,1.32220077514648,1.32232284545898,,,,,,,,,,,,,,,0.870143306985412,0.866430499325236,0.872665638455112,0.00623513912987594,0.00627290771138932,0.86271769166506,0.875187969924812,0.57948717948718,0.578632478632479,0.583974358974359,0.00534188034187999,0.00573881398247358,0.577777777777778,0.588461538461538,0.626282051282051,0.622542735042735,0.627777777777778,0.00523504273504249,0.00539291857441168,0.618803418803419,0.629273504273504,0.639871794871795,0.635448717948718,0.643076923076923,0.00762820512820495,0.00766054696727488,0.631025641025641,0.646282051282051,0.39408073810194,0.381748334324119,0.396559092206128,0.014810757882009,0.0158658747220662,0.369415930546298,0.399037446310316,0.621794871794872,0.605769230769231,0.628205128205129,0.0224358974358975,0.0231125081760513,0.58974358974359,0.634615384615385,1.01821545469563,1.01673240992864,1.0184228782591,0.00169046833045994,0.0018439323002493,1.01524936516166,1.01863030182258,,,,,,,,,,,,,,,,,,,,,,,,,,,,,,,,,,,,,,,,,,,,,,,,,,,,,,,,,,,,,,,,,,,,,,,,,,,,,,"standard","cpu4","/Users/stefano/Documents/fastEmbedR-results/COIL20/standard/cpu4/20260721_084502_1071178/benchmark_summary_median_variability.csv","FIt-SNE",21.694,21.5315,21.754,0.870143306985412,0.626282051282051,0.39408073810194,0.621794871794872,1.32224655151367,4
"COIL20","Rtsne_full","t-SNE","cpu","full_pipeline",4,4,1440,16384,,30,"standard_R_double",,3,3,"success",8.238,8.194,8.609,0.415000000000001,0.455925432499658,8.15,8.98,,,,,,,,,,,,,,,,,,,,,,,,,,,,,,,,,,,,1.58675765991211,1.56815528869629,1.60047912597656,0.0323238372802734,0.0324464410203514,1.54955291748047,1.61420059204102,,,,,,,,,,,,,,,0.844871794871795,0.836157701947176,0.847370027633185,0.0112123256860099,0.0117726471030138,0.827443609022556,0.849868260394576,0.530769230769231,0.513247863247864,0.533547008547008,0.0202991452991449,0.0220116585635483,0.495726495726496,0.536324786324786,0.527991452991453,0.526282051282052,0.53525641025641,0.0089743589743585,0.00953032973428885,0.52457264957265,0.542521367521367,0.540384615384615,0.533974358974359,0.573205128205128,0.039230769230769,0.0420898301531739,0.527564102564103,0.606025641025641,0.464582856357673,0.456883214041169,0.466295457874944,0.00941224383377454,0.0100268915005427,0.449183571724665,0.468008059392214,0.58974358974359,0.58974358974359,0.641025641025641,0.051282051282051,0.0592154122245767,0.58974358974359,0.692307692307692,0.962016725852954,0.951283180566607,0.964680069023754,0.0133968884571475,0.0141840053485787,0.94054963528026,0.967343412194555,,,,,,,,,,,,,,,,,,,,,,,,,,,,,,,,,,,,,,,,,,,,,,,,,,,,,,,,,,,,,,,,,,,,,,,,,,,,,,"standard","cpu4","/Users/stefano/Documents/fastEmbedR-results/COIL20/standard/cpu4/20260721_084502_1071178/benchmark_summary_median_variability.csv","Rtsne",8.238,8.194,8.609,0.844871794871795,0.527991452991453,0.464582856357673,0.58974358974359,1.58675765991211,4
"COIL20","fastEmbedR_umap_cpu_fuzzy_full","UMAP","cpu","full_pipeline",4,4,1440,16384,30,,"float32",,3,3,"success",13.469,13.447,13.8275,0.380500000000001,0.42722866632909,13.425,14.186,0.01,0.00949999999999995,0.0164999999999999,0.007,0.00781024967590663,0.0089999999999999,0.0229999999999999,12.882,12.864,13.237,0.372999999999999,0.42069624829957,12.846,13.592,,,,,,,,,,,,,,,0.282,0.281,0.288999999999999,0.00799999999999901,0.00871779788708042,0.280000000000001,0.295999999999999,0.543449401855469,0.54002571105957,0.543609619140625,0.00358390808105469,0.00404901019821154,0.536602020263672,0.543769836425781,,,,,,,,,,,,,,,0.826791337317653,0.825875586401902,0.839901034637876,0.0140254482359744,0.0156932249030714,0.824959835486151,0.8530107319581,0.495299145299145,0.490811965811966,0.511324786324786,0.0205128205128206,0.0215674408221291,0.486324786324786,0.527350427350427,0.48482905982906,0.469551282051282,0.496047008547009,0.0264957264957265,0.0265992028677808,0.454273504273504,0.507264957264957,0.531153846153846,0.511730769230769,0.549935897435897,0.0382051282051284,0.0382069207403727,0.492307692307692,0.568717948717949,0.543671330318049,0.539682981129534,0.548830919019833,0.0091479378903,0.00917289676041692,0.535694631941018,0.553990507721618,0.628205128205128,0.592948717948718,0.631410256410256,0.0384615384615384,0.0426815905030729,0.557692307692308,0.634615384615385,,,,,,,,,,,,,,,,,,,,,,,,,,,,,,,,,,,,,,,,,,,,,,,,,,,,,,,,,,,,,,,,,,,,,,,,,,,,,,,,,,,,,"standard","cpu4","/Users/stefano/Documents/fastEmbedR-results/COIL20/standard/cpu4/20260721_084502_1071178/benchmark_summary_median_variability.csv","fastEmbedR UMAP CPU",13.469,13.447,13.8275,0.826791337317653,0.48482905982906,0.543671330318049,0.628205128205128,0.543449401855469,4
"COIL20","umap_package","UMAP","cpu","full_pipeline",4,4,1440,16384,30,,"standard_R_double",,3,3,"success",40.474,39.704,41.0005,1.29650000000001,1.30409981724304,38.934,41.527,,,,,,,,,,,,,,,,,,,,,,,,,,,,,,,,,,,,1.41672897338867,1.41670417785645,1.42606544494629,0.00936126708984375,0.0107951729179297,1.41667938232422,1.43540191650391,,,,,,,,,,,,,,,0.831418289313026,0.830859199280252,0.843470856628751,0.0126116573484994,0.0142508680821159,0.830300109247478,0.855523423944477,0.511538461538461,0.509188034188034,0.521794871794871,0.0126068376068375,0.0134077294752594,0.506837606837607,0.532051282051282,0.536538461538462,0.528632478632479,0.552564102564103,0.0239316239316241,0.0243864492426577,0.520726495726496,0.568589743589744,0.58,0.57301282051282,0.586538461538461,0.013525641025641,0.0135281218610346,0.566025641025641,0.593076923076923,0.466870046319513,0.464460650286424,0.484648433823244,0.0201877835368195,0.0220518004647625,0.462051254253335,0.502426821326974,0.557692307692308,0.509615384615385,0.628205128205129,0.118589743589744,0.119295084206905,0.461538461538462,0.698717948717949,,,,,,,,,,,,,,,,,,,,,,,,,,,,,,,,,,,,,,,,,,,,,,,,,,,,,,,,,,,,,,,,,,,,,,,,,,,,,,,,,,,,,"standard","cpu4","/Users/stefano/Documents/fastEmbedR-results/COIL20/standard/cpu4/20260721_084502_1071178/benchmark_summary_median_variability.csv","umap package",40.474,39.704,41.0005,0.831418289313026,0.536538461538462,0.466870046319513,0.557692307692308,1.41672897338867,4
"COIL20","uwot_default","UMAP","cpu","full_pipeline",4,4,1440,16384,30,,"standard_R_double",,3,3,"success",22.766,22.738,22.9155,0.177500000000002,0.190858586393173,22.71,23.065,,,,,,,,,,,,,,,,,,,,,,,,,,,,,,,,,,,,1.07488250732422,1.06919097900391,1.10369873046875,0.0345077514648438,0.0370004785743443,1.06349945068359,1.13251495361328,,,,,,,,,,,,,,,0.855378831694621,0.84628558575927,0.862303193882141,0.016017608122871,0.0160664802891526,0.837192339823919,0.869227556069661,0.527350427350427,0.526495726495727,0.533760683760684,0.00726495726495702,0.00794151559245933,0.525641025641026,0.54017094017094,0.555555555555556,0.550747863247864,0.571153846153847,0.0204059829059831,0.0213358026686512,0.545940170940171,0.586752136752137,0.575128205128205,0.571217948717949,0.590576923076923,0.0193589743589745,0.0204731186304453,0.567307692307692,0.606025641025641,0.495440052977097,0.48786935835239,0.511009658344191,0.0231402999918005,0.0235966312863811,0.480298663727684,0.526579263711285,0.596153846153846,0.528846153846154,0.634615384615385,0.105769230769231,0.107072391592885,0.461538461538462,0.673076923076923,,,,,,,,,,,,,,,,,,,,,,,,,,,,,,,,,,,,,,,,,,,,,,,,,,,,,,,,,,,,,,,,,,,,,,,,,,,,,,,,,,,,,"standard","cpu4","/Users/stefano/Documents/fastEmbedR-results/COIL20/standard/cpu4/20260721_084502_1071178/benchmark_summary_median_variability.csv","uwot default",22.766,22.738,22.9155,0.855378831694621,0.555555555555556,0.495440052977097,0.596153846153846,1.07488250732422,4
"COIL20","uwot_fast_sgd","UMAP","cpu","full_pipeline",4,4,1440,16384,30,,"standard_R_double",,3,3,"success",23.495,23.383,24.4705,1.0875,1.19632785361427,23.271,25.446,,,,,,,,,,,,,,,,,,,,,,,,,,,,,,,,,,,,1.06206512451172,1.05854225158691,1.06279373168945,0.00425148010253906,0.00454727648349746,1.05501937866211,1.06352233886719,,,,,,,,,,,,,,,0.860404215667374,0.853841334104492,0.869237195552985,0.0153958614484929,0.0154515478795107,0.84727845254161,0.878070175438596,0.539316239316239,0.529273504273504,0.548076923076923,0.018803418803419,0.0188179819284651,0.519230769230769,0.556837606837607,0.581623931623932,0.558653846153847,0.589957264957265,0.0313034188034186,0.0324239962551368,0.535683760683761,0.598290598290598,0.585897435897436,0.576987179487179,0.589038461538462,0.012051282051282,0.0125031225554165,0.568076923076923,0.592179487179487,0.485856242279451,0.485030293498321,0.504145461629594,0.019115168131273,0.021611222216147,0.484204344717191,0.522434680979737,0.647435897435897,0.548076923076923,0.657051282051282,0.108974358974359,0.120665024816201,0.448717948717949,0.666666666666667,,,,,,,,,,,,,,,,,,,,,,,,,,,,,,,,,,,,,,,,,,,,,,,,,,,,,,,,,,,,,,,,,,,,,,,,,,,,,,,,,,,,,"standard","cpu4","/Users/stefano/Documents/fastEmbedR-results/COIL20/standard/cpu4/20260721_084502_1071178/benchmark_summary_median_variability.csv","uwot fast SGD",23.495,23.383,24.4705,0.860404215667374,0.581623931623932,0.485856242279451,0.647435897435897,1.06206512451172,4
"COIL20","fastEmbedR_opentsne_cuda_full","t-SNE","cuda","full_pipeline",1,,1440,16384,,30,"float32",,3,3,"success",6.42,6.41,6.541,0.131,0.145835523793073,6.4,6.662,0.02,0.02,0.0205,0.000500000000000049,0.000577350269189682,0.02,0.0210000000000001,0.327,0.3265,0.339,0.0125,0.0141539158303747,0.326,0.351,,,,,,,,,,,,,,,5.818,5.81,5.9305,0.120500000000001,0.134760280993078,5.802,6.043,1.24110412597656,1.24102210998535,1.24840927124023,0.00738716125488281,0.00848300360924925,1.24094009399414,1.25571441650391,8285,8285,8285,0,0,8285,8285,8285,8285,8285,0,0,8285,8285,0.9052888631836,0.898484994537626,0.910773729194782,0.0122887346571559,0.0123123077497349,0.891681125891652,0.916258595205964,0.528205128205128,0.523931623931624,0.539529914529915,0.0155982905982904,0.0161208000973162,0.51965811965812,0.550854700854701,0.572222222222222,0.556196581196581,0.572649572649573,0.0164529914529915,0.0187564162608013,0.54017094017094,0.573076923076923,0.659871794871795,0.657884615384616,0.664807692307693,0.00692307692307703,0.00712932721906765,0.655897435897436,0.66974358974359,0.4454442476872,0.445432523968637,0.445561192679595,0.000128668710958013,0.000142288940780844,0.445420800250074,0.44567813767199,0.576923076923077,0.544871794871795,0.580128205128205,0.0352564102564101,0.0389920675019115,0.512820512820513,0.583333333333333,0.724022479489211,0.723709352945872,0.726794079801875,0.00308472685600347,0.00339562034601976,0.723396226402533,0.72956568011454,,,,,,,,,,,,,,,,,,,,,,,,,,,,,,,,,,,,,,,,,,,,,,,,,,,,,,,,,,,,,,,,,,,,,,,,,,,,,,"standard","cuda","/Users/stefano/Documents/fastEmbedR-results/COIL20/standard/cuda/20260721_192838_1071189/benchmark_summary_median_variability.csv","fastEmbedR openTSNE CUDA",6.42,6.41,6.541,0.9052888631836,0.572222222222222,0.4454442476872,0.576923076923077,1.24110412597656,1
"COIL20","fastEmbedR_umap_cuda_fuzzy_full","UMAP","cuda","full_pipeline",1,,1440,16384,30,,"float32",,3,3,"success",0.602,0.6,0.6175,0.0175,0.019157244060668,0.598,0.633,0.02,0.02,0.0225,0.00249999999999995,0.00288675134594807,0.02,0.0249999999999999,0.331,0.3245,0.342,0.0175,0.0176918060129541,0.318,0.353,,,,,,,,,,,,,,,0.024,0.024,0.029,0.005,0.00577350269189626,0.024,0.034,1.03472900390625,1.0346508026123,1.03564643859863,0.000995635986328125,0.00110727680201891,1.03457260131836,1.03656387329102,2265,2265,2265,0,0,2265,2265,2265,2265,2265,0,0,2265,2265,0.859902962534541,0.859668401773664,0.874019985862091,0.0143515840884265,0.0164380317602871,0.859433841012788,0.888137009189641,0.518803418803419,0.50491452991453,0.522222222222222,0.0173076923076925,0.0183329514700004,0.491025641025641,0.525641025641026,0.514102564102564,0.5125,0.528846153846154,0.016346153846154,0.0180210690728427,0.510897435897436,0.543589743589744,0.572179487179487,0.563525641025641,0.578974358974359,0.0154487179487179,0.015485955405296,0.554871794871795,0.585769230769231,0.539616151106626,0.538385740745603,0.542223072115463,0.00383733136985953,0.00391876331214615,0.53715533038458,0.544829993124299,0.602564102564103,0.573717948717949,0.641025641025641,0.0673076923076924,0.0675362420054664,0.544871794871795,0.67948717948718,,,,,,,,,,,,,,,,,,,,,,,,,,,,,,,,,,,,,,,,,,,,,,,,,,,,,,,,,,,,,,,,,,,,,,,,,,,,,,,,,,,,,"standard","cuda","/Users/stefano/Documents/fastEmbedR-results/COIL20/standard/cuda/20260721_192838_1071189/benchmark_summary_median_variability.csv","fastEmbedR UMAP CUDA",0.602,0.6,0.6175,0.859902962534541,0.514102564102564,0.539616151106626,0.602564102564103,1.03472900390625,1
"FashionMNIST","fastEmbedR_opentsne_cpu_full","t-SNE","cpu","full_pipeline",4,4,70000,784,,30,"float32",,3,3,"success",69.958,69.172,69.9805,0.808500000000009,0.920859924201289,68.386,70.003,0.0279999999999998,0.0239999999999999,0.0284999999999999,0.00450000000000005,0.00493288286231623,0.02,0.0290000000000001,33.779,32.805,34.231,1.426,1.45749922813016,31.831,34.683,,,,,,,,,,,,,,,33.492,32.931,33.516,0.585000000000001,0.662078545189316,32.37,33.54,1.74129486083984,1.74128532409668,1.7415657043457,0.000280380249023438,0.000318392041545031,1.74127578735352,1.74183654785156,,,,,,,,,,,,,,,0.962753205479008,0.961166039015703,0.964913095001628,0.0037470559859254,0.00376161744411678,0.959578872552398,0.967072984524249,0.498225957049486,0.494257703081233,0.509803921568627,0.0155462184873945,0.0161551067513414,0.490289449112979,0.521381886087768,0.553174603174603,0.549579831932773,0.556605975723622,0.00702614379084954,0.00702677709057503,0.545985060690943,0.560037348272642,0.57546218487395,0.574257703081232,0.578067226890757,0.00380952380952404,0.0038943969968529,0.573053221288515,0.580672268907563,0.121039979090181,0.113196227962219,0.12869143538947,0.0154952074272505,0.0154956051505117,0.105352476834258,0.136342891688759,0.736694677871149,0.728291316526611,0.740196078431373,0.0119047619047621,0.0122365475462944,0.719887955182073,0.743697478991597,1.84651607280656,1.84550116977179,1.84661562281602,0.00111445304422508,0.00123340827577918,1.84448626673703,1.84671517282548,,,,,,,,,,,,,,,,,,,,,,,,,,,,,,,,,,,,,,,,,,,,,,,,,,,,,,,,,,,,,,,,,,,,,,,,,,,,,,"standard","cpu4","/Users/stefano/Documents/fastEmbedR-results/FashionMNIST/standard/cpu4/20260721_084502_1071179/benchmark_summary_median_variability.csv","fastEmbedR openTSNE CPU",69.958,69.172,69.9805,0.962753205479008,0.553174603174603,0.121039979090181,0.736694677871149,1.74129486083984,4
"FashionMNIST","KlugerLab_FItSNE","t-SNE","cpu","full_pipeline",4,4,70000,784,,30,"standard_R_double",,3,3,"success",105.28,104.87,106.3135,1.4435,1.48770841677169,104.46,107.347,,,,,,,,,,,,,,,,,,,,,,,,,,,,,,,,,,,,2.9209098815918,2.9180908203125,2.92097091674805,0.00288009643554688,0.0032909762750871,2.9152717590332,2.9210319519043,,,,,,,,,,,,,,,0.930558156692489,0.928725942861467,0.93270554724543,0.00397960438396305,0.00398376243956272,0.926893729030445,0.934852937798371,0.464239028944911,0.461391223155929,0.46844070961718,0.00704948646125103,0.00709269002334279,0.458543417366947,0.472642390289449,0.517413632119515,0.51451914098973,0.518884220354809,0.00436507936507946,0.00444181843555349,0.511624649859944,0.520354808590103,0.540924369747899,0.5390756302521,0.542801120448179,0.0037254901960786,0.00372552529767312,0.537226890756302,0.544677871148459,0.126919929643289,0.112386075789888,0.129373265539272,0.0169871897493836,0.0183633036321916,0.0978522219364877,0.131826601435255,0.733893557422969,0.733193277310924,0.739495798319328,0.00630252100840312,0.00690879952705329,0.73249299719888,0.745098039215686,1.96290103135083,1.96119062559901,1.96393151717966,0.00274089158065016,0.00276885963724621,1.95948021984719,1.96496200300849,,,,,,,,,,,,,,,,,,,,,,,,,,,,,,,,,,,,,,,,,,,,,,,,,,,,,,,,,,,,,,,,,,,,,,,,,,,,,,"standard","cpu4","/Users/stefano/Documents/fastEmbedR-results/FashionMNIST/standard/cpu4/20260721_084502_1071179/benchmark_summary_median_variability.csv","FIt-SNE",105.28,104.87,106.3135,0.930558156692489,0.517413632119515,0.126919929643289,0.733893557422969,2.9209098815918,4
"FashionMNIST","Rtsne_full","t-SNE","cpu","full_pipeline",4,4,70000,784,,30,"standard_R_double",,3,3,"success",101.257,98.6605,105.2145,6.554,6.60093601948491,96.064,109.172,,,,,,,,,,,,,,,,,,,,,,,,,,,,,,,,,,,,2.63107681274414,2.62951469421387,2.63146018981934,0.00194549560546875,0.00206109120537434,2.62795257568359,2.63184356689453,,,,,,,,,,,,,,,0.924170169756277,0.920189349256345,0.92586739471476,0.00567804545841499,0.00582910539964201,0.916208528756413,0.927564619673243,0.471148459383753,0.470728291316526,0.481185807656396,0.010457516339869,0.0118401731279477,0.4703081232493,0.491223155929038,0.515686274509804,0.514425770308123,0.518720821661998,0.00429505135387465,0.0044154889041315,0.513165266106443,0.521755368814192,0.522913165266106,0.522843137254902,0.52750700280112,0.00466386554621845,0.00534539609094661,0.522773109243697,0.532100840336134,0.0997006473544386,0.0818881469989911,0.106902751478425,0.0250146044794343,0.0257537817286199,0.0640756466435435,0.114104855602412,0.714285714285714,0.706582633053221,0.735294117647058,0.0287114845938374,0.0297213707607787,0.698879551820728,0.756302521008403,1.84447724119345,1.82845196614675,1.8457064387698,0.0172544726230499,0.0192533493623633,1.81242669110004,1.84693563634614,,,,,,,,,,,,,,,,,,,,,,,,,,,,,,,,,,,,,,,,,,,,,,,,,,,,,,,,,,,,,,,,,,,,,,,,,,,,,,"standard","cpu4","/Users/stefano/Documents/fastEmbedR-results/FashionMNIST/standard/cpu4/20260721_084502_1071179/benchmark_summary_median_variability.csv","Rtsne",101.257,98.6605,105.2145,0.924170169756277,0.515686274509804,0.0997006473544386,0.714285714285714,2.63107681274414,4
"FashionMNIST","fastEmbedR_umap_cpu_fuzzy_full","UMAP","cpu","full_pipeline",4,4,70000,784,30,,"float32",,3,3,"success",47.722,47.275,49.5005,2.2255,2.35453059723872,46.828,51.279,0.022,0.021,0.023,0.002,0.002,0.02,0.024,30.315,29.8835,31.751,1.8675,1.95547854330681,29.452,33.187,,,,,,,,,,,,,,,17.127,17.1105,17.4565,0.345999999999997,0.390348989153724,17.094,17.786,0.808822631835938,0.808700561523438,0.808832168579102,0.000131607055664062,0.000146770859425134,0.808578491210938,0.808841705322266,,,,,,,,,,,,,,,0.966259267817112,0.965313940337351,0.968628059038376,0.00331411870102594,0.00341449836807909,0.964368612857589,0.970996850259641,0.520821661998133,0.512324929971989,0.524136321195145,0.011811391223156,0.0121844267637802,0.503828197945845,0.527450980392157,0.580999066293184,0.578828197945845,0.582376283846872,0.00354808590102706,0.00357755140962189,0.576657329598506,0.58375350140056,0.601456582633053,0.597983193277311,0.602156862745098,0.00417366946778697,0.00447022316208372,0.594509803921569,0.602857142857143,0.142329104695951,0.126127058935132,0.145579384991116,0.019452326055983,0.0208400831383669,0.109925013174314,0.14882966528628,0.728291316526611,0.724789915966387,0.740896358543418,0.016106442577031,0.0169423410939534,0.721288515406162,0.753501400560224,,,,,,,,,,,,,,,,,,,,,,,,,,,,,,,,,,,,,,,,,,,,,,,,,,,,,,,,,,,,,,,,,,,,,,,,,,,,,,,,,,,,,"standard","cpu4","/Users/stefano/Documents/fastEmbedR-results/FashionMNIST/standard/cpu4/20260721_084502_1071179/benchmark_summary_median_variability.csv","fastEmbedR UMAP CPU",47.722,47.275,49.5005,0.966259267817112,0.580999066293184,0.142329104695951,0.728291316526611,0.808822631835938,4
"FashionMNIST","umap_package","UMAP","cpu","full_pipeline",4,4,70000,784,30,,"standard_R_double",,3,3,"success",1188.269,1185.6455,1210.619,24.9735000000001,27.4479016137847,1183.022,1232.969,,,,,,,,,,,,,,,,,,,,,,,,,,,,,,,,,,,,8.01639938354492,7.94034957885742,8.37839698791504,0.438047409057617,0.468124891415957,7.86429977416992,8.74039459228516,,,,,,,,,,,,,,,0.942478255170857,0.940700698996434,0.943967794546666,0.00326709555023164,0.00327132458795679,0.938923142822011,0.945457333922474,0.49327731092437,0.484080298786182,0.493370681605976,0.00929038281979444,0.0106741108386133,0.474883286647993,0.493464052287582,0.549766573295985,0.544304388422036,0.552521008403361,0.00821661998132595,0.00836401898114683,0.538842203548086,0.555275443510738,0.571904761904762,0.56609243697479,0.574705882352941,0.00861344537815101,0.00878714356846303,0.560280112044818,0.57750700280112,0.210206905453747,0.196309804718024,0.219334344619988,0.023024539901964,0.023188632161606,0.1824127039823,0.228461783786228,0.736694677871149,0.719887955182073,0.752801120448179,0.0329131652661065,0.0329156484352425,0.703081232492997,0.76890756302521,,,,,,,,,,,,,,,,,,,,,,,,,,,,,,,,,,,,,,,,,,,,,,,,,,,,,,,,,,,,,,,,,,,,,,,,,,,,,,,,,,,,,"standard","cpu4","/Users/stefano/Documents/fastEmbedR-results/FashionMNIST/standard/cpu4/20260721_084502_1071179/benchmark_summary_median_variability.csv","umap package",1188.269,1185.6455,1210.619,0.942478255170857,0.549766573295985,0.210206905453747,0.736694677871149,8.01639938354492,4
"FashionMNIST","uwot_default","UMAP","cpu","full_pipeline",4,4,70000,784,30,,"standard_R_double",,3,3,"success",78.885,77.2825,79.6105,2.328,2.38242740358092,75.68,80.336,,,,,,,,,,,,,,,,,,,,,,,,,,,,,,,,,,,,1.40271759033203,1.40271186828613,1.4028205871582,0.000108718872070312,0.000122367972811473,1.40270614624023,1.40292358398438,,,,,,,,,,,,,,,0.943980023268352,0.943197385080419,0.945654209585426,0.00245682450500695,0.00251016719308913,0.942414746892486,0.9473283959025,0.486834733893557,0.483613445378151,0.489775910364145,0.00616246498599449,0.00616458668169721,0.480392156862745,0.492717086834734,0.544491129785247,0.542390289449113,0.54703548085901,0.0046451914098975,0.00465224359774035,0.540289449112978,0.549579831932773,0.567170868347339,0.563389355742297,0.569145658263305,0.00575630252100845,0.0058500513677325,0.559607843137255,0.571120448179272,0.203689817454924,0.194074776340523,0.219871517349245,0.0257967410087225,0.026073847354167,0.184459735226121,0.236053217243566,0.725490196078431,0.718487394957983,0.742296918767507,0.0238095238095239,0.0244730950925888,0.711484593837535,0.759103641456583,,,,,,,,,,,,,,,,,,,,,,,,,,,,,,,,,,,,,,,,,,,,,,,,,,,,,,,,,,,,,,,,,,,,,,,,,,,,,,,,,,,,,"standard","cpu4","/Users/stefano/Documents/fastEmbedR-results/FashionMNIST/standard/cpu4/20260721_084502_1071179/benchmark_summary_median_variability.csv","uwot default",78.885,77.2825,79.6105,0.943980023268352,0.544491129785247,0.203689817454924,0.725490196078431,1.40271759033203,4
"FashionMNIST","uwot_fast_sgd","UMAP","cpu","full_pipeline",4,4,70000,784,30,,"standard_R_double",,3,3,"success",61.679,60.8655,62.465,1.59950000000001,1.59957879872588,60.052,63.251,,,,,,,,,,,,,,,,,,,,,,,,,,,,,,,,,,,,1.40840148925781,1.40557479858398,1.40846252441406,0.00288772583007812,0.00329978442987879,1.40274810791016,1.40852355957031,,,,,,,,,,,,,,,0.944238650597721,0.943274878692432,0.945852031116354,0.00257715242392198,0.00260429998265122,0.942311106787143,0.947465411634987,0.489635854341737,0.485574229691877,0.489822595704949,0.00424836601307199,0.00480140819025073,0.481512605042017,0.490009337068161,0.545331465919701,0.543580765639589,0.549439775910364,0.00585901027077496,0.0060150457910816,0.541830065359477,0.553548085901027,0.567871148459384,0.56373949579832,0.571148459383753,0.00740896358543397,0.00742536472805481,0.559607843137255,0.574425770308123,0.205398644480764,0.194995178937814,0.217438697563021,0.022443518625207,0.0224633998882171,0.184591713394864,0.229478750645278,0.717086834733894,0.713585434173669,0.740896358543418,0.027310924369748,0.0297213707607787,0.710084033613445,0.764705882352941,,,,,,,,,,,,,,,,,,,,,,,,,,,,,,,,,,,,,,,,,,,,,,,,,,,,,,,,,,,,,,,,,,,,,,,,,,,,,,,,,,,,,"standard","cpu4","/Users/stefano/Documents/fastEmbedR-results/FashionMNIST/standard/cpu4/20260721_084502_1071179/benchmark_summary_median_variability.csv","uwot fast SGD",61.679,60.8655,62.465,0.944238650597721,0.545331465919701,0.205398644480764,0.717086834733894,1.40840148925781,4
"FashionMNIST","fastEmbedR_opentsne_cuda_full","t-SNE","cuda","full_pipeline",1,,70000,784,,30,"float32",,3,3,"success",1.868,1.8655,1.9165,0.0510000000000002,0.0575007246331152,1.863,1.965,0.0410000000000001,0.041,0.0415000000000001,0.000500000000000056,0.000577350269189628,0.0409999999999999,0.042,0.619,0.6175,0.625,0.00750000000000006,0.00793725393319378,0.616,0.631,,,,,,,,,,,,,,,0.944,0.942,0.9835,0.0415,0.0468081189538738,0.94,1.023,1.45217895507812,1.45205497741699,1.4530029296875,0.000947952270507812,0.0010305073587043,1.45193099975586,1.45382690429688,2807,2807,2807,0,0,2807,2807,2807,2807,2807,0,0,2807,2807,0.965552839563225,0.963278432453541,0.966945832843509,0.00366740038996793,0.00370253819245077,0.961004025343857,0.968338826123793,0.501680672268908,0.496825396825397,0.510504201680672,0.0136788048552755,0.0138693444493324,0.491970121381886,0.519327731092437,0.5562558356676,0.553851540616247,0.559803921568627,0.00595238095238093,0.00598890013593487,0.551447245564893,0.563352007469655,0.58109243697479,0.579971988795518,0.58172268907563,0.00175070028011193,0.00177342856332601,0.578851540616247,0.582352941176471,0.126424444277741,0.119297590556277,0.134239497647399,0.0149419070911215,0.0149471890480551,0.112170736834813,0.142054551017056,0.742296918767507,0.726190476190476,0.744397759103641,0.0182072829131654,0.0199221179209637,0.710084033613445,0.746498599439776,1.82785493496267,1.82715373231231,1.82826231930467,0.00110858699236993,0.00112149075747165,1.82645252966194,1.82866970364668,,,,,,,,,,,,,,,,,,,,,,,,,,,,,,,,,,,,,,,,,,,,,,,,,,,,,,,,,,,,,,,,,,,,,,,,,,,,,,"standard","cuda","/Users/stefano/Documents/fastEmbedR-results/FashionMNIST/standard/cuda/20260721_193104_1071190/benchmark_summary_median_variability.csv","fastEmbedR openTSNE CUDA",1.868,1.8655,1.9165,0.965552839563225,0.5562558356676,0.126424444277741,0.742296918767507,1.45217895507812,1
"FashionMNIST","fastEmbedR_umap_cuda_fuzzy_full","UMAP","cuda","full_pipeline",1,,70000,784,30,,"float32",,3,3,"success",0.972,0.968,0.9745,0.00649999999999995,0.00655743852430201,0.964,0.977,0.042,0.0415,0.042,0.000500000000000049,0.000577350269189686,0.0409999999999999,0.042,0.635,0.6315,0.635,0.00350000000000006,0.00404145188432738,0.628,0.635,,,,,,,,,,,,,,,0.0549999999999997,0.0549999999999997,0.0564999999999998,0.00150000000000005,0.00173205080756893,0.0549999999999997,0.0579999999999998,1.12826156616211,1.1280403137207,1.13458251953125,0.00654220581054688,0.00742984347099505,1.1278190612793,1.14090347290039,2807,2807,2807,0,0,2807,2807,2807,2807,2807,0,0,2807,2807,0.964485359990595,0.9636856286171,0.967012786783792,0.0033271581666916,0.00347346493009539,0.962885897243606,0.969540213576989,0.516619981325864,0.504341736694678,0.522829131652661,0.018487394957983,0.0188165283963588,0.492063492063492,0.529038281979458,0.574743230625584,0.567086834733894,0.580485527544351,0.0133986928104575,0.0134441893516017,0.559430438842204,0.586227824463119,0.595518207282913,0.583697478991597,0.596456582633053,0.0127591036414565,0.0142221632524336,0.57187675070028,0.597394957983193,0.0751227127573011,0.0727501847126269,0.156478055510424,0.0837278707977971,0.0953403623240912,0.0703776566679527,0.237833398263547,0.735294117647059,0.727591036414566,0.745098039215687,0.0175070028011205,0.0175489693083217,0.719887955182073,0.754901960784314,,,,,,,,,,,,,,,,,,,,,,,,,,,,,,,,,,,,,,,,,,,,,,,,,,,,,,,,,,,,,,,,,,,,,,,,,,,,,,,,,,,,,"standard","cuda","/Users/stefano/Documents/fastEmbedR-results/FashionMNIST/standard/cuda/20260721_193104_1071190/benchmark_summary_median_variability.csv","fastEmbedR UMAP CUDA",0.972,0.968,0.9745,0.964485359990595,0.574743230625584,0.0751227127573011,0.735294117647059,1.12826156616211,1
"FlowRepository_FR-FCM-ZYRM_files","fastEmbedR_opentsne_cuda_full","t-SNE","cuda","full_pipeline",1,,5220347,32,,30,"float32",,3,3,"success",90.995,90.963,91.162,0.199000000000012,0.213719442260171,90.931,91.329,0.143,0.1335,0.144,0.0105,0.0115902257671425,0.124,0.145,73.85,73.7645,74.0015,0.236999999999995,0.240043746013099,73.679,74.153,,,,,,,,,,,,,,,16.732,16.728,16.7735,0.045499999999997,0.0503884907493773,16.724,16.815,2.60515975952148,2.60513687133789,2.60602760314941,0.000890731811523438,0.00101557195430168,2.6051139831543,2.60689544677734,3513,3512,3519,7,7.57187779440036,3511,3525,3513,3512,3519,7,7.57187779440036,3511,3525,0.973779059180577,0.973320316978587,0.974077786208059,0.000757469229471952,0.000763082292823705,0.972861574776598,0.974376513235542,0.384866666666667,0.38325,0.384966666666667,0.00171666666666703,0.00192709722217257,0.381633333333333,0.385066666666667,0.444666666666667,0.442325,0.445925,0.00360000000000005,0.00365392989857552,0.439983333333333,0.447183333333333,0.4911,0.48939,0.492045,0.00265499999999996,0.00269148657808282,0.48768,0.49299,-0.203624138507501,-0.217942525186634,-0.202717863251542,0.015224661935092,0.0170807467239302,-0.232260911865767,-0.201811587995583,0.4765,0.47525,0.48275,0.00750000000000006,0.0080363756341608,0.474,0.489,1.9983653014892,1.99716435733047,1.99866860900192,0.00150425167144985,0.00159102386546526,1.99596341317174,1.99897191651464,,,,,,,,,,,,,,,,,,,,,,,,,,,,,,,,,,,,,,,,,,,,,,,,,,,,,,,,,,,,,,,,,,,,,,,,,,,,,,"standard","cuda","/Users/stefano/Documents/fastEmbedR-results/FlowRepository_FR-FCM-ZYRM_files/standard/cuda/20260721_193418_1071192/benchmark_summary_median_variability.csv","fastEmbedR openTSNE CUDA",90.995,90.963,91.162,0.973779059180577,0.444666666666667,-0.203624138507501,0.4765,2.60515975952148,1
"FlowRepository_FR-FCM-ZYRM_files","fastEmbedR_umap_cuda_fuzzy_full","UMAP","cuda","full_pipeline",1,,5220347,32,30,,"float32",,3,3,"success",76.84,76.797,77.098,0.301000000000002,0.32559074515921,76.754,77.356,0.148,0.146,0.148,0.0020000000000005,0.00230940107675879,0.144,0.148000000000001,73.597,73.5485,73.8425,0.294000000000011,0.315233775686128,73.5,74.088,,,,,,,,,,,,,,,2.85600000000001,2.8545,2.857,0.00250000000000039,0.00251661147842486,2.85299999999999,2.85799999999999,1.96230316162109,1.9509449005127,1.96483039855957,0.013885498046875,0.014791981565689,1.9395866394043,1.96735763549805,12887,12887,12887,0,0,12887,12887,12887,12887,12887,0,0,12887,12887,0.96831298263362,0.966928536503119,0.96856159163716,0.00163305513404144,0.00175980426860865,0.965544090372618,0.968810200640701,0.354266666666667,0.350683333333334,0.35525,0.0045666666666665,0.00480705500049428,0.3471,0.356233333333333,0.442616666666667,0.441866666666667,0.447266666666667,0.00540000000000007,0.00585064099052405,0.441116666666667,0.451916666666667,0.50768,0.50647,0.511965,0.00549500000000003,0.00577467748017148,0.50526,0.51625,-0.191047925705389,-0.216127579200168,-0.170133924444167,0.045993654756001,0.0460564924557279,-0.241207232694946,-0.149219923182944,0.479,0.46475,0.4875,0.02275,0.0229909402446558,0.4505,0.496,,,,,,,,,,,,,,,,,,,,,,,,,,,,,,,,,,,,,,,,,,,,,,,,,,,,,,,,,,,,,,,,,,,,,,,,,,,,,,,,,,,,,"standard","cuda","/Users/stefano/Documents/fastEmbedR-results/FlowRepository_FR-FCM-ZYRM_files/standard/cuda/20260721_193418_1071192/benchmark_summary_median_variability.csv","fastEmbedR UMAP CUDA",76.84,76.797,77.098,0.96831298263362,0.442616666666667,-0.191047925705389,0.479,1.96230316162109,1
"MNIST","fastEmbedR_opentsne_cpu_full","t-SNE","cpu","full_pipeline",4,4,70000,784,,30,"float32",,3,3,"success",69.556,68.632,69.6135,0.981499999999997,1.10164256151137,67.708,69.671,0.022,0.022,0.0235,0.00149999999999995,0.00173205080756882,0.022,0.0249999999999999,33.546,33.075,33.96,0.884999999999998,0.885611653039865,32.604,34.374,,,,,,,,,,,,,,,32.465,32.3475,32.8705,0.52300000000001,0.54879595479559,32.23,33.276,1.74161148071289,1.74125862121582,1.74172592163086,0.000467300415039062,0.000487152423972842,1.74090576171875,1.74184036254883,,,,,,,,,,,,,,,0.923649266749633,0.923403949133923,0.924872679414265,0.00146873028034156,0.00157354968504343,0.923158631518213,0.926096092078896,0.456769374416433,0.454248366013072,0.457236227824463,0.00298786181139099,0.0032146284055211,0.451727357609711,0.457703081232493,0.477124183006536,0.472152194211018,0.477194211017741,0.00504201680672256,0.00578201291272523,0.4671802054155,0.477264239028945,0.46453781512605,0.461274509803921,0.466960784313726,0.00568627450980402,0.00570693491059803,0.458011204481793,0.469383753501401,0.357363449095772,0.356225627590314,0.367665843166897,0.0114402155765835,0.0126045625023571,0.355087806084855,0.377968237238022,0.952380952380952,0.947478991596639,0.954481792717087,0.00700280112044804,0.0071871168619702,0.942577030812325,0.956582633053221,2.22366443327544,2.22327521895822,2.22404731081723,0.000772091859009727,0.000772100526911498,2.22288600464101,2.22443018835903,,,,,,,,,,,,,,,,,,,,,,,,,,,,,,,,,,,,,,,,,,,,,,,,,,,,,,,,,,,,,,,,,,,,,,,,,,,,,,"standard","cpu4","/Users/stefano/Documents/fastEmbedR-results/MNIST/standard/cpu4/20260721_084502_1071186/benchmark_summary_median_variability.csv","fastEmbedR openTSNE CPU",69.556,68.632,69.6135,0.923649266749633,0.477124183006536,0.357363449095772,0.952380952380952,1.74161148071289,4
"MNIST","KlugerLab_FItSNE","t-SNE","cpu","full_pipeline",4,4,70000,784,,30,"standard_R_double",,3,3,"success",116.486,114.558,116.6355,2.07750000000001,2.31740379160244,112.63,116.785,,,,,,,,,,,,,,,,,,,,,,,,,,,,,,,,,,,,3.1267204284668,3.1267147064209,3.12701797485352,0.000303268432617188,0.000346927789105777,3.126708984375,3.12731552124023,,,,,,,,,,,,,,,0.916664166872731,0.913653942039913,0.917029204349372,0.0033752623094585,0.00370469086079773,0.910643717207095,0.917394241826012,0.437721755368814,0.433566760037348,0.441643323996265,0.00807656395891704,0.00807768828674762,0.429411764705882,0.445564892623716,0.461297852474323,0.458263305322129,0.46171802054155,0.00345471521942098,0.00377006409060507,0.455228758169935,0.462138188608777,0.459383753501401,0.454733893557423,0.461120448179272,0.00638655462184901,0.006604311008254,0.450084033613445,0.462857142857143,0.335344106781681,0.331016701181454,0.339412494907846,0.00839579372639149,0.00839712543950236,0.326689295581228,0.343480883034011,0.950980392156863,0.94467787114846,0.953781512605042,0.00910364145658238,0.00932538952167974,0.938375350140056,0.956582633053221,2.28072091890017,2.28002990719368,2.28073705699663,0.000707149802949836,0.000807390223900801,2.27933889548719,2.28075319509309,,,,,,,,,,,,,,,,,,,,,,,,,,,,,,,,,,,,,,,,,,,,,,,,,,,,,,,,,,,,,,,,,,,,,,,,,,,,,,"standard","cpu4","/Users/stefano/Documents/fastEmbedR-results/MNIST/standard/cpu4/20260721_084502_1071186/benchmark_summary_median_variability.csv","FIt-SNE",116.486,114.558,116.6355,0.916664166872731,0.461297852474323,0.335344106781681,0.950980392156863,3.1267204284668,4
"MNIST","Rtsne_full","t-SNE","cpu","full_pipeline",4,4,70000,784,,30,"standard_R_double",,3,3,"success",125.833,125.2995,126.935,1.63550000000001,1.66811000836276,124.766,128.037,,,,,,,,,,,,,,,,,,,,,,,,,,,,,,,,,,,,2.14950942993164,2.1494312286377,2.14953231811523,0.000101089477539062,0.00010601381605578,2.14935302734375,2.14955520629883,,,,,,,,,,,,,,,0.906553648955964,0.905884041991133,0.907707810572371,0.00182376858123856,0.00184510060467377,0.905214435026302,0.908861972188779,0.454154995331466,0.4531279178338,0.458450046685341,0.00532212885154099,0.00564667511792206,0.452100840336134,0.462745098039216,0.468534080298786,0.467623716153128,0.470448179271709,0.00282446311858048,0.0028833001536508,0.46671335200747,0.472362278244631,0.455182072829132,0.45155462184874,0.456232492997199,0.00467787114845947,0.00490878543200672,0.447927170868347,0.457282913165266,0.306602406517342,0.301802805532154,0.311197530488468,0.00939472495631399,0.00939546667039742,0.297003204546966,0.315792654459594,0.956582633053221,0.953781512605042,0.960084033613445,0.00630252100840312,0.00631547584428942,0.950980392156863,0.963585434173669,2.08283689222525,2.07875292971939,2.0897982964134,0.0110453666940149,0.011169602303436,2.07466896721353,2.09675970060156,,,,,,,,,,,,,,,,,,,,,,,,,,,,,,,,,,,,,,,,,,,,,,,,,,,,,,,,,,,,,,,,,,,,,,,,,,,,,,"standard","cpu4","/Users/stefano/Documents/fastEmbedR-results/MNIST/standard/cpu4/20260721_084502_1071186/benchmark_summary_median_variability.csv","Rtsne",125.833,125.2995,126.935,0.906553648955964,0.468534080298786,0.306602406517342,0.956582633053221,2.14950942993164,4
"MNIST","fastEmbedR_umap_cpu_fuzzy_full","UMAP","cpu","full_pipeline",4,4,70000,784,30,,"float32",,3,3,"success",50.042,49.136,50.1945,1.05850000000001,1.14441091105133,48.23,50.347,0.022,0.0215,0.0259999999999999,0.00449999999999985,0.0049328828623161,0.0210000000000001,0.0299999999999998,33.255,32.3675,33.38,1.0125,1.10406446067851,31.48,33.505,,,,,,,,,,,,,,,16.5,16.4845,16.527,0.0425000000000004,0.043015501081973,16.469,16.554,0.79296875,0.792825698852539,0.79638671875,0.00356101989746094,0.00403185951449032,0.792682647705078,0.7998046875,,,,,,,,,,,,,,,0.925011451758706,0.924387651828701,0.927417266955021,0.0030296151263205,0.00319954589748035,0.923763851898695,0.929823082151336,0.46984126984127,0.464239028944912,0.470261437908497,0.00602240896358547,0.00672463401681826,0.458636788048553,0.470681605975724,0.490056022408964,0.485410830999067,0.493160597572363,0.00774976657329601,0.00780064408111501,0.480765639589169,0.496265172735761,0.474957983193277,0.465224089635854,0.476246498599439,0.0110224089635855,0.01205273012225,0.455490196078431,0.477535014005602,0.534631277350005,0.487714363107144,0.54398464526964,0.056270282162496,0.0603049306340089,0.440797448864283,0.553338013189275,0.959383753501401,0.956582633053221,0.960084033613446,0.00350140056022408,0.00370553404911012,0.953781512605042,0.96078431372549,,,,,,,,,,,,,,,,,,,,,,,,,,,,,,,,,,,,,,,,,,,,,,,,,,,,,,,,,,,,,,,,,,,,,,,,,,,,,,,,,,,,,"standard","cpu4","/Users/stefano/Documents/fastEmbedR-results/MNIST/standard/cpu4/20260721_084502_1071186/benchmark_summary_median_variability.csv","fastEmbedR UMAP CPU",50.042,49.136,50.1945,0.925011451758706,0.490056022408964,0.534631277350005,0.959383753501401,0.79296875,4
"MNIST","umap_package","UMAP","cpu","full_pipeline",4,4,70000,784,30,,"standard_R_double",,3,3,"success",1038.809,1038.5775,1061.974,23.3965000000001,26.8832913349537,1038.346,1085.139,,,,,,,,,,,,,,,,,,,,,,,,,,,,,,,,,,,,7.1963005065918,7.1628532409668,7.337158203125,0.174304962158203,0.185007801787568,7.1294059753418,7.4780158996582,,,,,,,,,,,,,,,0.927126682800472,0.925843545329371,0.928841541440503,0.0029979961111315,0.00300833980875285,0.924560407858271,0.930556400080534,0.477684407096172,0.474183006535948,0.478571428571429,0.00438842203548051,0.00464075144362017,0.470681605975724,0.479458450046685,0.497525676937442,0.494817927170868,0.501680672268908,0.00686274509803908,0.00691342487645293,0.492110177404295,0.505835667600373,0.480896358543417,0.475560224089635,0.482759103641456,0.00719887955182097,0.00747297428563891,0.470224089635854,0.484621848739496,0.505385828419915,0.503438338627479,0.517943856727645,0.014505518100166,0.0157460438803663,0.501490848835043,0.530501885035375,0.963585434173669,0.956582633053221,0.963585434173669,0.00700280112044804,0.00808613822394418,0.949579831932773,0.963585434173669,,,,,,,,,,,,,,,,,,,,,,,,,,,,,,,,,,,,,,,,,,,,,,,,,,,,,,,,,,,,,,,,,,,,,,,,,,,,,,,,,,,,,"standard","cpu4","/Users/stefano/Documents/fastEmbedR-results/MNIST/standard/cpu4/20260721_084502_1071186/benchmark_summary_median_variability.csv","umap package",1038.809,1038.5775,1061.974,0.927126682800472,0.497525676937442,0.505385828419915,0.963585434173669,7.1963005065918,4
"MNIST","uwot_default","UMAP","cpu","full_pipeline",4,4,70000,784,30,,"standard_R_double",,3,3,"success",80.129,79.4495,81.1455,1.696,1.70712399471548,78.77,82.162,,,,,,,,,,,,,,,,,,,,,,,,,,,,,,,,,,,,1.61701965332031,1.6169605255127,1.62528038024902,0.00831985473632812,0.00957298589162807,1.61690139770508,1.63354110717773,,,,,,,,,,,,,,,0.928699255872151,0.926980748884213,0.929589250075332,0.00260850119111811,0.00265199728674432,0.925262241896276,0.930479244278512,0.472082166199813,0.470448179271709,0.473716153127917,0.00326797385620897,0.003267973856209,0.468814192343604,0.475350140056022,0.490522875816993,0.488795518207283,0.495121381886088,0.006325863678805,0.00653944817560565,0.487068160597572,0.499719887955182,0.475966386554622,0.471358543417367,0.478319327731092,0.00696078431372549,0.00708148142785981,0.466750700280112,0.480672268907563,0.539390589356677,0.518607906049613,0.539659707647783,0.0210518015981696,0.0241546503545383,0.49782522274255,0.539928825938889,0.96218487394958,0.955882352941176,0.962885154061625,0.00700280112044815,0.00771368423989648,0.949579831932773,0.963585434173669,,,,,,,,,,,,,,,,,,,,,,,,,,,,,,,,,,,,,,,,,,,,,,,,,,,,,,,,,,,,,,,,,,,,,,,,,,,,,,,,,,,,,"standard","cpu4","/Users/stefano/Documents/fastEmbedR-results/MNIST/standard/cpu4/20260721_084502_1071186/benchmark_summary_median_variability.csv","uwot default",80.129,79.4495,81.1455,0.928699255872151,0.490522875816993,0.539390589356677,0.96218487394958,1.61701965332031,4
"MNIST","uwot_fast_sgd","UMAP","cpu","full_pipeline",4,4,70000,784,30,,"standard_R_double",,3,3,"success",65.338,65.188,65.371,0.183000000000007,0.195069218484106,65.038,65.404,,,,,,,,,,,,,,,,,,,,,,,,,,,,,,,,,,,,1.61708450317383,1.6170825958252,1.61717224121094,8.96453857421875e-05,0.00010243012681654,1.61708068847656,1.61725997924805,,,,,,,,,,,,,,,0.928768439358377,0.927932629877807,0.929381632054655,0.00144900217684762,0.00145469127975375,0.927096820397238,0.929994824750933,0.472549019607843,0.470261437908497,0.47376283846872,0.00350140056022397,0.00355585827814176,0.46797385620915,0.474976657329598,0.491316526610644,0.490079365079365,0.496918767507002,0.00683940242763748,0.00728894584433543,0.488842203548086,0.502521008403361,0.475658263305322,0.471946778711484,0.479481792717087,0.00753501400560252,0.00753529168281056,0.468235294117647,0.483305322128852,0.533163900955265,0.516139268978056,0.551308704852372,0.035169435874317,0.0351753817524094,0.499114637000846,0.56945350874948,0.96218487394958,0.955882352941176,0.963585434173669,0.00770308123249308,0.00820653400151593,0.949579831932773,0.964985994397759,,,,,,,,,,,,,,,,,,,,,,,,,,,,,,,,,,,,,,,,,,,,,,,,,,,,,,,,,,,,,,,,,,,,,,,,,,,,,,,,,,,,,"standard","cpu4","/Users/stefano/Documents/fastEmbedR-results/MNIST/standard/cpu4/20260721_084502_1071186/benchmark_summary_median_variability.csv","uwot fast SGD",65.338,65.188,65.371,0.928768439358377,0.491316526610644,0.533163900955265,0.96218487394958,1.61708450317383,4
"MNIST","fastEmbedR_opentsne_cuda_full","t-SNE","cuda","full_pipeline",1,,70000,784,,30,"float32",,3,3,"success",1.938,1.912,1.9645,0.0525000000000002,0.052500793644795,1.886,1.991,0.0619999999999998,0.0569999999999998,0.0619999999999998,0.005,0.00577350269189625,0.0519999999999998,0.0619999999999998,0.609,0.6085,0.613,0.00449999999999995,0.00493288286231625,0.608,0.617,,,,,,,,,,,,,,,0.981,0.962,1.004,0.042,0.0420634441449263,0.943,1.027,1.45226669311523,1.45224952697754,1.46939659118652,0.0171470642089844,0.0197898208446677,1.45223236083984,1.48652648925781,2807,2807,2807,0,0,2807,2807,2807,2807,2807,0,0,2807,2807,0.924249082170254,0.924106323667914,0.925821857927928,0.00171553426001403,0.00190386648187301,0.923963565165574,0.927394633685602,0.457609710550887,0.453548085901027,0.457936507936508,0.00438842203548095,0.00488956980310092,0.449486461251167,0.458263305322129,0.474276377217554,0.469677871148459,0.476540616246499,0.00686274509803952,0.00699382140313205,0.465079365079365,0.478804855275444,0.465238095238095,0.461470588235294,0.468781512605042,0.00731092436974801,0.00731206905477565,0.457703081232493,0.472324929971989,0.375693481358488,0.373593219747649,0.388222243822749,0.0146290240750995,0.015819594034186,0.371492958136811,0.40075100628701,0.96218487394958,0.955182072829131,0.96218487394958,0.00700280112044849,0.00808613822394469,0.948179271708683,0.96218487394958,2.20898030411275,2.20607672841587,2.20988039958118,0.00380367116530955,0.00397566246166273,2.20317315271899,2.21078049504961,,,,,,,,,,,,,,,,,,,,,,,,,,,,,,,,,,,,,,,,,,,,,,,,,,,,,,,,,,,,,,,,,,,,,,,,,,,,,,"standard","cuda","/Users/stefano/Documents/fastEmbedR-results/MNIST/standard/cuda/20260722_125640_1071197/benchmark_summary_median_variability.csv","fastEmbedR openTSNE CUDA",1.938,1.912,1.9645,0.924249082170254,0.474276377217554,0.375693481358488,0.96218487394958,1.45226669311523,1
"MNIST","fastEmbedR_umap_cuda_fuzzy_full","UMAP","cuda","full_pipeline",1,,70000,784,30,,"float32",,3,3,"success",0.991,0.977,0.9965,0.0195,0.0201080415091409,0.963,1.002,0.0629999999999999,0.0610000000000001,0.0639999999999999,0.00299999999999985,0.00305505046330373,0.0590000000000002,0.0649999999999999,0.629,0.612,0.6315,0.0195,0.021221058723196,0.595,0.634,,,,,,,,,,,,,,,0.0600000000000001,0.057,0.0600000000000001,0.00300000000000015,0.00346410161513793,0.0539999999999998,0.0600000000000001,1.13073348999023,1.12929725646973,1.13576889038086,0.00647163391113281,0.00679706158566876,1.12786102294922,1.14080429077148,2807,2807,2807,0,0,2807,2807,2807,2807,2807,0,0,2807,2807,0.927346664666832,0.925614172345253,0.927617723403882,0.00200355105862904,0.00217397015125088,0.923881680023674,0.927888782140932,0.46750700280112,0.465592903828198,0.472782446311858,0.00718954248366049,0.00744686064671952,0.463678804855275,0.478057889822596,0.490429505135387,0.487441643323996,0.495424836601307,0.00798319327731101,0.0080668882708383,0.484453781512605,0.500420168067227,0.474397759103641,0.470448179271709,0.478543417366946,0.00809523809523799,0.00809602960730396,0.466498599439776,0.482689075630252,0.518540715374824,0.502506703521896,0.544202188382138,0.0416954848602415,0.0420643490439394,0.486472691668968,0.569863661389451,0.963585434173669,0.962885154061625,0.964985994397759,0.00210084033613445,0.00213939108074514,0.96218487394958,0.966386554621849,,,,,,,,,,,,,,,,,,,,,,,,,,,,,,,,,,,,,,,,,,,,,,,,,,,,,,,,,,,,,,,,,,,,,,,,,,,,,,,,,,,,,"standard","cuda","/Users/stefano/Documents/fastEmbedR-results/MNIST/standard/cuda/20260722_125640_1071197/benchmark_summary_median_variability.csv","fastEmbedR UMAP CUDA",0.991,0.977,0.9965,0.927346664666832,0.490429505135387,0.518540715374824,0.963585434173669,1.13073348999023,1
"Macosko2015_retina","fastEmbedR_opentsne_cpu_full","t-SNE","cpu","full_pipeline",4,4,44808,50,,30,"float32",,3,3,"success",19.013,18.328,19.028,0.699999999999996,0.799770800500577,17.643,19.043,0.002,0.002,0.002,0,0,0.002,0.002,6.174,6.1705,6.1785,0.00799999999999912,0.00802080627701063,6.167,6.183,,,,,,,,,,,,,,,11.607,10.973,11.6505,0.677500000000002,0.758443361981192,10.339,11.694,0.607166290283203,0.606235504150391,0.634330749511719,0.0280952453613281,0.0319177799971108,0.605304718017578,0.661495208740234,,,,,,,,,,,,,,,0.925181301635475,0.923405016017535,0.9275034311246,0.00409841510706455,0.00411051354055074,0.921628730399595,0.929825560613724,0.3868,0.3821,0.389166666666666,0.0070666666666665,0.00719392748035386,0.3774,0.391533333333333,0.418516666666667,0.41705,0.422808333333333,0.00575833333333342,0.00598486517067109,0.415583333333333,0.4271,0.4516,0.44778,0.455675,0.00789499999999999,0.00789637258492783,0.44396,0.45975,-0.0106501767444388,-0.0153473146438163,-0.000983379203605045,0.0143639354402113,0.0146477010817806,-0.0200444525431938,0.00868341833722871,0.9675,0.9635,0.97175,0.00824999999999998,0.00825126252965769,0.9595,0.976,2.01303228158539,2.00562088724931,2.01382572112105,0.00820483387173532,0.00905087882158013,1.99820949291323,2.0146191606567,,,,,,,,,,,,,,,,,,,,,,,,,,,,,,,,,,,,,,,,,,,,,,,,,,,,,,,,,,,,,,,,,,,,,,,,,,,,,,"standard","cpu4","/Users/stefano/Documents/fastEmbedR-results/Macosko2015_retina/standard/cpu4/20260721_084502_1071183/benchmark_summary_median_variability.csv","fastEmbedR openTSNE CPU",19.013,18.328,19.028,0.925181301635475,0.418516666666667,-0.0106501767444388,0.9675,0.607166290283203,4
"Macosko2015_retina","KlugerLab_FItSNE","t-SNE","cpu","full_pipeline",4,4,44808,50,,30,"standard_R_double",,3,3,"success",36.717,36.684,37.5765,0.892499999999998,1.01205582849959,36.651,38.436,,,,,,,,,,,,,,,,,,,,,,,,,,,,,,,,,,,,0.580257415771484,0.580196380615234,0.580469131469727,0.000272750854492188,0.000286288730488246,0.580135345458984,0.580680847167969,,,,,,,,,,,,,,,0.92447376496375,0.922579640870005,0.92510563142809,0.002525990558085,0.00262901624323592,0.92068551677626,0.92573749789243,0.3753,0.371983333333333,0.37655,0.00456666666666655,0.00471997332070285,0.368666666666667,0.3778,0.410566666666667,0.409516666666667,0.4145,0.00498333333333301,0.00525402843681026,0.408466666666667,0.418433333333333,0.44878,0.44553,0.450295,0.00476500000000002,0.00486915119228529,0.44228,0.45181,0.0253299828301987,0.014766865284837,0.0304085830468082,0.0156417177619712,0.0159590093047248,0.00420374773947521,0.0354871832634176,0.9675,0.966,0.97075,0.00475000000000003,0.00485626742811113,0.9645,0.974,2.00261638683096,2.00203628210868,2.00374367783808,0.00170739572940493,0.00173637681784823,2.00145617738639,2.0048709688452,,,,,,,,,,,,,,,,,,,,,,,,,,,,,,,,,,,,,,,,,,,,,,,,,,,,,,,,,,,,,,,,,,,,,,,,,,,,,,"standard","cpu4","/Users/stefano/Documents/fastEmbedR-results/Macosko2015_retina/standard/cpu4/20260721_084502_1071183/benchmark_summary_median_variability.csv","FIt-SNE",36.717,36.684,37.5765,0.92447376496375,0.410566666666667,0.0253299828301987,0.9675,0.580257415771484,4
"Macosko2015_retina","Rtsne_full","t-SNE","cpu","full_pipeline",4,4,44808,50,,30,"standard_R_double",,3,3,"success",52.268,50.235,53.8065,3.5715,3.58289301170623,48.202,55.345,,,,,,,,,,,,,,,,,,,,,,,,,,,,,,,,,,,,0.546253204345703,0.54210090637207,0.54627799987793,0.00417709350585938,0.00480904033648753,0.537948608398438,0.546302795410156,,,,,,,,,,,,,,,0.919542286292362,0.918850202326758,0.922922795481369,0.0040725931546115,0.00435835118635447,0.918158118361153,0.926303304670376,0.374666666666667,0.3725,0.379383333333334,0.00688333333333352,0.00703901823962541,0.370333333333333,0.3841,0.4127,0.410008333333334,0.419033333333333,0.00902499999999995,0.00926667166266856,0.407316666666667,0.425366666666667,0.45024,0.444425,0.45286,0.00843500000000003,0.00863434421366208,0.43861,0.45548,-0.0189327737857118,-0.0820963097372979,0.00931826749839965,0.0914145772356975,0.093610464296556,-0.145259845688884,0.0375693087825111,0.9675,0.96675,0.96875,0.002,0.00202072594216369,0.966,0.97,1.87490299638203,1.87275616788468,1.87542646152729,0.00267029364260996,0.0028300007647937,1.87060933938733,1.87594992667255,,,,,,,,,,,,,,,,,,,,,,,,,,,,,,,,,,,,,,,,,,,,,,,,,,,,,,,,,,,,,,,,,,,,,,,,,,,,,,"standard","cpu4","/Users/stefano/Documents/fastEmbedR-results/Macosko2015_retina/standard/cpu4/20260721_084502_1071183/benchmark_summary_median_variability.csv","Rtsne",52.268,50.235,53.8065,0.919542286292362,0.4127,-0.0189327737857118,0.9675,0.546253204345703,4
"Macosko2015_retina","fastEmbedR_umap_cpu_fuzzy_full","UMAP","cpu","full_pipeline",4,4,44808,50,30,,"float32",,3,3,"success",17.928,17.3765,18.6075,1.231,1.2332162557043,16.825,19.287,0.00299999999999989,0.00299999999999989,0.003,1.10154940724527e-16,1.2694558359329e-16,0.00299999999999989,0.00300000000000011,6.167,6.08,6.2675,0.1875,0.187661930076401,5.993,6.368,,,,,,,,,,,,,,,11.264,10.9025,12.045,1.1425,1.16788969227977,10.541,12.826,0.528007507324219,0.527950286865234,0.528144836425781,0.000194549560546875,0.000199971655610369,0.52789306640625,0.528282165527344,,,,,,,,,,,,,,,0.91882505479683,0.916144680492329,0.92033331647277,0.0041886359804415,0.00424294953006281,0.913464306187827,0.92184157814871,0.355433333333333,0.351416666666666,0.356016666666666,0.00459999999999999,0.00500891797290178,0.3474,0.3566,0.4069,0.403516666666667,0.4098,0.00628333333333347,0.00628952686202629,0.400133333333333,0.4127,0.45491,0.44641,0.455175,0.00876500000000002,0.00997147431426265,0.43791,0.45544,0.345522759328256,0.279451797028872,0.436432316601952,0.15698051957308,0.157634182393499,0.213380834729488,0.527341873875648,0.9635,0.958,0.96425,0.00625000000000009,0.00682519840981441,0.9525,0.965,,,,,,,,,,,,,,,,,,,,,,,,,,,,,,,,,,,,,,,,,,,,,,,,,,,,,,,,,,,,,,,,,,,,,,,,,,,,,,,,,,,,,"standard","cpu4","/Users/stefano/Documents/fastEmbedR-results/Macosko2015_retina/standard/cpu4/20260721_084502_1071183/benchmark_summary_median_variability.csv","fastEmbedR UMAP CPU",17.928,17.3765,18.6075,0.91882505479683,0.4069,0.345522759328256,0.9635,0.528007507324219,4
"Macosko2015_retina","umap_package","UMAP","cpu","full_pipeline",4,4,44808,50,30,,"standard_R_double",,3,3,"success",465.905,455.8465,467.0055,11.159,12.2992629453963,445.788,468.106,,,,,,,,,,,,,,,,,,,,,,,,,,,,,,,,,,,,4.18880462646484,3.89488220214844,4.1983528137207,0.303470611572266,0.345037168513724,3.60095977783203,4.20790100097656,,,,,,,,,,,,,,,0.919731562974203,0.918441358961389,0.921761869836452,0.00332051087506346,0.00334789135835214,0.917151154948575,0.923792176698702,0.3617,0.3594,0.364116666666667,0.00471666666666654,0.00471714760013718,0.3571,0.366533333333333,0.415733333333333,0.414391666666666,0.419241666666667,0.00485000000000002,0.00500872387088922,0.41305,0.42275,0.46586,0.46242,0.467705,0.00528500000000004,0.00536462797716053,0.45898,0.46955,0.38943800959058,0.349917254216564,0.419680409272185,0.069763155055621,0.0699685198126004,0.310396498842547,0.449922808953789,0.9635,0.96325,0.9665,0.00325000000000009,0.00361708906903514,0.963,0.9695,,,,,,,,,,,,,,,,,,,,,,,,,,,,,,,,,,,,,,,,,,,,,,,,,,,,,,,,,,,,,,,,,,,,,,,,,,,,,,,,,,,,,"standard","cpu4","/Users/stefano/Documents/fastEmbedR-results/Macosko2015_retina/standard/cpu4/20260721_084502_1071183/benchmark_summary_median_variability.csv","umap package",465.905,455.8465,467.0055,0.919731562974203,0.415733333333333,0.38943800959058,0.9635,4.18880462646484,4
"Macosko2015_retina","uwot_default","UMAP","cpu","full_pipeline",4,4,44808,50,30,,"standard_R_double",,3,3,"success",31.439,31.1245,32.0445,0.920000000000002,0.935214948554609,30.81,32.65,,,,,,,,,,,,,,,,,,,,,,,,,,,,,,,,,,,,0.731235504150391,0.72715950012207,0.731307983398438,0.00414848327636719,0.0047489630850379,0.72308349609375,0.731380462646484,,,,,,,,,,,,,,,0.917999207553532,0.917617922778621,0.920453447985162,0.00283552520654196,0.0030777564743131,0.917236638003709,0.922907688416793,0.353133333333333,0.351966666666667,0.35595,0.00398333333333345,0.0040956616613737,0.3508,0.358766666666667,0.410433333333333,0.40655,0.411475,0.00492500000000001,0.00519108031288415,0.402666666666667,0.412516666666667,0.46234,0.456545,0.463755,0.00720999999999999,0.00764060861450185,0.45075,0.46517,0.41284505351065,0.394836119712038,0.416417246758159,0.0215811270461205,0.0231347834186406,0.376827185913427,0.419989440005668,0.9665,0.96425,0.96775,0.00349999999999995,0.0035472994422988,0.962,0.969,,,,,,,,,,,,,,,,,,,,,,,,,,,,,,,,,,,,,,,,,,,,,,,,,,,,,,,,,,,,,,,,,,,,,,,,,,,,,,,,,,,,,"standard","cpu4","/Users/stefano/Documents/fastEmbedR-results/Macosko2015_retina/standard/cpu4/20260721_084502_1071183/benchmark_summary_median_variability.csv","uwot default",31.439,31.1245,32.0445,0.917999207553532,0.410433333333333,0.41284505351065,0.9665,0.731235504150391,4
"Macosko2015_retina","uwot_fast_sgd","UMAP","cpu","full_pipeline",4,4,44808,50,30,,"standard_R_double",,3,3,"success",20.831,20.275,21.59,1.315,1.32021260914041,19.719,22.349,,,,,,,,,,,,,,,,,,,,,,,,,,,,,,,,,,,,0.73126220703125,0.727272033691406,0.731418609619141,0.00414657592773438,0.00470035721876291,0.723281860351562,0.731575012207031,,,,,,,,,,,,,,,0.918991316809981,0.917194132524026,0.921477550160175,0.00428341763614903,0.00430185187060739,0.915396948238071,0.923963783510369,0.350366666666667,0.348683333333333,0.354283333333334,0.00560000000000005,0.00574652874286663,0.347,0.3582,0.40715,0.404208333333334,0.413025,0.00881666666666647,0.00897784825329859,0.401266666666667,0.4189,0.45848,0.454545,0.46308,0.00853500000000001,0.0085436311562083,0.45061,0.46768,0.35418137901349,0.325827668765119,0.442064756663791,0.116237087898671,0.121211884882733,0.297473958516748,0.529948134314091,0.964,0.959,0.9655,0.00650000000000006,0.00680685928555405,0.954,0.967,,,,,,,,,,,,,,,,,,,,,,,,,,,,,,,,,,,,,,,,,,,,,,,,,,,,,,,,,,,,,,,,,,,,,,,,,,,,,,,,,,,,,"standard","cpu4","/Users/stefano/Documents/fastEmbedR-results/Macosko2015_retina/standard/cpu4/20260721_084502_1071183/benchmark_summary_median_variability.csv","uwot fast SGD",20.831,20.275,21.59,0.918991316809981,0.40715,0.35418137901349,0.964,0.73126220703125,4
"Macosko2015_retina","fastEmbedR_opentsne_cuda_full","t-SNE","cuda","full_pipeline",1,,44808,50,,30,"float32",,3,3,"success",0.916,0.916,1.007,0.0910000000000001,0.105077748992512,0.916,1.098,0.00300000000000011,0.003,0.00300000000000011,1.09721259855533e-16,1.2694558359329e-16,0.00299999999999989,0.00300000000000011,0.353,0.349,0.3625,0.0135,0.0138684293751432,0.345,0.372,,,,,,,,,,,,,,,0.281,0.28,0.3655,0.0855,0.0981546398971202,0.279,0.45,0.987293243408203,0.987215042114258,0.988227844238281,0.00101280212402344,0.00112704992388206,0.987136840820312,0.989162445068359,2107,2107,2113,6,6.92820323027551,2107,2119,2107,2107,2113,6,6.92820323027551,2107,2119,0.924561355589277,0.924244191535998,0.926689369414939,0.00244517787894094,0.0026593145405739,0.923927027482718,0.9288173832406,0.386733333333333,0.38525,0.39035,0.00509999999999999,0.00524662148787562,0.383766666666667,0.393966666666667,0.423583333333333,0.421466666666666,0.428816666666667,0.00735000000000002,0.00756705823754324,0.41935,0.43405,0.45892,0.45527,0.46453,0.00925999999999999,0.00932888703615459,0.45162,0.47014,0.089557979583277,0.0865111041134045,0.0896127780115294,0.00310167389812484,0.00355028956255295,0.083464228643532,0.0896675764397817,0.966,0.96425,0.972,0.00774999999999992,0.00812916559883812,0.9625,0.978,1.91315897801347,1.90545008923278,1.9155217132512,0.01007162401842,0.0105339797609157,1.89774120045209,1.91788444848893,,,,,,,,,,,,,,,,,,,,,,,,,,,,,,,,,,,,,,,,,,,,,,,,,,,,,,,,,,,,,,,,,,,,,,,,,,,,,,"standard","cuda","/Users/stefano/Documents/fastEmbedR-results/Macosko2015_retina/standard/cuda/20260722_125341_1071194/benchmark_summary_median_variability.csv","fastEmbedR openTSNE CUDA",0.916,0.916,1.007,0.924561355589277,0.423583333333333,0.089557979583277,0.966,0.987293243408203,1
"Macosko2015_retina","fastEmbedR_umap_cuda_fuzzy_full","UMAP","cuda","full_pipeline",1,,44808,50,30,,"float32",,3,3,"success",0.656,0.656,0.6675,0.0115,0.0132790561913614,0.656,0.679,0.00299999999999989,0.00299999999999989,0.003,1.10154940724527e-16,1.2694558359329e-16,0.00299999999999989,0.00300000000000011,0.38,0.3615,0.385,0.0235,0.0247588368062799,0.343,0.39,,,,,,,,,,,,,,,0.042,0.0415,0.0575,0.016,0.0181934053986603,0.0409999999999999,0.073,0.941627502441406,0.941579818725586,0.941741943359375,0.000162124633789062,0.000166643046341974,0.941532135009766,0.941856384277344,2031,2017,2036,19,19.6977156035922,2003,2041,2031,2017,2036,19,19.6977156035922,2003,2041,0.912367442252571,0.91164549822964,0.916927364693981,0.00528186646434003,0.00572783898697313,0.91092355420671,0.92148728713539,0.3466,0.346216666666667,0.353466666666666,0.00724999999999998,0.00815927102771456,0.345833333333333,0.360333333333333,0.399033333333333,0.397008333333333,0.403758333333333,0.00674999999999998,0.00692766194325327,0.394983333333333,0.408483333333333,0.44217,0.43928,0.447295,0.00801499999999999,0.0081182079303255,0.43639,0.45242,0.325290946585166,0.219981599847234,0.340418322285495,0.120436722438261,0.131209501987266,0.114672253109301,0.355545697985823,0.9645,0.96025,0.9675,0.00724999999999998,0.0072858309981315,0.956,0.9705,,,,,,,,,,,,,,,,,,,,,,,,,,,,,,,,,,,,,,,,,,,,,,,,,,,,,,,,,,,,,,,,,,,,,,,,,,,,,,,,,,,,,"standard","cuda","/Users/stefano/Documents/fastEmbedR-results/Macosko2015_retina/standard/cuda/20260722_125341_1071194/benchmark_summary_median_variability.csv","fastEmbedR UMAP CUDA",0.656,0.656,0.6675,0.912367442252571,0.399033333333333,0.325290946585166,0.9645,0.941627502441406,1
"MetRef","fastEmbedR_opentsne_cpu_full","t-SNE","cpu","full_pipeline",4,4,873,375,,30,"float32",,3,3,"success",1.761,1.753,1.767,0.0139999999999998,0.0140475383371369,1.745,1.773,0.001,0.001,0.001,0,0,0.001,0.001,0.277,0.2765,0.278,0.0015,0.00152752523165195,0.276,0.279,,,,,,,,,,,,,,,0.493,0.492,0.497,0.005,0.00529150262212919,0.491,0.501,0.517345428466797,0.517330169677734,0.517396926879883,6.67572021484375e-05,6.99592320937038e-05,0.517314910888672,0.517448425292969,,,,,,,,,,,,,,,0.884126586258788,0.882554410080184,0.885847045347349,0.00329263526716506,0.00329374805903149,0.880982233901579,0.887567504435909,0.439251622756777,0.437266132111492,0.439442535318824,0.00217640320733153,0.00241044278501447,0.435280641466208,0.439633447880871,0.442764413898435,0.441962581137839,0.444845360824743,0.00288277968690348,0.00297586901697607,0.441160748377243,0.44692630775105,0.402542955326461,0.402520045819015,0.403711340206186,0.00119129438717103,0.0013625540697789,0.402497136311569,0.404879725085911,0.0330833412114059,0.0267097516530476,0.0527941766172739,0.0260844249642263,0.0271972658180926,0.0203361620946893,0.0725050120231419,0.707903780068729,0.707903780068729,0.709049255441008,0.00114547537227949,0.0013226810290713,0.707903780068729,0.710194730813288,1.8338908207125,1.83177076922389,1.84384631696081,0.0120755477369152,0.0128950992502569,1.82965071773529,1.85380181320912,,,,,,,,,,,,,,,,,,,,,,,,,,,,,,,,,,,,,,,,,,,,,,,,,,,,,,,,,,,,,,,,,,,,,,,,,,,,,,"standard","cpu4","/Users/stefano/Documents/fastEmbedR-results/MetRef/standard/cpu4/20260721_084502_1071185/benchmark_summary_median_variability.csv","fastEmbedR openTSNE CPU",1.761,1.753,1.767,0.884126586258788,0.442764413898435,0.0330833412114059,0.707903780068729,0.517345428466797,4
"MetRef","KlugerLab_FItSNE","t-SNE","cpu","full_pipeline",4,4,873,375,,30,"standard_R_double",,3,3,"success",5.548,5.1425,5.736,0.593500000000001,0.606639101937882,4.737,5.924,,,,,,,,,,,,,,,,,,,,,,,,,,,,,,,,,,,,0.517936706542969,0.517147064208984,0.522182464599609,0.005035400390625,0.0054163489292484,0.516357421875,0.52642822265625,,,,,,,,,,,,,,,0.868530692001887,0.868155425285807,0.869648451362218,0.00149302607641011,0.0015533486323947,0.867780158569728,0.870766210722548,0.437647957235586,0.43631156930126,0.439404352806415,0.00309278350515452,0.00310227528565661,0.434975181366934,0.441160748377243,0.403512791141657,0.403340969835815,0.406815578465063,0.00347460862924798,0.00391670199625802,0.403169148529973,0.410118365788469,0.368339060710195,0.364203894616266,0.371145475372279,0.00694158075601348,0.00698384351066564,0.360068728522337,0.373951890034364,0.0216918840889561,0.0115210763463782,0.0435843390312303,0.0320632626848521,0.0327696783376932,0.00135026860380036,0.0654767939735045,0.7262313860252,0.72508591065292,0.730240549828179,0.00515463917525805,0.00541330541380626,0.723940435280641,0.734249713631157,2.1166902407364,2.09768944668141,2.12323770679018,0.0255482601087698,0.0265406993255127,2.07868865262642,2.12978517284396,,,,,,,,,,,,,,,,,,,,,,,,,,,,,,,,,,,,,,,,,,,,,,,,,,,,,,,,,,,,,,,,,,,,,,,,,,,,,,"standard","cpu4","/Users/stefano/Documents/fastEmbedR-results/MetRef/standard/cpu4/20260721_084502_1071185/benchmark_summary_median_variability.csv","FIt-SNE",5.548,5.1425,5.736,0.868530692001887,0.403512791141657,0.0216918840889561,0.7262313860252,0.517936706542969,4
"MetRef","Rtsne_full","t-SNE","cpu","full_pipeline",4,4,873,375,,30,"standard_R_double",,3,3,"success",0.878,0.864,0.879,0.015,0.0167729941672122,0.85,0.88,,,,,,,,,,,,,,,,,,,,,,,,,,,,,,,,,,,,0.417247772216797,0.412260055541992,0.417423248291016,0.00516319274902344,0.00586325670848071,0.407272338867188,0.417598724365234,,,,,,,,,,,,,,,0.878097163263931,0.877719875120724,0.880584057678054,0.0028641825573299,0.00311239799208631,0.877342586977517,0.883070952092177,0.444902634593356,0.442115311187476,0.446811760213822,0.00469644902634597,0.00472373904590791,0.439327987781596,0.448720885834288,0.412600229095074,0.409488354333715,0.413631156930126,0.00414280259641098,0.00431349742740141,0.406376479572356,0.414662084765178,0.372943871706758,0.369518900343643,0.373035509736541,0.003516609392898,0.00400877104932689,0.366093928980527,0.373127147766323,0.0232237019081752,0.0147069248041302,0.0289353482413532,0.014228423437223,0.0143202986371144,0.0061901477000852,0.0346469945745313,0.698739977090493,0.689003436426117,0.701603665521191,0.0126002290950744,0.0132102664314672,0.679266895761741,0.70446735395189,2.01796043906024,2.01509775286801,2.02232046336035,0.00722271049233525,0.00727426197808762,2.01223506667578,2.02668048766045,,,,,,,,,,,,,,,,,,,,,,,,,,,,,,,,,,,,,,,,,,,,,,,,,,,,,,,,,,,,,,,,,,,,,,,,,,,,,,"standard","cpu4","/Users/stefano/Documents/fastEmbedR-results/MetRef/standard/cpu4/20260721_084502_1071185/benchmark_summary_median_variability.csv","Rtsne",0.878,0.864,0.879,0.878097163263931,0.412600229095074,0.0232237019081752,0.698739977090493,0.417247772216797,4
"MetRef","fastEmbedR_umap_cpu_fuzzy_full","UMAP","cpu","full_pipeline",4,4,873,375,30,,"float32",,3,3,"success",0.669,0.665,0.6835,0.0185,0.0194679223339317,0.661,0.698,0.001,0.001,0.001,0,0,0.001,0.001,0.272,0.272,0.2735,0.0015,0.00173205080756888,0.272,0.275,,,,,,,,,,,,,,,0.133,0.132,0.142,0.01,0.0110151410945722,0.131,0.151,0.420673370361328,0.417947769165039,0.424583435058594,0.00663566589355469,0.00667081052890877,0.41522216796875,0.428493499755859,,,,,,,,,,,,,,,0.86227702535768,0.860313096601756,0.863498865754779,0.00318576915302249,0.00321445020811508,0.858349167845832,0.864720706151877,0.401221840397098,0.400992745322642,0.401756395570829,0.000763650248186531,0.000783749742565551,0.400763650248186,0.402290950744559,0.414471172203131,0.413802978235968,0.414891179839634,0.00108820160366552,0.00109759504453861,0.413134784268805,0.415311187476136,0.383825887743414,0.383699885452463,0.384696449026346,0.000996563573883003,0.00108532406265151,0.383573883161512,0.385567010309278,0.130845559389812,0.128925066051423,0.134834075361338,0.005909009309915,0.00602842960991637,0.127004572713033,0.138822591332863,0.703321878579611,0.698739977090493,0.70561282932417,0.00687285223367706,0.00699897013357138,0.694158075601375,0.707903780068729,,,,,,,,,,,,,,,,,,,,,,,,,,,,,,,,,,,,,,,,,,,,,,,,,,,,,,,,,,,,,,,,,,,,,,,,,,,,,,,,,,,,,"standard","cpu4","/Users/stefano/Documents/fastEmbedR-results/MetRef/standard/cpu4/20260721_084502_1071185/benchmark_summary_median_variability.csv","fastEmbedR UMAP CPU",0.669,0.665,0.6835,0.86227702535768,0.414471172203131,0.130845559389812,0.703321878579611,0.420673370361328,4
"MetRef","umap_package","UMAP","cpu","full_pipeline",4,4,873,375,30,,"standard_R_double",,3,3,"success",3.827,3.802,3.9105,0.1085,0.11363538181394,3.777,3.994,,,,,,,,,,,,,,,,,,,,,,,,,,,,,,,,,,,,0.544502258300781,0.544330596923828,0.548410415649414,0.00407981872558594,0.00461505379698885,0.544158935546875,0.552318572998047,,,,,,,,,,,,,,,0.8487654470723,0.846317723423848,0.850946836466545,0.00462911304269698,0.00463166624521403,0.843869999775397,0.853128225860791,0.386254295532646,0.385834287896143,0.388239786177931,0.00240549828178704,0.0025696953776551,0.385414280259641,0.390225276823215,0.406491027109584,0.40479190530737,0.406872852233677,0.00208094692630745,0.00221557297845019,0.403092783505155,0.40725467735777,0.378991981672394,0.378407789232531,0.380813287514319,0.00240549828178704,0.00250929708089748,0.377823596792669,0.382634593356243,0.123906733485295,0.117057897971762,0.134636697120102,0.017578799148339,0.017721039228242,0.11020906245823,0.145366660754908,0.710194730813288,0.710194730813288,0.711340206185567,0.00114547537227949,0.0013226810290713,0.710194730813288,0.712485681557847,,,,,,,,,,,,,,,,,,,,,,,,,,,,,,,,,,,,,,,,,,,,,,,,,,,,,,,,,,,,,,,,,,,,,,,,,,,,,,,,,,,,,"standard","cpu4","/Users/stefano/Documents/fastEmbedR-results/MetRef/standard/cpu4/20260721_084502_1071185/benchmark_summary_median_variability.csv","umap package",3.827,3.802,3.9105,0.8487654470723,0.406491027109584,0.123906733485295,0.710194730813288,0.544502258300781,4
"MetRef","uwot_default","UMAP","cpu","full_pipeline",4,4,873,375,30,,"standard_R_double",,3,3,"success",2.206,2.2015,2.2115,0.00999999999999979,0.0100166528008778,2.197,2.217,,,,,,,,,,,,,,,,,,,,,,,,,,,,,,,,,,,,0.485439300537109,0.485395431518555,0.48548698425293,9.1552734375e-05,9.15792214967389e-05,0.4853515625,0.48553466796875,,,,,,,,,,,,,,,0.863322327785639,0.862711811872515,0.864182647171125,0.00147083529860947,0.00147788939614474,0.862101295959392,0.865042966556611,0.406261932035128,0.40618556701031,0.406414662084765,0.00022909507445551,0.000233299004451982,0.406109201985491,0.406567392134402,0.418671248568156,0.417086674303169,0.420313096601757,0.00322642229858749,0.00322659174315763,0.415502100038182,0.421954944635357,0.384765177548683,0.383883161512028,0.386403207331042,0.00252004581901499,0.00255756717562467,0.383001145475372,0.388041237113402,0.151232325587154,0.147472154210999,0.154945797344,0.0074736431330005,0.00747369176718754,0.143711982834845,0.158659269100846,0.722794959908362,0.721076746849942,0.72794959908362,0.00687285223367706,0.00715349140710008,0.719358533791523,0.733104238258877,,,,,,,,,,,,,,,,,,,,,,,,,,,,,,,,,,,,,,,,,,,,,,,,,,,,,,,,,,,,,,,,,,,,,,,,,,,,,,,,,,,,,"standard","cpu4","/Users/stefano/Documents/fastEmbedR-results/MetRef/standard/cpu4/20260721_084502_1071185/benchmark_summary_median_variability.csv","uwot default",2.206,2.2015,2.2115,0.863322327785639,0.418671248568156,0.151232325587154,0.722794959908362,0.485439300537109,4
"MetRef","uwot_fast_sgd","UMAP","cpu","full_pipeline",4,4,873,375,30,,"standard_R_double",,3,3,"success",1.578,1.5615,1.622,0.0604999999999998,0.0625486477338506,1.545,1.666,,,,,,,,,,,,,,,,,,,,,,,,,,,,,,,,,,,,0.485088348388672,0.485048294067383,0.48533821105957,0.0002899169921875,0.000314205416165365,0.485008239746094,0.485588073730469,,,,,,,,,,,,,,,0.864647305886845,0.8639492846394,0.866825775441907,0.00287649080250652,0.00300079573903536,0.863251263391955,0.869004244996968,0.409316533027873,0.409278350515464,0.409698358151967,0.000420007636502517,0.000464510311592239,0.409240168003055,0.41008018327606,0.422947689957999,0.420045819014891,0.423386788850706,0.00334096983581544,0.00363095416769572,0.417143948071783,0.423825887743414,0.384490263459336,0.383963344788087,0.385005727376862,0.00104238258877448,0.00104240356796582,0.383436426116838,0.385521191294387,0.161042559450164,0.159822740199193,0.163045818149641,0.00322307795044846,0.0032546618766254,0.158602920948221,0.165049076849118,0.725085910652921,0.719931271477664,0.726231386025201,0.00630011454753698,0.00671187316962443,0.714776632302406,0.72737686139748,,,,,,,,,,,,,,,,,,,,,,,,,,,,,,,,,,,,,,,,,,,,,,,,,,,,,,,,,,,,,,,,,,,,,,,,,,,,,,,,,,,,,"standard","cpu4","/Users/stefano/Documents/fastEmbedR-results/MetRef/standard/cpu4/20260721_084502_1071185/benchmark_summary_median_variability.csv","uwot fast SGD",1.578,1.5615,1.622,0.864647305886845,0.422947689957999,0.161042559450164,0.725085910652921,0.485088348388672,4
"MetRef","fastEmbedR_opentsne_cuda_full","t-SNE","cuda","full_pipeline",1,,873,375,,30,"float32",,3,3,"success",0.701,0.701,0.7405,0.0395,0.0456106712659805,0.701,0.78,0.001,0.001,0.001,0,0,0.001,0.001,0.308,0.308,0.311,0.003,0.00346410161513776,0.308,0.314,,,,,,,,,,,,,,,0.114,0.112,0.16,0.048,0.0543077649451101,0.11,0.206,0.990623474121094,0.990606307983398,0.991479873657227,0.000873565673828125,0.0009989433845361,0.990589141845703,0.992336273193359,2029,2027,2037,10,10.5830052442584,2025,2045,2029,2027,2037,10,10.5830052442584,2025,2045,0.885633223277856,0.885603979965411,0.885644722952182,4.07429867710363e-05,4.20111477537315e-05,0.885574736652966,0.885656222626508,0.442306223749523,0.442268041237113,0.44245895379916,0.000190912562046508,0.000202042864533224,0.442229858724704,0.442611683848797,0.451355479190531,0.451355479190531,0.451355479190531,0,0,0.451355479190531,0.451355479190531,0.411592210767468,0.411592210767468,0.411660939289805,6.87285223369694e-05,7.9360861744541e-05,0.411592210767468,0.411729667812142,0.0550213371908667,0.0549692520051454,0.0550594397216966,9.01877165511503e-05,9.05483062384295e-05,0.0549171668194241,0.0550975422525264,0.722794959908362,0.722794959908362,0.722794959908362,0,0,0.722794959908362,0.722794959908362,1.82390288204151,1.82389765710939,1.82390372693997,6.0698305799356e-06,6.57554116074632e-06,1.82389243217727,1.82390457183843,,,,,,,,,,,,,,,,,,,,,,,,,,,,,,,,,,,,,,,,,,,,,,,,,,,,,,,,,,,,,,,,,,,,,,,,,,,,,,"standard","cuda","/Users/stefano/Documents/fastEmbedR-results/MetRef/standard/cuda/20260722_125527_1071196/benchmark_summary_median_variability.csv","fastEmbedR openTSNE CUDA",0.701,0.701,0.7405,0.885633223277856,0.451355479190531,0.0550213371908667,0.722794959908362,0.990623474121094,1
"MetRef","fastEmbedR_umap_cuda_fuzzy_full","UMAP","cuda","full_pipeline",1,,873,375,30,,"float32",,3,3,"success",0.58,0.5735,0.641,0.0675000000000001,0.074473709007497,0.567,0.702,0.001,0.001,0.001,0,0,0.001,0.001,0.317,0.311,0.3805,0.0695,0.0770216419802469,0.305,0.444,,,,,,,,,,,,,,,0.0229999999999999,0.0225,0.0244999999999998,0.0019999999999999,0.00208166599946604,0.022,0.0259999999999998,0.909629821777344,0.906522750854492,0.914567947387695,0.00804519653320312,0.00811435606486443,0.903415679931641,0.919506072998047,1997,1995,1997,2,2.3094010767585,1993,1997,1997,1995,1997,2,2.3094010767585,1993,1997,0.870686970779148,0.87025119601105,0.871301978752555,0.0010507827415045,0.00105586578241375,0.869815421242953,0.871916986725962,0.421000381825124,0.419014891179839,0.421725849560901,0.0027109583810615,0.00280686917899799,0.417029400534555,0.422451317296678,0.42401680030546,0.422928598701795,0.424513172966781,0.00158457426498654,0.00162099643231864,0.421840397098129,0.425009545628102,0.386254295532646,0.383493699885453,0.38639175257732,0.00289805269186699,0.00326991255451595,0.380733104238259,0.386529209621993,0.151632483743507,0.147702981854349,0.156479314691101,0.008776332836752,0.00879229865252929,0.143773479965191,0.161326145638695,0.717067583046964,0.710767468499427,0.72680412371134,0.0160366552119131,0.0161589186479564,0.70446735395189,0.736540664375716,,,,,,,,,,,,,,,,,,,,,,,,,,,,,,,,,,,,,,,,,,,,,,,,,,,,,,,,,,,,,,,,,,,,,,,,,,,,,,,,,,,,,"standard","cuda","/Users/stefano/Documents/fastEmbedR-results/MetRef/standard/cuda/20260722_125527_1071196/benchmark_summary_median_variability.csv","fastEmbedR UMAP CUDA",0.58,0.5735,0.641,0.870686970779148,0.42401680030546,0.151632483743507,0.717067583046964,0.909629821777344,1
"TabulaMuris","fastEmbedR_opentsne_cpu_full","t-SNE","cpu","full_pipeline",4,4,100102,50,,30,"float32",,3,3,"success",48.91,47.3595,49.8775,2.518,2.54039767228151,45.809,50.845,0.003,0.0025,0.0035,0.001,0.001,0.002,0.004,11.997,11.9855,12.0425,0.0570000000000004,0.0602854321816911,11.974,12.088,,,,,,,,,,,,,,,35.463,33.951,36.4245,2.4735,2.49383620151766,32.439,37.386,0.698776245117188,0.698520660400391,0.703456878662109,0.00493621826171875,0.00555817144131855,0.698265075683594,0.708137512207031,,,,,,,,,,,,,,,0.97680944191536,0.976734302815714,0.977887287135391,0.00115298431967648,0.00129015994978871,0.976659163716068,0.978965132355421,0.6261,0.625766666666666,0.62995,0.00418333333333354,0.00465000995618224,0.625433333333333,0.6338,0.61795,0.612,0.624533333333333,0.0125333333333335,0.0125386661231629,0.60605,0.631116666666667,0.59111,0.58659,0.59478,0.00819000000000014,0.00820468971584751,0.58207,0.59845,-0.0180952087122255,-0.0247693874518929,-0.0139415000176676,0.0108278874342253,0.0109252339122641,-0.0314435661915603,-0.00978779132310964,0.84,0.837,0.84525,0.00825000000000009,0.00835164654424507,0.834,0.8505,1.71132940926134,1.71009623051394,1.71356707992761,0.00347084941366527,0.00351896722406362,1.70886305176655,1.71580475059388,,,,,,,,,,,,,,,,,,,,,,,,,,,,,,,,,,,,,,,,,,,,,,,,,,,,,,,,,,,,,,,,,,,,,,,,,,,,,,"standard","cpu4","/Users/stefano/Documents/fastEmbedR-results/TabulaMuris/standard/cpu4/20260721_084502_1071187/benchmark_summary_median_variability.csv","fastEmbedR openTSNE CPU",48.91,47.3595,49.8775,0.97680944191536,0.61795,-0.0180952087122255,0.84,0.698776245117188,4
"TabulaMuris","KlugerLab_FItSNE","t-SNE","cpu","full_pipeline",4,4,100102,50,,30,"standard_R_double",,3,3,"success",59.028,58.5645,61.0525,2.488,2.64620186934658,58.101,63.077,,,,,,,,,,,,,,,,,,,,,,,,,,,,,,,,,,,,0.690887451171875,0.690883636474609,0.690938949584961,5.53131103515625e-05,6.17855357526466e-05,0.690879821777344,0.690990447998047,,,,,,,,,,,,,,,0.977028662957343,0.975898878772551,0.97800354071826,0.00210466194570902,0.00210656131466305,0.974769094587759,0.978978418479177,0.621866666666667,0.617516666666667,0.62345,0.00593333333333312,0.0061445850898106,0.613166666666667,0.625033333333333,0.609283333333333,0.607975,0.609316666666667,0.00134166666666657,0.00153034128364997,0.606666666666667,0.60935,0.58388,0.581075,0.584735,0.00366,0.0038292427449824,0.57827,0.58559,-0.0101429946628614,-0.0164367944026005,-0.00479949137387799,0.0116373030287225,0.0116502293066311,-0.0227305941423395,0.00054401191510543,0.8385,0.83425,0.8435,0.00925000000000009,0.0092601295887261,0.83,0.8485,1.73604062979369,1.73219768307876,1.7365680866324,0.00437040355364982,0.004771224678025,1.72835473636382,1.73709554347112,,,,,,,,,,,,,,,,,,,,,,,,,,,,,,,,,,,,,,,,,,,,,,,,,,,,,,,,,,,,,,,,,,,,,,,,,,,,,,"standard","cpu4","/Users/stefano/Documents/fastEmbedR-results/TabulaMuris/standard/cpu4/20260721_084502_1071187/benchmark_summary_median_variability.csv","FIt-SNE",59.028,58.5645,61.0525,0.977028662957343,0.609283333333333,-0.0101429946628614,0.8385,0.690887451171875,4
"TabulaMuris","Rtsne_full","t-SNE","cpu","full_pipeline",4,4,100102,50,,30,"standard_R_double",,3,3,"success",105.214,103.5255,109.9245,6.399,6.63259846013109,101.837,114.635,,,,,,,,,,,,,,,,,,,,,,,,,,,,,,,,,,,,0.586219787597656,0.58613395690918,0.61900520324707,0.0328712463378906,0.037906988643417,0.586048126220703,0.651790618896484,,,,,,,,,,,,,,,0.93335397066262,0.930970460293373,0.935434058337548,0.00446359804417495,0.00446703435668135,0.928586949924127,0.937514146012477,0.605033333333333,0.60025,0.606933333333333,0.00668333333333304,0.00688753570939148,0.595466666666667,0.608833333333333,0.562966666666667,0.559208333333334,0.565466666666667,0.00625833333333348,0.00630036007201485,0.55545,0.567966666666667,0.50861,0.50063,0.51001,0.00938000000000005,0.0101201054012957,0.49265,0.51141,-0.120308228109144,-0.129903494989586,-0.112766799298299,0.0171366956912865,0.0171776722177695,-0.139498761870027,-0.105225370487454,0.814,0.8125,0.818,0.00549999999999995,0.00568624070307729,0.811,0.822,1.87722105023335,1.86835523722785,1.88432028472866,0.01596504750081,0.0159975938268018,1.85948942422236,1.89141951922398,,,,,,,,,,,,,,,,,,,,,,,,,,,,,,,,,,,,,,,,,,,,,,,,,,,,,,,,,,,,,,,,,,,,,,,,,,,,,,"standard","cpu4","/Users/stefano/Documents/fastEmbedR-results/TabulaMuris/standard/cpu4/20260721_084502_1071187/benchmark_summary_median_variability.csv","Rtsne",105.214,103.5255,109.9245,0.93335397066262,0.562966666666667,-0.120308228109144,0.814,0.586219787597656,4
"TabulaMuris","fastEmbedR_umap_cpu_fuzzy_full","UMAP","cpu","full_pipeline",4,4,100102,50,30,,"float32",,3,3,"success",33.012,32.0025,33.3695,1.367,1.41788234114588,30.993,33.727,0.00300000000000011,0.00300000000000011,0.00350000000000006,0.000499999999999945,0.000577350269189562,0.00300000000000011,0.004,12.235,11.8575,12.489,0.631500000000001,0.635512653952172,11.48,12.743,,,,,,,,,,,,,,,20.436,19.844,20.5525,0.708500000000001,0.759828270071601,19.252,20.669,0.710742950439453,0.710708618164062,0.710906982421875,0.0001983642578125,0.000212027632111559,0.710674285888672,0.711071014404297,,,,,,,,,,,,,,,0.970258978249874,0.968843045017704,0.973072879784185,0.00422983476648109,0.00430615148475551,0.967427111785534,0.975886781318496,0.620233333333333,0.614333333333333,0.622766666666666,0.00843333333333351,0.00865443581403554,0.608433333333333,0.6253,0.6115,0.611375,0.61225,0.000874999999999959,0.000946484724300044,0.61125,0.613,0.57886,0.577565,0.584235,0.00667000000000006,0.007073733102118,0.57627,0.58961,-0.0708903607449774,-0.0735899222724163,-0.0351102235417569,0.0384796987306594,0.0429588412718036,-0.0762894837998551,0.000669913661463606,0.819,0.81875,0.82275,0.004,0.00448144321991627,0.8185,0.8265,,,,,,,,,,,,,,,,,,,,,,,,,,,,,,,,,,,,,,,,,,,,,,,,,,,,,,,,,,,,,,,,,,,,,,,,,,,,,,,,,,,,,"standard","cpu4","/Users/stefano/Documents/fastEmbedR-results/TabulaMuris/standard/cpu4/20260721_084502_1071187/benchmark_summary_median_variability.csv","fastEmbedR UMAP CPU",33.012,32.0025,33.3695,0.970258978249874,0.6115,-0.0708903607449774,0.819,0.710742950439453,4
"TabulaMuris","umap_package","UMAP","cpu","full_pipeline",4,4,100102,50,30,,"standard_R_double",,3,3,"success",837.215,828.3415,865.881,37.5395000000001,39.2402227185321,819.468,894.547,,,,,,,,,,,,,,,,,,,,,,,,,,,,,,,,,,,,6.74179840087891,6.66867065429688,6.74977684020996,0.0811061859130859,0.0894037143437682,6.59554290771484,6.75775527954102,,,,,,,,,,,,,,,0.986592345304333,0.98530102006407,0.986737371438206,0.001436351374136,0.00158148848149013,0.984009694823807,0.986882397572079,0.6383,0.635916666666666,0.639283333333333,0.00336666666666696,0.00346233703988796,0.633533333333333,0.640266666666667,0.652416666666667,0.650191666666667,0.653225,0.003033333333333,0.00314167035071964,0.647966666666667,0.654033333333333,0.64211,0.63988,0.646655,0.00677499999999998,0.00690557986944855,0.63765,0.6512,0.0520823530412518,0.0454011677598769,0.0611834745935363,0.0157823068336594,0.0158440285126667,0.038719982478502,0.0702845961458209,0.8325,0.83025,0.84,0.00975000000000015,0.0102102889283311,0.828,0.8475,,,,,,,,,,,,,,,,,,,,,,,,,,,,,,,,,,,,,,,,,,,,,,,,,,,,,,,,,,,,,,,,,,,,,,,,,,,,,,,,,,,,,"standard","cpu4","/Users/stefano/Documents/fastEmbedR-results/TabulaMuris/standard/cpu4/20260721_084502_1071187/benchmark_summary_median_variability.csv","umap package",837.215,828.3415,865.881,0.986592345304333,0.652416666666667,0.0520823530412518,0.8325,6.74179840087891,4
"TabulaMuris","uwot_default","UMAP","cpu","full_pipeline",4,4,100102,50,30,,"standard_R_double",,3,3,"success",84.374,82.6495,84.382,1.73250000000002,1.99591591339248,80.925,84.39,,,,,,,,,,,,,,,,,,,,,,,,,,,,,,,,,,,,0.885051727294922,0.884992599487305,0.885076522827148,8.392333984375e-05,8.62324108540139e-05,0.884933471679688,0.885101318359375,,,,,,,,,,,,,,,0.981581082448154,0.979438543247344,0.982173545776429,0.00273500252908454,0.00287769883256912,0.977296004046535,0.982766009104704,0.628466666666667,0.6269,0.629383333333333,0.00248333333333339,0.00251152897211616,0.625333333333333,0.6303,0.64005,0.6367,0.643916666666666,0.00721666666666643,0.00722282903433671,0.63335,0.647783333333333,0.62858,0.61992,0.629595,0.00967499999999999,0.010634266939161,0.61126,0.63061,0.048504956132869,0.0238732579506298,0.0571115803049745,0.0332383223543447,0.034501986492685,-0.000758440231609392,0.0657182044770799,0.8205,0.80375,0.83075,0.027,0.0272595548997655,0.787,0.841,,,,,,,,,,,,,,,,,,,,,,,,,,,,,,,,,,,,,,,,,,,,,,,,,,,,,,,,,,,,,,,,,,,,,,,,,,,,,,,,,,,,,"standard","cpu4","/Users/stefano/Documents/fastEmbedR-results/TabulaMuris/standard/cpu4/20260721_084502_1071187/benchmark_summary_median_variability.csv","uwot default",84.374,82.6495,84.382,0.981581082448154,0.64005,0.048504956132869,0.8205,0.885051727294922,4
"TabulaMuris","uwot_fast_sgd","UMAP","cpu","full_pipeline",4,4,100102,50,30,,"standard_R_double",,3,3,"success",59.054,58.2395,59.3975,1.158,1.18950031525847,57.425,59.741,,,,,,,,,,,,,,,,,,,,,,,,,,,,,,,,,,,,0.915767669677734,0.900321960449219,0.922702789306641,0.0223808288574219,0.0229138577893277,0.884876251220703,0.929637908935547,,,,,,,,,,,,,,,0.981968942842691,0.981442960714888,0.982835955150902,0.00139299443601404,0.0014068406780498,0.980916978587085,0.983702967459113,0.631466666666667,0.6299,0.631566666666667,0.00166666666666715,0.00186944238071579,0.628333333333333,0.631666666666667,0.640133333333333,0.638733333333333,0.643466666666667,0.00473333333333359,0.00486316464561632,0.637333333333333,0.6468,0.62077,0.61865,0.623325,0.00467499999999998,0.00468174112910996,0.61653,0.62588,0.0507538146772948,0.0416902084304682,0.058897352609898,0.0172071441794298,0.0172153415895812,0.0326266021836416,0.0670408905425012,0.827,0.82,0.82925,0.00925000000000009,0.00964797042560423,0.813,0.8315,,,,,,,,,,,,,,,,,,,,,,,,,,,,,,,,,,,,,,,,,,,,,,,,,,,,,,,,,,,,,,,,,,,,,,,,,,,,,,,,,,,,,"standard","cpu4","/Users/stefano/Documents/fastEmbedR-results/TabulaMuris/standard/cpu4/20260721_084502_1071187/benchmark_summary_median_variability.csv","uwot fast SGD",59.054,58.2395,59.3975,0.981968942842691,0.640133333333333,0.0507538146772948,0.827,0.915767669677734,4
"TabulaMuris","fastEmbedR_opentsne_cuda_full","t-SNE","cuda","full_pipeline",1,,100102,50,,30,"float32",,3,3,"success",3.088,3.086,3.172,0.0859999999999994,0.098169920715733,3.084,3.256,0.00600000000000001,0.00600000000000001,0.00649999999999996,0.000499999999999946,0.000577350269189563,0.00600000000000001,0.0069999999999999,0.512,0.5095,0.5575,0.0479999999999999,0.0540401085614503,0.507,0.603,,,,,,,,,,,,,,,2.273,2.2715,2.315,0.0435000000000003,0.0493862328994631,2.27,2.357,0.817470550537109,0.817386627197266,0.818267822265625,0.000881195068359375,0.000972690455921686,0.817302703857422,0.819065093994141,927,927,927,0,0,927,927,927,927,927,0,0,927,927,0.983247091552858,0.982521547799696,0.983681799022088,0.00116025122239105,0.00117233875099177,0.981796004046535,0.984116506491317,0.641166666666667,0.637066666666667,0.642283333333334,0.00521666666666654,0.00549366638688306,0.632966666666667,0.6434,0.631933333333333,0.627133333333333,0.634933333333333,0.00780000000000003,0.00786892622916243,0.622333333333333,0.637933333333333,0.60372,0.597355,0.6043,0.00694499999999998,0.00770638912418346,0.59099,0.60488,0.0162886694000834,0.0116071474483259,0.0210828486615162,0.00947570121319031,0.009475924442403,0.00692562549656849,0.0258770279229491,0.8405,0.8365,0.8465,0.01,0.0100664459136943,0.8325,0.8525,1.66563938335067,1.66549743041114,1.66822163892303,0.00272420851188504,0.00306697532804457,1.66535547747162,1.67080389449539,,,,,,,,,,,,,,,,,,,,,,,,,,,,,,,,,,,,,,,,,,,,,,,,,,,,,,,,,,,,,,,,,,,,,,,,,,,,,,"standard","cuda","/Users/stefano/Documents/fastEmbedR-results/TabulaMuris/standard/cuda/20260722_155959_1071198/benchmark_summary_median_variability.csv","fastEmbedR openTSNE CUDA",3.088,3.086,3.172,0.983247091552858,0.631933333333333,0.0162886694000834,0.8405,0.817470550537109,1
"TabulaMuris","fastEmbedR_umap_cuda_fuzzy_full","UMAP","cuda","full_pipeline",1,,100102,50,30,,"float32",,3,3,"success",0.891,0.8695,0.9395,0.0700000000000001,0.071714712576988,0.848,0.988,0.0069999999999999,0.00649999999999996,0.0089999999999999,0.00249999999999994,0.00264575131106455,0.00600000000000001,0.0109999999999999,0.529,0.5155,0.5795,0.0639999999999999,0.0674709814167049,0.502,0.63,,,,,,,,,,,,,,,0.073,0.0704999999999999,0.0735,0.00300000000000014,0.00321455025366447,0.0679999999999998,0.0740000000000001,0.771785736083984,0.77142333984375,0.790922164916992,0.0194988250732422,0.0223090178889256,0.771060943603516,0.81005859375,641,636,642,6,6.42910050732864,631,643,641,636,642,6,6.42910050732864,631,643,0.96363631765301,0.960987194402293,0.965971016691958,0.00498382228966454,0.00498712731038008,0.958338071151576,0.968305715730905,0.616533333333333,0.61425,0.61805,0.00380000000000003,0.0038256928687397,0.611966666666667,0.619566666666667,0.603483333333333,0.602216666666667,0.614075,0.0118583333333335,0.0130232591073734,0.60095,0.624666666666667,0.57191,0.565565,0.583325,0.01776,0.0179996083290721,0.55922,0.59474,-0.0593576130411034,-0.0951324741807332,-0.0546163107777259,0.0405161634030073,0.0443010920377944,-0.130907335320363,-0.0498750085143484,0.8135,0.813,0.8155,0.00250000000000006,0.00264575131106459,0.8125,0.8175,,,,,,,,,,,,,,,,,,,,,,,,,,,,,,,,,,,,,,,,,,,,,,,,,,,,,,,,,,,,,,,,,,,,,,,,,,,,,,,,,,,,,"standard","cuda","/Users/stefano/Documents/fastEmbedR-results/TabulaMuris/standard/cuda/20260722_155959_1071198/benchmark_summary_median_variability.csv","fastEmbedR UMAP CUDA",0.891,0.8695,0.9395,0.96363631765301,0.603483333333333,-0.0593576130411034,0.8135,0.771785736083984,1
"USPS","fastEmbedR_opentsne_cpu_full","t-SNE","cpu","full_pipeline",4,4,11000,256,,30,"float32",,3,3,"success",12.508,12.478,12.8965,0.4185,0.466886495842405,12.448,13.285,0.003,0.0025,0.003,5e-04,0.000577350269189626,0.002,0.003,3.172,3.1655,3.173,0.00750000000000028,0.0081445278152472,3.159,3.174,,,,,,,,,,,,,,,8.08,8.0305,8.474,0.4435,0.486057952648996,7.981,8.868,0.563934326171875,0.562959671020508,0.569147109985352,0.00618743896484375,0.0066536941465523,0.561985015869141,0.574359893798828,,,,,,,,,,,,,,,0.948599271936974,0.948457353979897,0.951374995925021,0.00291764194512345,0.00329012855719466,0.94831543602282,0.954150719913067,0.4528,0.448586666666666,0.459066666666667,0.01048,0.0105468380376581,0.444373333333333,0.465333333333333,0.453973333333333,0.452853333333333,0.469813333333333,0.01696,0.0189701801080889,0.451733333333333,0.485653333333333,0.460848,0.458656,0.474928,0.0162720000000001,0.0176602991292145,0.456464,0.489008,0.176601760733508,0.175246405388299,0.183210953233129,0.0079645478448305,0.00852261446511315,0.17389105004309,0.189820145732751,0.74,0.734,0.7412,0.00719999999999998,0.00771492060879435,0.728,0.7424,2.0623228393979,2.06112656919284,2.0665558733224,0.00542930412956455,0.00570537652516381,2.05993029898778,2.07078890724691,,,,,,,,,,,,,,,,,,,,,,,,,,,,,,,,,,,,,,,,,,,,,,,,,,,,,,,,,,,,,,,,,,,,,,,,,,,,,,"standard","cpu4","/Users/stefano/Documents/fastEmbedR-results/USPS/standard/cpu4/20260721_084502_1071188/benchmark_summary_median_variability.csv","fastEmbedR openTSNE CPU",12.508,12.478,12.8965,0.948599271936974,0.453973333333333,0.176601760733508,0.74,0.563934326171875,4
"USPS","KlugerLab_FItSNE","t-SNE","cpu","full_pipeline",4,4,11000,256,,30,"standard_R_double",,3,3,"success",18.494,18.4125,18.713,0.3005,0.310809159024204,18.331,18.932,,,,,,,,,,,,,,,,,,,,,,,,,,,,,,,,,,,,0.563140869140625,0.560810089111328,0.570684432983398,0.00987434387207031,0.0103228083355535,0.558479309082031,0.578227996826172,,,,,,,,,,,,,,,0.9449273132301,0.943377625645205,0.947079315403423,0.00370168975821794,0.00371798798911997,0.94182793806031,0.949231317576746,0.438026666666667,0.437733333333334,0.44472,0.00698666666666647,0.00790359693079296,0.43744,0.451413333333333,0.457626666666667,0.45736,0.46744,0.01008,0.0114885166498904,0.457093333333333,0.477253333333333,0.466992,0.466768,0.477144,0.010376,0.0118539629379095,0.466544,0.487296,0.160054754926177,0.150774205517018,0.16824614134333,0.017471935826312,0.0174832481781795,0.141493656107859,0.176437527760483,0.728,0.7228,0.7316,0.00880000000000003,0.0088483520122864,0.7176,0.7352,2.11079814106231,2.11071814433679,2.11350034941014,0.00278220507334526,0.00316743792376136,2.11063814761128,2.11620255775797,,,,,,,,,,,,,,,,,,,,,,,,,,,,,,,,,,,,,,,,,,,,,,,,,,,,,,,,,,,,,,,,,,,,,,,,,,,,,,"standard","cpu4","/Users/stefano/Documents/fastEmbedR-results/USPS/standard/cpu4/20260721_084502_1071188/benchmark_summary_median_variability.csv","FIt-SNE",18.494,18.4125,18.713,0.9449273132301,0.457626666666667,0.160054754926177,0.728,0.563140869140625,4
"USPS","Rtsne_full","t-SNE","cpu","full_pipeline",4,4,11000,256,,30,"standard_R_double",,3,3,"success",12.193,12.161,12.968,0.807,0.913928516533615,12.129,13.743,,,,,,,,,,,,,,,,,,,,,,,,,,,,,,,,,,,,0.517940521240234,0.510576248168945,0.530010223388672,0.0194339752197266,0.0196229393085653,0.503211975097656,0.542079925537109,,,,,,,,,,,,,,,0.942293985330073,0.942270122249389,0.945898614506927,0.00362849225753892,0.00417611278681273,0.942246259168704,0.949503243683782,0.447573333333333,0.445893333333333,0.451946666666666,0.00605333333333347,0.00624986873936257,0.444213333333333,0.45632,0.45736,0.453826666666666,0.468173333333333,0.014346666666667,0.0149496815276376,0.450293333333333,0.478986666666667,0.462864,0.458656,0.477768,0.019112,0.0200849035181485,0.454448,0.492672,0.179282997622854,0.177723894433107,0.189021317210567,0.01129742277746,0.0122446568636116,0.17616479124336,0.19875963679828,0.7592,0.7584,0.76,0.00160000000000005,0.00159999999999999,0.7576,0.7608,2.02309888172866,2.01841080547364,2.02714347003286,0.00873266455921984,0.00874056381961736,2.01372272921863,2.03118805833707,,,,,,,,,,,,,,,,,,,,,,,,,,,,,,,,,,,,,,,,,,,,,,,,,,,,,,,,,,,,,,,,,,,,,,,,,,,,,,"standard","cpu4","/Users/stefano/Documents/fastEmbedR-results/USPS/standard/cpu4/20260721_084502_1071188/benchmark_summary_median_variability.csv","Rtsne",12.193,12.161,12.968,0.942293985330073,0.45736,0.179282997622854,0.7592,0.517940521240234,4
"USPS","fastEmbedR_umap_cpu_fuzzy_full","UMAP","cpu","full_pipeline",4,4,11000,256,30,,"float32",,3,3,"success",5.857,5.8335,5.9685,0.135000000000001,0.144244006230184,5.81,6.08,0.002,0.002,0.0025,5e-04,0.000577350269189626,0.002,0.003,3.178,3.1645,3.1785,0.0139999999999998,0.0158850034099252,3.151,3.179,,,,,,,,,,,,,,,2.405,2.3935,2.5005,0.107,0.117477657450257,2.382,2.596,0.429542541503906,0.428176879882812,0.429956436157227,0.00177955627441406,0.00186246449293797,0.426811218261719,0.430370330810547,,,,,,,,,,,,,,,0.889570268948655,0.887680760662863,0.895639728334692,0.00795896767182858,0.00831680007382781,0.885791252377071,0.901709187720728,0.33872,0.336186666666667,0.343946666666667,0.00775999999999999,0.00791426653675589,0.333653333333333,0.349173333333333,0.366933333333333,0.364493333333333,0.375586666666667,0.0110933333333335,0.0116589256858491,0.362053333333333,0.38424,0.37792,0.375224,0.387696,0.012472,0.013124769864649,0.372528,0.397472,0.106402668033094,0.0948397448407261,0.130942289488811,0.0361025446480844,0.0368717411577791,0.0832768216483582,0.155481910944527,0.7112,0.7096,0.7152,0.00560000000000005,0.00576888204074236,0.708,0.7192,,,,,,,,,,,,,,,,,,,,,,,,,,,,,,,,,,,,,,,,,,,,,,,,,,,,,,,,,,,,,,,,,,,,,,,,,,,,,,,,,,,,,"standard","cpu4","/Users/stefano/Documents/fastEmbedR-results/USPS/standard/cpu4/20260721_084502_1071188/benchmark_summary_median_variability.csv","fastEmbedR UMAP CPU",5.857,5.8335,5.9685,0.889570268948655,0.366933333333333,0.106402668033094,0.7112,0.429542541503906,4
"USPS","umap_package","UMAP","cpu","full_pipeline",4,4,11000,256,30,,"standard_R_double",,3,3,"success",91.252,88.6555,95.805,7.14950000000002,7.23818446389241,86.059,100.358,,,,,,,,,,,,,,,,,,,,,,,,,,,,,,,,,,,,1.33491897583008,1.24304580688477,1.36631965637207,0.123273849487305,0.128122659661157,1.15117263793945,1.39772033691406,,,,,,,,,,,,,,,0.896608834555827,0.895195935886987,0.898285813637598,0.00308987775061143,0.00309363712619228,0.893783037218147,0.89996279271937,0.364,0.363386666666667,0.368773333333334,0.00538666666666698,0.00589785648444542,0.362773333333333,0.373546666666667,0.383013333333333,0.3828,0.39136,0.00855999999999996,0.0097633995293839,0.382586666666667,0.399706666666667,0.39112,0.390104,0.39976,0.009656,0.0106119489884438,0.389088,0.4084,0.103790220162992,0.0955470458526075,0.119404073968819,0.023857028116212,0.0242335874895274,0.0873038715422229,0.135017927774647,0.7336,0.728,0.7372,0.0092000000000001,0.00927218061371396,0.7224,0.7408,,,,,,,,,,,,,,,,,,,,,,,,,,,,,,,,,,,,,,,,,,,,,,,,,,,,,,,,,,,,,,,,,,,,,,,,,,,,,,,,,,,,,"standard","cpu4","/Users/stefano/Documents/fastEmbedR-results/USPS/standard/cpu4/20260721_084502_1071188/benchmark_summary_median_variability.csv","umap package",91.252,88.6555,95.805,0.896608834555827,0.383013333333333,0.103790220162992,0.7336,1.33491897583008,4
"USPS","uwot_default","UMAP","cpu","full_pipeline",4,4,11000,256,30,,"standard_R_double",,3,3,"success",9.936,9.8625,10.038,0.1755,0.176269679752362,9.789,10.14,,,,,,,,,,,,,,,,,,,,,,,,,,,,,,,,,,,,0.579349517822266,0.579326629638672,0.579408645629883,8.20159912109375e-05,8.46427370231253e-05,0.579303741455078,0.5794677734375,,,,,,,,,,,,,,,0.889979027438196,0.88820633523499,0.89450416734583,0.00629783211083956,0.00649522994857449,0.886433643031785,0.899029307253464,0.35888,0.357226666666666,0.363173333333333,0.00594666666666699,0.00613889602815102,0.355573333333333,0.367466666666667,0.37752,0.375093333333334,0.38664,0.0115466666666665,0.0121761685879212,0.372666666666667,0.39576,0.387936,0.382608,0.397168,0.01456,0.0147334315532171,0.37728,0.4064,0.121888784831545,0.119190894913489,0.138421904640105,0.0192310097266155,0.0208239348782329,0.116493004995434,0.154955024448665,0.728,0.7176,0.7284,0.0107999999999999,0.0122463600034187,0.7072,0.7288,,,,,,,,,,,,,,,,,,,,,,,,,,,,,,,,,,,,,,,,,,,,,,,,,,,,,,,,,,,,,,,,,,,,,,,,,,,,,,,,,,,,,"standard","cpu4","/Users/stefano/Documents/fastEmbedR-results/USPS/standard/cpu4/20260721_084502_1071188/benchmark_summary_median_variability.csv","uwot default",9.936,9.8625,10.038,0.889979027438196,0.37752,0.121888784831545,0.728,0.579349517822266,4
"USPS","uwot_fast_sgd","UMAP","cpu","full_pipeline",4,4,11000,256,30,,"standard_R_double",,3,3,"success",7.497,7.3935,7.5195,0.126,0.134398660707613,7.29,7.542,,,,,,,,,,,,,,,,,,,,,,,,,,,,,,,,,,,,0.579704284667969,0.579404830932617,0.579771041870117,0.0003662109375,0.000390076500530618,0.579105377197266,0.579837799072266,,,,,,,,,,,,,,,0.886037881010595,0.884666362401522,0.891312425971204,0.006646063569682,0.00701769424662973,0.883294843792448,0.896586970931812,0.352906666666667,0.351066666666667,0.36192,0.010853333333333,0.0116166725649591,0.349226666666667,0.370933333333333,0.3724,0.371546666666666,0.384426666666666,0.01288,0.0144051677969837,0.370693333333333,0.396453333333333,0.382224,0.379464,0.393944,0.01448,0.0153763107842335,0.376704,0.405664,0.117846770745928,0.104176163046651,0.121446381448848,0.0172702184021965,0.0182227541961448,0.090505555347374,0.125045992151767,0.7128,0.7128,0.7176,0.00480000000000003,0.00554256258422044,0.7128,0.7224,,,,,,,,,,,,,,,,,,,,,,,,,,,,,,,,,,,,,,,,,,,,,,,,,,,,,,,,,,,,,,,,,,,,,,,,,,,,,,,,,,,,,"standard","cpu4","/Users/stefano/Documents/fastEmbedR-results/USPS/standard/cpu4/20260721_084502_1071188/benchmark_summary_median_variability.csv","uwot fast SGD",7.497,7.3935,7.5195,0.886037881010595,0.3724,0.117846770745928,0.7128,0.579704284667969,4
"USPS","fastEmbedR_opentsne_cuda_full","t-SNE","cuda","full_pipeline",1,,11000,256,,30,"float32",,3,3,"success",0.767,0.7615,0.8665,0.105,0.118196164630386,0.756,0.966,0.003,0.003,0.0035,5e-04,0.000577350269189626,0.003,0.004,0.324,0.324,0.3255,0.0015,0.00173205080756888,0.324,0.327,,,,,,,,,,,,,,,0.149,0.148,0.243,0.095,0.10912378292563,0.147,0.337,0.987209320068359,0.987197875976562,0.995645523071289,0.00844764709472656,0.00974790211655544,0.987186431884766,1.00408172607422,2011,2011,2034,23,26.5581123827228,2011,2057,2011,2011,2034,23,26.5581123827228,2011,2057,0.954678663406683,0.952408410757946,0.955786883998913,0.00337847324096741,0.00344444300384205,0.950138158109209,0.956895104591144,0.456106666666667,0.450346666666667,0.459066666666667,0.00871999999999995,0.00886858124692631,0.444586666666667,0.462026666666667,0.456853333333333,0.454186666666667,0.467413333333333,0.0132266666666665,0.0139897443918088,0.45152,0.477973333333333,0.461392,0.460624,0.473624,0.013,0.0145879321815442,0.459856,0.485856,0.203321696247637,0.200574543251347,0.208128163855895,0.00755362060454801,0.00764661862924665,0.197827390255058,0.212934631464154,0.7376,0.7372,0.7436,0.00639999999999996,0.00717030915186602,0.7368,0.7496,2.03072566454911,2.02831801236227,2.03154449058221,0.00322647821993494,0.00335434313778122,2.02591036017544,2.03236331661531,,,,,,,,,,,,,,,,,,,,,,,,,,,,,,,,,,,,,,,,,,,,,,,,,,,,,,,,,,,,,,,,,,,,,,,,,,,,,,"standard","cuda","/Users/stefano/Documents/fastEmbedR-results/USPS/standard/cuda/20260722_160038_1071199/benchmark_summary_median_variability.csv","fastEmbedR openTSNE CUDA",0.767,0.7615,0.8665,0.954678663406683,0.456853333333333,0.203321696247637,0.7376,0.987209320068359,1
"USPS","fastEmbedR_umap_cuda_fuzzy_full","UMAP","cuda","full_pipeline",1,,11000,256,30,,"float32",,3,3,"success",0.628,0.616,0.6345,0.0185000000000001,0.0187705443004015,0.604,0.641,0.003,0.003,0.003,0,0,0.003,0.003,0.331,0.3275,0.333,0.0055,0.00556776436283003,0.324,0.335,,,,,,,,,,,,,,,0.028,0.0269999999999999,0.037,0.0100000000000001,0.0110151410945723,0.0259999999999998,0.046,0.914051055908203,0.914041519165039,0.918445587158203,0.00440406799316406,0.0050798825934667,0.914031982421875,0.922840118408203,1995,1995,1995,0,0,1995,1995,1995,1995,1995,0,0,1995,1995,0.888755490355882,0.888399261070361,0.890325368106493,0.0019261070361315,0.00204960220048691,0.888043031784841,0.891895245857104,0.343093333333333,0.341626666666667,0.348346666666666,0.00671999999999995,0.00706668343813531,0.34016,0.3536,0.36496,0.363266666666667,0.372666666666666,0.00939999999999996,0.0100206483119902,0.361573333333333,0.380373333333333,0.378608,0.376904,0.388648,0.011744,0.0126919069226548,0.3752,0.398688,0.128531564352866,0.125080333740455,0.146365296094222,0.021284962353767,0.022847357293773,0.121629103128045,0.164199027835579,0.7072,0.7056,0.7172,0.0116000000000001,0.0125729869164013,0.704,0.7272,,,,,,,,,,,,,,,,,,,,,,,,,,,,,,,,,,,,,,,,,,,,,,,,,,,,,,,,,,,,,,,,,,,,,,,,,,,,,,,,,,,,,"standard","cuda","/Users/stefano/Documents/fastEmbedR-results/USPS/standard/cuda/20260722_160038_1071199/benchmark_summary_median_variability.csv","fastEmbedR UMAP CUDA",0.628,0.616,0.6345,0.888755490355882,0.36496,0.128531564352866,0.7072,0.914051055908203,1
"flow18","fastEmbedR_opentsne_cpu_full","t-SNE","cpu","full_pipeline",4,4,1000021,11,,30,"float32",,3,3,"success",356.27,356.091,358.955,2.86399999999998,3.20871334546004,355.912,361.64,0.00500000000000012,0.005,0.00549999999999995,0.000499999999999945,0.000577350269189496,0.00499999999999989,0.00599999999999978,273.537,272.484,274.475,1.99100000000004,1.99210675751411,271.431,275.413,,,,,,,,,,,,,,,83.025,82.182,83.87,1.68799999999996,1.68800039494461,81.3390000000001,84.715,1.94469833374023,1.94464492797852,1.9447135925293,6.866455078125e-05,7.21102237892549e-05,1.9445915222168,1.94472885131836,,,,,,,,,,,,,,,0.975126740853145,0.974996501433148,0.975413117518126,0.000416616084977561,0.000426257248640999,0.974866262013151,0.975699494183106,0.397766666666667,0.393216666666667,0.399466666666667,0.00624999999999998,0.00646297145282261,0.388666666666667,0.401166666666667,0.4387,0.435975,0.439175,0.00319999999999998,0.0034536212878658,0.43325,0.43965,0.47877,0.477335,0.47922,0.00188500000000003,0.00196891679187652,0.4759,0.47967,0.0538105049024427,0.0505470523140637,0.0627171707826135,0.0121701184685498,0.0125986931448235,0.0472835997256848,0.0716238366627844,0.955,0.954,0.9595,0.00550000000000006,0.00585946527708232,0.953,0.964,2.02514999257983,2.02514999257983,2.02514999257983,0,0,2.02514999257983,2.02514999257983,,,,,,,,,,,,,,,,,,,,,,,,,,,,,,,,,,,,,,,,,,,,,,,,,,,,,,,,,,,,,,,,,,,,,,,,,,,,,,"standard","cpu4","/Users/stefano/Documents/fastEmbedR-results/flow18/standard/cpu4/20260721_084502_1071180/benchmark_summary_median_variability.csv","fastEmbedR openTSNE CPU",356.27,356.091,358.955,0.975126740853145,0.4387,0.0538105049024427,0.955,1.94469833374023,4
"flow18","KlugerLab_FItSNE","t-SNE","cpu","full_pipeline",4,4,1000021,11,,30,"standard_R_double",,3,3,"success",464.383,455.6495,466.438,10.7885,11.4568401548304,446.916,468.493,,,,,,,,,,,,,,,,,,,,,,,,,,,,,,,,,,,,3.33035278320312,3.32962799072266,3.34438323974609,0.0147552490234375,0.0166352318626769,3.32890319824219,3.35841369628906,,,,,,,,,,,,,,,0.974468740515933,0.973681360647445,0.974797976732423,0.00111661608497704,0.00114751761781021,0.972893980778958,0.975127212948912,0.392266666666667,0.387783333333333,0.392533333333334,0.00475000000000003,0.00533753306868072,0.3833,0.3928,0.436033333333333,0.434416666666667,0.436391666666667,0.001975,0.00210438255218143,0.4328,0.43675,0.47803,0.476505,0.47922,0.00271499999999997,0.00272188047741507,0.47498,0.48041,0.0497212852703548,0.0330259326983837,0.0579236909332696,0.0248977582348859,0.0253760073203576,0.0163305801264127,0.0661260965961845,0.953,0.95225,0.9565,0.00424999999999986,0.00453688586293872,0.9515,0.96,2.05813001059824,2.05635697039784,2.0606544820851,0.00429751168726478,0.00431935446893076,2.05458393019744,2.06317895357197,,,,,,,,,,,,,,,,,,,,,,,,,,,,,,,,,,,,,,,,,,,,,,,,,,,,,,,,,,,,,,,,,,,,,,,,,,,,,,"standard","cpu4","/Users/stefano/Documents/fastEmbedR-results/flow18/standard/cpu4/20260721_084502_1071180/benchmark_summary_median_variability.csv","FIt-SNE",464.383,455.6495,466.438,0.974468740515933,0.436033333333333,0.0497212852703548,0.953,3.33035278320312,4
"flow18","Rtsne_full","t-SNE","cpu","full_pipeline",4,4,1000021,11,,30,"standard_R_double",,3,3,"success",1925.527,1893.5205,1970.9645,77.444,77.8312515831527,1861.514,2016.402,,,,,,,,,,,,,,,,,,,,,,,,,,,,,,,,,,,,3.26904678344727,3.26900863647461,3.26910972595215,0.000101089477539062,0.000102098099599944,3.26897048950195,3.26917266845703,,,,,,,,,,,,,,,0.77698406676783,0.738488484235373,0.783887329286798,0.0453988450514246,0.048925930683856,0.699992901702917,0.790790591805766,0.171433333333333,0.162933333333333,0.180183333333333,0.01725,0.017250603854165,0.154433333333333,0.188933333333333,0.2256,0.211108333333334,0.235416666666666,0.024308333333333,0.0244577242967894,0.196616666666667,0.245233333333333,0.26739,0.24933,0.27965,0.03032,0.0305043559730956,0.23127,0.29191,-0.165879248907169,-0.168710618833287,-0.137663797120781,0.031046821712506,0.0343320405609361,-0.171541988759405,-0.109448345334393,0.7445,0.6995,0.75675,0.05725,0.0602916522690607,0.6545,0.769,2.70718790549303,2.66373426878397,2.79159969573085,0.127865426946885,0.130033678413727,2.62028063207491,2.87601148596868,,,,,,,,,,,,,,,,,,,,,,,,,,,,,,,,,,,,,,,,,,,,,,,,,,,,,,,,,,,,,,,,,,,,,,,,,,,,,,"standard","cpu4","/Users/stefano/Documents/fastEmbedR-results/flow18/standard/cpu4/20260721_084502_1071180/benchmark_summary_median_variability.csv","Rtsne",1925.527,1893.5205,1970.9645,0.77698406676783,0.2256,-0.165879248907169,0.7445,3.26904678344727,4
"flow18","fastEmbedR_umap_cpu_fuzzy_full","UMAP","cpu","full_pipeline",4,4,1000021,11,30,,"float32",,3,3,"success",398.817,396.601,400.715,4.11400000000003,4.11809470507904,394.385,402.613,0.00600000000000001,0.00550000000000006,0.00600000000000001,0.000499999999999945,0.000577350269189562,0.00500000000000012,0.00600000000000001,260.291,259.92,261.25,1.33000000000004,1.3726427066065,259.549,262.209,,,,,,,,,,,,,,,136.332,135.455,139.1955,3.7405,3.91238218139963,134.578,142.059,3.67353439331055,3.67333984375,3.67375183105469,0.0004119873046875,0.000412199177833255,3.67314529418945,3.67396926879883,,,,,,,,,,,,,,,0.964973882987692,0.963926353060192,0.966615435845558,0.00268908278536506,0.00271086467887031,0.962878823132693,0.968256988703423,0.3408,0.339766666666666,0.341316666666666,0.00155,0.00157844273937371,0.338733333333333,0.341833333333333,0.4298,0.42915,0.4306,0.00144999999999995,0.0014525839046334,0.4285,0.4314,0.49906,0.49874,0.50159,0.00285000000000002,0.00312258439971339,0.49842,0.50412,0.455608758050752,0.399702033419315,0.490767340851552,0.091065307432238,0.0918497977544649,0.343795308787877,0.525925923652353,0.954,0.95175,0.958,0.00624999999999998,0.00633113997107417,0.9495,0.962,,,,,,,,,,,,,,,,,,,,,,,,,,,,,,,,,,,,,,,,,,,,,,,,,,,,,,,,,,,,,,,,,,,,,,,,,,,,,,,,,,,,,"standard","cpu4","/Users/stefano/Documents/fastEmbedR-results/flow18/standard/cpu4/20260721_084502_1071180/benchmark_summary_median_variability.csv","fastEmbedR UMAP CPU",398.817,396.601,400.715,0.964973882987692,0.4298,0.455608758050752,0.954,3.67353439331055,4
"flow18","uwot_default","UMAP","cpu","full_pipeline",4,4,1000021,11,30,,"standard_R_double",,3,3,"success",1339.36,1320.773,1347.8855,27.1125,27.7278244789117,1302.186,1356.411,,,,,,,,,,,,,,,,,,,,,,,,,,,,,,,,,,,,6.57567596435547,6.57562255859375,6.57586860656738,0.000246047973632812,0.000258847191118255,6.57556915283203,6.5760612487793,,,,,,,,,,,,,,,0.966804333164728,0.96650788231327,0.966915950092733,0.00040806777946345,0.00042179043657882,0.966211431461811,0.967027567020738,0.3377,0.335983333333334,0.337966666666667,0.001983333333333,0.00215277598566203,0.334266666666667,0.338233333333333,0.4281,0.42625,0.429866666666667,0.00361666666666649,0.00361698667299056,0.4244,0.431633333333333,0.50236,0.501515,0.50246,0.000945000000000085,0.00103828384044702,0.50067,0.50256,0.395962492494917,0.386079820461404,0.412285755543143,0.026205935081738,0.0264684360017966,0.376197148427892,0.428609018591368,0.9535,0.95225,0.95725,0.00499999999999989,0.00520416499866533,0.951,0.961,,,,,,,,,,,,,,,,,,,,,,,,,,,,,,,,,,,,,,,,,,,,,,,,,,,,,,,,,,,,,,,,,,,,,,,,,,,,,,,,,,,,,"standard","cpu4","/Users/stefano/Documents/fastEmbedR-results/flow18/standard/cpu4/20260721_084502_1071180/benchmark_summary_median_variability.csv","uwot default",1339.36,1320.773,1347.8855,0.966804333164728,0.4281,0.395962492494917,0.9535,6.57567596435547,4
"flow18","uwot_fast_sgd","UMAP","cpu","full_pipeline",4,4,1000021,11,30,,"standard_R_double",,3,3,"success",789.126,784.3195,796.48,12.1605,12.2491229209822,779.513,803.834,,,,,,,,,,,,,,,,,,,,,,,,,,,,,,,,,,,,6.57590103149414,6.57572555541992,6.57597351074219,0.000247955322265625,0.000254986190293402,6.5755500793457,6.57604598999023,,,,,,,,,,,,,,,0.966161406170966,0.966126049570055,0.966549384589445,0.000423335019389626,0.000469744527074679,0.966090692969145,0.966937363007924,0.336866666666667,0.333083333333334,0.338083333333334,0.005,0.00521497132551336,0.3293,0.3393,0.429433333333333,0.425116666666666,0.42985,0.00473333333333353,0.00524160704788567,0.4208,0.430266666666667,0.49989,0.49983,0.501335,0.00150499999999998,0.00170423981098123,0.49977,0.50278,0.397319316641167,0.393343995266692,0.415528865131042,0.02218486986435,0.0236581104787007,0.389368673892217,0.433738413620917,0.9555,0.9545,0.95825,0.00375000000000003,0.00388372673257699,0.9535,0.961,,,,,,,,,,,,,,,,,,,,,,,,,,,,,,,,,,,,,,,,,,,,,,,,,,,,,,,,,,,,,,,,,,,,,,,,,,,,,,,,,,,,,"standard","cpu4","/Users/stefano/Documents/fastEmbedR-results/flow18/standard/cpu4/20260721_084502_1071180/benchmark_summary_median_variability.csv","uwot fast SGD",789.126,784.3195,796.48,0.966161406170966,0.429433333333333,0.397319316641167,0.9555,6.57590103149414,4
"flow18","fastEmbedR_opentsne_cuda_full","t-SNE","cuda","full_pipeline",1,,1000021,11,,30,"float32",,3,3,"success",5.471,5.44,5.5625,0.1225,0.127382625712196,5.409,5.654,0.01,0.01,0.0105000000000001,0.000500000000000051,0.000577350269189683,0.01,0.0110000000000001,1.023,1.017,1.0945,0.0775000000000001,0.0862341772926102,1.011,1.166,,,,,,,,,,,,,,,4.15,4.139,4.1905,0.0514999999999999,0.054243279153581,4.128,4.231,0.944881439208984,0.944633483886719,0.944971084594727,0.000337600708007812,0.000349754556865327,0.944385528564453,0.945060729980469,1299,1298,1305,7,7.57187779440036,1297,1311,1299,1298,1305,7,7.57187779440036,1297,1311,0.977266885853988,0.977057443938628,0.978273394031361,0.00121595009273301,0.00130011775237107,0.976848002023268,0.979279902208734,0.4009,0.39675,0.402016666666666,0.00526666666666648,0.00555020853795723,0.3926,0.403133333333333,0.441033333333333,0.439541666666666,0.44225,0.00270833333333353,0.00271298318789089,0.43805,0.443466666666667,0.48293,0.48204,0.483445,0.00140499999999999,0.00142158362399121,0.48115,0.48396,0.0710134739764368,0.0674597027779378,0.079401068452492,0.0119413656745541,0.0122631492692389,0.0639059315794389,0.0877886629285471,0.956,0.95425,0.9595,0.00524999999999998,0.00534633831078179,0.9525,0.963,1.99676421415215,1.99563058222691,1.99720172637623,0.00157114414931492,0.001621734097822,1.99449695030168,1.99763923860031,,,,,,,,,,,,,,,,,,,,,,,,,,,,,,,,,,,,,,,,,,,,,,,,,,,,,,,,,,,,,,,,,,,,,,,,,,,,,,"standard","cuda","/Users/stefano/Documents/fastEmbedR-results/flow18/standard/cuda/20260721_193325_1071191/benchmark_summary_median_variability.csv","fastEmbedR openTSNE CUDA",5.471,5.44,5.5625,0.977266885853988,0.441033333333333,0.0710134739764368,0.956,0.944881439208984,1
"flow18","fastEmbedR_umap_cuda_fuzzy_full","UMAP","cuda","full_pipeline",1,,1000021,11,30,,"float32",,3,3,"success",1.77,1.7645,1.772,0.00750000000000006,0.0077674534651541,1.759,1.774,0.01,0.00999999999999989,0.01,1.05818132034585e-16,1.21188780250986e-16,0.00999999999999979,0.01,1.022,1.017,1.0225,0.00550000000000006,0.00608276253029819,1.012,1.023,,,,,,,,,,,,,,,0.506,0.5055,0.507,0.00149999999999995,0.00152752523165195,0.505,0.508,0.898582458496094,0.898523330688477,0.899625778198242,0.00110244750976562,0.00124026948961725,0.898464202880859,0.900669097900391,2927,2926,2927,1,1.15470053837925,2925,2927,2927,2926,2927,1,1.15470053837925,2925,2927,0.964518007081437,0.963951694486596,0.965581031866464,0.00162933737986848,0.00165438245197314,0.963385381891755,0.966644056651492,0.332533333333333,0.331783333333333,0.3353,0.00351666666666706,0.00370440178606417,0.331033333333333,0.338066666666667,0.427016666666667,0.425658333333333,0.42705,0.00139166666666651,0.00158806311097651,0.4243,0.427083333333333,0.4983,0.49723,0.49936,0.00213000000000002,0.00213000782471176,0.49616,0.50042,0.396854143377644,0.384702225855851,0.407126185479678,0.022423959623827,0.0224502102976556,0.372550308334058,0.417398227581712,0.952,0.9455,0.95875,0.01325,0.0132507861402007,0.939,0.9655,,,,,,,,,,,,,,,,,,,,,,,,,,,,,,,,,,,,,,,,,,,,,,,,,,,,,,,,,,,,,,,,,,,,,,,,,,,,,,,,,,,,,"standard","cuda","/Users/stefano/Documents/fastEmbedR-results/flow18/standard/cuda/20260721_193325_1071191/benchmark_summary_median_variability.csv","fastEmbedR UMAP CUDA",1.77,1.7645,1.772,0.964518007081437,0.427016666666667,0.396854143377644,0.952,0.898582458496094,1
"imagenet","fastEmbedR_opentsne_cpu_full","t-SNE","cpu","full_pipeline",4,4,1281167,1024,,30,"float32",,3,3,"success",1026.293,1022.584,1063.0515,40.4675000000001,44.7404556637502,1018.875,1099.81,0.505000000000003,0.501000000000001,0.506,0.00499999999999901,0.005291502622129,0.497,0.506999999999998,859.231,859.1865,893.3565,34.17,39.4304504201173,859.142,927.482,,,,,,,,,,,,,,,119.645,119.5585,120.5395,0.981000000000009,1.08626991734713,119.472,121.434,30.4797821044922,30.4735622406006,30.4955291748047,0.0219669342041016,0.0226451338199357,30.467342376709,30.5112762451172,,,,,,,,,,,,,,,0.612870697674419,0.606866445182725,0.614414529346623,0.00754808416389796,0.00797529680791068,0.60086219269103,0.615958361018826,0.133226666666667,0.128266666666667,0.133493333333333,0.00522666666666649,0.00588731719068223,0.123306666666667,0.13376,0.130026666666667,0.127573333333334,0.132426666666667,0.00485333333333351,0.00485343101244823,0.12512,0.134826666666667,0.15024,0.149312,0.155344,0.00603200000000001,0.00649600000000001,0.148384,0.160448,0.513199013955506,0.48849077291528,0.536894886711915,0.0484041137966355,0.048407642602021,0.463782531875053,0.560590759468324,0.032,0.0296,0.036,0.0064,0.00646632301492381,0.0272,0.04,4.24286362328248,4.24174225288698,4.25586347286917,0.0141212199821847,0.0156984588336077,4.24062088249149,4.26886332245586,,,,,,,,,,,,,,,,,,,,,,,,,,,,,,,,,,,,,,,,,,,,,,,,,,,,,,,,,,,,,,,,,,,,,,,,,,,,,,"standard","cpu4","/Users/stefano/Documents/fastEmbedR-results/imagenet/standard/cpu4/20260721_084502_1071182/benchmark_summary_median_variability.csv","fastEmbedR openTSNE CPU",1026.293,1022.584,1063.0515,0.612870697674419,0.130026666666667,0.513199013955506,0.032,30.4797821044922,4
"imagenet","fastEmbedR_umap_cpu_fuzzy_full","UMAP","cpu","full_pipeline",4,4,1281167,1024,30,,"float32",,3,3,"success",1166.129,1142.6765,1180.3525,37.6759999999999,38.0509192574021,1119.224,1194.576,0.362000000000002,0.359999999999999,0.388999999999999,0.029,0.0323934149686823,0.357999999999997,0.415999999999997,847.869,839.8205,849.823,10.0025000000001,10.6033477260722,831.772,851.777,,,,,,,,,,,,,,,312.367,299.5805,329.2025,29.622,29.7140990833196,286.794,346.038,11.1484489440918,11.148120880127,11.1484489440918,0.00032806396484375,0.00037881563682791,11.1477928161621,11.1484489440918,,,,,,,,,,,,,,,0.588191716500554,0.587186356589148,0.593688416389812,0.00650205980066443,0.00700005904143906,0.586180996677741,0.59918511627907,0.114773333333333,0.109066666666667,0.120266666666667,0.0112,0.0112006772282023,0.10336,0.12576,0.107466666666667,0.105866666666667,0.11224,0.00637333333333301,0.00663144473393651,0.104266666666667,0.117013333333333,0.127072,0.124832,0.12904,0.00420799999999999,0.0042109292719462,0.122592,0.131008,0.557633670395338,0.520007472274017,0.562881383579748,0.0428739113057309,0.0467720824807735,0.482381274152696,0.568129096764158,0.0368,0.0216,0.0376,0.016,0.0180310842713354,0.0064,0.0384,,,,,,,,,,,,,,,,,,,,,,,,,,,,,,,,,,,,,,,,,,,,,,,,,,,,,,,,,,,,,,,,,,,,,,,,,,,,,,,,,,,,,"standard","cpu4","/Users/stefano/Documents/fastEmbedR-results/imagenet/standard/cpu4/20260721_084502_1071182/benchmark_summary_median_variability.csv","fastEmbedR UMAP CPU",1166.129,1142.6765,1180.3525,0.588191716500554,0.107466666666667,0.557633670395338,0.0368,11.1484489440918,4
"mass41","fastEmbedR_opentsne_cpu_full","t-SNE","cpu","full_pipeline",4,4,965282,14,,30,"float32",,3,3,"success",339.476,335.8885,340.782,4.89350000000002,5.06768418510863,332.301,342.088,0.0069999999999999,0.00649999999999996,0.0069999999999999,0.000499999999999945,0.000577350269189563,0.00600000000000001,0.0069999999999999,257.037,255.409,258.6635,3.25450000000001,3.25450011522508,253.781,260.29,,,,,,,,,,,,,,,80.16,78.569,80.5075,1.9385,2.06717512562434,76.978,80.855,1.94624328613281,1.93895530700684,1.95504379272461,0.0160884857177734,0.0161121678389125,1.93166732788086,1.96384429931641,,,,,,,,,,,,,,,0.973045624683864,0.972593517113472,0.973201888383072,0.00060837126960045,0.000631894084253421,0.972141409543079,0.97335815208228,0.3511,0.342883333333334,0.352,0.00911666666666644,0.0100477931979189,0.334666666666667,0.3529,0.409116666666667,0.403275,0.412516666666667,0.00924166666666693,0.00934856396181545,0.397433333333333,0.415916666666667,0.46672,0.46028,0.468395,0.00811499999999998,0.00856864244401254,0.45384,0.47007,0.211441243569074,0.206884218455311,0.221208157159006,0.0143239387036955,0.014636354257986,0.202327193341547,0.230975070748938,0.879,0.8785,0.88675,0.00824999999999987,0.00925112605758525,0.878,0.8945,2.06647044994884,2.0658722919724,2.06701374203555,0.0011414500631548,0.00114188951682218,2.06527413399596,2.06755703412227,,,,,,,,,,,,,,,,,,,,,,,,,,,,,,,,,,,,,,,,,,,,,,,,,,,,,,,,,,,,,,,,,,,,,,,,,,,,,,"standard","cpu4","/Users/stefano/Documents/fastEmbedR-results/mass41/standard/cpu4/20260721_084502_1071184/benchmark_summary_median_variability.csv","fastEmbedR openTSNE CPU",339.476,335.8885,340.782,0.973045624683864,0.409116666666667,0.211441243569074,0.879,1.94624328613281,4
"mass41","KlugerLab_FItSNE","t-SNE","cpu","full_pipeline",4,4,965282,14,,30,"standard_R_double",,3,3,"success",403.201,402.441,403.5115,1.07049999999998,1.10150820847298,401.681,403.822,,,,,,,,,,,,,,,,,,,,,,,,,,,,,,,,,,,,3.48016738891602,3.47995185852051,3.48308563232422,0.00313377380371094,0.00350077478983664,3.479736328125,3.48600387573242,,,,,,,,,,,,,,,0.970281891755185,0.969542454897994,0.970306339571742,0.000763884673747883,0.000868287339649704,0.968803018040803,0.970330787388299,0.3423,0.33215,0.344316666666666,0.0121666666666665,0.0130414013107543,0.322,0.346333333333333,0.3981,0.393741666666667,0.404483333333334,0.010741666666667,0.0108051042465024,0.389383333333333,0.410866666666667,0.45512,0.45204,0.459545,0.00750499999999998,0.00754506682099854,0.44896,0.46397,0.191875033837874,0.191007368482646,0.199752325632744,0.00874495715009799,0.00963600348509827,0.190139703127418,0.207629617427614,0.8895,0.88725,0.89275,0.00549999999999995,0.00553022000767903,0.885,0.896,2.10785548429744,2.107705277558,2.10821758972997,0.000512312171970564,0.000526716983075172,2.10755507081856,2.1085796951625,,,,,,,,,,,,,,,,,,,,,,,,,,,,,,,,,,,,,,,,,,,,,,,,,,,,,,,,,,,,,,,,,,,,,,,,,,,,,,"standard","cpu4","/Users/stefano/Documents/fastEmbedR-results/mass41/standard/cpu4/20260721_084502_1071184/benchmark_summary_median_variability.csv","FIt-SNE",403.201,402.441,403.5115,0.970281891755185,0.3981,0.191875033837874,0.8895,3.48016738891602,4
"mass41","Rtsne_full","t-SNE","cpu","full_pipeline",4,4,965282,14,,30,"standard_R_double",,3,3,"success",2307.297,2278.5975,2461.8,183.2025,197.075272109415,2249.898,2616.303,,,,,,,,,,,,,,,,,,,,,,,,,,,,,,,,,,,,3.40436553955078,3.40435218811035,3.40439796447754,4.57763671875e-05,4.70822870421692e-05,3.40433883666992,3.4044303894043,,,,,,,,,,,,,,,0.868080374304502,0.857162493677289,0.868324658573597,0.0111621648963075,0.0127502605820838,0.846244613050076,0.868568942842691,0.2215,0.2103,0.221883333333333,0.0115833333333335,0.0131595480052966,0.1991,0.222266666666667,0.29875,0.288375,0.301816666666667,0.0134416666666665,0.014088375165888,0.278,0.304883333333333,0.36333,0.35464,0.36448,0.00984000000000007,0.0107599318461287,0.34595,0.36563,0.0687537047460859,0.0644964045374828,0.087397736995568,0.0229013324580851,0.0243611107018494,0.0602391043288798,0.10604176924505,0.762,0.757,0.782,0.025,0.0264575131106459,0.752,0.802,2.46954531075272,2.45283581971263,2.4859693447792,0.0331335250665701,0.0331339349495232,2.43612632867253,2.50239337880567,,,,,,,,,,,,,,,,,,,,,,,,,,,,,,,,,,,,,,,,,,,,,,,,,,,,,,,,,,,,,,,,,,,,,,,,,,,,,,"standard","cpu4","/Users/stefano/Documents/fastEmbedR-results/mass41/standard/cpu4/20260721_084502_1071184/benchmark_summary_median_variability.csv","Rtsne",2307.297,2278.5975,2461.8,0.868080374304502,0.29875,0.0687537047460859,0.762,3.40436553955078,4
"mass41","fastEmbedR_umap_cpu_fuzzy_full","UMAP","cpu","full_pipeline",4,4,965282,14,30,,"float32",,3,3,"success",411.15,399.5725,414.45,14.8775,15.626228218394,387.995,417.75,0.0069999999999999,0.00649999999999996,0.00700000000000001,0.000500000000000054,0.000577350269189626,0.00600000000000001,0.00700000000000012,260.536,258.8995,262.1105,3.21100000000001,3.21119951627634,257.263,263.685,,,,,,,,,,,,,,,147.181,138.8205,152.063,13.2425,13.3939212704868,130.46,156.945,3.78664398193359,3.78656959533691,3.78673553466797,0.000165939331054688,0.000166235035472877,3.78649520874023,3.78682708740234,,,,,,,,,,,,,,,0.971090574945203,0.969601896813354,0.971188450514247,0.00158655370089344,0.0017781816279712,0.968113218681504,0.971286326083291,0.312533333333333,0.300516666666666,0.314633333333333,0.0141166666666665,0.0152335278373187,0.2885,0.316733333333333,0.4102,0.400191666666667,0.415966666666666,0.015775,0.015963955348546,0.390183333333333,0.421733333333333,0.49573,0.485815,0.498715,0.0129,0.0135062318949439,0.4759,0.5017,0.346937714230203,0.332114149158879,0.346960395541915,0.014846246383036,0.0171298886459014,0.317290584087556,0.346983076853628,0.9075,0.90375,0.90775,0.004,0.00448144321991624,0.9,0.908,,,,,,,,,,,,,,,,,,,,,,,,,,,,,,,,,,,,,,,,,,,,,,,,,,,,,,,,,,,,,,,,,,,,,,,,,,,,,,,,,,,,,"standard","cpu4","/Users/stefano/Documents/fastEmbedR-results/mass41/standard/cpu4/20260721_084502_1071184/benchmark_summary_median_variability.csv","fastEmbedR UMAP CPU",411.15,399.5725,414.45,0.971090574945203,0.4102,0.346937714230203,0.9075,3.78664398193359,4
"mass41","uwot_default","UMAP","cpu","full_pipeline",4,4,965282,14,30,,"standard_R_double",,3,3,"success",913.797,913.2705,913.8045,0.533999999999878,0.61232589362201,912.744,913.812,,,,,,,,,,,,,,,,,,,,,,,,,,,,,,,,,,,,6.00935745239258,6.00929069519043,6.00947189331055,0.000181198120117188,0.000183277579058324,6.00922393798828,6.00958633422852,,,,,,,,,,,,,,,0.971752267745743,0.970561515764626,0.97190751138088,0.00134599561625404,0.00147279667430339,0.96937076378351,0.972062755016018,0.3124,0.303583333333334,0.31625,0.0126666666666665,0.0129871874182608,0.294766666666667,0.3201,0.41235,0.406383333333333,0.417508333333333,0.011125,0.0111347845028957,0.400416666666667,0.422666666666667,0.49693,0.49051,0.500035,0.00952500000000001,0.00971538470674219,0.48409,0.50314,0.32903173831227,0.319825003956085,0.336705917469256,0.0168809135131706,0.0169040867697333,0.310618269599901,0.344380096626242,0.899,0.8985,0.901,0.00249999999999995,0.00264575131106459,0.898,0.903,,,,,,,,,,,,,,,,,,,,,,,,,,,,,,,,,,,,,,,,,,,,,,,,,,,,,,,,,,,,,,,,,,,,,,,,,,,,,,,,,,,,,"standard","cpu4","/Users/stefano/Documents/fastEmbedR-results/mass41/standard/cpu4/20260721_084502_1071184/benchmark_summary_median_variability.csv","uwot default",913.797,913.2705,913.8045,0.971752267745743,0.41235,0.32903173831227,0.899,6.00935745239258,4
"mass41","uwot_fast_sgd","UMAP","cpu","full_pipeline",4,4,965282,14,30,,"standard_R_double",,3,3,"success",407.708,401.999,408.693,6.69399999999996,7.22830279756827,396.29,409.678,,,,,,,,,,,,,,,,,,,,,,,,,,,,,,,,,,,,6.0094108581543,6.00935173034668,6.00943946838379,8.7738037109375e-05,8.94896866348923e-05,6.00929260253906,6.00946807861328,,,,,,,,,,,,,,,0.971277491148204,0.97038551677626,0.971524422525712,0.00113890574945197,0.00119824863628487,0.969493542404316,0.97177135390322,0.311133333333333,0.302416666666667,0.316183333333333,0.0137666666666665,0.0139284813455232,0.2937,0.321233333333333,0.41075,0.404958333333334,0.41725,0.0122916666666665,0.0122984679864937,0.399166666666667,0.42375,0.4958,0.48982,0.498865,0.00904499999999997,0.00920024093887401,0.48384,0.50193,0.317428879195473,0.313174183606302,0.338482329130049,0.0253081455237475,0.0271029201201075,0.30891948801713,0.359535779064625,0.8965,0.896,0.901,0.00500000000000012,0.00550757054728611,0.8955,0.9055,,,,,,,,,,,,,,,,,,,,,,,,,,,,,,,,,,,,,,,,,,,,,,,,,,,,,,,,,,,,,,,,,,,,,,,,,,,,,,,,,,,,,"standard","cpu4","/Users/stefano/Documents/fastEmbedR-results/mass41/standard/cpu4/20260721_084502_1071184/benchmark_summary_median_variability.csv","uwot fast SGD",407.708,401.999,408.693,0.971277491148204,0.41075,0.317428879195473,0.8965,6.0094108581543,4
"mass41","fastEmbedR_opentsne_cuda_full","t-SNE","cuda","full_pipeline",1,,965282,14,,30,"float32",,3,3,"success",5.773,5.772,5.882,0.109999999999999,0.12644366334459,5.771,5.991,0.012,0.012,0.019,0.007,0.00808290376865476,0.012,0.026,1.444,1.4405,1.511,0.0705,0.0794627795469888,1.437,1.578,,,,,,,,,,,,,,,4.05,4.0475,4.094,0.0465,0.0523099735550816,4.045,4.138,0.926914215087891,0.92683219909668,0.926952362060547,0.000120162963867188,0.000122803236174775,0.926750183105469,0.926990509033203,1295,1294,1295,1,1.15470053837925,1293,1295,1295,1294,1295,1,1.15470053837925,1293,1295,0.975007975046367,0.974504838981622,0.975060099477323,0.000555260495701093,0.000613284639753121,0.974001702916877,0.975112223908279,0.354666666666667,0.344266666666667,0.355333333333334,0.0110666666666665,0.0124117029601247,0.333866666666667,0.356,0.415983333333333,0.407191666666667,0.419,0.0118083333333335,0.0122700289775988,0.3984,0.422016666666667,0.47199,0.46352,0.473065,0.00954499999999997,0.0104563712634929,0.45505,0.47414,0.225740431704233,0.221766846881321,0.236999009806915,0.015232162925593,0.0158021885537175,0.21779326205841,0.248257587909596,0.887,0.88525,0.8925,0.00725000000000009,0.00756637297521081,0.8835,0.898,2.03943211118098,2.03725781066352,2.03950823729402,0.0022504266304999,0.00255575141521988,2.03508351014605,2.03958436340705,,,,,,,,,,,,,,,,,,,,,,,,,,,,,,,,,,,,,,,,,,,,,,,,,,,,,,,,,,,,,,,,,,,,,,,,,,,,,,"standard","cuda","/Users/stefano/Documents/fastEmbedR-results/mass41/standard/cuda/20260722_125342_1071195/benchmark_summary_median_variability.csv","fastEmbedR openTSNE CUDA",5.773,5.772,5.882,0.975007975046367,0.415983333333333,0.225740431704233,0.887,0.926914215087891,1
"mass41","fastEmbedR_umap_cuda_fuzzy_full","UMAP","cuda","full_pipeline",1,,965282,14,30,,"float32",,3,3,"success",2.151,2.1435,2.1565,0.0129999999999999,0.0130511813003012,2.136,2.162,0.0169999999999999,0.0145,0.022,0.00750000000000005,0.0076376261582598,0.012,0.0270000000000001,1.394,1.3875,1.3945,0.0069999999999999,0.00781024967590663,1.381,1.395,,,,,,,,,,,,,,,0.504,0.504,0.507,0.003,0.00346410161513776,0.504,0.51,0.876422882080078,0.876310348510742,0.877363204956055,0.0010528564453125,0.0011562518784845,0.876197814941406,0.878303527832031,2845,2844,2845,1,1.15470053837925,2843,2845,2845,2844,2845,1,1.15470053837925,2843,2845,0.970044275838813,0.969775973697522,0.970242201989546,0.000466228292024917,0.000467995456139177,0.96950767155623,0.97044012814028,0.3103,0.301566666666667,0.31045,0.00888333333333347,0.0101720932694055,0.292833333333333,0.3106,0.409,0.40305,0.412508333333333,0.00945833333333346,0.0095628089395751,0.3971,0.416016666666667,0.49219,0.48612,0.49407,0.00795000000000001,0.00830990573552634,0.48005,0.49595,0.289736692010766,0.276629378123138,0.300119385881046,0.023490007757908,0.0235426205539277,0.263522064235511,0.310502079751327,0.9005,0.89925,0.906,0.00674999999999992,0.00718215380880507,0.898,0.9115,,,,,,,,,,,,,,,,,,,,,,,,,,,,,,,,,,,,,,,,,,,,,,,,,,,,,,,,,,,,,,,,,,,,,,,,,,,,,,,,,,,,,"standard","cuda","/Users/stefano/Documents/fastEmbedR-results/mass41/standard/cuda/20260722_125342_1071195/benchmark_summary_median_variability.csv","fastEmbedR UMAP CUDA",2.151,2.1435,2.1565,0.970044275838813,0.409,0.289736692010766,0.9005,0.876422882080078,1
