"dataset","method","family","backend","timing_scope","requested_threads","effective_threads","n","p","k","perplexity","input_type","landmark_fraction","n_runs","n_success","status","total_runtime_sec_median","total_runtime_sec_q1","total_runtime_sec_q3","total_runtime_sec_iqr","total_runtime_sec_sd","total_runtime_sec_min","total_runtime_sec_max","preprocess_sec_median","preprocess_sec_q1","preprocess_sec_q3","preprocess_sec_iqr","preprocess_sec_sd","preprocess_sec_min","preprocess_sec_max","knn_sec_median","knn_sec_q1","knn_sec_q3","knn_sec_iqr","knn_sec_sd","knn_sec_min","knn_sec_max","init_sec_median","init_sec_q1","init_sec_q3","init_sec_iqr","init_sec_sd","init_sec_min","init_sec_max","graph_or_affinity_sec_median","graph_or_affinity_sec_q1","graph_or_affinity_sec_q3","graph_or_affinity_sec_iqr","graph_or_affinity_sec_sd","graph_or_affinity_sec_min","graph_or_affinity_sec_max","embedding_sec_median","embedding_sec_q1","embedding_sec_q3","embedding_sec_iqr","embedding_sec_sd","embedding_sec_min","embedding_sec_max","peak_ram_gb_median","peak_ram_gb_q1","peak_ram_gb_q3","peak_ram_gb_iqr","peak_ram_gb_sd","peak_ram_gb_min","peak_ram_gb_max","peak_gpu_mb_median","peak_gpu_mb_q1","peak_gpu_mb_q3","peak_gpu_mb_iqr","peak_gpu_mb_sd","peak_gpu_mb_min","peak_gpu_mb_max","peak_gpu_delta_mb_median","peak_gpu_delta_mb_q1","peak_gpu_delta_mb_q3","peak_gpu_delta_mb_iqr","peak_gpu_delta_mb_sd","peak_gpu_delta_mb_min","peak_gpu_delta_mb_max","trustworthiness_median","trustworthiness_q1","trustworthiness_q3","trustworthiness_iqr","trustworthiness_sd","trustworthiness_min","trustworthiness_max","knn_preservation_15_median","knn_preservation_15_q1","knn_preservation_15_q3","knn_preservation_15_iqr","knn_preservation_15_sd","knn_preservation_15_min","knn_preservation_15_max","knn_preservation_30_median","knn_preservation_30_q1","knn_preservation_30_q3","knn_preservation_30_iqr","knn_preservation_30_sd","knn_preservation_30_min","knn_preservation_30_max","knn_preservation_50_median","knn_preservation_50_q1","knn_preservation_50_q3","knn_preservation_50_iqr","knn_preservation_50_sd","knn_preservation_50_min","knn_preservation_50_max","silhouette_median","silhouette_q1","silhouette_q3","silhouette_iqr","silhouette_sd","silhouette_min","silhouette_max","label_knn_accuracy_median","label_knn_accuracy_q1","label_knn_accuracy_q3","label_knn_accuracy_iqr","label_knn_accuracy_sd","label_knn_accuracy_min","label_knn_accuracy_max","tsne_kl_median","tsne_kl_q1","tsne_kl_q3","tsne_kl_iqr","tsne_kl_sd","tsne_kl_min","tsne_kl_max","n_landmarks_median","n_landmarks_q1","n_landmarks_q3","n_landmarks_iqr","n_landmarks_sd","n_landmarks_min","n_landmarks_max","reference_embedding_sec_median","reference_embedding_sec_q1","reference_embedding_sec_q3","reference_embedding_sec_iqr","reference_embedding_sec_sd","reference_embedding_sec_min","reference_embedding_sec_max","landmark_projection_knn_sec_median","landmark_projection_knn_sec_q1","landmark_projection_knn_sec_q3","landmark_projection_knn_sec_iqr","landmark_projection_knn_sec_sd","landmark_projection_knn_sec_min","landmark_projection_knn_sec_max","landmark_refinement_sec_median","landmark_refinement_sec_q1","landmark_refinement_sec_q3","landmark_refinement_sec_iqr","landmark_refinement_sec_sd","landmark_refinement_sec_min","landmark_refinement_sec_max","landmark_transform_sec_median","landmark_transform_sec_q1","landmark_transform_sec_q3","landmark_transform_sec_iqr","landmark_transform_sec_sd","landmark_transform_sec_min","landmark_transform_sec_max","kodama_core_sec_median","kodama_core_sec_q1","kodama_core_sec_q3","kodama_core_sec_iqr","kodama_core_sec_sd","kodama_core_sec_min","kodama_core_sec_max","kodama_visualization_sec_median","kodama_visualization_sec_q1","kodama_visualization_sec_q3","kodama_visualization_sec_iqr","kodama_visualization_sec_sd","kodama_visualization_sec_min","kodama_visualization_sec_max","kodama_core_peak_ram_gb_median","kodama_core_peak_ram_gb_q1","kodama_core_peak_ram_gb_q3","kodama_core_peak_ram_gb_iqr","kodama_core_peak_ram_gb_sd","kodama_core_peak_ram_gb_min","kodama_core_peak_ram_gb_max","kodama_visualization_peak_ram_gb_median","kodama_visualization_peak_ram_gb_q1","kodama_visualization_peak_ram_gb_q3","kodama_visualization_peak_ram_gb_iqr","kodama_visualization_peak_ram_gb_sd","kodama_visualization_peak_ram_gb_min","kodama_visualization_peak_ram_gb_max","kodama_core_peak_gpu_delta_mb_median","kodama_core_peak_gpu_delta_mb_q1","kodama_core_peak_gpu_delta_mb_q3","kodama_core_peak_gpu_delta_mb_iqr","kodama_core_peak_gpu_delta_mb_sd","kodama_core_peak_gpu_delta_mb_min","kodama_core_peak_gpu_delta_mb_max","kodama_visualization_peak_gpu_delta_mb_median","kodama_visualization_peak_gpu_delta_mb_q1","kodama_visualization_peak_gpu_delta_mb_q3","kodama_visualization_peak_gpu_delta_mb_iqr","kodama_visualization_peak_gpu_delta_mb_sd","kodama_visualization_peak_gpu_delta_mb_min","kodama_visualization_peak_gpu_delta_mb_max","suite","profile","source_file"
"COIL20","fastEmbedR_opentsne_cpu_full","t-SNE","cpu","full_pipeline",1,1,1440,16384,,30,"float32",,3,3,"success",23.178,22.923,23.2575,0.334499999999998,0.349509656518958,22.668,23.337,0.0199999999999998,0.0194999999999999,0.0199999999999999,0.000500000000000049,0.000577350269189626,0.0189999999999999,0.02,16.773,16.452,16.782,0.330000000000002,0.375962764113682,16.131,16.791,,,,,,,,,,,,,,,4.33,4.293,4.3445,0.0514999999999999,0.0531130868995579,4.256,4.359,0.992122650146484,0.992059707641602,0.992460250854492,0.000400543212890625,0.000430790639298677,0.991996765136719,0.9927978515625,,,,,,,,,,,,,,,0.903145684724632,0.898101021785233,0.91265664160401,0.0145556198187775,0.0147822639953499,0.893056358845833,0.922167598483388,0.517948717948718,0.514316239316239,0.538247863247864,0.0239316239316241,0.0257937049800387,0.510683760683761,0.558547008547009,0.57008547008547,0.564850427350427,0.588782051282051,0.0239316239316235,0.0251620142924836,0.559615384615385,0.607478632478632,0.663076923076923,0.656346153846154,0.664102564102564,0.00775641025640994,0.00842682597490841,0.649615384615385,0.665128205128205,0.459246366379979,0.455857266957171,0.479909884897346,0.024052617940174,0.0260383745292879,0.452468167534364,0.500573403414712,0.608974358974359,0.57051282051282,0.615384615384616,0.044871794871795,0.0485376781692332,0.532051282051282,0.621794871794872,0.722843849773679,0.720667971812106,0.724422412407517,0.00375444059541086,0.00377024571056745,0.718492093850533,0.726000975041355,,,,,,,,,,,,,,,,,,,,,,,,,,,,,,,,,,,,,,,,,,,,,,,,,,,,,,,,,,,,,,,,,,,,,,,,,,,,,,"landmark","cpu1","/Users/stefano/Documents/fastEmbedR-results/fastEmbedR-results/COIL20/landmark/cpu1/20260721_084802_1071266/benchmark_summary_median_variability.csv"
"COIL20","fastEmbedR_opentsne_cpu_landmark","t-SNE","cpu","landmark_pipeline",1,1,1440,16384,,30,"float32",0.5,3,3,"success",22.251,22.221,22.2735,0.0524999999999984,0.052678268764264,22.191,22.296,0.02,0.02,0.0205,0.000500000000000049,0.000577350269189682,0.02,0.0210000000000001,,,,,,,,,,,,,,,,,,,,,,22.231,22.201,22.253,0.0519999999999996,0.0522047252012048,22.171,22.275,0.879257202148438,0.876115798950195,0.891368865966797,0.0152530670166016,0.0161083180979232,0.872974395751953,0.903480529785156,,,,,,,,,,,,,,,0.939846410899043,0.938315339631129,0.940570978728874,0.00225563909774451,0.00230319857397339,0.936784268363216,0.941295546558705,0.648290598290598,0.647008547008547,0.650641025641026,0.00363247863247862,0.00368447782232971,0.645726495726496,0.652991452991453,0.693803418803419,0.690705128205129,0.699252136752137,0.00854700854700841,0.00865406598152076,0.687606837606838,0.704700854700855,0.734487179487179,0.717692307692308,0.737179487179487,0.0194871794871795,0.0211197601577572,0.700897435897436,0.739871794871795,0.324969411434755,0.310503075730817,0.33957413292346,0.0290710571926425,0.0290711669844831,0.296036740026879,0.354178854412164,0.506410256410256,0.487179487179487,0.551282051282051,0.0641025641025641,0.0657897620441908,0.467948717948718,0.596153846153846,1.25027056202238,1.23830750750471,1.2616831525176,0.0233756450128899,0.0233778053571185,1.22634445298705,1.27309574301283,720,720,720,0,0,720,720,10.93,10.9,11.0145,0.114500000000001,0.118744824448619,10.87,11.099,8.899,8.733,8.901,0.167999999999999,0.192845361192156,8.567,8.903,,,,,,,,0.204999999999998,0.203999999999998,0.2065,0.0025000000000015,0.00251661147842524,0.202999999999999,0.208000000000002,,,,,,,,,,,,,,,,,,,,,,,,,,,,,,,,,,,,,,,,,,,"landmark","cpu1","/Users/stefano/Documents/fastEmbedR-results/fastEmbedR-results/COIL20/landmark/cpu1/20260721_084802_1071266/benchmark_summary_median_variability.csv"
"COIL20","fastEmbedR_umap_cpu_binary_full","UMAP","cpu","full_pipeline",1,1,1440,16384,30,,"float32",,3,3,"success",21.725,21.584,22.03,0.445999999999998,0.455940054539336,21.443,22.335,0.02,0.0195000000000001,0.02,0.000499999999999948,0.000577350269189568,0.0190000000000001,0.02,16.506,16.2505,16.667,0.416500000000003,0.42005832928297,15.995,16.828,,,,,,,,,,,,,,,5.14,5.0185,5.165,0.146500000000001,0.156736509254651,4.897,5.19,0.536117553710938,0.536083221435547,0.539392471313477,0.00330924987792969,0.00380152590092727,0.536048889160156,0.542667388916016,,,,,,,,,,,,,,,0.891022427864533,0.875454662296767,0.892460317460318,0.01700565516355,0.0188611621912003,0.859886896729002,0.893898207056102,0.515811965811966,0.510470085470085,0.529487179487179,0.0190170940170941,0.0196162690897923,0.505128205128205,0.543162393162393,0.541880341880342,0.522435897435897,0.556517094017094,0.0340811965811966,0.0341940432753227,0.502991452991453,0.571153846153846,0.599230769230769,0.581923076923077,0.599294871794872,0.0173717948717945,0.02002231387268,0.564615384615385,0.599358974358974,0.43345569911569,0.424533697337476,0.445347998577383,0.020814301239907,0.0208848276399022,0.415611695559262,0.457240298039076,0.538461538461538,0.525641025641026,0.567307692307692,0.0416666666666665,0.0426815905030729,0.512820512820513,0.596153846153846,,,,,,,,,,,,,,,,,,,,,,,,,,,,,,,,,,,,,,,,,,,,,,,,,,,,,,,,,,,,,,,,,,,,,,,,,,,,,,,,,,,,,"landmark","cpu1","/Users/stefano/Documents/fastEmbedR-results/fastEmbedR-results/COIL20/landmark/cpu1/20260721_084802_1071266/benchmark_summary_median_variability.csv"
"COIL20","fastEmbedR_umap_cpu_binary_landmark","UMAP","cpu","landmark_pipeline",1,1,1440,16384,30,,"float32",0.5,3,3,"success",20.768,20.68,21.1525,0.4725,0.502553811380765,20.592,21.537,0.02,0.0194999999999999,0.0204999999999999,0.001,0.001,0.0189999999999999,0.0209999999999999,,,,,,,,,,,,,,,,,,,,,,20.748,20.6605,21.132,0.471499999999999,0.501613729211364,20.573,21.516,0.6571044921875,0.657033920288086,0.657173156738281,0.000139236450195312,0.000139240804804461,0.656963348388672,0.657241821289062,,,,,,,,,,,,,,,0.906879377932009,0.902156031103399,0.910127883812094,0.0079718527086946,0.00801719948300333,0.89743268427479,0.913376389692179,0.554700854700855,0.553205128205128,0.566452991452991,0.013247863247863,0.0145110485866234,0.551709401709402,0.578205128205128,0.642948717948718,0.635149572649573,0.644764957264957,0.00961538461538491,0.0102170124124038,0.627350427350427,0.646581196581197,0.679230769230769,0.654230769230769,0.682435897435897,0.0282051282051285,0.0308847546412902,0.629230769230769,0.685641025641026,0.11343092417886,0.0977826775112585,0.116077332552372,0.018294655041113,0.0197748241310817,0.082134430843657,0.118723740925883,0.474358974358974,0.448717948717949,0.477564102564103,0.028846153846154,0.0316210439892067,0.423076923076923,0.480769230769231,,,,,,,,720,720,720,0,0,720,720,10.667,10.642,10.985,0.343,0.382446510421175,10.617,11.303,9.318,9.257,9.3785,0.121499999999999,0.121500342935044,9.196,9.439,0.0330000000000013,0.0329999999999995,0.0345000000000013,0.00150000000000185,0.00173205080756997,0.0329999999999977,0.0360000000000014,0,0,0,0,0,0,0,,,,,,,,,,,,,,,,,,,,,,,,,,,,,,,,,,,,,,,,,,,"landmark","cpu1","/Users/stefano/Documents/fastEmbedR-results/fastEmbedR-results/COIL20/landmark/cpu1/20260721_084802_1071266/benchmark_summary_median_variability.csv"
"COIL20","fastEmbedR_opentsne_cpu_full","t-SNE","cpu","full_pipeline",4,4,1440,16384,,30,"float32",,3,3,"success",15.984,15.738,16.2045,0.4665,0.466732257295336,15.492,16.425,0.016,0.0155,0.017,0.00150000000000005,0.00152752523165199,0.0149999999999999,0.018,11.904,11.7655,12.0845,0.319000000000001,0.319920302575501,11.627,12.265,,,,,,,,,,,,,,,2.08,2.048,2.1465,0.0985,0.100493780902104,2.016,2.213,1.01484680175781,1.01482963562012,1.01491546630859,8.58306884765625e-05,9.08346626265767e-05,1.01481246948242,1.01498413085938,,,,,,,,,,,,,,,0.905713000449843,0.899063363537048,0.911104684788896,0.0120413212518475,0.0120632043441805,0.892413726624253,0.916496369127948,0.521794871794872,0.520299145299145,0.535470085470086,0.0151709401709401,0.0167213654243706,0.518803418803419,0.549145299145299,0.574358974358974,0.568055555555556,0.581410256410256,0.0133547008547005,0.0133616790885118,0.561752136752137,0.588461538461538,0.656153846153846,0.654487179487179,0.661474358974359,0.00698717948717953,0.00729868991153352,0.652820512820513,0.666794871794872,0.457890075855963,0.453099458953909,0.458473505971879,0.00537404701796995,0.00589750129878496,0.448308842051855,0.459056936087795,0.576923076923077,0.548076923076923,0.592948717948718,0.044871794871795,0.0454781979781898,0.519230769230769,0.608974358974359,0.721785448278456,0.71973609968086,0.722870143995916,0.00313404431505604,0.00318314605829725,0.717686751083264,0.723954839713376,,,,,,,,,,,,,,,,,,,,,,,,,,,,,,,,,,,,,,,,,,,,,,,,,,,,,,,,,,,,,,,,,,,,,,,,,,,,,,"landmark","cpu4","/Users/stefano/Documents/fastEmbedR-results/fastEmbedR-results/COIL20/landmark/cpu4/20260721_084502_1071277/benchmark_summary_median_variability.csv"
"COIL20","fastEmbedR_opentsne_cpu_landmark","t-SNE","cpu","landmark_pipeline",4,4,1440,16384,,30,"float32",0.5,3,3,"success",15.04,14.914,15.349,0.435,0.447647182499789,14.788,15.658,0.01,0.00949999999999995,0.013,0.00350000000000005,0.00378593889720022,0.0089999999999999,0.016,,,,,,,,,,,,,,,,,,,,,,15.03,14.9045,15.336,0.4315,0.443905770781743,14.779,15.642,0.904129028320312,0.899753570556641,0.904232025146484,0.00447845458984375,0.00511284620677306,0.895378112792969,0.904335021972656,,,,,,,,,,,,,,,0.940681832787096,0.939001349527665,0.942625795257374,0.00362444572970899,0.00362763659689364,0.937320866268235,0.944569757727653,0.658547008547009,0.648504273504273,0.662393162393162,0.0138888888888891,0.0143422606566462,0.638461538461538,0.666239316239316,0.708547008547009,0.700534188034188,0.7116452991453,0.0111111111111111,0.01146767885045,0.692521367521368,0.71474358974359,0.731153846153846,0.718141025641025,0.738397435897436,0.0202564102564106,0.0205284395664216,0.705128205128205,0.745641025641026,0.30382086228158,0.303452959009558,0.335170841285822,0.0317178822762639,0.0364141052567538,0.303085055737536,0.366520820290064,0.538461538461538,0.503205128205128,0.576923076923076,0.0737179487179485,0.0737411706270827,0.467948717948718,0.615384615384615,1.253747095953,1.24463882299065,1.26200772303729,0.017368900046635,0.0173757932195394,1.23553055002831,1.27026835012158,720,720,720,0,0,720,720,7.734,7.706,7.9565,0.250500000000001,0.274518366112968,7.678,8.179,5.765,5.738,5.919,0.181000000000001,0.195287821774256,5.711,6.073,,,,,,,,0.0849999999999973,0.072499999999998,0.0859999999999985,0.0135000000000005,0.0150443787951956,0.0599999999999987,0.0869999999999997,,,,,,,,,,,,,,,,,,,,,,,,,,,,,,,,,,,,,,,,,,,"landmark","cpu4","/Users/stefano/Documents/fastEmbedR-results/fastEmbedR-results/COIL20/landmark/cpu4/20260721_084502_1071277/benchmark_summary_median_variability.csv"
"COIL20","fastEmbedR_umap_cpu_binary_full","UMAP","cpu","full_pipeline",4,4,1440,16384,30,,"float32",,3,3,"success",12.567,12.347,13.0225,0.6755,0.689047893836125,12.127,13.478,0.01,0.00950000000000006,0.0135000000000001,0.00399999999999999,0.00435889894354069,0.00900000000000012,0.0170000000000001,11.31,11.2605,11.9345,0.673999999999999,0.751321724252222,11.211,12.559,,,,,,,,,,,,,,,0.622,0.6215,0.8005,0.179,0.206403326846574,0.621,0.979000000000001,0.543209075927734,0.5399169921875,0.576417922973633,0.0365009307861328,0.0403813759524912,0.536624908447266,0.609626770019531,,,,,,,,,,,,,,,0.804771544245228,0.803505558768717,0.807838506522717,0.00433294775400039,0.00445596327611861,0.802239573292205,0.810905468800206,0.447008547008547,0.445299145299145,0.449358974358974,0.00405982905982899,0.00407666325391852,0.443589743589744,0.451709401709402,0.438034188034188,0.410042735042735,0.444017094017094,0.033974358974359,0.0362727967150005,0.382051282051282,0.45,0.439230769230769,0.421474358974359,0.450641025641025,0.0291666666666665,0.0293959010859924,0.403717948717949,0.462051282051282,0.238511512701319,0.177022946580853,0.277377828695637,0.100354882114784,0.101201240594482,0.115534380460387,0.316244144689955,0.493589743589744,0.448717948717949,0.512820512820513,0.064102564102564,0.0657897620441908,0.403846153846154,0.532051282051282,,,,,,,,,,,,,,,,,,,,,,,,,,,,,,,,,,,,,,,,,,,,,,,,,,,,,,,,,,,,,,,,,,,,,,,,,,,,,,,,,,,,,"landmark","cpu4","/Users/stefano/Documents/fastEmbedR-results/fastEmbedR-results/COIL20/landmark/cpu4/20260721_084502_1071277/benchmark_summary_median_variability.csv"
"COIL20","fastEmbedR_umap_cpu_binary_landmark","UMAP","cpu","landmark_pipeline",4,4,1440,16384,30,,"float32",0.5,3,3,"success",13.016,12.969,13.0215,0.0524999999999984,0.0577090403085449,12.922,13.027,0.0110000000000001,0.01,0.012,0.002,0.002,0.0089999999999999,0.0129999999999999,,,,,,,,,,,,,,,,,,,,,,13.003,12.957,13.0105,0.0534999999999997,0.0579338703465718,12.911,13.018,0.658184051513672,0.658132553100586,0.658256530761719,0.000123977661132812,0.000124568022669739,0.6580810546875,0.658329010009766,,,,,,,,,,,,,,,0.917193625088362,0.912695199537305,0.927621939464045,0.0149267399267401,0.0153143318060134,0.908196773986248,0.938050253839728,0.592307692307692,0.579059829059829,0.598717948717948,0.0196581196581195,0.0200505849685615,0.565811965811966,0.605128205128205,0.700213675213675,0.673824786324786,0.704380341880342,0.0305555555555561,0.0331398706818027,0.647435897435897,0.708547008547009,0.692820512820513,0.679038461538461,0.721089743589744,0.0420512820512821,0.0428750484390908,0.66525641025641,0.749358974358974,0.121336076039193,0.113305052490919,0.13199022469099,0.018685172200071,0.0187464464699104,0.105274028942645,0.142644373342787,0.525641025641026,0.487179487179488,0.528846153846154,0.0416666666666665,0.0463729367825014,0.448717948717949,0.532051282051282,,,,,,,,720,720,720,0,0,720,720,6.093,6.0725,6.156,0.0835000000000008,0.0870306459434456,6.052,6.219,6.218,6.198,6.284,0.0859999999999994,0.0900074071026007,6.178,6.35,0.0299999999999994,0.0289999999999999,0.0305,0.00150000000000005,0.00152752523165187,0.0280000000000005,0.0310000000000006,0,0,0,0,0,0,0,,,,,,,,,,,,,,,,,,,,,,,,,,,,,,,,,,,,,,,,,,,"landmark","cpu4","/Users/stefano/Documents/fastEmbedR-results/fastEmbedR-results/COIL20/landmark/cpu4/20260721_084502_1071277/benchmark_summary_median_variability.csv"
"COIL20","fastEmbedR_opentsne_cuda_full","t-SNE","cuda","full_pipeline",1,,1440,16384,,30,"float32",,3,3,"success",6.42,6.4165,6.4855,0.069,0.077732447107584,6.413,6.551,0.02,0.0194999999999999,0.02,0.000500000000000052,0.000577350269189684,0.0189999999999999,0.02,0.342,0.3385,0.3455,0.00700000000000001,0.00699999999999998,0.335,0.349,,,,,,,,,,,,,,,5.8,5.7995,5.869,0.0694999999999997,0.0799645754902338,5.799,5.938,1.24100875854492,1.21469497680664,1.24859619140625,0.0339012145996094,0.0355834849157474,1.18838119506836,1.25618362426758,8285,8285,8285,0,0,8285,8285,8285,8285,8285,0,0,8285,8285,0.909594499068183,0.900142985669302,0.913196452670137,0.0130534670008355,0.0134832779402678,0.89069147227042,0.916798406272091,0.532051282051282,0.525,0.543803418803419,0.0188034188034191,0.0189982780887187,0.517948717948718,0.555555555555556,0.573931623931624,0.550854700854701,0.583333333333333,0.0324786324786325,0.0334245227944443,0.527777777777778,0.592735042735043,0.666025641025641,0.655576923076923,0.669871794871795,0.0142948717948719,0.0147944125897127,0.645128205128205,0.673717948717949,0.44764216150162,0.443142186418621,0.459352682404148,0.0162104959855265,0.0167365120948766,0.438642211335623,0.471063203306676,0.615384615384615,0.55448717948718,0.641025641025641,0.0865384615384615,0.0889001883021995,0.493589743589744,0.666666666666667,0.728429222323288,0.726363413556056,0.729039822146179,0.00267640859012308,0.00280518103370311,0.724297604788824,0.72965042196907,,,,,,,,,,,,,,,,,,,,,,,,,,,,,,,,,,,,,,,,,,,,,,,,,,,,,,,,,,,,,,,,,,,,,,,,,,,,,,"landmark","cuda","/Users/stefano/Documents/fastEmbedR-results/fastEmbedR-results/COIL20/landmark/cuda/20260723_012811_1071288/benchmark_summary_median_variability.csv"
"COIL20","fastEmbedR_opentsne_cuda_landmark","t-SNE","cuda","landmark_pipeline",1,,,,,30,"float32",0.5,3,0,"failed",,,,,,,,,,,,,,,,,,,,,,,,,,,,,,,,,,,,,,,,,,,1.18534088134766,1.18517112731934,1.18553161621094,0.000360488891601562,0.00036069235198436,1.18500137329102,1.18572235107422,8239,8239,8239,0,0,8239,8239,8239,8239,8239,0,0,8239,8239,,,,,,,,,,,,,,,,,,,,,,,,,,,,,,,,,,,,,,,,,,,,,,,,,,,,,,,,,,,,,,,,,,,,,,,,,,,,,,,,,,,,,,,,,,,,,,,,,,,,,,,,,,,,,,,,,,,,,,,,,,,,,,,"landmark","cuda","/Users/stefano/Documents/fastEmbedR-results/fastEmbedR-results/COIL20/landmark/cuda/20260723_012811_1071288/benchmark_summary_median_variability.csv"
"COIL20","fastEmbedR_umap_cuda_binary_full","UMAP","cuda","full_pipeline",1,,1440,16384,30,,"float32",,3,3,"success",0.617,0.61,0.627,0.017,0.0170880074906351,0.603,0.637,0.02,0.02,0.0275000000000001,0.00750000000000005,0.00866025403784444,0.02,0.0350000000000001,0.325,0.322,0.3255,0.0035,0.00378593889720019,0.319,0.326,,,,,,,,,,,,,,,0.03,0.0295,0.0389999999999999,0.00949999999999985,0.0106926766215635,0.0290000000000001,0.0479999999999998,1.03462982177734,1.03457069396973,1.03559303283691,0.0010223388671875,0.00114788164380433,1.03451156616211,1.03655624389648,1991,1991,2128,137,158.193973757957,1991,2265,1991,1991,2128,137,158.193973757957,1991,2265,0.878619625988047,0.876548743654007,0.88795385900649,0.0114051153524836,0.0121516285846108,0.874477861319967,0.897288092024934,0.517521367521368,0.51474358974359,0.538675213675214,0.023931623931624,0.0261779026469269,0.511965811965812,0.55982905982906,0.548931623931624,0.541025641025641,0.572222222222222,0.0311965811965814,0.0324364323233267,0.533119658119658,0.595512820512821,0.601923076923077,0.580256410256411,0.612820512820513,0.0325641025641025,0.0331523687377795,0.558589743589744,0.623717948717949,0.413416084522214,0.410457725841853,0.440087866021061,0.029630140179208,0.0326402718681837,0.407499367161492,0.466759647519908,0.538461538461538,0.5,0.580128205128205,0.0801282051282051,0.0801495698013292,0.461538461538462,0.621794871794872,,,,,,,,,,,,,,,,,,,,,,,,,,,,,,,,,,,,,,,,,,,,,,,,,,,,,,,,,,,,,,,,,,,,,,,,,,,,,,,,,,,,,"landmark","cuda","/Users/stefano/Documents/fastEmbedR-results/fastEmbedR-results/COIL20/landmark/cuda/20260723_012811_1071288/benchmark_summary_median_variability.csv"
"COIL20","fastEmbedR_umap_cuda_binary_landmark","UMAP","cuda","landmark_pipeline",1,,,,30,,"float32",0.5,3,0,"failed",,,,,,,,,,,,,,,,,,,,,,,,,,,,,,,,,,,,,,,,,,,1.02291107177734,1.02276039123535,1.02302932739258,0.000268936157226562,0.000269586934566335,1.02260971069336,1.02314758300781,1991,1991,1991,0,0,1991,1991,1991,1991,1991,0,0,1991,1991,,,,,,,,,,,,,,,,,,,,,,,,,,,,,,,,,,,,,,,,,,,,,,,,,,,,,,,,,,,,,,,,,,,,,,,,,,,,,,,,,,,,,,,,,,,,,,,,,,,,,,,,,,,,,,,,,,,,,,,,,,,,,,,"landmark","cuda","/Users/stefano/Documents/fastEmbedR-results/fastEmbedR-results/COIL20/landmark/cuda/20260723_012811_1071288/benchmark_summary_median_variability.csv"
"FashionMNIST","fastEmbedR_opentsne_cpu_full","t-SNE","cpu","full_pipeline",1,1,70000,784,,30,"float32",,3,3,"success",131.766,131.2535,131.993,0.739499999999992,0.757647895353323,130.741,132.22,0.044,0.0435000000000001,0.045,0.00149999999999995,0.0015275252316519,0.0430000000000001,0.046,46.337,45.813,46.667,0.853999999999999,0.861313725267009,45.289,46.997,,,,,,,,,,,,,,,82.338,82.2175,82.354,0.136499999999998,0.149239181629136,82.097,82.37,1.7338981628418,1.73302459716797,1.73431777954102,0.00129318237304688,0.00131947358460692,1.73215103149414,1.73473739624023,,,,,,,,,,,,,,,0.962653078597575,0.961346767361069,0.964425837870121,0.00307907050905254,0.0030908250985498,0.960040456124563,0.966198597142668,0.499813258636788,0.496825396825397,0.511017740429505,0.014192343604108,0.0149641871908536,0.493837535014006,0.522222222222222,0.552941176470588,0.549509803921568,0.557469654528478,0.00795985060690962,0.00798501316113604,0.546078431372549,0.561998132586368,0.575378151260504,0.574817927170868,0.577731092436975,0.00291316526610652,0.00309157080658447,0.574257703081232,0.580084033613445,0.120558477377342,0.113085237612476,0.128124591564642,0.0150393539521655,0.0150394495417207,0.105611997847611,0.135690705751942,0.7296918767507,0.721288515406163,0.735294117647058,0.0140056022408959,0.0140986637446695,0.712885154061625,0.740896358543417,1.84514026299038,1.84460904285298,1.84545853790612,0.000849495053139915,0.000858345541017788,1.84407782271558,1.84577681282186,,,,,,,,,,,,,,,,,,,,,,,,,,,,,,,,,,,,,,,,,,,,,,,,,,,,,,,,,,,,,,,,,,,,,,,,,,,,,,"landmark","cpu1","/Users/stefano/Documents/fastEmbedR-results/fastEmbedR-results/FashionMNIST/landmark/cpu1/20260721_084802_1071267/benchmark_summary_median_variability.csv"
"FashionMNIST","fastEmbedR_opentsne_cpu_landmark","t-SNE","cpu","landmark_pipeline",1,1,70000,784,,30,"float32",0.5,3,3,"success",114.214,111.763,114.714,2.95099999999999,3.15867081750114,109.312,115.214,0.0450000000000002,0.0415000000000001,0.0455000000000001,0.004,0.00435889894354072,0.038,0.046,,,,,,,,,,,,,,,,,,,,,,114.169,111.7215,114.6685,2.947,3.1543161435299,109.274,115.168,1.41534042358398,1.41530990600586,1.41652679443359,0.00121688842773438,0.00138785795645215,1.41527938842773,1.4177131652832,,,,,,,,,,,,,,,0.957232579476557,0.956757888876728,0.959100938976652,0.00234305009992397,0.00247736179001168,0.956283198276899,0.960969298476747,0.492156862745098,0.489542483660131,0.502521008403362,0.012978524743231,0.0137281365022419,0.486928104575163,0.512885154061625,0.545798319327731,0.545238095238095,0.549673202614379,0.00443510737628394,0.0048303725843128,0.544677871148459,0.553548085901027,0.572745098039216,0.571316526610645,0.574509803921569,0.00319327731092445,0.00319916897148904,0.569887955182073,0.576274509803922,0.111145837542135,0.0959598919600747,0.112444316682684,0.0164844247226089,0.018330943778851,0.0807739463780143,0.113742795823232,0.722689075630252,0.713585434173669,0.726190476190476,0.0126050420168066,0.0130134079036098,0.704481792717087,0.7296918767507,1.88698928278905,1.88584902489999,1.8878112555693,0.001962230669315,0.00197081649824758,1.88470876701092,1.88863322834955,35000,35000,35000,0,0,35000,35000,62.892,60.8935,63.0735,2.18,2.41927599362564,58.895,63.255,40.379,40.124,40.665,0.541000000000004,0.541295975722463,39.869,40.951,,,,,,,,7.619,7.549,7.951,0.402,0.429517558818418,7.479,8.283,,,,,,,,,,,,,,,,,,,,,,,,,,,,,,,,,,,,,,,,,,,"landmark","cpu1","/Users/stefano/Documents/fastEmbedR-results/fastEmbedR-results/FashionMNIST/landmark/cpu1/20260721_084802_1071267/benchmark_summary_median_variability.csv"
"FashionMNIST","fastEmbedR_umap_cpu_binary_full","UMAP","cpu","full_pipeline",1,1,70000,784,30,,"float32",,3,3,"success",149.229,149.162,150.4035,1.2415,1.39648642432833,149.095,151.578,0.0389999999999999,0.0384999999999999,0.0389999999999999,0.000500000000000049,0.000577350269189686,0.0379999999999998,0.0389999999999999,41.374,41.2725,42.075,0.802500000000002,0.873960144018785,41.171,42.776,,,,,,,,,,,,,,,107.754,107.584,108.1235,0.539500000000004,0.551658408800225,107.414,108.493,0.808444976806641,0.808372497558594,0.808595657348633,0.000223159790039062,0.00022768129629342,0.808300018310547,0.808746337890625,,,,,,,,,,,,,,,0.968259643461823,0.967641248491679,0.970458246009451,0.00281699751777198,0.00296105167315799,0.967022853521534,0.972656848557078,0.530345471521942,0.520541549953314,0.530532212885154,0.00999066293183948,0.0114299342744732,0.510737628384687,0.530718954248366,0.595238095238095,0.592156862745098,0.595774976657329,0.00361811391223155,0.00390495271982499,0.589075630252101,0.596311858076564,0.611792717086835,0.609957983193278,0.617843137254902,0.00788515406162449,0.00825225170265162,0.60812324929972,0.623893557422969,0.172861286947742,0.141994746809521,0.193656140094301,0.051661393284781,0.0519876188697285,0.111128206671299,0.214450993240861,0.717086834733894,0.71218487394958,0.730392156862746,0.0182072829131655,0.0188426107101874,0.707282913165266,0.743697478991597,,,,,,,,,,,,,,,,,,,,,,,,,,,,,,,,,,,,,,,,,,,,,,,,,,,,,,,,,,,,,,,,,,,,,,,,,,,,,,,,,,,,,"landmark","cpu1","/Users/stefano/Documents/fastEmbedR-results/fastEmbedR-results/FashionMNIST/landmark/cpu1/20260721_084802_1071267/benchmark_summary_median_variability.csv"
"FashionMNIST","fastEmbedR_umap_cpu_binary_landmark","UMAP","cpu","landmark_pipeline",1,1,70000,784,30,,"float32",0.5,3,3,"success",134.412,134.021,135.206,1.185,1.20762632189487,133.63,136,0.038,0.038,0.0395,0.00150000000000005,0.00173205080756893,0.038,0.0410000000000001,,,,,,,,,,,,,,,,,,,,,,134.371,133.9815,135.1665,1.18499999999997,1.20796123006217,133.592,135.962,1.00395965576172,1.00394439697266,1.00408172607422,0.0001373291015625,0.00015053963813221,1.00392913818359,1.00420379638672,,,,,,,,,,,,,,,0.969556428456573,0.968857161774503,0.970896926064202,0.00203976428969987,0.00207308885261415,0.968157895092432,0.972237423671832,0.524183006535948,0.516293183940243,0.52563025210084,0.00933706816059754,0.0100506935797964,0.508403361344538,0.527077497665733,0.589822595704949,0.589145658263305,0.593253968253968,0.00410830999066303,0.00440535831682619,0.588468720821662,0.596685340802988,0.611036414565826,0.608613445378151,0.619299719887955,0.0106862745098041,0.0112056371953297,0.606190476190476,0.627563025210084,0.229660831735962,0.207098925921936,0.234192045684085,0.02709311976215,0.0290242270324968,0.184537020107909,0.238723259632209,0.714285714285714,0.713585434173669,0.724789915966386,0.0112044817927169,0.0125530622406618,0.712885154061625,0.735294117647059,,,,,,,,35000,35000,35000,0,0,35000,35000,91.714,91.698,92.1485,0.450499999999991,0.511205438155737,91.682,92.583,40.458,40.0625,40.651,0.588499999999996,0.600000833332754,39.667,40.844,1.42400000000001,1.4165,1.57300000000001,0.15650000000001,0.17653989162038,1.40899999999999,1.72200000000001,0,0,0,0,0,0,0,,,,,,,,,,,,,,,,,,,,,,,,,,,,,,,,,,,,,,,,,,,"landmark","cpu1","/Users/stefano/Documents/fastEmbedR-results/fastEmbedR-results/FashionMNIST/landmark/cpu1/20260721_084802_1071267/benchmark_summary_median_variability.csv"
"FashionMNIST","fastEmbedR_opentsne_cpu_full","t-SNE","cpu","full_pipeline",4,4,70000,784,,30,"float32",,3,3,"success",60.474,60.3595,60.6315,0.272000000000006,0.273130615884295,60.245,60.789,0.02,0.0194999999999999,0.02,0.000500000000000052,0.000577350269189684,0.0189999999999999,0.02,29.858,29.7665,30.1005,0.334,0.345190285687957,29.675,30.343,,,,,,,,,,,,,,,28.046,27.618,28.2925,0.674499999999998,0.682591385823173,27.19,28.539,1.74131393432617,1.74124908447266,1.7414436340332,0.000194549560546875,0.0001981195750281,1.74118423461914,1.74157333374023,,,,,,,,,,,,,,,0.962753205479008,0.961166039015703,0.964913095001628,0.0037470559859254,0.00376161744411678,0.959578872552398,0.967072984524249,0.498225957049486,0.494257703081233,0.509803921568627,0.0155462184873945,0.0161551067513414,0.490289449112979,0.521381886087768,0.553174603174603,0.549579831932773,0.556605975723622,0.00702614379084954,0.00702677709057503,0.545985060690943,0.560037348272642,0.57546218487395,0.574257703081232,0.578067226890757,0.00380952380952404,0.0038943969968529,0.573053221288515,0.580672268907563,0.121039979090181,0.113196227962219,0.12869143538947,0.0154952074272505,0.0154956051505117,0.105352476834258,0.136342891688759,0.736694677871149,0.728291316526611,0.740196078431373,0.0119047619047621,0.0122365475462944,0.719887955182073,0.743697478991597,1.84651607280656,1.84550116977179,1.84661562281602,0.00111445304422508,0.00123340827577918,1.84448626673703,1.84671517282548,,,,,,,,,,,,,,,,,,,,,,,,,,,,,,,,,,,,,,,,,,,,,,,,,,,,,,,,,,,,,,,,,,,,,,,,,,,,,,"landmark","cpu4","/Users/stefano/Documents/fastEmbedR-results/fastEmbedR-results/FashionMNIST/landmark/cpu4/20260721_084502_1071278/benchmark_summary_median_variability.csv"
"FashionMNIST","fastEmbedR_opentsne_cpu_landmark","t-SNE","cpu","landmark_pipeline",4,4,70000,784,,30,"float32",0.5,3,3,"success",72.712,71.9675,73.3845,1.417,1.41760960775525,71.223,74.057,0.036,0.0355,0.0415,0.00599999999999991,0.00665832811847931,0.0350000000000001,0.0469999999999999,,,,,,,,,,,,,,,,,,,,,,72.676,71.932,73.343,1.411,1.41170015702108,71.188,74.01,1.43927383422852,1.43921089172363,1.43950080871582,0.0002899169921875,0.000304992938898805,1.43914794921875,1.43972778320312,,,,,,,,,,,,,,,0.958391267746848,0.957242916462292,0.960739587682637,0.00349667122034547,0.00356464367707436,0.956094565177735,0.963087907618426,0.494397759103641,0.491736694677871,0.50359477124183,0.011858076563959,0.0124440153204879,0.489075630252101,0.512791783380019,0.54547152194211,0.545144724556489,0.549626517273576,0.00448179271708704,0.00499714910021621,0.544817927170868,0.553781512605042,0.572156862745098,0.571666666666667,0.574117647058824,0.00245098039215697,0.00259387383437717,0.571176470588235,0.576078431372549,0.10996420764251,0.0960056287684267,0.112619328633617,0.0166136998651902,0.0178494932677288,0.0820470498943435,0.115274449624724,0.719887955182073,0.715686274509804,0.728991596638656,0.0133053221288515,0.013602989994709,0.711484593837535,0.738095238095238,1.88915283732134,1.8881246292406,1.89152258747925,0.00339795823865985,0.00348511576660177,1.88709642115985,1.89389233763717,35000,35000,35000,0,0,35000,35000,40.329,39.453,40.7695,1.3165,1.34029561415881,38.577,41.21,28.791,28.501,28.815,0.314,0.349544465459452,28.211,28.839,,,,,,,,2.342,2.2965,2.34750000000001,0.051000000000005,0.0559851170699296,2.251,2.35300000000001,,,,,,,,,,,,,,,,,,,,,,,,,,,,,,,,,,,,,,,,,,,"landmark","cpu4","/Users/stefano/Documents/fastEmbedR-results/fastEmbedR-results/FashionMNIST/landmark/cpu4/20260721_084502_1071278/benchmark_summary_median_variability.csv"
"FashionMNIST","fastEmbedR_umap_cpu_binary_full","UMAP","cpu","full_pipeline",4,4,70000,784,30,,"float32",,3,3,"success",111.067,109.982,111.7575,1.77549999999999,1.79004944065799,108.897,112.448,0.0269999999999999,0.0229999999999999,0.0299999999999999,0.007,0.00702376916856849,0.0189999999999999,0.0329999999999999,28.697,28.357,28.848,0.491,0.502979124815334,28.017,28.999,,,,,,,,,,,,,,,82.096,81.355,82.6255,1.2705,1.2763545745599,80.614,83.155,0.809097290039062,0.809093475341797,0.809188842773438,9.5367431640625e-05,0.000107985808032034,0.809089660644531,0.809280395507812,,,,,,,,,,,,,,,0.968175866583971,0.967329652555668,0.970487770602694,0.00315811804702548,0.00326952473329387,0.966483438527365,0.972799674621416,0.529971988795518,0.518253968253968,0.530065359477124,0.0118113912231561,0.0135850330909379,0.506535947712418,0.53015873015873,0.594117647058824,0.589775910364146,0.595028011204482,0.005252100840336,0.00561331771419072,0.585434173669468,0.59593837535014,0.612128851540616,0.609201680672269,0.618375350140056,0.00917366946778697,0.00937170512943129,0.606274509803922,0.624621848739496,0.170184135843817,0.142094060215429,0.207686044936656,0.0655919847212275,0.0658166847847661,0.11400398458704,0.245187954029495,0.712885154061625,0.706582633053221,0.725490196078431,0.01890756302521,0.0192545197267051,0.700280112044818,0.738095238095238,,,,,,,,,,,,,,,,,,,,,,,,,,,,,,,,,,,,,,,,,,,,,,,,,,,,,,,,,,,,,,,,,,,,,,,,,,,,,,,,,,,,,"landmark","cpu4","/Users/stefano/Documents/fastEmbedR-results/fastEmbedR-results/FashionMNIST/landmark/cpu4/20260721_084502_1071278/benchmark_summary_median_variability.csv"
"FashionMNIST","fastEmbedR_umap_cpu_binary_landmark","UMAP","cpu","landmark_pipeline",4,4,70000,784,30,,"float32",0.5,3,3,"success",102.91,102.2955,103.806,1.51049999999999,1.51921832971214,101.681,104.702,0.034,0.03,0.035,0.005,0.00529150262212918,0.026,0.036,,,,,,,,,,,,,,,,,,,,,,102.876,102.2605,103.776,1.5155,1.5243753912122,101.645,104.676,1.00519943237305,1.00519371032715,1.00522804260254,3.4332275390625e-05,3.67876081886023e-05,1.00518798828125,1.00525665283203,,,,,,,,,,,,,,,0.969261858144126,0.967972167159193,0.970490946016612,0.00251877885741858,0.00251902186936212,0.966682476174261,0.971720033889098,0.52436974789916,0.515592903828198,0.524836601307189,0.00924369747899145,0.0104146335199943,0.506816059757236,0.525303454715219,0.588982259570495,0.587535014005602,0.590102707749766,0.00256769374416399,0.00257461647776294,0.58608776844071,0.591223155929038,0.610504201680672,0.608837535014006,0.61812324929972,0.00928571428571401,0.00990125090396845,0.607170868347339,0.625742296918767,0.227821605149335,0.204792039251958,0.231338067818852,0.026546028566894,0.028837684232061,0.181762473354581,0.234854530488369,0.726890756302521,0.718487394957983,0.728991596638656,0.0105042016806726,0.0111166021473305,0.710084033613445,0.73109243697479,,,,,,,,35000,35000,35000,0,0,35000,35000,71.871,71.622,72.9855,1.3635,1.4521807738708,71.373,74.1,29.248,28.884,29.7865,0.9025,0.908105904249792,28.52,30.325,0.528999999999996,0.505999999999993,0.567999999999998,0.0620000000000045,0.062684394655559,0.48299999999999,0.606999999999999,0,0,0,0,0,0,0,,,,,,,,,,,,,,,,,,,,,,,,,,,,,,,,,,,,,,,,,,,"landmark","cpu4","/Users/stefano/Documents/fastEmbedR-results/fastEmbedR-results/FashionMNIST/landmark/cpu4/20260721_084502_1071278/benchmark_summary_median_variability.csv"
"FashionMNIST","fastEmbedR_opentsne_cuda_full","t-SNE","cuda","full_pipeline",1,,70000,784,,30,"float32",,3,3,"success",1.893,1.8895,1.937,0.0475000000000001,0.0529433659677963,1.886,1.981,0.0409999999999999,0.0409999999999999,0.041,9.71445146547012e-17,1.16213526471816e-16,0.0409999999999999,0.0410000000000001,0.636,0.631,0.642,0.011,0.0110151410945722,0.626,0.648,,,,,,,,,,,,,,,0.95,0.946,0.996,0.05,0.0555697759577993,0.942,1.042,1.45251846313477,1.45238304138184,1.45311737060547,0.000734329223632812,0.000781566213152255,1.45224761962891,1.45371627807617,2807,2807,2807,0,0,2807,2807,2807,2807,2807,0,0,2807,2807,0.965735392082545,0.963697857338787,0.966690245804062,0.0029923884652755,0.00305697913945894,0.961660322595029,0.96764509952558,0.499906629318394,0.497992530345472,0.509430438842204,0.011437908496732,0.0122526860593521,0.496078431372549,0.518954248366013,0.556349206349206,0.55422502334267,0.558870214752567,0.0046451914098975,0.00465083792089563,0.552100840336134,0.561391223155929,0.579719887955182,0.579229691876751,0.581274509803922,0.00204481792717104,0.00213516925842238,0.578739495798319,0.582829131652661,0.126653797668542,0.118867297188601,0.134032836019473,0.015165538830872,0.0151673633116047,0.111080796708659,0.141411874370403,0.738095238095238,0.722689075630252,0.740896358543418,0.0182072829131655,0.0196078431372551,0.707282913165266,0.743697478991597,1.82562597053724,1.8251339972709,1.82744138774371,0.00230739047280992,0.00243061420527889,1.82464202400456,1.82925680495018,,,,,,,,,,,,,,,,,,,,,,,,,,,,,,,,,,,,,,,,,,,,,,,,,,,,,,,,,,,,,,,,,,,,,,,,,,,,,,"landmark","cuda","/Users/stefano/Documents/fastEmbedR-results/fastEmbedR-results/FashionMNIST/landmark/cuda/20260723_012941_1071289/benchmark_summary_median_variability.csv"
"FashionMNIST","fastEmbedR_opentsne_cuda_landmark","t-SNE","cuda","landmark_pipeline",1,,,,,30,"float32",0.5,3,0,"failed",,,,,,,,,,,,,,,,,,,,,,,,,,,,,,,,,,,,,,,,,,,1.46713256835938,1.44452285766602,1.4672794342041,0.0227565765380859,0.0261926498970929,1.42191314697266,1.46742630004883,2407,2305,2407,102,117.779454914684,2203,2407,2407,2305,2407,102,117.779454914684,2203,2407,,,,,,,,,,,,,,,,,,,,,,,,,,,,,,,,,,,,,,,,,,,,,,,,,,,,,,,,,,,,,,,,,,,,,,,,,,,,,,,,,,,,,,,,,,,,,,,,,,,,,,,,,,,,,,,,,,,,,,,,,,,,,,,"landmark","cuda","/Users/stefano/Documents/fastEmbedR-results/fastEmbedR-results/FashionMNIST/landmark/cuda/20260723_012941_1071289/benchmark_summary_median_variability.csv"
"FashionMNIST","fastEmbedR_umap_cuda_binary_full","UMAP","cuda","full_pipeline",1,,70000,784,30,,"float32",,3,3,"success",1.037,1.036,1.041,0.00499999999999989,0.00529150262212919,1.035,1.045,0.0410000000000001,0.041,0.0415000000000001,0.000500000000000056,0.000577350269189628,0.0409999999999999,0.042,0.623,0.622,0.625,0.003,0.0030550504633039,0.621,0.627,,,,,,,,,,,,,,,0.134,0.1335,0.1365,0.003,0.00321455025366432,0.133,0.139,1.12031555175781,1.1193675994873,1.12041854858398,0.00105094909667969,0.00115865320010613,1.1184196472168,1.12052154541016,2807,2807,2807,0,0,2807,2807,2807,2807,2807,0,0,2807,2807,0.968606236512936,0.966981100206604,0.969808637396107,0.00282753718950213,0.0028380512628707,0.965355963900273,0.971011038279277,0.528758169934641,0.518067226890756,0.529551820728291,0.011484593837535,0.0128276274855743,0.507376283846872,0.530345471521942,0.585901027077498,0.585504201680673,0.590289449112979,0.00478524743230602,0.00531126547039077,0.585107376283847,0.594677871148459,0.604341736694678,0.60078431372549,0.611218487394958,0.0104341736694675,0.0106087051845835,0.597226890756303,0.618095238095238,0.238732063505842,0.207369732939684,0.24110318619638,0.0337334532566965,0.0376577913140276,0.176007402373526,0.243474308886919,0.714285714285714,0.710084033613446,0.721988795518207,0.0119047619047614,0.0120751794177192,0.705882352941177,0.7296918767507,,,,,,,,,,,,,,,,,,,,,,,,,,,,,,,,,,,,,,,,,,,,,,,,,,,,,,,,,,,,,,,,,,,,,,,,,,,,,,,,,,,,,"landmark","cuda","/Users/stefano/Documents/fastEmbedR-results/fastEmbedR-results/FashionMNIST/landmark/cuda/20260723_012941_1071289/benchmark_summary_median_variability.csv"
"FashionMNIST","fastEmbedR_umap_cuda_binary_landmark","UMAP","cuda","landmark_pipeline",1,,,,30,,"float32",0.5,3,0,"failed",,,,,,,,,,,,,,,,,,,,,,,,,,,,,,,,,,,,,,,,,,,1.25761413574219,1.25753593444824,1.25766944885254,0.000133514404296875,0.000134166758690407,1.2574577331543,1.25772476196289,2003,2003,2003,0,0,2003,2003,2003,2003,2003,0,0,2003,2003,,,,,,,,,,,,,,,,,,,,,,,,,,,,,,,,,,,,,,,,,,,,,,,,,,,,,,,,,,,,,,,,,,,,,,,,,,,,,,,,,,,,,,,,,,,,,,,,,,,,,,,,,,,,,,,,,,,,,,,,,,,,,,,"landmark","cuda","/Users/stefano/Documents/fastEmbedR-results/fastEmbedR-results/FashionMNIST/landmark/cuda/20260723_012941_1071289/benchmark_summary_median_variability.csv"
"FlowRepository_FR-FCM-ZYRM_files","fastEmbedR_opentsne_cpu_full","t-SNE","cpu","full_pipeline",1,1,,,,30,"float32",,1,0,"failed",,,,,,,,,,,,,,,,,,,,,,,,,,,,,,,,,,,,,,,,,,,7.40628814697266,7.40628814697266,7.40628814697266,0,0,7.40628814697266,7.40628814697266,,,,,,,,,,,,,,,,,,,,,,,,,,,,,,,,,,,,,,,,,,,,,,,,,,,,,,,,,,,,,,,,,,,,,,,,,,,,,,,,,,,,,,,,,,,,,,,,,,,,,,,,,,,,,,,,,,,,,,,,,,,,,,,,,,,,,,,,,,,,,"landmark","cpu1","/Users/stefano/Documents/fastEmbedR-results/fastEmbedR-results/FlowRepository_FR-FCM-ZYRM_files/landmark/cpu1/20260721_084902_1071269/benchmark_summary_median_variability.csv"
"FlowRepository_FR-FCM-ZYRM_files","fastEmbedR_opentsne_cpu_landmark","t-SNE","cpu","landmark_pipeline",1,1,5220347,32,,30,"float32",0.500000095779074,3,3,"success",5762.848,5743.0565,5819.4895,76.4329999999991,79.3387945606268,5723.265,5876.131,0.129999999999999,0.121999999999999,0.1305,0.00850000000000001,0.0095393920141692,0.114,0.131,,,,,,,,,,,,,,,,,,,,,,5762.718,5742.926,5819.3675,76.4415000000008,79.3481444290496,5723.134,5876.017,6.16898727416992,6.13104057312012,6.17094039916992,0.0398998260498047,0.044987131023835,6.09309387207031,6.17289352416992,,,,,,,,,,,,,,,0.971270021918732,0.970382566177711,0.972150177035913,0.00176761085820243,0.00176761588372723,0.969495110436689,0.973030332153094,0.3708,0.368883333333334,0.370883333333334,0.002,0.00226282353937951,0.366966666666667,0.370966666666667,0.4352,0.432716666666667,0.435741666666666,0.00302499999999994,0.00322603701386317,0.430233333333333,0.436283333333333,0.48491,0.48346,0.485195,0.00173500000000004,0.00186081523352895,0.48201,0.48548,-0.209855617915888,-0.221517243981084,-0.206405467352485,0.0151117766285985,0.0158379892298499,-0.23317887004628,-0.202955316789083,0.465,0.46225,0.472,0.00974999999999993,0.0100540207545704,0.4595,0.479,2.03074930088771,2.02890293471629,2.03484420331316,0.00594126859687449,0.00608144535743222,2.02705656854486,2.03893910573861,2610174,2610174,2610174,0,0,2610174,2610174,2274.626,2264.2605,2369.773,105.5125,116.313607273612,2253.895,2464.92,1639.763,1630.3205,1655.509,25.1885000000002,25.4500537589479,1620.878,1671.255,,,,,,,,1848.59,1733.8685,1880.1365,146.268,153.949195187893,1619.147,1911.683,,,,,,,,,,,,,,,,,,,,,,,,,,,,,,,,,,,,,,,,,,,"landmark","cpu1","/Users/stefano/Documents/fastEmbedR-results/fastEmbedR-results/FlowRepository_FR-FCM-ZYRM_files/landmark/cpu1/20260721_084902_1071269/benchmark_summary_median_variability.csv"
"FlowRepository_FR-FCM-ZYRM_files","fastEmbedR_umap_cpu_binary_full","UMAP","cpu","full_pipeline",1,1,,,30,,"float32",,1,0,"failed",,,,,,,,,,,,,,,,,,,,,,,,,,,,,,,,,,,,,,,,,,,7.38601684570312,7.38601684570312,7.38601684570312,0,0,7.38601684570312,7.38601684570312,,,,,,,,,,,,,,,,,,,,,,,,,,,,,,,,,,,,,,,,,,,,,,,,,,,,,,,,,,,,,,,,,,,,,,,,,,,,,,,,,,,,,,,,,,,,,,,,,,,,,,,,,,,,,,,,,,,,,,,,,,,,,,,,,,,,,,,,,,,,,"landmark","cpu1","/Users/stefano/Documents/fastEmbedR-results/fastEmbedR-results/FlowRepository_FR-FCM-ZYRM_files/landmark/cpu1/20260721_084902_1071269/benchmark_summary_median_variability.csv"
"FlowRepository_FR-FCM-ZYRM_files","fastEmbedR_umap_cpu_binary_landmark","UMAP","cpu","landmark_pipeline",1,1,,,30,,"float32",0.5,1,0,"failed",,,,,,,,,,,,,,,,,,,,,,,,,,,,,,,,,,,,,,,,,,,7.39768600463867,7.39768600463867,7.39768600463867,0,0,7.39768600463867,7.39768600463867,,,,,,,,,,,,,,,,,,,,,,,,,,,,,,,,,,,,,,,,,,,,,,,,,,,,,,,,,,,,,,,,,,,,,,,,,,,,,,,,,,,,,,,,,,,,,,,,,,,,,,,,,,,,,,,,,,,,,,,,,,,,,,,,,,,,,,,,,,,,,"landmark","cpu1","/Users/stefano/Documents/fastEmbedR-results/fastEmbedR-results/FlowRepository_FR-FCM-ZYRM_files/landmark/cpu1/20260721_084902_1071269/benchmark_summary_median_variability.csv"
"FlowRepository_FR-FCM-ZYRM_files","fastEmbedR_opentsne_cpu_full","t-SNE","cpu","full_pipeline",4,4,5220347,32,,30,"float32",,3,3,"success",4714.887,4690.2725,4716.7805,26.5079999999998,29.5762631908312,4665.658,4718.674,0.0549999999999997,0.0509999999999997,0.0600000000000001,0.00900000000000035,0.00901849950564615,0.0469999999999997,0.0650000000000004,4161.169,4112.844,4178.7245,65.8805000000002,68.2336255595436,4064.519,4196.28,,,,,,,,,,,,,,,516.156,507.192,580.0545,72.8625,79.4662003810425,498.228,643.953,8.83603286743164,8.83399391174316,8.83608818054199,0.00209426879882812,0.00238695924298296,8.83195495605469,8.83614349365234,,,,,,,,,,,,,,,0.971674186477828,0.971505521834429,0.971992083965604,0.000486562131175372,0.000494131751770411,0.97133685719103,0.972309981453381,0.379033333333333,0.376233333333333,0.379583333333333,0.00335000000000002,0.00359304884464433,0.373433333333333,0.380133333333333,0.44145,0.437283333333333,0.441458333333334,0.00417500000000004,0.00481607070515335,0.433116666666667,0.441466666666667,0.488,0.486035,0.488215,0.00217999999999996,0.00240275536277276,0.48407,0.48843,-0.208374598513598,-0.221493713709593,-0.201761557707662,0.0197321560019305,0.0200865041377086,-0.234612828905588,-0.195148516901727,0.4705,0.46925,0.477,0.00774999999999998,0.00832165848854661,0.468,0.4835,2.03633959332421,2.03572305666423,2.03769572483465,0.00197266817041974,0.00201835408807739,2.03510652000424,2.03905185634508,,,,,,,,,,,,,,,,,,,,,,,,,,,,,,,,,,,,,,,,,,,,,,,,,,,,,,,,,,,,,,,,,,,,,,,,,,,,,,"landmark","cpu4","/Users/stefano/Documents/fastEmbedR-results/fastEmbedR-results/FlowRepository_FR-FCM-ZYRM_files/landmark/cpu4/20260721_084502_1071280/benchmark_summary_median_variability.csv"
"FlowRepository_FR-FCM-ZYRM_files","fastEmbedR_opentsne_cpu_landmark","t-SNE","cpu","landmark_pipeline",4,4,5220347,32,,30,"float32",0.500000095779074,3,3,"success",3072.284,2992.398,3104.6295,112.2315,115.539066866291,2912.512,3136.975,0.0549999999999997,0.0539999999999998,0.0634999999999999,0.00950000000000011,0.0104403065089107,0.0529999999999999,0.0720000000000001,,,,,,,,,,,,,,,,,,,,,,3072.231,2992.344,3104.567,112.223,115.532250602736,2912.457,3136.903,6.19625473022461,6.16139221191406,6.19776344299316,0.0363712310791016,0.0411544881908857,6.12652969360352,6.19927215576172,,,,,,,,,,,,,,,0.971519035575788,0.970471935592649,0.97198524700725,0.00151331141460143,0.00155002858276436,0.969424835609509,0.972451458438712,0.371233333333333,0.368266666666667,0.37135,0.00308333333333349,0.00349491694385496,0.3653,0.371466666666667,0.436466666666667,0.43305,0.436516666666667,0.00346666666666701,0.00397440887754759,0.429633333333333,0.436566666666667,0.48538,0.483535,0.485495,0.00196000000000002,0.0021998257506751,0.48169,0.48561,-0.208300111585587,-0.221654680673137,-0.205671293961008,0.01598338671213,0.0171410588627998,-0.235009249760688,-0.203042476336428,0.4615,0.45875,0.4705,0.01175,0.0122915960449948,0.456,0.4795,2.0327395183066,2.03179431982413,2.03729732758882,0.0055030077646947,0.00588501600579274,2.03084912134165,2.04185513687104,2610174,2610174,2610174,0,0,2610174,2610174,1470.972,1451.042,1484.9,33.8580000000002,34.0348669063555,1431.112,1498.828,1240.361,1234.772,1241.4615,6.68949999999995,7.17390788436353,1229.183,1242.562,,,,,,,,347.131,294.3695,365.91,71.5405,74.1820726928009,241.608,384.689,,,,,,,,,,,,,,,,,,,,,,,,,,,,,,,,,,,,,,,,,,,"landmark","cpu4","/Users/stefano/Documents/fastEmbedR-results/fastEmbedR-results/FlowRepository_FR-FCM-ZYRM_files/landmark/cpu4/20260721_084502_1071280/benchmark_summary_median_variability.csv"
"FlowRepository_FR-FCM-ZYRM_files","fastEmbedR_umap_cpu_binary_full","UMAP","cpu","full_pipeline",4,4,,,30,,"float32",,1,0,"failed",,,,,,,,,,,,,,,,,,,,,,,,,,,,,,,,,,,,,,,,,,,20.4525833129883,20.4525833129883,20.4525833129883,0,0,20.4525833129883,20.4525833129883,,,,,,,,,,,,,,,,,,,,,,,,,,,,,,,,,,,,,,,,,,,,,,,,,,,,,,,,,,,,,,,,,,,,,,,,,,,,,,,,,,,,,,,,,,,,,,,,,,,,,,,,,,,,,,,,,,,,,,,,,,,,,,,,,,,,,,,,,,,,,"landmark","cpu4","/Users/stefano/Documents/fastEmbedR-results/fastEmbedR-results/FlowRepository_FR-FCM-ZYRM_files/landmark/cpu4/20260721_084502_1071280/benchmark_summary_median_variability.csv"
"FlowRepository_FR-FCM-ZYRM_files","fastEmbedR_umap_cpu_binary_full","UMAP","cpu","full_pipeline",4,4,5220347,32,30,,"float32",,2,2,"success",10058.272,10031.9925,10084.5515,52.5590000000011,74.3296506247678,10005.713,10110.831,0.056,0.0545,0.0575000000000001,0.00300000000000016,0.00424264068711949,0.0529999999999999,0.0590000000000002,4039.638,4022.495,4056.781,34.2860000000001,48.487726199524,4005.352,4073.924,,,,,,,,,,,,,,,6018.3255,5974.90475,6061.74625,86.8414999999995,122.812427076823,5931.484,6105.167,20.464282989502,20.4642448425293,20.4643211364746,7.62939453125e-05,0.000107895932187889,20.4642066955566,20.4643592834473,,,,,,,,,,,,,,,0.970116928005395,0.969279640870005,0.970954215140786,0.00167457427078055,0.00236820564493881,0.968442353734615,0.971791502276176,0.355916666666667,0.355008333333333,0.356825,0.00181666666666652,0.00256915463831088,0.3541,0.357733333333333,0.453233333333333,0.452616666666667,0.45385,0.00123333333333348,0.00174419672692706,0.452,0.454466666666667,0.51452,0.51434,0.5147,0.000359999999999916,0.000509116882454352,0.51416,0.51488,-0.203707031141207,-0.206877089046899,-0.200536973235515,0.00634011581138499,0.00896627776747676,-0.210047146952592,-0.197366915329822,0.4585,0.45475,0.46225,0.00750000000000006,0.0106066017177982,0.451,0.466,,,,,,,,,,,,,,,,,,,,,,,,,,,,,,,,,,,,,,,,,,,,,,,,,,,,,,,,,,,,,,,,,,,,,,,,,,,,,,,,,,,,,"landmark","cpu4","/Users/stefano/Documents/fastEmbedR-results/fastEmbedR-results/FlowRepository_FR-FCM-ZYRM_files/landmark/cpu4/20260721_084502_1071280/benchmark_summary_median_variability.csv"
"FlowRepository_FR-FCM-ZYRM_files","fastEmbedR_umap_cpu_binary_landmark","UMAP","cpu","landmark_pipeline",4,4,5220347,32,30,,"float32",0.500000095779074,3,3,"success",5267.934,5266.7105,5324.621,57.9105,66.1742091326623,5265.487,5381.308,0.0520000000000005,0.052,0.0525000000000007,0.000500000000000604,0.000577350269190061,0.0519999999999996,0.0530000000000008,,,,,,,,,,,,,,,,,,,,,,5267.881,5266.658,5324.5685,57.9105,66.1744885158422,5265.435,5381.256,11.3815460205078,11.3770294189453,11.4311809539795,0.0541515350341797,0.0600911255620464,11.3725128173828,11.4808158874512,,,,,,,,,,,,,,,0.969645017703591,0.969328696678469,0.969682498735458,0.000353802056988539,0.000388707014097892,0.969012375653347,0.969719979767324,0.349966666666667,0.346666666666667,0.350666666666667,0.004,0.00427239199200323,0.343366666666667,0.351366666666667,0.444966666666667,0.443966666666667,0.446258333333334,0.00229166666666653,0.00229784520640355,0.442966666666667,0.44755,0.51112,0.510945,0.511855,0.000909999999999966,0.000965729430706838,0.51077,0.51259,-0.294567818486267,-0.313917884349138,-0.256142614773476,0.057775269575662,0.0588155484193725,-0.33326795021201,-0.217717411060686,0.461,0.4605,0.47625,0.01575,0.017904841058589,0.46,0.4915,,,,,,,,2610174,2610174,2610174,0,0,2610174,2610174,4003.696,4000.752,4057.2125,56.4605000000001,63.5634641834444,3997.808,4110.729,1225.522,1224.547,1226.0975,1.55049999999983,1.56756190733684,1223.572,1226.673,38.3419999999996,35.4605000000001,38.7350000000001,3.2745,3.57583011341399,32.5790000000006,39.1280000000006,0,0,0,0,0,0,0,,,,,,,,,,,,,,,,,,,,,,,,,,,,,,,,,,,,,,,,,,,"landmark","cpu4","/Users/stefano/Documents/fastEmbedR-results/fastEmbedR-results/FlowRepository_FR-FCM-ZYRM_files/landmark/cpu4/20260721_084502_1071280/benchmark_summary_median_variability.csv"
"FlowRepository_FR-FCM-ZYRM_files","fastEmbedR_opentsne_cuda_full","t-SNE","cuda","full_pipeline",1,,5220347,32,,30,"float32",,3,3,"success",91.816,91.576,91.8865,0.310500000000005,0.325556446718536,91.336,91.957,0.14,0.1345,0.1425,0.00800000000000001,0.00818535277187244,0.129,0.145,74.547,74.2925,74.5755,0.283000000000015,0.311631727096799,74.038,74.604,,,,,,,,,,,,,,,16.835,16.8285,16.87,0.0415000000000028,0.0446430285711002,16.822,16.905,2.60569381713867,2.60537338256836,2.61583518981934,0.0104618072509766,0.0118995666340854,2.60505294799805,2.6259765625,3513,3512,3513,1,1.15470053837925,3511,3513,3513,3512,3513,1,1.15470053837925,3511,3513,0.973503119204181,0.973002959028831,0.974075147529927,0.00107218850109592,0.00107299108052968,0.972502798853482,0.974647175855674,0.383966666666667,0.38285,0.3847,0.00185000000000002,0.00186319120905014,0.381733333333333,0.385433333333333,0.445133333333333,0.442275,0.446141666666666,0.00386666666666652,0.00401147659153615,0.439416666666667,0.44715,0.49112,0.489855,0.49302,0.00316499999999997,0.00318616279140495,0.48859,0.49492,-0.205375380392855,-0.218964190376928,-0.203017909684252,0.015946280692676,0.0172142826911216,-0.232553000361001,-0.200660438975649,0.4785,0.4755,0.48425,0.00874999999999998,0.00889288104796941,0.4725,0.49,1.99731106613033,1.99606685911254,1.99740894238791,0.00134208327536989,0.00149639976453341,1.99482265209475,1.99750681864549,,,,,,,,,,,,,,,,,,,,,,,,,,,,,,,,,,,,,,,,,,,,,,,,,,,,,,,,,,,,,,,,,,,,,,,,,,,,,,"landmark","cuda","/Users/stefano/Documents/fastEmbedR-results/fastEmbedR-results/FlowRepository_FR-FCM-ZYRM_files/landmark/cuda/20260723_025334_1071291/benchmark_summary_median_variability.csv"
"FlowRepository_FR-FCM-ZYRM_files","fastEmbedR_opentsne_cuda_landmark","t-SNE","cuda","landmark_pipeline",1,,,,,30,"float32",0.5,3,0,"failed",,,,,,,,,,,,,,,,,,,,,,,,,,,,,,,,,,,,,,,,,,,3.23293685913086,3.1450252532959,3.23770523071289,0.0926799774169922,0.104373579102632,3.05711364746094,3.24247360229492,2195,2195,2201,6,6.92820323027551,2195,2207,2195,2195,2201,6,6.92820323027551,2195,2207,,,,,,,,,,,,,,,,,,,,,,,,,,,,,,,,,,,,,,,,,,,,,,,,,,,,,,,,,,,,,,,,,,,,,,,,,,,,,,,,,,,,,,,,,,,,,,,,,,,,,,,,,,,,,,,,,,,,,,,,,,,,,,,"landmark","cuda","/Users/stefano/Documents/fastEmbedR-results/fastEmbedR-results/FlowRepository_FR-FCM-ZYRM_files/landmark/cuda/20260723_025334_1071291/benchmark_summary_median_variability.csv"
"FlowRepository_FR-FCM-ZYRM_files","fastEmbedR_umap_cuda_binary_full","UMAP","cuda","full_pipeline",1,,5220347,32,30,,"float32",,3,3,"success",82.18,82.1525,82.2275,0.0750000000000028,0.0758836829188839,82.125,82.275,0.134,0.13,0.1385,0.00850000000000001,0.00850490054811538,0.126,0.143,74.229,74.2025,74.268,0.0655000000000001,0.0658963833099615,74.176,74.307,,,,,,,,,,,,,,,7.533,7.5265,7.541,0.0144999999999946,0.0145258390463288,7.52,7.54899999999999,1.94147872924805,1.94046401977539,1.94771957397461,0.00725555419921875,0.00785794056789106,1.93944931030273,1.95396041870117,12887,12886,12887,1,1.15470053837925,12885,12887,12887,12886,12887,1,1.15470053837925,12885,12887,0.969449013657056,0.969274262350363,0.970952352048559,0.00167808969819605,0.00184509247713095,0.969099511043669,0.972455690440061,0.3568,0.355083333333334,0.35745,0.00236666666666646,0.00244547957880851,0.353366666666667,0.3581,0.452566666666667,0.449683333333333,0.453225,0.0035416666666665,0.00376744092337368,0.4468,0.453883333333333,0.51781,0.51442,0.51835,0.00392999999999999,0.0042605633430334,0.51103,0.51889,-0.233023975496713,-0.26040372738419,-0.214316097198307,0.046087630185883,0.0463587832742153,-0.287783479271668,-0.195608218899902,0.4765,0.4655,0.48375,0.01825,0.0183779759494891,0.4545,0.491,,,,,,,,,,,,,,,,,,,,,,,,,,,,,,,,,,,,,,,,,,,,,,,,,,,,,,,,,,,,,,,,,,,,,,,,,,,,,,,,,,,,,"landmark","cuda","/Users/stefano/Documents/fastEmbedR-results/fastEmbedR-results/FlowRepository_FR-FCM-ZYRM_files/landmark/cuda/20260723_025334_1071291/benchmark_summary_median_variability.csv"
"FlowRepository_FR-FCM-ZYRM_files","fastEmbedR_umap_cuda_binary_landmark","UMAP","cuda","landmark_pipeline",1,,,,30,,"float32",0.5,3,0,"failed",,,,,,,,,,,,,,,,,,,,,,,,,,,,,,,,,,,,,,,,,,,3.11039733886719,3.08376884460449,3.14920997619629,0.0654411315917969,0.0658181293522975,3.0571403503418,3.18802261352539,6729,6729,6729,0,0,6729,6729,6729,6729,6729,0,0,6729,6729,,,,,,,,,,,,,,,,,,,,,,,,,,,,,,,,,,,,,,,,,,,,,,,,,,,,,,,,,,,,,,,,,,,,,,,,,,,,,,,,,,,,,,,,,,,,,,,,,,,,,,,,,,,,,,,,,,,,,,,,,,,,,,,"landmark","cuda","/Users/stefano/Documents/fastEmbedR-results/fastEmbedR-results/FlowRepository_FR-FCM-ZYRM_files/landmark/cuda/20260723_025334_1071291/benchmark_summary_median_variability.csv"
"MNIST","fastEmbedR_opentsne_cpu_full","t-SNE","cpu","full_pipeline",1,1,70000,784,,30,"float32",,3,3,"success",147.295,146.432,147.4265,0.994499999999988,1.08046024144035,145.569,147.558,0.0509999999999999,0.0469999999999999,0.0580000000000001,0.0110000000000001,0.0111355287256602,0.0429999999999999,0.0650000000000002,57.511,57.4485,57.6955,0.247,0.256846906411841,57.386,57.88,,,,,,,,,,,,,,,86.058,85.0145,86.264,1.24950000000001,1.33979563118161,83.971,86.47,1.73427200317383,1.73418807983398,1.73431015014648,0.0001220703125,0.000124898571348151,1.73410415649414,1.73434829711914,,,,,,,,,,,,,,,0.92283500954651,0.922607258050349,0.92395241743586,0.0013451593855105,0.00143989002071036,0.922379506554189,0.92506982532521,0.454621848739496,0.452987861811392,0.456115779645192,0.00312791783380001,0.00312896285342952,0.451353874883287,0.457609710550887,0.476330532212885,0.471055088702148,0.477147525676938,0.00609243697479001,0.00661390307594917,0.46577964519141,0.47796451914099,0.464453781512605,0.46078431372549,0.466974789915967,0.00619047619047652,0.00622588535472936,0.457114845938375,0.469495798319328,0.356293939689807,0.355947614931338,0.364453008075742,0.00850539314440402,0.00962746246614572,0.355601290172869,0.372612076461677,0.946778711484594,0.946078431372549,0.951680672268908,0.00560224089635852,0.00610490048114928,0.945378151260504,0.956582633053221,2.22360089058108,2.22278105154163,2.2248675844595,0.00208653291787009,0.0021024222616771,2.22196121250219,2.22613427833793,,,,,,,,,,,,,,,,,,,,,,,,,,,,,,,,,,,,,,,,,,,,,,,,,,,,,,,,,,,,,,,,,,,,,,,,,,,,,,"landmark","cpu1","/Users/stefano/Documents/fastEmbedR-results/fastEmbedR-results/MNIST/landmark/cpu1/20260721_084932_1071274/benchmark_summary_median_variability.csv"
"MNIST","fastEmbedR_opentsne_cpu_landmark","t-SNE","cpu","landmark_pipeline",1,1,70000,784,,30,"float32",0.5,3,3,"success",144.437,143.9365,144.972,1.03549999999998,1.03569155640084,143.436,145.507,0.0489999999999999,0.0454999999999998,0.0524999999999999,0.0070000000000001,0.0070000000000001,0.0419999999999998,0.056,,,,,,,,,,,,,,,,,,,,,,144.381,143.884,144.923,1.03899999999999,1.03932478080723,143.387,145.465,1.41655349731445,1.41567039489746,1.41669273376465,0.0010223388671875,0.00110888335043943,1.41478729248047,1.41683197021484,,,,,,,,,,,,,,,0.912991631770895,0.910138826394041,0.914430634771999,0.00429180837795806,0.00436874103211329,0.907286021017186,0.915869637773102,0.436041083099907,0.432352941176471,0.440336134453782,0.00798319327731045,0.00799087946276755,0.428664799253035,0.444631185807656,0.464565826330532,0.462838468720822,0.468043884220354,0.00520541549953296,0.0053026409470225,0.461111111111111,0.471521942110177,0.470196078431373,0.462100840336135,0.4709243697479,0.00882352941176501,0.00979516749356916,0.454005602240896,0.471652661064426,0.312856535594402,0.311396898353578,0.317927925902115,0.00653102754853796,0.00685584234395428,0.309937261112753,0.322999316209829,0.932773109243697,0.92296918767507,0.935574229691877,0.0126050420168065,0.013237578785021,0.913165266106443,0.938375350140056,2.27068846547825,2.26708442200458,2.27173728175514,0.00465285975056018,0.00488113708071717,2.26348037853092,2.27278609803204,35000,35000,35000,0,0,35000,35000,77.094,77.069,77.64,0.571000000000012,0.645384639833752,77.044,78.186,55.191,54.642,55.219,0.576999999999998,0.650699111212957,54.093,55.247,,,,,,,,8.43699999999998,8.36899999999999,8.49349999999998,0.124499999999994,0.124676915799726,8.30099999999999,8.54999999999998,,,,,,,,,,,,,,,,,,,,,,,,,,,,,,,,,,,,,,,,,,,"landmark","cpu1","/Users/stefano/Documents/fastEmbedR-results/fastEmbedR-results/MNIST/landmark/cpu1/20260721_084932_1071274/benchmark_summary_median_variability.csv"
"MNIST","fastEmbedR_umap_cpu_binary_full","UMAP","cpu","full_pipeline",1,1,70000,784,30,,"float32",,3,3,"success",171.675,169.997,172.07,2.07299999999998,2.20136896801363,168.319,172.465,0.0559999999999998,0.0499999999999999,0.0589999999999998,0.0089999999999999,0.00916515138991157,0.044,0.0619999999999998,56.498,56.1705,57.031,0.860499999999995,0.868640892429085,55.843,57.564,,,,,,,,,,,,,,,113.715,112.8775,114.6235,1.74600000000001,1.74648112882256,112.04,115.532,0.790733337402344,0.790630340576172,0.790777206420898,0.000146865844726562,0.000150781106989962,0.79052734375,0.790821075439453,,,,,,,,,,,,,,,0.927860135853666,0.927520771936368,0.930595788725524,0.00307501678915656,0.00337191268740889,0.927181408019069,0.933331441597382,0.471802054154995,0.470354808590102,0.474183006535947,0.00382819794584499,0.00386596719058646,0.46890756302521,0.4765639589169,0.497058823529412,0.493487394957983,0.499206349206349,0.00571895424836599,0.00577773925042342,0.489915966386555,0.501353874883287,0.482072829131653,0.479761904761905,0.484327731092437,0.00456582633053199,0.00456594089434823,0.477450980392157,0.486582633053221,0.511406897498762,0.484953824837155,0.514203250946071,0.0292494261089156,0.0322811975567145,0.458500752175548,0.516999604393379,0.946778711484594,0.938375350140056,0.951680672268908,0.0133053221288515,0.0134580161581695,0.929971988795518,0.956582633053221,,,,,,,,,,,,,,,,,,,,,,,,,,,,,,,,,,,,,,,,,,,,,,,,,,,,,,,,,,,,,,,,,,,,,,,,,,,,,,,,,,,,,"landmark","cpu1","/Users/stefano/Documents/fastEmbedR-results/fastEmbedR-results/MNIST/landmark/cpu1/20260721_084932_1071274/benchmark_summary_median_variability.csv"
"MNIST","fastEmbedR_umap_cpu_binary_landmark","UMAP","cpu","landmark_pipeline",1,1,70000,784,30,,"float32",0.5,3,3,"success",166.407,166.3535,166.4565,0.103000000000009,0.103025886714613,166.3,166.506,0.0510000000000002,0.0490000000000002,0.0580000000000002,0.009,0.00945163125250521,0.0470000000000002,0.0650000000000002,,,,,,,,,,,,,,,,,,,,,,166.36,166.3045,166.4005,0.0960000000000036,0.0963898334888117,166.249,166.441,1.0034294128418,1.00334167480469,1.00536918640137,0.00202751159667969,0.00229219293839393,1.00325393676758,1.00730895996094,,,,,,,,,,,,,,,0.926167842921056,0.924789915966386,0.926670571750167,0.00188065578378005,0.00194735464071803,0.923411989011717,0.927173300579277,0.46031746031746,0.45905695611578,0.462464985994398,0.00340802987861799,0.00344629318051661,0.457796451914099,0.464612511671335,0.49234360410831,0.490219421101774,0.496918767507003,0.00669934640522901,0.00684716563390777,0.488095238095238,0.501493930905696,0.490336134453781,0.485854341736695,0.496078431372549,0.0102240896358545,0.0102499576826511,0.481372549019608,0.501820728291317,0.420712979001232,0.412649459968878,0.438147824014411,0.0254983640455335,0.026066079219518,0.404585940936524,0.455582669027591,0.929971988795518,0.925070028011205,0.936274509803922,0.011204481792717,0.0112336222367095,0.920168067226891,0.942577030812325,,,,,,,,35000,35000,35000,0,0,35000,35000,108.306,108.254,108.316,0.0620000000000118,0.0665732679083711,108.202,108.326,55.419,55.3795,55.423,0.0435000000000016,0.0480867272054676,55.34,55.427,1.64699999999999,1.62249999999998,1.65849999999999,0.0360000000000049,0.0367740850781325,1.59799999999998,1.66999999999999,0,0,0,0,0,0,0,,,,,,,,,,,,,,,,,,,,,,,,,,,,,,,,,,,,,,,,,,,"landmark","cpu1","/Users/stefano/Documents/fastEmbedR-results/fastEmbedR-results/MNIST/landmark/cpu1/20260721_084932_1071274/benchmark_summary_median_variability.csv"
"MNIST","fastEmbedR_opentsne_cpu_full","t-SNE","cpu","full_pipeline",4,4,70000,784,,30,"float32",,3,3,"success",63.149,62.8925,67.9005,5.008,5.64048511507063,62.636,72.652,0.0209999999999999,0.0194999999999999,0.0254999999999999,0.006,0.00624499799839841,0.018,0.03,26.717,26.7075,30.504,3.7965,4.37834607281486,26.698,34.291,,,,,,,,,,,,,,,34.035,33.7865,34.7415,0.955000000000005,0.990932052833764,33.538,35.448,1.74098587036133,1.7405834197998,1.74138641357422,0.000802993774414062,0.00080299452950026,1.74018096923828,1.74178695678711,,,,,,,,,,,,,,,0.923649266749633,0.923403949133923,0.924872679414265,0.00146873028034156,0.00157354968504343,0.923158631518213,0.926096092078896,0.456769374416433,0.454248366013072,0.457236227824463,0.00298786181139099,0.0032146284055211,0.451727357609711,0.457703081232493,0.477124183006536,0.472152194211018,0.477194211017741,0.00504201680672256,0.00578201291272523,0.4671802054155,0.477264239028945,0.46453781512605,0.461274509803921,0.466960784313726,0.00568627450980402,0.00570693491059803,0.458011204481793,0.469383753501401,0.357363449095772,0.356225627590314,0.367665843166897,0.0114402155765835,0.0126045625023571,0.355087806084855,0.377968237238022,0.952380952380952,0.947478991596639,0.954481792717087,0.00700280112044804,0.0071871168619702,0.942577030812325,0.956582633053221,2.22366443327544,2.22327521895822,2.22404731081723,0.000772091859009727,0.000772100526911498,2.22288600464101,2.22443018835903,,,,,,,,,,,,,,,,,,,,,,,,,,,,,,,,,,,,,,,,,,,,,,,,,,,,,,,,,,,,,,,,,,,,,,,,,,,,,,"landmark","cpu4","/Users/stefano/Documents/fastEmbedR-results/fastEmbedR-results/MNIST/landmark/cpu4/20260721_084502_1071285/benchmark_summary_median_variability.csv"
"MNIST","fastEmbedR_opentsne_cpu_landmark","t-SNE","cpu","landmark_pipeline",4,4,70000,784,,30,"float32",0.5,3,3,"success",67.949,67.9215,68.0655,0.143999999999991,0.152893208918294,67.894,68.182,0.022,0.0215,0.023,0.00149999999999995,0.0015275252316519,0.0210000000000001,0.024,,,,,,,,,,,,,,,,,,,,,,67.928,67.899,68.044,0.144999999999996,0.153453576041743,67.87,68.16,1.4387092590332,1.43854141235352,1.43913078308105,0.000589370727539062,0.000607296130554229,1.43837356567383,1.43955230712891,,,,,,,,,,,,,,,0.914186668396254,0.91022077909794,0.914963090880347,0.00474231178240703,0.00508728027154302,0.906254889799625,0.915739513364439,0.435014005602241,0.432259570494865,0.439402427637722,0.00714285714285745,0.00720488579069848,0.429505135387488,0.443790849673203,0.465686274509804,0.462698412698412,0.466643323996265,0.00394491129785246,0.00411546571454808,0.459710550887021,0.467600373482726,0.468935574229692,0.461344537815126,0.469481792717087,0.00813725490196104,0.00909714628597811,0.45375350140056,0.470028011204482,0.313198376659673,0.31035799218364,0.31404815426641,0.00369016208276951,0.00386498832682238,0.307517607707607,0.314897931873146,0.927170868347339,0.922268907563025,0.935574229691877,0.0133053221288519,0.01345801615817,0.917366946778711,0.943977591036415,2.27105445159514,2.2705857528674,2.27419125482948,0.00360550196208465,0.00392078711714729,2.27011705413966,2.27732805806383,35000,35000,35000,0,0,35000,35000,36.539,36.4415,36.835,0.393499999999996,0.409849159244389,36.344,37.131,26.621,26.5865,26.82,0.233499999999999,0.252076046726644,26.552,27.019,,,,,,,,3.039,2.9985,3.1685,0.17,0.177595983438065,2.958,3.298,,,,,,,,,,,,,,,,,,,,,,,,,,,,,,,,,,,,,,,,,,,"landmark","cpu4","/Users/stefano/Documents/fastEmbedR-results/fastEmbedR-results/MNIST/landmark/cpu4/20260721_084502_1071285/benchmark_summary_median_variability.csv"
"MNIST","fastEmbedR_umap_cpu_binary_full","UMAP","cpu","full_pipeline",4,4,70000,784,30,,"float32",,3,3,"success",105.025,104.5865,108.9635,4.37700000000001,4.82093998441521,104.148,112.902,0.0190000000000001,0.0185000000000001,0.0250000000000001,0.00650000000000005,0.00723417813807027,0.018,0.0310000000000001,26.842,26.81,30.0155,3.2055,3.68305638476162,26.778,33.189,,,,,,,,,,,,,,,77.943,77.5335,78.6625,1.12899999999999,1.143098566762,77.124,79.382,0.789360046386719,0.789257049560547,0.797477722167969,0.00822067260742188,0.0094335121262483,0.789154052734375,0.805595397949219,,,,,,,,,,,,,,,0.926539974407515,0.925860570952935,0.928135113186616,0.00227454223368051,0.00233518010033228,0.925181167498355,0.929730251965716,0.468347338935574,0.466386554621849,0.46937441643324,0.00298786181139149,0.00303610293140573,0.464425770308123,0.470401493930906,0.492623716153128,0.491293183940243,0.496918767507003,0.00562558356676002,0.00588019118558507,0.489962651727358,0.501213818860878,0.482380952380952,0.479327731092437,0.485476190476191,0.00614845938375352,0.00614850723870021,0.476274509803922,0.488571428571429,0.496254494178087,0.48373975311407,0.49815967556372,0.0144199224496505,0.0156670061693461,0.471225012050053,0.500064856949354,0.948179271708683,0.94047619047619,0.948879551820728,0.00840336134453801,0.0093253895216799,0.932773109243697,0.949579831932773,,,,,,,,,,,,,,,,,,,,,,,,,,,,,,,,,,,,,,,,,,,,,,,,,,,,,,,,,,,,,,,,,,,,,,,,,,,,,,,,,,,,,"landmark","cpu4","/Users/stefano/Documents/fastEmbedR-results/fastEmbedR-results/MNIST/landmark/cpu4/20260721_084502_1071285/benchmark_summary_median_variability.csv"
"MNIST","fastEmbedR_umap_cpu_binary_landmark","UMAP","cpu","landmark_pipeline",4,4,70000,784,30,,"float32",0.5,3,3,"success",95.264,95.1005,99.6605,4.56,5.17362184547731,94.937,104.057,0.034,0.0279999999999999,0.034,0.0060000000000001,0.00692820323027563,0.0219999999999998,0.034,,,,,,,,,,,,,,,,,,,,,,95.242,95.0725,99.6325,4.55999999999999,5.17035269589996,94.903,104.023,1.00437164306641,1.0041389465332,1.00639915466309,0.00226020812988281,0.00248642872967418,1.00390625,1.00842666625977,,,,,,,,,,,,,,,0.92556316303656,0.923038911657282,0.926622670293395,0.00358375863611249,0.0036821847332784,0.920514660278004,0.927682177550229,0.455742296918767,0.45532212885154,0.458496732026143,0.003174603174603,0.0034488219516877,0.454901960784314,0.46125116713352,0.493137254901961,0.489565826330532,0.496498599439776,0.00693277310924351,0.00693383405853567,0.485994397759104,0.499859943977591,0.4903081232493,0.485868347338935,0.494313725490196,0.00844537815126056,0.00844909744940497,0.481428571428571,0.498319327731092,0.436028377239927,0.416470083618533,0.441545284789911,0.025075201171377,0.0263531001602055,0.39691178999714,0.447062192339894,0.939775910364146,0.927871148459384,0.939775910364146,0.011904761904762,0.0137464349807055,0.915966386554622,0.939775910364146,,,,,,,,35000,35000,35000,0,0,35000,35000,67.493,67.2255,67.9955,0.769999999999996,0.781862093551887,66.958,68.498,26.859,26.732,30.6085,3.8765,4.40470441687067,26.605,34.358,0.467999999999989,0.461499999999993,0.469999999999991,0.00849999999999801,0.00888819441731247,0.454999999999998,0.471999999999994,0,0,0,0,0,0,0,,,,,,,,,,,,,,,,,,,,,,,,,,,,,,,,,,,,,,,,,,,"landmark","cpu4","/Users/stefano/Documents/fastEmbedR-results/fastEmbedR-results/MNIST/landmark/cpu4/20260721_084502_1071285/benchmark_summary_median_variability.csv"
"MNIST","fastEmbedR_opentsne_cuda_full","t-SNE","cuda","full_pipeline",1,,70000,784,,30,"float32",,3,3,"success",1.971,1.949,2.003,0.054,0.0543077649451102,1.927,2.035,0.0419999999999998,0.0419999999999998,0.0529999999999998,0.011,0.0127017059221718,0.0419999999999998,0.0639999999999998,0.652,0.6515,0.655,0.00350000000000006,0.00378593889720019,0.651,0.658,,,,,,,,,,,,,,,0.964,0.9625,1.0095,0.0470000000000002,0.053425961229849,0.961,1.055,1.45245361328125,1.4524040222168,1.45323371887207,0.000829696655273438,0.000930741835410383,1.45235443115234,1.45401382446289,2807,2807,2807,0,0,2807,2807,2807,2807,2807,0,0,2807,2807,0.924410149974124,0.923445432200859,0.92582334429189,0.00237791209103055,0.00239196773591495,0.922480714427594,0.927236538609655,0.454808590102708,0.45233426704015,0.455182072829132,0.00284780578898253,0.00309534723702186,0.449859943977591,0.455555555555556,0.472782446311858,0.469491129785248,0.475887021475257,0.00639589169000898,0.00639680034255961,0.466199813258637,0.478991596638655,0.465182072829132,0.461820728291316,0.468725490196078,0.00690476190476197,0.00690556204324855,0.458459383753501,0.472268907563025,0.376473932551584,0.373777573506028,0.39039470959714,0.0166171360911115,0.0178360608043581,0.371081214460472,0.404315486642695,0.959383753501401,0.954481792717087,0.960784313725491,0.00630252100840356,0.00661878939251088,0.949579831932773,0.96218487394958,2.20704059350228,2.20558100727985,2.20727564812914,0.00169464084928972,0.00183620082895795,2.20412142105742,2.207510702756,,,,,,,,,,,,,,,,,,,,,,,,,,,,,,,,,,,,,,,,,,,,,,,,,,,,,,,,,,,,,,,,,,,,,,,,,,,,,,"landmark","cuda","/Users/stefano/Documents/fastEmbedR-results/fastEmbedR-results/MNIST/landmark/cuda/20260723_031058_1071296/benchmark_summary_median_variability.csv"
"MNIST","fastEmbedR_opentsne_cuda_landmark","t-SNE","cuda","landmark_pipeline",1,,,,,30,"float32",0.5,3,0,"failed",,,,,,,,,,,,,,,,,,,,,,,,,,,,,,,,,,,,,,,,,,,1.4710807800293,1.47089195251465,1.49055480957031,0.0196628570556641,0.0225964809942627,1.470703125,1.51002883911133,2407,2305,2407,102,117.779454914684,2203,2407,2407,2305,2407,102,117.779454914684,2203,2407,,,,,,,,,,,,,,,,,,,,,,,,,,,,,,,,,,,,,,,,,,,,,,,,,,,,,,,,,,,,,,,,,,,,,,,,,,,,,,,,,,,,,,,,,,,,,,,,,,,,,,,,,,,,,,,,,,,,,,,,,,,,,,,"landmark","cuda","/Users/stefano/Documents/fastEmbedR-results/fastEmbedR-results/MNIST/landmark/cuda/20260723_031058_1071296/benchmark_summary_median_variability.csv"
"MNIST","fastEmbedR_umap_cuda_binary_full","UMAP","cuda","full_pipeline",1,,70000,784,30,,"float32",,3,3,"success",1.09,1.0845,1.0985,0.014,0.0141067359796659,1.079,1.107,0.0429999999999999,0.0429999999999999,0.048,0.00500000000000015,0.00577350269189643,0.0429999999999999,0.0530000000000002,0.655,0.654,0.6695,0.0155,0.0173493515728975,0.653,0.684,,,,,,,,,,,,,,,0.138,0.1355,0.139,0.0035,0.00360555127546399,0.133,0.14,1.16505813598633,1.1628360748291,1.16510200500488,0.00226593017578125,0.00259151433705727,1.16061401367188,1.16514587402344,2807,2807,2807,0,0,2807,2807,2807,2807,2807,0,0,2807,2807,0.928275236771023,0.927385175005844,0.929851187942615,0.00246601293677151,0.0024976057662492,0.926495113240665,0.931427139114208,0.46984126984127,0.46937441643324,0.472689075630252,0.00331465919701202,0.003588399411872,0.46890756302521,0.475536881419234,0.497012138188609,0.494187675070028,0.500700280112045,0.00651260504201701,0.00653166682090339,0.491363211951447,0.504388422035481,0.481540616246499,0.481260504201681,0.486890756302521,0.00563025210084001,0.00634571772119942,0.480980392156863,0.492240896358543,0.485189402663198,0.466027886976669,0.487695239443693,0.021667352467024,0.0237053730098731,0.44686637129014,0.490201076224188,0.948179271708683,0.939775910364145,0.952380952380952,0.0126050420168066,0.0128363464844699,0.931372549019608,0.956582633053221,,,,,,,,,,,,,,,,,,,,,,,,,,,,,,,,,,,,,,,,,,,,,,,,,,,,,,,,,,,,,,,,,,,,,,,,,,,,,,,,,,,,,"landmark","cuda","/Users/stefano/Documents/fastEmbedR-results/fastEmbedR-results/MNIST/landmark/cuda/20260723_031058_1071296/benchmark_summary_median_variability.csv"
"MNIST","fastEmbedR_umap_cuda_binary_landmark","UMAP","cuda","landmark_pipeline",1,,,,30,,"float32",0.5,3,0,"failed",,,,,,,,,,,,,,,,,,,,,,,,,,,,,,,,,,,,,,,,,,,1.25899505615234,1.25897789001465,1.25900840759277,3.0517578125e-05,3.05969477730203e-05,1.25896072387695,1.2590217590332,2407,2205,2407,202,233.249508752609,2003,2407,2407,2205,2407,202,233.249508752609,2003,2407,,,,,,,,,,,,,,,,,,,,,,,,,,,,,,,,,,,,,,,,,,,,,,,,,,,,,,,,,,,,,,,,,,,,,,,,,,,,,,,,,,,,,,,,,,,,,,,,,,,,,,,,,,,,,,,,,,,,,,,,,,,,,,,"landmark","cuda","/Users/stefano/Documents/fastEmbedR-results/fastEmbedR-results/MNIST/landmark/cuda/20260723_031058_1071296/benchmark_summary_median_variability.csv"
"Macosko2015_retina","fastEmbedR_opentsne_cpu_full","t-SNE","cpu","full_pipeline",1,1,44808,50,,30,"float32",,3,3,"success",34.062,34.061,34.1425,0.0814999999999984,0.0935360892917803,34.06,34.223,0.00500000000000012,0.00500000000000012,0.00600000000000012,0.001,0.00115470053837925,0.00500000000000012,0.00700000000000012,9.314,9.298,9.323,0.0250000000000004,0.0253245598842971,9.282,9.332,,,,,,,,,,,,,,,23.341,23.295,23.3755,0.0805000000000007,0.0807733454385384,23.249,23.41,0.584232330322266,0.584146499633789,0.584993362426758,0.00084686279296875,0.000932277984747397,0.584060668945312,0.58575439453125,,,,,,,,,,,,,,,0.92644833923453,0.923980888551677,0.927795203169785,0.00381431461810799,0.00386879407036297,0.921513437868825,0.929142067105041,0.3878,0.383866666666666,0.38875,0.00488333333333352,0.0051781950237226,0.379933333333333,0.3897,0.420983333333333,0.419266666666666,0.424675,0.00540833333333357,0.00552723057034718,0.41755,0.428366666666667,0.45394,0.4507,0.4562,0.0055,0.00552902643630261,0.44746,0.45846,-0.00468253321437287,-0.0214748827878841,0.0295070996535431,0.0509819824414272,0.0519620151873775,-0.0382672323613954,0.063696732521459,0.9685,0.9655,0.972,0.00649999999999995,0.00650640709864772,0.9625,0.9755,1.97046545437,1.96921333600623,1.99114296588535,0.0219296298791201,0.0246310907797377,1.96796121764246,2.0118204774007,,,,,,,,,,,,,,,,,,,,,,,,,,,,,,,,,,,,,,,,,,,,,,,,,,,,,,,,,,,,,,,,,,,,,,,,,,,,,,"landmark","cpu1","/Users/stefano/Documents/fastEmbedR-results/fastEmbedR-results/Macosko2015_retina/landmark/cpu1/20260721_084932_1071271/benchmark_summary_median_variability.csv"
"Macosko2015_retina","fastEmbedR_opentsne_cpu_landmark","t-SNE","cpu","landmark_pipeline",1,1,44808,50,,30,"float32",0.5,3,3,"success",33.941,33.916,34.0495,0.133500000000005,0.141937779795703,33.891,34.158,0.004,0.004,0.00450000000000006,0.000500000000000059,0.000577350269189695,0.004,0.00500000000000012,,,,,,,,,,,,,,,,,,,,,,33.937,33.9115,34.0455,0.134,0.142310692969059,33.886,34.154,0.584918975830078,0.584905624389648,0.585041046142578,0.000135421752929688,0.000149261455890761,0.584892272949219,0.585163116455078,,,,,,,,,,,,,,,0.924167239925814,0.922317248356096,0.925805698870342,0.00348845051424695,0.00349058767843709,0.920467256786377,0.927444157814871,0.367233333333333,0.36555,0.3692,0.00364999999999993,0.00365366381311407,0.363866666666667,0.371166666666667,0.407066666666667,0.404791666666667,0.41155,0.00675833333333298,0.00687754666637332,0.402516666666667,0.416033333333333,0.44565,0.440245,0.449665,0.00941999999999998,0.00945412255755834,0.43484,0.45368,-0.000316800945496057,-0.0228868517309185,0.0116495058736208,0.0345363576045393,0.0350747742965835,-0.045456902516341,0.0236158126927376,0.9685,0.967,0.972,0.00499999999999989,0.00513160143944689,0.9655,0.9755,2.02521280087412,2.02288178793793,2.03663772509748,0.0137559371595599,0.0147238654787864,2.02055077500173,2.04806264932085,22404,22404,22404,0,0,22404,22404,23.673,23.646,23.76,0.113999999999997,0.119146968068853,23.619,23.847,3.779,3.7485,3.787,0.0385,0.0406324993078201,3.718,3.795,,,,,,,,5.401,5.3625,5.414,0.0514999999999954,0.0535630469633627,5.32400000000001,5.427,,,,,,,,,,,,,,,,,,,,,,,,,,,,,,,,,,,,,,,,,,,"landmark","cpu1","/Users/stefano/Documents/fastEmbedR-results/fastEmbedR-results/Macosko2015_retina/landmark/cpu1/20260721_084932_1071271/benchmark_summary_median_variability.csv"
"Macosko2015_retina","fastEmbedR_umap_cpu_binary_full","UMAP","cpu","full_pipeline",1,1,44808,50,30,,"float32",,3,3,"success",95.385,95.1735,95.396,0.222499999999997,0.250811350088732,94.962,95.407,0.00500000000000012,0.00450000000000006,0.00500000000000012,0.00050000000000006,0.000577350269189695,0.004,0.00500000000000012,9.029,9.0225,9.156,0.133499999999998,0.150540138612043,9.016,9.283,,,,,,,,,,,,,,,85.695,85.6185,85.8265,0.207999999999998,0.210409917383504,85.542,85.958,0.527057647705078,0.526996612548828,0.527170181274414,0.000173568725585938,0.000176096937371579,0.526935577392578,0.52728271484375,,,,,,,,,,,,,,,0.918811751812511,0.918094587759231,0.921684513572753,0.00358992581352202,0.00379953082691533,0.917377423705952,0.924557275332996,0.3544,0.354366666666666,0.358216666666667,0.00385000000000002,0.00442647757293571,0.354333333333333,0.362033333333333,0.416566666666667,0.412883333333333,0.419241666666667,0.00635833333333347,0.00638492872433334,0.4092,0.421916666666667,0.46942,0.46403,0.47181,0.00778000000000001,0.00797047050054137,0.45864,0.4742,0.182146511710177,0.177345404949085,0.354126649240236,0.176781244291151,0.201414707612787,0.172544298187992,0.526106786770294,0.964,0.9455,0.96775,0.02225,0.0238240074994391,0.927,0.9715,,,,,,,,,,,,,,,,,,,,,,,,,,,,,,,,,,,,,,,,,,,,,,,,,,,,,,,,,,,,,,,,,,,,,,,,,,,,,,,,,,,,,"landmark","cpu1","/Users/stefano/Documents/fastEmbedR-results/fastEmbedR-results/Macosko2015_retina/landmark/cpu1/20260721_084932_1071271/benchmark_summary_median_variability.csv"
"Macosko2015_retina","fastEmbedR_umap_cpu_binary_landmark","UMAP","cpu","landmark_pipeline",1,1,44808,50,30,,"float32",0.5,3,3,"success",50.947,50.8595,51.2525,0.393000000000001,0.41266249324761,50.772,51.558,0.00500000000000012,0.00450000000000006,0.00600000000000001,0.00149999999999995,0.00152752523165188,0.004,0.0069999999999999,,,,,,,,,,,,,,,,,,,,,,50.94,50.854,51.2465,0.392499999999998,0.412629373651463,50.768,51.553,0.474044799804688,0.474020004272461,0.474250793457031,0.000230789184570312,0.000253392779348513,0.473995208740234,0.474456787109375,,,,,,,,,,,,,,,0.917241122913505,0.915522441409543,0.920251551171809,0.00472910976226593,0.00478755494687463,0.913803759905581,0.923261979430113,0.336633333333333,0.334616666666667,0.34405,0.00943333333333346,0.00993517879948733,0.3326,0.351466666666667,0.403816666666667,0.4009,0.409333333333333,0.00843333333333346,0.00856588842119988,0.397983333333333,0.41485,0.45952,0.453335,0.464235,0.0109,0.0109329913564404,0.44715,0.46895,-0.0999555008326972,-0.136166590229588,0.182323867465117,0.318490457694705,0.348739689362047,-0.172377679626478,0.464603235762932,0.9675,0.96225,0.9705,0.00824999999999998,0.00835164654424507,0.957,0.9735,,,,,,,,22404,22404,22404,0,0,22404,22404,45.359,45.3,45.6115,0.311500000000002,0.330927484503779,45.241,45.864,3.876,3.853,3.933,0.0800000000000001,0.0823731347790853,3.83,3.99,1.049,1.044,1.05149999999999,0.00749999999999496,0.00763762615825543,1.039,1.05399999999999,0,0,0,0,0,0,0,,,,,,,,,,,,,,,,,,,,,,,,,,,,,,,,,,,,,,,,,,,"landmark","cpu1","/Users/stefano/Documents/fastEmbedR-results/fastEmbedR-results/Macosko2015_retina/landmark/cpu1/20260721_084932_1071271/benchmark_summary_median_variability.csv"
"Macosko2015_retina","fastEmbedR_opentsne_cpu_full","t-SNE","cpu","full_pipeline",4,4,44808,50,,30,"float32",,3,3,"success",17.33,17.106,17.3735,0.267499999999998,0.287082450409866,16.882,17.417,0.002,0.00199999999999989,0.002,1.10154940724527e-16,1.2694558359329e-16,0.00199999999999978,0.002,5.525,5.4865,5.593,0.1065,0.107853295421759,5.448,5.661,,,,,,,,,,,,,,,10.463,10.395,10.712,0.317,0.333780366908142,10.327,10.961,0.637699127197266,0.622293472290039,0.658380508422852,0.0360870361328125,0.0362153550249015,0.606887817382812,0.679061889648438,,,,,,,,,,,,,,,0.925181301635475,0.923405016017535,0.9275034311246,0.00409841510706455,0.00411051354055074,0.921628730399595,0.929825560613724,0.3868,0.3821,0.389166666666666,0.0070666666666665,0.00719392748035386,0.3774,0.391533333333333,0.418516666666667,0.41705,0.422808333333333,0.00575833333333342,0.00598486517067109,0.415583333333333,0.4271,0.4516,0.44778,0.455675,0.00789499999999999,0.00789637258492783,0.44396,0.45975,-0.0106501767444388,-0.0153473146438163,-0.000983379203605045,0.0143639354402113,0.0146477010817806,-0.0200444525431938,0.00868341833722871,0.9675,0.9635,0.97175,0.00824999999999998,0.00825126252965769,0.9595,0.976,2.01303228158539,2.00562088724931,2.01382572112105,0.00820483387173532,0.00905087882158013,1.99820949291323,2.0146191606567,,,,,,,,,,,,,,,,,,,,,,,,,,,,,,,,,,,,,,,,,,,,,,,,,,,,,,,,,,,,,,,,,,,,,,,,,,,,,,"landmark","cpu4","/Users/stefano/Documents/fastEmbedR-results/fastEmbedR-results/Macosko2015_retina/landmark/cpu4/20260721_084502_1071282/benchmark_summary_median_variability.csv"
"Macosko2015_retina","fastEmbedR_opentsne_cpu_landmark","t-SNE","cpu","landmark_pipeline",4,4,44808,50,,30,"float32",0.5,3,3,"success",17.098,16.8395,17.1745,0.335000000000001,0.351093055091287,16.581,17.251,0.002,0.002,0.002,0,0,0.002,0.002,,,,,,,,,,,,,,,,,,,,,,17.096,16.8375,17.1725,0.335000000000001,0.351093055091286,16.579,17.249,0.598953247070312,0.598731994628906,0.599052429199219,0.0003204345703125,0.000328093534807742,0.5985107421875,0.599151611328125,,,,,,,,,,,,,,,0.924216000674423,0.922643112459957,0.925341645590963,0.00269853313100643,0.00271085901176233,0.92107022424549,0.926467290507503,0.366333333333333,0.365016666666667,0.3692,0.00418333333333343,0.00427797979320998,0.3637,0.372066666666667,0.40795,0.404491666666666,0.4132,0.00870833333333354,0.00876955486855491,0.401033333333333,0.41845,0.44596,0.44094,0.45024,0.00929999999999997,0.00930980844772509,0.43592,0.45452,0.00899481603363955,-0.0190533973452136,0.0206564717289095,0.0397098690741231,0.0408213195049245,-0.0471016107240668,0.0323181274241794,0.968,0.967,0.9725,0.00549999999999995,0.00585946527708232,0.966,0.977,2.02623373852944,2.02024150469135,2.03720984578819,0.0169683410968444,0.0172105858220053,2.01424927085326,2.04818595304695,22404,22404,22404,0,0,22404,22404,11.694,11.573,11.8165,0.243500000000001,0.243501540036198,11.452,11.939,2.52,2.508,2.5775,0.0694999999999997,0.0742989457080874,2.496,2.635,,,,,,,,2.116,1.7355,2.224,0.4885,0.513209833628832,1.355,2.332,,,,,,,,,,,,,,,,,,,,,,,,,,,,,,,,,,,,,,,,,,,"landmark","cpu4","/Users/stefano/Documents/fastEmbedR-results/fastEmbedR-results/Macosko2015_retina/landmark/cpu4/20260721_084502_1071282/benchmark_summary_median_variability.csv"
"Macosko2015_retina","fastEmbedR_umap_cpu_binary_full","UMAP","cpu","full_pipeline",4,4,44808,50,30,,"float32",,3,3,"success",58.049,57.8905,58.2845,0.393999999999998,0.396500105086159,57.732,58.52,0.002,0.002,0.002,0,0,0.002,0.002,5.442,5.399,5.477,0.0780000000000003,0.0781366324673217,5.356,5.512,,,,,,,,,,,,,,,52.239,52.128,52.56,0.432000000000002,0.44869143071826,52.017,52.881,0.528289794921875,0.52812385559082,0.528377532958984,0.000253677368164062,0.000257663904942503,0.527957916259766,0.528465270996094,,,,,,,,,,,,,,,0.919307873882988,0.918592303152926,0.921132178384758,0.00253987523183241,0.00261929947100066,0.917876732422863,0.922956482886528,0.355633333333333,0.351433333333333,0.358733333333333,0.00729999999999997,0.00732757349559411,0.347233333333333,0.361833333333333,0.412283333333333,0.411283333333333,0.417541666666666,0.00625833333333348,0.00672392769917303,0.410283333333333,0.4228,0.46397,0.46226,0.46908,0.00681999999999999,0.00709688194444104,0.46055,0.47419,0.210521793964284,0.17503664192646,0.23861296150059,0.06357631957413,0.0637194795924146,0.139551489888636,0.266704129036896,0.968,0.96375,0.972,0.00824999999999998,0.00825126252965769,0.9595,0.976,,,,,,,,,,,,,,,,,,,,,,,,,,,,,,,,,,,,,,,,,,,,,,,,,,,,,,,,,,,,,,,,,,,,,,,,,,,,,,,,,,,,,"landmark","cpu4","/Users/stefano/Documents/fastEmbedR-results/fastEmbedR-results/Macosko2015_retina/landmark/cpu4/20260721_084502_1071282/benchmark_summary_median_variability.csv"
"Macosko2015_retina","fastEmbedR_umap_cpu_binary_landmark","UMAP","cpu","landmark_pipeline",4,4,44808,50,30,,"float32",0.5,3,3,"success",31.839,31.4275,32.0725,0.645,0.65313576944869,31.016,32.306,0.002,0.002,0.0025,5e-04,0.000577350269189626,0.002,0.003,,,,,,,,,,,,,,,,,,,,,,31.836,31.425,32.07,0.645000000000003,0.653045174547674,31.014,32.304,0.474834442138672,0.474706649780273,0.490915298461914,0.0162086486816406,0.0186427924063693,0.474578857421875,0.506996154785156,,,,,,,,,,,,,,,0.918494031360647,0.915758598887203,0.920781605125611,0.00502300623840846,0.00502965712668482,0.913023166413758,0.923069178890575,0.337066666666667,0.335733333333333,0.341416666666667,0.00568333333333354,0.00594421598730273,0.3344,0.345766666666667,0.403383333333333,0.399566666666667,0.407625,0.0080583333333335,0.0080620682485605,0.39575,0.411866666666667,0.45736,0.45172,0.4624,0.01068,0.0106856165006985,0.44608,0.46744,-0.0619884068378096,-0.0869174455786268,0.197562504455549,0.284479950034175,0.315084088773353,-0.111846484319444,0.457113415748907,0.967,0.9655,0.96825,0.00275000000000003,0.00275378527364308,0.964,0.9695,,,,,,,,22404,22404,22404,0,0,22404,22404,28.537,28.09,28.741,0.651,0.665945943752193,27.643,28.945,2.531,2.4945,2.5445,0.0499999999999998,0.0517332903779889,2.458,2.558,0.328000000000003,0.314500000000001,0.329000000000004,0.0145000000000035,0.0161967074843453,0.300999999999998,0.330000000000005,0,0,0,0,0,0,0,,,,,,,,,,,,,,,,,,,,,,,,,,,,,,,,,,,,,,,,,,,"landmark","cpu4","/Users/stefano/Documents/fastEmbedR-results/fastEmbedR-results/Macosko2015_retina/landmark/cpu4/20260721_084502_1071282/benchmark_summary_median_variability.csv"
"Macosko2015_retina","fastEmbedR_opentsne_cuda_full","t-SNE","cuda","full_pipeline",1,,44808,50,,30,"float32",,3,3,"success",0.924,0.923,0.9715,0.0485,0.0554346462061407,0.922,1.019,0.00300000000000011,0.00300000000000011,0.00300000000000011,0,0,0.00300000000000011,0.00300000000000011,0.368,0.361,0.3745,0.0135,0.0135030860670194,0.354,0.381,,,,,,,,,,,,,,,0.282,0.282,0.3345,0.0525,0.0606217782649107,0.282,0.387,1.01108169555664,1.0108814239502,1.01115608215332,0.000274658203125,0.000284111727620933,1.01068115234375,1.01123046875,2107,2107,2123,16,18.475208614068,2107,2139,2107,2107,2123,16,18.475208614068,2107,2139,0.923717029168774,0.92370574102175,0.926068765806778,0.00236302478502803,0.00272209218206028,0.923694452874726,0.928420502444782,0.386566666666667,0.3854,0.388766666666667,0.00336666666666707,0.00341911836156231,0.384233333333333,0.390966666666667,0.42605,0.423116666666666,0.427808333333333,0.00469166666666698,0.00474045825257932,0.420183333333333,0.429566666666667,0.46438,0.45803,0.46544,0.00740999999999997,0.00801474474536359,0.45168,0.4665,0.0767151631943785,0.0689116250896302,0.0783499406613394,0.00943831557170929,0.0100879302518707,0.0611080869848818,0.0799847181283004,0.9635,0.963,0.9695,0.00649999999999995,0.00723417813807024,0.9625,0.9755,1.916449683793,1.90916916101613,1.9170815621797,0.00791240116356495,0.00879436843945344,1.90188863823926,1.91771344056639,,,,,,,,,,,,,,,,,,,,,,,,,,,,,,,,,,,,,,,,,,,,,,,,,,,,,,,,,,,,,,,,,,,,,,,,,,,,,,"landmark","cuda","/Users/stefano/Documents/fastEmbedR-results/fastEmbedR-results/Macosko2015_retina/landmark/cuda/20260723_030752_1071293/benchmark_summary_median_variability.csv"
"Macosko2015_retina","fastEmbedR_opentsne_cuda_landmark","t-SNE","cuda","landmark_pipeline",1,,,,,30,"float32",0.5,3,0,"failed",,,,,,,,,,,,,,,,,,,,,,,,,,,,,,,,,,,,,,,,,,,0.904808044433594,0.904769897460938,0.905738830566406,0.00096893310546875,0.00109746659157419,0.904731750488281,0.906669616699219,2095,2095,2095,0,0,2095,2095,2095,2095,2095,0,0,2095,2095,,,,,,,,,,,,,,,,,,,,,,,,,,,,,,,,,,,,,,,,,,,,,,,,,,,,,,,,,,,,,,,,,,,,,,,,,,,,,,,,,,,,,,,,,,,,,,,,,,,,,,,,,,,,,,,,,,,,,,,,,,,,,,,"landmark","cuda","/Users/stefano/Documents/fastEmbedR-results/fastEmbedR-results/Macosko2015_retina/landmark/cuda/20260723_030752_1071293/benchmark_summary_median_variability.csv"
"Macosko2015_retina","fastEmbedR_umap_cuda_binary_full","UMAP","cuda","full_pipeline",1,,44808,50,30,,"float32",,3,3,"success",0.727,0.724,0.7315,0.00750000000000006,0.00754983443527076,0.721,0.736,0.00299999999999989,0.00249999999999994,0.003,0.000500000000000055,0.000577350269189626,0.002,0.00300000000000011,0.383,0.3825,0.3885,0.00600000000000001,0.0066583281184794,0.382,0.394,,,,,,,,,,,,,,,0.0970000000000002,0.0965000000000001,0.0990000000000001,0.00249999999999996,0.00264575131106452,0.0960000000000001,0.101,0.943233489990234,0.943220138549805,0.943271636962891,5.14984130859375e-05,5.34511554895622e-05,0.943206787109375,0.943309783935547,2139,2139,2139,0,0,2139,2139,2139,2139,2139,0,0,2139,2139,0.918922559433485,0.918347993592986,0.921872576294048,0.00352458270106204,0.00378201080549309,0.917773427752487,0.924822593154611,0.355033333333333,0.353633333333333,0.358083333333333,0.00444999999999995,0.00455082410119309,0.352233333333333,0.361133333333333,0.413966666666667,0.411716666666667,0.41745,0.00573333333333303,0.00577738246510858,0.409466666666667,0.420933333333333,0.46408,0.460705,0.46883,0.00812499999999994,0.00816368993368399,0.45733,0.47358,0.222784292105646,0.144627664616048,0.251892126462544,0.107264461846496,0.110939590819253,0.0664710371264503,0.280999960819443,0.964,0.96275,0.96675,0.004,0.00409267638593624,0.9615,0.9695,,,,,,,,,,,,,,,,,,,,,,,,,,,,,,,,,,,,,,,,,,,,,,,,,,,,,,,,,,,,,,,,,,,,,,,,,,,,,,,,,,,,,"landmark","cuda","/Users/stefano/Documents/fastEmbedR-results/fastEmbedR-results/Macosko2015_retina/landmark/cuda/20260723_030752_1071293/benchmark_summary_median_variability.csv"
"Macosko2015_retina","fastEmbedR_umap_cuda_binary_landmark","UMAP","cuda","landmark_pipeline",1,,,,30,,"float32",0.5,3,0,"failed",,,,,,,,,,,,,,,,,,,,,,,,,,,,,,,,,,,,,,,,,,,0.856361389160156,0.855358123779297,0.856956481933594,0.00159835815429688,0.00161563725772748,0.854354858398438,0.857551574707031,2071,2043,2071,28,32.331615074619,2015,2071,2071,2043,2071,28,32.331615074619,2015,2071,,,,,,,,,,,,,,,,,,,,,,,,,,,,,,,,,,,,,,,,,,,,,,,,,,,,,,,,,,,,,,,,,,,,,,,,,,,,,,,,,,,,,,,,,,,,,,,,,,,,,,,,,,,,,,,,,,,,,,,,,,,,,,,"landmark","cuda","/Users/stefano/Documents/fastEmbedR-results/fastEmbedR-results/Macosko2015_retina/landmark/cuda/20260723_030752_1071293/benchmark_summary_median_variability.csv"
"MetRef","fastEmbedR_opentsne_cpu_full","t-SNE","cpu","full_pipeline",1,1,873,375,,30,"float32",,3,3,"success",3.401,3.3795,3.4035,0.024,0.0263881286440197,3.358,3.406,0.00099999999999989,0.00099999999999989,0.000999999999999945,5.48606299277665e-17,6.3472791796645e-17,0.00099999999999989,0.001,0.332,0.3305,0.333,0.0025,0.00251661147842359,0.329,0.334,,,,,,,,,,,,,,,1.663,1.66,1.6635,0.00349999999999984,0.00378593889720015,1.657,1.664,0.510604858398438,0.510488510131836,0.511404037475586,0.00091552734375,0.000996799690224319,0.510372161865234,0.512203216552734,,,,,,,,,,,,,,,0.88761521011612,0.886461109988096,0.888943647103744,0.00248253711564794,0.00248457675351523,0.885307009860072,0.890272084091368,0.439557082856052,0.436120656739214,0.440817105765559,0.00469644902634597,0.00486164002822366,0.432684230622375,0.442077128675067,0.446888125238641,0.443604429171439,0.447842688048874,0.00423825887743451,0.00444647338404918,0.440320733104238,0.448797250859107,0.404879725085911,0.403379152348225,0.405234822451317,0.00185567010309295,0.00196999563646212,0.401878579610538,0.405589919816724,0.0310100026439473,0.0257404591941525,0.0483168248227911,0.0225763656286386,0.0236218326567799,0.0204709157443577,0.0656236470016349,0.709049255441008,0.709049255441008,0.714203894616266,0.00515463917525749,0.00595206463082061,0.709049255441008,0.719358533791523,1.83221103071495,1.83091525953256,1.83832055741364,0.00740529788108013,0.00790964711166673,1.82961948835017,1.84443008411233,,,,,,,,,,,,,,,,,,,,,,,,,,,,,,,,,,,,,,,,,,,,,,,,,,,,,,,,,,,,,,,,,,,,,,,,,,,,,,"landmark","cpu1","/Users/stefano/Documents/fastEmbedR-results/fastEmbedR-results/MetRef/landmark/cpu1/20260721_084932_1071273/benchmark_summary_median_variability.csv"
"MetRef","fastEmbedR_opentsne_cpu_landmark","t-SNE","cpu","landmark_pipeline",1,1,873,375,,30,"float32",0.50057273768614,3,3,"success",2.706,2.676,2.7075,0.0314999999999999,0.0355387112878338,2.646,2.709,0.00099999999999989,0.00099999999999989,0.00149999999999994,0.000500000000000055,0.000577350269189689,0.00099999999999989,0.002,,,,,,,,,,,,,,,,,,,,,,2.704,2.6745,2.706,0.0315000000000003,0.0352751092604026,2.645,2.708,0.511672973632812,0.511606216430664,0.511676788330078,7.05718994140625e-05,7.93787080638306e-05,0.511539459228516,0.511680603027344,,,,,,,,,,,,,,,0.834704939020282,0.83017559463648,0.836041731240033,0.00586613660355351,0.00614890411034991,0.825646250252678,0.837378523459785,0.294616265750286,0.292783505154639,0.296219931271477,0.00343642611683848,0.00343897067558541,0.290950744558992,0.297823596792669,0.317716685757923,0.314165712103856,0.321019473081329,0.00685376097747253,0.00685525868862003,0.31061473844979,0.324322260404735,0.33049255441008,0.329152348224513,0.333619702176403,0.00446735395189002,0.00458493599400751,0.327812142038946,0.336746849942726,-0.119515929086995,-0.121883154044958,-0.105066536846987,0.0168166171979705,0.018205993593508,-0.12425037900292,-0.090617144606979,0.509736540664376,0.509163802978236,0.518327605956472,0.00916380297823605,0.0102667656813659,0.508591065292096,0.526918671248568,2.19069570919203,2.18238334517266,2.21640651779565,0.03402317262299,0.0354750367627383,2.1740709811533,2.24211732639928,437,437,437,0,0,437,437,1.452,1.431,1.452,0.0209999999999999,0.0242487113059643,1.41,1.452,0.138,0.138,0.1395,0.0015,0.00173205080756886,0.138,0.141,,,,,,,,0.0829999999999997,0.0824999999999998,0.0839999999999999,0.00150000000000006,0.00152752523165202,0.0819999999999999,0.085,,,,,,,,,,,,,,,,,,,,,,,,,,,,,,,,,,,,,,,,,,,"landmark","cpu1","/Users/stefano/Documents/fastEmbedR-results/fastEmbedR-results/MetRef/landmark/cpu1/20260721_084932_1071273/benchmark_summary_median_variability.csv"
"MetRef","fastEmbedR_umap_cpu_binary_full","UMAP","cpu","full_pipeline",1,1,873,375,30,,"float32",,3,3,"success",4.61,4.5955,4.619,0.0234999999999994,0.0237135685491097,4.581,4.628,0.00100000000000011,0.00100000000000006,0.00200000000000006,0.001,0.00115470053837922,0.001,0.003,0.328,0.3275,0.3315,0.004,0.00435889894354068,0.327,0.335,,,,,,,,,,,,,,,3.907,3.903,3.9105,0.00749999999999984,0.0075055534994652,3.899,3.914,0.427017211914062,0.419979095458984,0.427135467529297,0.0071563720703125,0.00819604493376835,0.412940979003906,0.427253723144531,,,,,,,,,,,,,,,0.807346944275992,0.806790782292299,0.808656200166206,0.00186541787390748,0.00191542005531589,0.806234620308605,0.80996545605642,0.281939671630393,0.280068728522336,0.284956090110729,0.00488736158839248,0.00493190374722184,0.27819778541428,0.287972508591065,0.349904543718977,0.349541809851089,0.351870943108056,0.00232913325696799,0.00250641365899564,0.3491790759832,0.353837342497136,0.362474226804124,0.362164948453608,0.364043528064147,0.0018785796105385,0.00201451746016068,0.361855670103093,0.36561282932417,-0.0303113784483505,-0.0331615779103792,-0.0287067636882442,0.0044548142221349,0.00451248602992738,-0.0360117773724078,-0.027102148928138,0.565864833906071,0.562428407789233,0.56815578465063,0.00572737686139746,0.00576543294026025,0.558991981672394,0.570446735395189,,,,,,,,,,,,,,,,,,,,,,,,,,,,,,,,,,,,,,,,,,,,,,,,,,,,,,,,,,,,,,,,,,,,,,,,,,,,,,,,,,,,,"landmark","cpu1","/Users/stefano/Documents/fastEmbedR-results/fastEmbedR-results/MetRef/landmark/cpu1/20260721_084932_1071273/benchmark_summary_median_variability.csv"
"MetRef","fastEmbedR_umap_cpu_binary_landmark","UMAP","cpu","landmark_pipeline",1,1,873,375,30,,"float32",0.50057273768614,3,3,"success",3.063,3.0625,3.068,0.00550000000000006,0.00608276253029821,3.062,3.073,0.002,0.002,0.00200000000000006,5.50774703622636e-17,6.35982311220791e-17,0.002,0.00200000000000011,,,,,,,,,,,,,,,,,,,,,,3.061,3.0605,3.066,0.00549999999999962,0.00608276253029832,3.06,3.071,0.422855377197266,0.418317794799805,0.422872543334961,0.00455474853515625,0.00524948777872907,0.413780212402344,0.422889709472656,,,,,,,,,,,,,,,0.707335264919255,0.704360802281967,0.710223120634279,0.00586231835231255,0.00586253159623507,0.701386339644678,0.713110976349303,0.133562428407789,0.128713249331806,0.13516609392898,0.00645284459717449,0.006719398991482,0.123864070255823,0.136769759450172,0.182856051928217,0.180889652539137,0.187514318442153,0.0066246659030165,0.00680452652278005,0.178923253150057,0.19217258495609,0.224009163802978,0.222794959908362,0.229209621993127,0.00641466208476499,0.00681502976989879,0.221580756013746,0.234410080183276,-0.201846940032791,-0.202634038722846,-0.200048912548176,0.00258512617466999,0.00265019553018013,-0.203421137412902,-0.198250885063562,0.302405498281787,0.290378006872852,0.315005727376861,0.024627720504009,0.02462994031748,0.278350515463918,0.327605956471936,,,,,,,,437,437,437,0,0,437,437,2.283,2.2695,2.2925,0.0230000000000001,0.0231156512634479,2.256,2.302,0.149,0.148,0.15,0.002,0.002,0.147,0.151,0.0190000000000001,0.0190000000000001,0.0190000000000001,0,0,0.0190000000000001,0.0190000000000001,0,0,0,0,0,0,0,,,,,,,,,,,,,,,,,,,,,,,,,,,,,,,,,,,,,,,,,,,"landmark","cpu1","/Users/stefano/Documents/fastEmbedR-results/fastEmbedR-results/MetRef/landmark/cpu1/20260721_084932_1071273/benchmark_summary_median_variability.csv"
"MetRef","fastEmbedR_opentsne_cpu_full","t-SNE","cpu","full_pipeline",4,4,873,375,,30,"float32",,3,3,"success",1.936,1.9065,2.043,0.1365,0.143646556983916,1.877,2.15,0.001,0.001,0.001,0,0,0.001,0.001,0.243,0.24,0.2625,0.0225,0.0244335834457412,0.237,0.282,,,,,,,,,,,,,,,0.79,0.784,0.8095,0.0255,0.0266645832519467,0.778,0.829,0.517688751220703,0.517539978027344,0.517751693725586,0.000211715698242188,0.000217437744140625,0.517391204833984,0.517814636230469,,,,,,,,,,,,,,,0.884126586258788,0.882554410080184,0.885847045347349,0.00329263526716506,0.00329374805903149,0.880982233901579,0.887567504435909,0.439251622756777,0.437266132111492,0.439442535318824,0.00217640320733153,0.00241044278501447,0.435280641466208,0.439633447880871,0.442764413898435,0.441962581137839,0.444845360824743,0.00288277968690348,0.00297586901697607,0.441160748377243,0.44692630775105,0.402542955326461,0.402520045819015,0.403711340206186,0.00119129438717103,0.0013625540697789,0.402497136311569,0.404879725085911,0.0330833412114059,0.0267097516530476,0.0527941766172739,0.0260844249642263,0.0271972658180926,0.0203361620946893,0.0725050120231419,0.707903780068729,0.707903780068729,0.709049255441008,0.00114547537227949,0.0013226810290713,0.707903780068729,0.710194730813288,1.8338908207125,1.83177076922389,1.84384631696081,0.0120755477369152,0.0128950992502569,1.82965071773529,1.85380181320912,,,,,,,,,,,,,,,,,,,,,,,,,,,,,,,,,,,,,,,,,,,,,,,,,,,,,,,,,,,,,,,,,,,,,,,,,,,,,,"landmark","cpu4","/Users/stefano/Documents/fastEmbedR-results/fastEmbedR-results/MetRef/landmark/cpu4/20260721_084502_1071284/benchmark_summary_median_variability.csv"
"MetRef","fastEmbedR_opentsne_cpu_landmark","t-SNE","cpu","landmark_pipeline",4,4,873,375,,30,"float32",0.50057273768614,3,3,"success",1.898,1.838,1.9635,0.1255,0.125540166215173,1.778,2.029,0.001,0.001,0.001,0,0,0.001,0.001,,,,,,,,,,,,,,,,,,,,,,1.897,1.837,1.9625,0.1255,0.125540166215173,1.777,2.028,0.518550872802734,0.518470764160156,0.518556594848633,8.58306884765625e-05,9.59758424790125e-05,0.518390655517578,0.518562316894531,,,,,,,,,,,,,,,0.83418161399726,0.829937290838443,0.837100330166431,0.00716303932798801,0.00720380989786902,0.825692967679626,0.840019046335602,0.294005345551737,0.292439862542955,0.298205421916762,0.00576555937380702,0.00596283229210863,0.290874379534173,0.302405498281787,0.321420389461627,0.316017563955708,0.324379534173349,0.00836197021764051,0.00848015749826314,0.31061473844979,0.327338678885071,0.330675830469645,0.330630011454754,0.334776632302406,0.00414662084765149,0.00476187214639199,0.330584192439863,0.338877434135166,-0.102762782068318,-0.113526966915302,-0.0996386765987824,0.0138882903165196,0.0145719437806755,-0.124291151762286,-0.0965145711292469,0.531500572737686,0.520618556701031,0.534936998854525,0.0143184421534934,0.0149498067586495,0.509736540664376,0.538373424971363,2.17376892638033,2.16156740819016,2.20795622178939,0.0463888135992252,0.0480941454557252,2.14936588999999,2.24214351719844,437,437,437,0,0,437,437,1.032,0.996,1.0405,0.0445,0.047247574893674,0.96,1.049,0.123,0.114,0.124,0.01,0.0110151410945722,0.105,0.125,,,,,,,,0.0390000000000001,0.0345000000000001,0.0410000000000001,0.00649999999999995,0.00665832811847934,0.0300000000000002,0.0430000000000001,,,,,,,,,,,,,,,,,,,,,,,,,,,,,,,,,,,,,,,,,,,"landmark","cpu4","/Users/stefano/Documents/fastEmbedR-results/fastEmbedR-results/MetRef/landmark/cpu4/20260721_084502_1071284/benchmark_summary_median_variability.csv"
"MetRef","fastEmbedR_umap_cpu_binary_full","UMAP","cpu","full_pipeline",4,4,873,375,30,,"float32",,3,3,"success",0.96,0.9535,0.9955,0.0419999999999999,0.0452143045211726,0.947,1.031,0.001,0.001,0.001,0,0,0.001,0.001,0.242,0.2395,0.2645,0.025,0.0275378527364305,0.237,0.287,,,,,,,,,,,,,,,0.458,0.456,0.483,0.027,0.0300887575903913,0.454,0.508,0.420528411865234,0.420364379882812,0.424070358276367,0.00370597839355469,0.00418780505150276,0.420200347900391,0.4276123046875,,,,,,,,,,,,,,,0.801959167172023,0.800887586191406,0.801968555578015,0.00108096938660907,0.00124281099527696,0.79981600521079,0.801977943984008,0.278426880488736,0.27819778541428,0.279305078274151,0.00110729285987055,0.00116899198199905,0.277968690339824,0.280183276059565,0.347155402825506,0.345628102329133,0.34725085910653,0.00162275677739604,0.00182118976979176,0.344100801832761,0.347346315387553,0.360114547537228,0.358213058419244,0.360217640320733,0.002004581901489,0.0022575263139994,0.35631156930126,0.360320733104238,-0.0298519577240669,-0.0299769463330629,-0.0267635243755718,0.0032134219574912,0.00364052408107792,-0.030101934942059,-0.0236750910270766,0.550973654066438,0.540091638029782,0.553837342497136,0.013745704467354,0.0145043298306397,0.529209621993127,0.556701030927835,,,,,,,,,,,,,,,,,,,,,,,,,,,,,,,,,,,,,,,,,,,,,,,,,,,,,,,,,,,,,,,,,,,,,,,,,,,,,,,,,,,,,"landmark","cpu4","/Users/stefano/Documents/fastEmbedR-results/fastEmbedR-results/MetRef/landmark/cpu4/20260721_084502_1071284/benchmark_summary_median_variability.csv"
"MetRef","fastEmbedR_umap_cpu_binary_landmark","UMAP","cpu","landmark_pipeline",4,4,873,375,30,,"float32",0.50057273768614,3,3,"success",1.085,1.0565,1.122,0.0654999999999999,0.0656835849610337,1.028,1.159,0.001,0.001,0.001,0,0,0.001,0.001,,,,,,,,,,,,,,,,,,,,,,1.084,1.0555,1.121,0.0655000000000001,0.0656835849610337,1.027,1.158,0.420986175537109,0.420919418334961,0.420988082885742,6.866455078125e-05,7.82090470107105e-05,0.420852661132812,0.420989990234375,,,,,,,,,,,,,,,0.700195853828358,0.697456640388114,0.700584372122274,0.00312773173415959,0.00340949092356314,0.69471742694787,0.700972890416189,0.124627720504009,0.12455135547919,0.124627720504009,7.63650248185033e-05,8.81787352712626e-05,0.124474990454372,0.124627720504009,0.175028636884307,0.173291332569683,0.17626956853761,0.00297823596792701,0.00299199232735586,0.171554028255059,0.177510500190913,0.21745704467354,0.214158075601375,0.218625429553265,0.00446735395188999,0.00463361424791623,0.21085910652921,0.21979381443299,-0.199435696471104,-0.200834754325282,-0.196274907572798,0.004559846752484,0.00467191265223229,-0.202233812179459,-0.193114118674491,0.285223367697594,0.282359679266895,0.29495990836197,0.0126002290950745,0.0132102664314673,0.279495990836197,0.304696449026346,,,,,,,,437,437,437,0,0,437,437,0.501,0.498,0.5105,0.0125,0.0130511813003013,0.495,0.52,0.133,0.132,0.1355,0.0035,0.00360555127546399,0.131,0.138,0.016,0.0155000000000001,0.018,0.00249999999999995,0.00264575131106455,0.0150000000000001,0.02,0,0,0,0,0,0,0,,,,,,,,,,,,,,,,,,,,,,,,,,,,,,,,,,,,,,,,,,,"landmark","cpu4","/Users/stefano/Documents/fastEmbedR-results/fastEmbedR-results/MetRef/landmark/cpu4/20260721_084502_1071284/benchmark_summary_median_variability.csv"
"MetRef","fastEmbedR_opentsne_cuda_full","t-SNE","cuda","full_pipeline",1,,873,375,,30,"float32",,3,3,"success",0.72,0.7105,0.7645,0.054,0.0576570319504338,0.701,0.809,0.001,0.001,0.001,0,0,0.001,0.001,0.318,0.3155,0.324,0.00850000000000001,0.00873689494805411,0.313,0.33,,,,,,,,,,,,,,,0.112,0.111,0.1625,0.0515,0.0588982172905089,0.11,0.213,0.990318298339844,0.985021591186523,0.991142272949219,0.00612068176269531,0.00664313109234495,0.979724884033203,0.991966247558594,2021,2015,2023,8,8.32666399786453,2009,2025,2021,2015,2023,8,8.32666399786453,2009,2025,0.885785324439054,0.885703479100689,0.886229813804101,0.000526334703412012,0.000566449571199491,0.885621633762325,0.886674303169149,0.442535318823979,0.442229858724704,0.442535318823979,0.000305460099274513,0.000352714941085659,0.44192439862543,0.442535318823979,0.451431844215349,0.451431844215349,0.451699121802214,0.000267277586865511,0.000308625573450313,0.451431844215349,0.45196639938908,0.411592210767468,0.411592210767468,0.411603665521191,1.14547537229948e-05,1.32268102909438e-05,0.411592210767468,0.411615120274914,0.0551661868876473,0.0550484897656909,0.0554177247982139,0.000369235032522945,0.000377234182094914,0.0549307926437345,0.0556692627087804,0.722794959908362,0.722222222222222,0.722794959908362,0.000572737686139968,0.000661340514535908,0.721649484536082,0.722794959908362,1.82390319387515,1.82387515598381,1.82426901257658,0.000393856592760145,0.000439493997928954,1.82384711809248,1.824634831278,,,,,,,,,,,,,,,,,,,,,,,,,,,,,,,,,,,,,,,,,,,,,,,,,,,,,,,,,,,,,,,,,,,,,,,,,,,,,,"landmark","cuda","/Users/stefano/Documents/fastEmbedR-results/fastEmbedR-results/MetRef/landmark/cuda/20260723_031023_1071295/benchmark_summary_median_variability.csv"
"MetRef","fastEmbedR_opentsne_cuda_landmark","t-SNE","cuda","landmark_pipeline",1,,,,,30,"float32",0.5,3,0,"failed",,,,,,,,,,,,,,,,,,,,,,,,,,,,,,,,,,,,,,,,,,,0.903171539306641,0.874807357788086,0.903257369995117,0.0284500122070312,0.0328018023356932,0.846443176269531,0.903343200683594,2027,2013,2035,22,22.2710574513201,1999,2043,2027,2013,2035,22,22.2710574513201,1999,2043,,,,,,,,,,,,,,,,,,,,,,,,,,,,,,,,,,,,,,,,,,,,,,,,,,,,,,,,,,,,,,,,,,,,,,,,,,,,,,,,,,,,,,,,,,,,,,,,,,,,,,,,,,,,,,,,,,,,,,,,,,,,,,,"landmark","cuda","/Users/stefano/Documents/fastEmbedR-results/fastEmbedR-results/MetRef/landmark/cuda/20260723_031023_1071295/benchmark_summary_median_variability.csv"
"MetRef","fastEmbedR_umap_cuda_binary_full","UMAP","cuda","full_pipeline",1,,873,375,30,,"float32",,3,3,"success",0.616,0.6025,0.6255,0.0229999999999999,0.0231156512634478,0.589,0.635,0.001,0.001,0.001,0,0,0.001,0.001,0.324,0.3205,0.3265,0.00600000000000001,0.00602771377334171,0.317,0.329,,,,,,,,,,,,,,,0.036,0.033,0.041,0.00799999999999999,0.00808290376865476,0.03,0.046,0.909885406494141,0.909713745117188,0.914794921875,0.0050811767578125,0.00577068257934687,0.909542083740234,0.919704437255859,1993,1993,1993,0,0,1993,1993,1993,1993,1993,0,0,1993,1993,0.815871437234688,0.814490263459336,0.816838622734318,0.00234835927498145,0.00236049148452963,0.813109089683984,0.817805808233947,0.298358151966399,0.295952653684612,0.300458190148912,0.00450553646429952,0.0045089866698127,0.293547155402825,0.302558228331424,0.362466590301642,0.362313860252005,0.363822069492173,0.00150820924016803,0.00166039059985929,0.362161130202367,0.365177548682703,0.370561282932417,0.369954180985109,0.371431844215349,0.00147766323024046,0.001485471495019,0.369347079037801,0.372302405498282,-0.0188942874754057,-0.019737910749268,-0.0172666413560651,0.0024712693932029,0.00251238326850399,-0.0205815340231302,-0.0156389952367244,0.548682703321879,0.544100801832761,0.559564719358534,0.015463917525773,0.0158859443014238,0.539518900343643,0.570446735395189,,,,,,,,,,,,,,,,,,,,,,,,,,,,,,,,,,,,,,,,,,,,,,,,,,,,,,,,,,,,,,,,,,,,,,,,,,,,,,,,,,,,,"landmark","cuda","/Users/stefano/Documents/fastEmbedR-results/fastEmbedR-results/MetRef/landmark/cuda/20260723_031023_1071295/benchmark_summary_median_variability.csv"
"MetRef","fastEmbedR_umap_cuda_binary_landmark","UMAP","cuda","landmark_pipeline",1,,,,30,,"float32",0.5,3,0,"failed",,,,,,,,,,,,,,,,,,,,,,,,,,,,,,,,,,,,,,,,,,,0.837966918945312,0.837488174438477,0.838977813720703,0.00148963928222656,0.00152099303984603,0.837009429931641,0.839988708496094,1991,1991,1991,0,0,1991,1991,1991,1991,1991,0,0,1991,1991,,,,,,,,,,,,,,,,,,,,,,,,,,,,,,,,,,,,,,,,,,,,,,,,,,,,,,,,,,,,,,,,,,,,,,,,,,,,,,,,,,,,,,,,,,,,,,,,,,,,,,,,,,,,,,,,,,,,,,,,,,,,,,,"landmark","cuda","/Users/stefano/Documents/fastEmbedR-results/fastEmbedR-results/MetRef/landmark/cuda/20260723_031023_1071295/benchmark_summary_median_variability.csv"
"TabulaMuris","fastEmbedR_opentsne_cpu_full","t-SNE","cpu","full_pipeline",1,1,100102,50,,30,"float32",,3,3,"success",92.525,91.902,92.5885,0.686500000000009,0.758702181359726,91.279,92.652,0.00500000000000012,0.00500000000000006,0.00550000000000006,0.000500000000000005,0.000577350269189597,0.005,0.00600000000000001,13.552,13.4665,13.6045,0.138,0.139309009041052,13.381,13.657,,,,,,,,,,,,,,,77.439,76.8835,77.661,0.777500000000003,0.800987099355118,76.328,77.883,0.664241790771484,0.663873672485352,0.666349411010742,0.00247573852539062,0.00267168553434193,0.663505554199219,0.66845703125,,,,,,,,,,,,,,,0.977580003372113,0.976706297420334,0.97828647782836,0.00158018040802554,0.0015831273626192,0.975832591468555,0.978992952284606,0.629133333333333,0.626733333333333,0.630566666666666,0.00383333333333358,0.00387374830441102,0.624333333333333,0.632,0.618533333333333,0.614391666666666,0.623108333333333,0.00871666666666659,0.00872025632480882,0.61025,0.627683333333333,0.59256,0.5882,0.59454,0.00634000000000001,0.00648719764870267,0.58384,0.59652,-0.0180229796983108,-0.0222837128204601,-0.0125693322075653,0.00971438061289484,0.00973876475341996,-0.0265444459426095,-0.00711568471681982,0.835,0.83375,0.84425,0.0105,0.0114709778717132,0.8325,0.8535,1.71198428873755,1.71077580187584,1.71364738130315,0.00287157942731486,0.00288354940817392,1.70956731501412,1.71531047386875,,,,,,,,,,,,,,,,,,,,,,,,,,,,,,,,,,,,,,,,,,,,,,,,,,,,,,,,,,,,,,,,,,,,,,,,,,,,,,"landmark","cpu1","/Users/stefano/Documents/fastEmbedR-results/fastEmbedR-results/TabulaMuris/landmark/cpu1/20260721_084932_1071275/benchmark_summary_median_variability.csv"
"TabulaMuris","fastEmbedR_opentsne_cpu_landmark","t-SNE","cpu","landmark_pipeline",1,1,100102,50,,30,"float32",0.5,3,3,"success",92.416,92.0915,93.3405,1.249,1.29614852543989,91.767,94.265,0.00500000000000012,0.00450000000000006,0.00550000000000006,0.00100000000000001,0.001,0.004,0.00600000000000001,,,,,,,,,,,,,,,,,,,,,,92.41,92.0865,93.335,1.24850000000001,1.29589852997833,91.763,94.26,0.650794982910156,0.650735855102539,0.664142608642578,0.0134067535400391,0.0154467612414123,0.650676727294922,0.677490234375,,,,,,,,,,,,,,,0.98439763952116,0.984365275670207,0.984828410048896,0.000463134378688057,0.00051710999418996,0.984332911819255,0.985259180576631,0.633066666666667,0.633016666666667,0.63935,0.00633333333333297,0.00728440749770264,0.632966666666667,0.645633333333333,0.639583333333333,0.633375,0.642008333333333,0.00863333333333294,0.00890537187028938,0.627166666666667,0.644433333333333,0.61411,0.609695,0.614875,0.00517999999999996,0.00559224761015936,0.60528,0.61564,0.0126813517399117,0.00989728186492973,0.0165859270158274,0.00668864515089767,0.00671985749396028,0.00711321198994776,0.0204905022917431,0.8435,0.838,0.84675,0.00874999999999992,0.00884590300647705,0.8325,0.85,1.65987123098989,1.65914867412718,1.66238091522481,0.00323224109763487,0.00339293244771178,1.65842611726446,1.66489059945973,50051,50051,50051,0,0,50051,50051,75.163,74.9465,76.141,1.19449999999999,1.27284104794484,74.73,77.119,5.756,5.753,5.7605,0.00750000000000028,0.00754983443527057,5.75,5.765,,,,,,,,10.238,10.206,10.3025,0.0965000000000007,0.09830734119756,10.174,10.367,,,,,,,,,,,,,,,,,,,,,,,,,,,,,,,,,,,,,,,,,,,"landmark","cpu1","/Users/stefano/Documents/fastEmbedR-results/fastEmbedR-results/TabulaMuris/landmark/cpu1/20260721_084932_1071275/benchmark_summary_median_variability.csv"
"TabulaMuris","fastEmbedR_umap_cpu_binary_full","UMAP","cpu","full_pipeline",1,1,100102,50,30,,"float32",,3,3,"success",154.552,154.38,155.032,0.651999999999987,0.675814570228651,154.208,155.512,0.00700000000000001,0.00600000000000001,0.00700000000000001,0.001,0.00115470053837926,0.005,0.00700000000000001,13.092,13.0225,13.1465,0.123999999999999,0.124302051471406,12.953,13.201,,,,,,,,,,,,,,,141.05,141.0025,141.583,0.580500000000029,0.644631936327494,140.955,142.116,0.713157653808594,0.713001251220703,0.71318244934082,0.000181198120117188,0.000196484684138121,0.712844848632812,0.713207244873047,,,,,,,,,,,,,,,0.985575771370764,0.985285575788232,0.986806103523858,0.0015205277356265,0.001614504109186,0.984995380205699,0.988036435676952,0.637933333333333,0.634283333333333,0.639633333333333,0.00534999999999997,0.00546717477313463,0.630633333333333,0.641333333333333,0.650516666666667,0.649616666666667,0.651916666666667,0.00229999999999997,0.00231804515342847,0.648716666666667,0.653316666666667,0.63224,0.63059,0.632955,0.00236499999999995,0.00242582631969667,0.62894,0.63367,0.00578531465307152,-0.030321982073429,0.00630469076473876,0.0366266728381678,0.0419961886495676,-0.0664292787999295,0.006824066876406,0.8235,0.81775,0.8325,0.01475,0.0148688712864606,0.812,0.8415,,,,,,,,,,,,,,,,,,,,,,,,,,,,,,,,,,,,,,,,,,,,,,,,,,,,,,,,,,,,,,,,,,,,,,,,,,,,,,,,,,,,,"landmark","cpu1","/Users/stefano/Documents/fastEmbedR-results/fastEmbedR-results/TabulaMuris/landmark/cpu1/20260721_084932_1071275/benchmark_summary_median_variability.csv"
"TabulaMuris","fastEmbedR_umap_cpu_binary_landmark","UMAP","cpu","landmark_pipeline",1,1,100102,50,30,,"float32",0.5,3,3,"success",83.521,83.479,83.6515,0.172499999999999,0.179908309980389,83.437,83.782,0.00600000000000001,0.00600000000000001,0.00600000000000001,0,0,0.00600000000000001,0.00600000000000001,,,,,,,,,,,,,,,,,,,,,,83.515,83.473,83.6455,0.172499999999999,0.179908309980389,83.431,83.776,0.564739227294922,0.564680099487305,0.56483268737793,0.000152587890625,0.000153869964829244,0.564620971679688,0.564926147460938,,,,,,,,,,,,,,,0.987682751643905,0.987164213454729,0.989110799190693,0.00194658573596351,0.00201616759835376,0.986645675265554,0.990538846737481,0.6213,0.617016666666667,0.625883333333333,0.00886666666666691,0.00886835823463301,0.612733333333333,0.630466666666667,0.651233333333333,0.647575,0.654091666666667,0.0065166666666665,0.0065330144479999,0.643916666666667,0.65695,0.63576,0.633525,0.643235,0.00971,0.0101703801961054,0.63129,0.65071,0.0105209987115546,0.0044441912226169,0.0143588661209963,0.0099146748983794,0.00999858636176863,-0.0016326162663208,0.018196733530438,0.8335,0.8245,0.8345,0.01,0.0110151410945722,0.8155,0.8355,,,,,,,,50051,50051,50051,0,0,50051,50051,74.823,74.8035,74.9295,0.125999999999991,0.135642913563518,74.784,75.036,5.96100000000001,5.911,5.96850000000001,0.0575000000000054,0.0625166644450448,5.86099999999999,5.976,2.149,2.1475,2.15699999999999,0.00949999999999473,0.0102143689640239,2.146,2.16499999999999,0,0,0,0,0,0,0,,,,,,,,,,,,,,,,,,,,,,,,,,,,,,,,,,,,,,,,,,,"landmark","cpu1","/Users/stefano/Documents/fastEmbedR-results/fastEmbedR-results/TabulaMuris/landmark/cpu1/20260721_084932_1071275/benchmark_summary_median_variability.csv"
"TabulaMuris","fastEmbedR_opentsne_cpu_full","t-SNE","cpu","full_pipeline",4,4,100102,50,,30,"float32",,3,3,"success",48.176,46.5415,49.4905,2.949,2.95478160501472,44.907,50.805,0.00300000000000011,0.003,0.00350000000000006,0.000500000000000055,0.000577350269189626,0.00299999999999989,0.004,12.146,11.091,12.3675,1.2765,1.36419438986287,10.036,12.589,,,,,,,,,,,,,,,34.568,34.107,35.649,1.542,1.58300263213089,33.646,36.73,0.707939147949219,0.703205108642578,0.725423812866211,0.0222187042236328,0.0234064870323534,0.698471069335938,0.742908477783203,,,,,,,,,,,,,,,0.97680944191536,0.976734302815714,0.977887287135391,0.00115298431967648,0.00129015994978871,0.976659163716068,0.978965132355421,0.6261,0.625766666666666,0.62995,0.00418333333333354,0.00465000995618224,0.625433333333333,0.6338,0.61795,0.612,0.624533333333333,0.0125333333333335,0.0125386661231629,0.60605,0.631116666666667,0.59111,0.58659,0.59478,0.00819000000000014,0.00820468971584751,0.58207,0.59845,-0.0180952087122255,-0.0247693874518929,-0.0139415000176676,0.0108278874342253,0.0109252339122641,-0.0314435661915603,-0.00978779132310964,0.84,0.837,0.84525,0.00825000000000009,0.00835164654424507,0.834,0.8505,1.71132940926134,1.71009623051394,1.71356707992761,0.00347084941366527,0.00351896722406362,1.70886305176655,1.71580475059388,,,,,,,,,,,,,,,,,,,,,,,,,,,,,,,,,,,,,,,,,,,,,,,,,,,,,,,,,,,,,,,,,,,,,,,,,,,,,,"landmark","cpu4","/Users/stefano/Documents/fastEmbedR-results/fastEmbedR-results/TabulaMuris/landmark/cpu4/20260721_084502_1071286/benchmark_summary_median_variability.csv"
"TabulaMuris","fastEmbedR_opentsne_cpu_landmark","t-SNE","cpu","landmark_pipeline",4,4,100102,50,,30,"float32",0.5,3,3,"success",44.759,44.3525,46.4465,2.094,2.22077081212808,43.946,48.134,0.003,0.0025,0.003,5e-04,0.000577350269189626,0.002,0.003,,,,,,,,,,,,,,,,,,,,,,44.756,44.3495,46.444,2.0945,2.22133841035834,43.943,48.132,0.674041748046875,0.673664093017578,0.687305450439453,0.013641357421875,0.0155382336360214,0.673286437988281,0.700569152832031,,,,,,,,,,,,,,,0.98446958354409,0.984374439386275,0.984843963918395,0.000469524532119125,0.000496431506985749,0.984279295228461,0.985218344292699,0.634833333333333,0.633983333333333,0.638783333333333,0.00480000000000003,0.005122824741618,0.633133333333333,0.642733333333333,0.6385,0.634625,0.641925,0.00729999999999997,0.00730462182457104,0.63075,0.64535,0.61462,0.611155,0.61643,0.00527500000000003,0.0053608425954633,0.60769,0.61824,0.0145079751197272,0.0112670635636153,0.0175948103510859,0.00632774678747063,0.00632837203217605,0.00802615200750343,0.0206816455824447,0.847,0.83775,0.8485,0.01075,0.0116440256498057,0.8285,0.85,1.65905310716041,1.65488781524655,1.663430331516,0.00854251626945479,0.00854339253461537,1.65072252333269,1.6678075558716,50051,50051,50051,0,0,50051,50051,33.98,33.782,35.8875,2.10550000000001,2.32535165799355,33.584,37.795,4.445,4.442,4.451,0.00900000000000034,0.00916515138991154,4.439,4.457,,,,,,,,4.991,4.9865,5.1925,0.206000000000005,0.235313266377686,4.982,5.39400000000001,,,,,,,,,,,,,,,,,,,,,,,,,,,,,,,,,,,,,,,,,,,"landmark","cpu4","/Users/stefano/Documents/fastEmbedR-results/fastEmbedR-results/TabulaMuris/landmark/cpu4/20260721_084502_1071286/benchmark_summary_median_variability.csv"
"TabulaMuris","fastEmbedR_umap_cpu_binary_full","UMAP","cpu","full_pipeline",4,4,100102,50,30,,"float32",,3,3,"success",103.914,103.317,106.8035,3.48649999999999,3.7292806723728,102.72,109.693,0.003,0.003,0.00300000000000005,5.46437894932694e-17,6.3347846329699e-17,0.003,0.00300000000000011,10.207,10.054,11.2575,1.2035,1.31031077738578,9.901,12.308,,,,,,,,,,,,,,,93.423,93.0095,95.235,2.2255,2.36744257234116,92.596,97.047,0.710479736328125,0.710475921630859,0.710676193237305,0.000200271606445312,0.000229083078711415,0.710472106933594,0.710872650146484,,,,,,,,,,,,,,,0.986059298600573,0.984889546450851,0.98713395717417,0.00224441072331805,0.00224508212715813,0.98371979430113,0.988208615747766,0.6235,0.617066666666667,0.627066666666667,0.01,0.0101360376508407,0.610633333333333,0.630633333333333,0.64355,0.637083333333333,0.643625,0.00654166666666656,0.00751073922485,0.630616666666667,0.6437,0.62726,0.62285,0.629815,0.006965,0.00704685982075232,0.61844,0.63237,-0.0603478658175983,-0.0666215255622435,-0.0552513053566175,0.0113702202056261,0.0113905119185061,-0.0728951853068888,-0.0501547448956366,0.8175,0.8175,0.8275,0.01,0.0115470053837925,0.8175,0.8375,,,,,,,,,,,,,,,,,,,,,,,,,,,,,,,,,,,,,,,,,,,,,,,,,,,,,,,,,,,,,,,,,,,,,,,,,,,,,,,,,,,,,"landmark","cpu4","/Users/stefano/Documents/fastEmbedR-results/fastEmbedR-results/TabulaMuris/landmark/cpu4/20260721_084502_1071286/benchmark_summary_median_variability.csv"
"TabulaMuris","fastEmbedR_umap_cpu_binary_landmark","UMAP","cpu","landmark_pipeline",4,4,100102,50,30,,"float32",0.5,3,3,"success",55.376,55.151,55.899,0.748000000000005,0.767531975446841,54.926,56.422,0.004,0.0035,0.004,5e-04,0.000577350269189626,0.003,0.004,,,,,,,,,,,,,,,,,,,,,,55.372,55.147,55.8955,0.7485,0.76808397978346,54.922,56.419,0.565910339355469,0.565776824951172,0.565975189208984,0.0001983642578125,0.000202286889397627,0.565643310546875,0.5660400390625,,,,,,,,,,,,,,,0.986533535660091,0.986051879952791,0.988397243297926,0.00234536334513546,0.00247738135947415,0.98557022424549,0.990260950935761,0.610366666666667,0.6008,0.61175,0.01095,0.0119258045772525,0.591233333333333,0.613133333333333,0.638483333333333,0.635558333333333,0.64195,0.00639166666666702,0.006399312752453,0.632633333333333,0.645416666666667,0.62581,0.62369,0.63257,0.00888,0.00927528615910761,0.62157,0.63933,0.00725963815653867,-0.0177062266426733,0.014771022157114,0.0324772487997873,0.0340047740215,-0.0426720914418853,0.0222824061576894,0.821,0.80875,0.8235,0.0147499999999999,0.0157876534038469,0.7965,0.826,,,,,,,,50051,50051,50051,0,0,50051,50051,49.466,49.283,50.0145,0.731499999999997,0.761329319896019,49.1,50.563,4.562,4.5395,4.564,0.0244999999999997,0.0272090671161898,4.517,4.566,0.752000000000002,0.7075,0.759,0.0515000000000004,0.0558659108938551,0.662999999999997,0.765999999999998,0,0,0,0,0,0,0,,,,,,,,,,,,,,,,,,,,,,,,,,,,,,,,,,,,,,,,,,,"landmark","cpu4","/Users/stefano/Documents/fastEmbedR-results/fastEmbedR-results/TabulaMuris/landmark/cpu4/20260721_084502_1071286/benchmark_summary_median_variability.csv"
"TabulaMuris","fastEmbedR_opentsne_cuda_full","t-SNE","cuda","full_pipeline",1,,100102,50,,30,"float32",,3,3,"success",3.098,3.0935,3.188,0.0945,0.106616133863501,3.089,3.278,0.00500000000000012,0.005,0.00550000000000006,0.00050000000000006,0.000577350269189629,0.00499999999999989,0.00600000000000001,0.52,0.51,0.555,0.0449999999999999,0.0472581562625261,0.5,0.59,,,,,,,,,,,,,,,2.282,2.2775,2.3325,0.0550000000000002,0.061076454819622,2.273,2.383,0.817623138427734,0.817375183105469,0.817733764648438,0.00035858154296875,0.000367242631425743,0.817127227783203,0.817844390869141,927,927,927,0,0,927,927,927,927,927,0,0,927,927,0.983393289495869,0.983294545607823,0.984208337548474,0.000913791940650999,0.00100301857552769,0.983195801719777,0.985023385601079,0.640766666666667,0.637916666666667,0.642583333333334,0.00466666666666649,0.00470464703284977,0.635066666666667,0.6444,0.631033333333333,0.62705,0.636641666666667,0.00959166666666655,0.00963744145392205,0.623066666666667,0.64225,0.60013,0.59592,0.604085,0.00816499999999998,0.00816632720382918,0.59171,0.60804,0.0178444277388195,0.0142823553000457,0.0209136839449568,0.0066313286449111,0.00663742988988975,0.0107202828612718,0.023982940151094,0.8435,0.8395,0.84875,0.00924999999999998,0.00927811043981117,0.8355,0.854,1.66484422343121,1.66426930483957,1.66571540330802,0.0014460984684499,0.00145617914310523,1.66369438624792,1.66658658318482,,,,,,,,,,,,,,,,,,,,,,,,,,,,,,,,,,,,,,,,,,,,,,,,,,,,,,,,,,,,,,,,,,,,,,,,,,,,,,"landmark","cuda","/Users/stefano/Documents/fastEmbedR-results/fastEmbedR-results/TabulaMuris/landmark/cuda/20260723_031201_1071297/benchmark_summary_median_variability.csv"
"TabulaMuris","fastEmbedR_opentsne_cuda_landmark","t-SNE","cuda","landmark_pipeline",1,,,,,30,"float32",0.5,3,0,"failed",,,,,,,,,,,,,,,,,,,,,,,,,,,,,,,,,,,,,,,,,,,0.946357727050781,0.944248199462891,0.946414947509766,0.002166748046875,0.00246957188241669,0.942138671875,0.94647216796875,2149,2149,2149,0,0,2149,2149,2149,2149,2149,0,0,2149,2149,,,,,,,,,,,,,,,,,,,,,,,,,,,,,,,,,,,,,,,,,,,,,,,,,,,,,,,,,,,,,,,,,,,,,,,,,,,,,,,,,,,,,,,,,,,,,,,,,,,,,,,,,,,,,,,,,,,,,,,,,,,,,,,"landmark","cuda","/Users/stefano/Documents/fastEmbedR-results/fastEmbedR-results/TabulaMuris/landmark/cuda/20260723_031201_1071297/benchmark_summary_median_variability.csv"
"TabulaMuris","fastEmbedR_umap_cuda_binary_full","UMAP","cuda","full_pipeline",1,,100102,50,30,,"float32",,3,3,"success",0.972,0.97,0.981,0.011,0.0117189305541646,0.968,0.99,0.00600000000000001,0.00600000000000001,0.00600000000000001,0,0,0.00600000000000001,0.00600000000000001,0.529,0.523,0.533,0.01,0.0100664459136943,0.517,0.537,,,,,,,,,,,,,,,0.171,0.1705,0.1725,0.00199999999999997,0.00208166599946612,0.17,0.174,0.771183013916016,0.771154403686523,0.772130966186523,0.0009765625,0.00111148740247735,0.771125793457031,0.773078918457031,799,799,799,0,0,799,799,799,799,799,0,0,799,799,0.981269145169449,0.980938863598044,0.983201702916877,0.00226283931883298,0.00244462773531566,0.98060858202664,0.985134260664306,0.6351,0.628833333333334,0.6373,0.0084666666666664,0.00878618444132793,0.622566666666667,0.6395,0.646816666666667,0.644716666666667,0.647491666666667,0.00277499999999997,0.0028943911276813,0.642616666666667,0.648166666666667,0.6333,0.62704,0.63404,0.0069999999999999,0.0076913457860117,0.62078,0.63478,-0.0113068131655775,-0.0139577739850078,0.0173229650212702,0.031280739006278,0.0346907905653469,-0.0166087348044381,0.0459527432081179,0.8205,0.8175,0.82625,0.00874999999999992,0.00889288104796938,0.8145,0.832,,,,,,,,,,,,,,,,,,,,,,,,,,,,,,,,,,,,,,,,,,,,,,,,,,,,,,,,,,,,,,,,,,,,,,,,,,,,,,,,,,,,,"landmark","cuda","/Users/stefano/Documents/fastEmbedR-results/fastEmbedR-results/TabulaMuris/landmark/cuda/20260723_031201_1071297/benchmark_summary_median_variability.csv"
"TabulaMuris","fastEmbedR_umap_cuda_binary_landmark","UMAP","cuda","landmark_pipeline",1,,,,30,,"float32",0.5,3,0,"failed",,,,,,,,,,,,,,,,,,,,,,,,,,,,,,,,,,,,,,,,,,,0.889854431152344,0.887371063232422,0.890773773193359,0.0034027099609375,0.00352048681220265,0.8848876953125,0.891693115234375,2149,2149,2149,0,0,2149,2149,2149,2149,2149,0,0,2149,2149,,,,,,,,,,,,,,,,,,,,,,,,,,,,,,,,,,,,,,,,,,,,,,,,,,,,,,,,,,,,,,,,,,,,,,,,,,,,,,,,,,,,,,,,,,,,,,,,,,,,,,,,,,,,,,,,,,,,,,,,,,,,,,,"landmark","cuda","/Users/stefano/Documents/fastEmbedR-results/fastEmbedR-results/TabulaMuris/landmark/cuda/20260723_031201_1071297/benchmark_summary_median_variability.csv"
"USPS","fastEmbedR_opentsne_cpu_full","t-SNE","cpu","full_pipeline",1,1,11000,256,,30,"float32",,3,3,"success",19.651,19.6195,19.6685,0.0489999999999995,0.0496621921921825,19.588,19.686,0.004,0.0035,0.004,5e-04,0.000577350269189626,0.003,0.004,3.548,3.5135,3.601,0.0874999999999999,0.0881494942318634,3.479,3.654,,,,,,,,,,,,,,,14.799,14.781,14.818,0.0370000000000008,0.037004504230341,14.763,14.837,0.564304351806641,0.556686401367188,0.571769714355469,0.0150833129882812,0.0150835702578637,0.549068450927734,0.579235076904297,,,,,,,,,,,,,,,0.950708611790274,0.94955651181744,0.952462526487368,0.00290601466992702,0.00292671287441669,0.948404411844607,0.954216441184461,0.45184,0.447013333333333,0.458053333333334,0.01104,0.0110689903852225,0.442186666666667,0.464266666666667,0.455226666666667,0.453906666666667,0.46592,0.012013333333333,0.0131759871371001,0.452586666666667,0.476613333333333,0.462336,0.45972,0.473496,0.013776,0.0146325489235471,0.457104,0.484656,0.176671425734639,0.176069459457674,0.184415620792035,0.0083461613343615,0.00930925451740716,0.175467493180709,0.192159815849432,0.7384,0.7324,0.7412,0.00880000000000003,0.00899184816004656,0.7264,0.744,2.07451446520661,2.0694612368889,2.07454237304843,0.0050811361595251,0.00585114461452479,2.0644080085712,2.07457028089025,,,,,,,,,,,,,,,,,,,,,,,,,,,,,,,,,,,,,,,,,,,,,,,,,,,,,,,,,,,,,,,,,,,,,,,,,,,,,,"landmark","cpu1","/Users/stefano/Documents/fastEmbedR-results/fastEmbedR-results/USPS/landmark/cpu1/20260721_084932_1071276/benchmark_summary_median_variability.csv"
"USPS","fastEmbedR_opentsne_cpu_landmark","t-SNE","cpu","landmark_pipeline",1,1,11000,256,,30,"float32",0.5,3,3,"success",9.517,9.4775,9.5175,0.0400000000000009,0.0459020696701137,9.438,9.518,0.003,0.003,0.003,0,0,0.003,0.003,,,,,,,,,,,,,,,,,,,,,,9.514,9.4745,9.5145,0.0400000000000009,0.0459020696701137,9.435,9.515,0.560428619384766,0.560394287109375,0.560544967651367,0.000150680541992188,0.000157945665783618,0.560359954833984,0.560661315917969,,,,,,,,,,,,,,,0.93559967400163,0.932461265960337,0.937229796251019,0.00476853029068192,0.00484738999976668,0.929322857919044,0.938859918500408,0.424906666666667,0.424746666666667,0.43592,0.011173333333333,0.0128104771935286,0.424586666666667,0.446933333333333,0.445653333333333,0.4432,0.46112,0.0179199999999999,0.019431298159108,0.440746666666667,0.476586666666667,0.455216,0.45512,0.471256,0.016136,0.0185770703108249,0.455024,0.487296,0.131261097888826,0.128361204139549,0.134605264814167,0.00624406067461752,0.00624932689121755,0.125461310390273,0.137949431739508,0.7088,0.7052,0.716,0.0107999999999999,0.010998181667894,0.7016,0.7232,2.10633926251801,2.09904668095858,2.10649150152411,0.0074448205655302,0.00851000492631488,2.09175409939915,2.10664374053021,5500,5500,5500,0,0,5500,5500,5.875,5.858,5.9175,0.0594999999999999,0.0612943716828877,5.841,5.96,1.629,1.6145,1.638,0.0234999999999999,0.0237135685491098,1.6,1.647,,,,,,,,1.165,1.1635,1.168,0.00450000000000017,0.00458257569495589,1.162,1.171,,,,,,,,,,,,,,,,,,,,,,,,,,,,,,,,,,,,,,,,,,,"landmark","cpu1","/Users/stefano/Documents/fastEmbedR-results/fastEmbedR-results/USPS/landmark/cpu1/20260721_084932_1071276/benchmark_summary_median_variability.csv"
"USPS","fastEmbedR_umap_cpu_binary_full","UMAP","cpu","full_pipeline",1,1,11000,256,30,,"float32",,3,3,"success",19.476,19.4505,19.536,0.0855000000000032,0.0877895210147542,19.425,19.596,0.004,0.0035,0.005,0.0015,0.00152752523165195,0.003,0.00600000000000001,3.499,3.4735,3.5015,0.028,0.0309892454463373,3.448,3.504,,,,,,,,,,,,,,,15.752,15.699,15.78,0.0809999999999995,0.0822759584163762,15.646,15.808,0.42962646484375,0.428266525268555,0.429727554321289,0.00146102905273438,0.00163182119600268,0.426906585693359,0.429828643798828,,,,,,,,,,,,,,,0.941262743819614,0.939854256995381,0.944460353164901,0.00460609616951901,0.00472049874356211,0.938445770171149,0.947657962510187,0.424266666666667,0.42176,0.43,0.00823999999999997,0.00844796184054223,0.419253333333333,0.435733333333333,0.459146666666667,0.458133333333334,0.471546666666667,0.0134133333333335,0.0149377453799775,0.45712,0.483946666666667,0.47856,0.477216,0.49152,0.014304,0.0157981507778601,0.475872,0.50448,0.219755777187125,0.21856476695407,0.231386458656168,0.0128216917020985,0.0141677341146057,0.217373756721014,0.243017140125211,0.7144,0.7076,0.7228,0.0152,0.0152280443042872,0.7008,0.7312,,,,,,,,,,,,,,,,,,,,,,,,,,,,,,,,,,,,,,,,,,,,,,,,,,,,,,,,,,,,,,,,,,,,,,,,,,,,,,,,,,,,,"landmark","cpu1","/Users/stefano/Documents/fastEmbedR-results/fastEmbedR-results/USPS/landmark/cpu1/20260721_084932_1071276/benchmark_summary_median_variability.csv"
"USPS","fastEmbedR_umap_cpu_binary_landmark","UMAP","cpu","landmark_pipeline",1,1,11000,256,30,,"float32",0.5,3,3,"success",23.734,23.491,23.875,0.384,0.388489382094285,23.248,24.016,0.003,0.003,0.0035,5e-04,0.000577350269189626,0.003,0.004,,,,,,,,,,,,,,,,,,,,,,23.731,23.488,23.8715,0.383500000000002,0.388039087378235,23.245,24.012,0.439311981201172,0.439102172851562,0.439998626708984,0.000896453857421875,0.000937774356460179,0.438892364501953,0.440685272216797,,,,,,,,,,,,,,,0.935857299646835,0.933174007063298,0.939495289323554,0.00632128226025563,0.00634526791609813,0.930490714479761,0.943133279000272,0.391413333333333,0.388293333333333,0.396613333333333,0.00832000000000005,0.00840621991940097,0.385173333333333,0.401813333333333,0.441546666666667,0.43832,0.45368,0.01536,0.0161979166470167,0.435093333333333,0.465813333333333,0.471744,0.468512,0.485184,0.016672,0.0176830428754028,0.46528,0.498624,0.178192292483278,0.176310614321812,0.195194934357707,0.018884320035894,0.020804616260684,0.174428936160347,0.212197576232135,0.688,0.6824,0.7004,0.018,0.0184231738127103,0.6768,0.7128,,,,,,,,5500,5500,5500,0,0,5500,5500,21.36,21.1075,21.484,0.3765,0.383739929292396,20.855,21.608,1.702,1.692,1.7125,0.0205,0.0205020324195758,1.682,1.723,0.23,0.2295,0.231500000000001,0.002000000000001,0.00208166599946709,0.228999999999999,0.233000000000001,0,0,0,0,0,0,0,,,,,,,,,,,,,,,,,,,,,,,,,,,,,,,,,,,,,,,,,,,"landmark","cpu1","/Users/stefano/Documents/fastEmbedR-results/fastEmbedR-results/USPS/landmark/cpu1/20260721_084932_1071276/benchmark_summary_median_variability.csv"
"USPS","fastEmbedR_opentsne_cpu_full","t-SNE","cpu","full_pipeline",4,4,11000,256,,30,"float32",,3,3,"success",12.42,12.414,12.5605,0.146500000000001,0.165808122036689,12.408,12.701,0.003,0.003,0.003,0,0,0.003,0.003,2.745,2.724,2.9385,0.2145,0.236493128864244,2.703,3.132,,,,,,,,,,,,,,,8.464,8.218,8.638,0.42,0.422052129481655,7.972,8.812,0.568485260009766,0.563892364501953,0.578840255737305,0.0149478912353516,0.0153136122028069,0.559299468994141,0.589195251464844,,,,,,,,,,,,,,,0.948599271936974,0.948457353979897,0.951374995925021,0.00291764194512345,0.00329012855719466,0.94831543602282,0.954150719913067,0.4528,0.448586666666666,0.459066666666667,0.01048,0.0105468380376581,0.444373333333333,0.465333333333333,0.453973333333333,0.452853333333333,0.469813333333333,0.01696,0.0189701801080889,0.451733333333333,0.485653333333333,0.460848,0.458656,0.474928,0.0162720000000001,0.0176602991292145,0.456464,0.489008,0.176601760733508,0.175246405388299,0.183210953233129,0.0079645478448305,0.00852261446511315,0.17389105004309,0.189820145732751,0.74,0.734,0.7412,0.00719999999999998,0.00771492060879435,0.728,0.7424,2.0623228393979,2.06112656919284,2.0665558733224,0.00542930412956455,0.00570537652516381,2.05993029898778,2.07078890724691,,,,,,,,,,,,,,,,,,,,,,,,,,,,,,,,,,,,,,,,,,,,,,,,,,,,,,,,,,,,,,,,,,,,,,,,,,,,,,"landmark","cpu4","/Users/stefano/Documents/fastEmbedR-results/fastEmbedR-results/USPS/landmark/cpu4/20260721_084502_1071287/benchmark_summary_median_variability.csv"
"USPS","fastEmbedR_opentsne_cpu_landmark","t-SNE","cpu","landmark_pipeline",4,4,11000,256,,30,"float32",0.5,3,3,"success",6.975,6.9635,6.9985,0.0350000000000001,0.0356791255498227,6.952,7.022,0.002,0.002,0.002,0,0,0.002,0.002,,,,,,,,,,,,,,,,,,,,,,6.973,6.9615,6.9965,0.0349999999999993,0.0356791255498222,6.95,7.02,0.572696685791016,0.563377380371094,0.607118606567383,0.0437412261962891,0.0460797348994053,0.554058074951172,0.64154052734375,,,,,,,,,,,,,,,0.933720054333062,0.932594295028525,0.93706812279272,0.00447382776419447,0.00465417599480882,0.931468535723988,0.940416191252377,0.431146666666667,0.42968,0.44184,0.01216,0.0132756440870461,0.428213333333333,0.452533333333333,0.448266666666667,0.447933333333334,0.463386666666667,0.0154533333333335,0.01765466930158,0.4476,0.478506666666667,0.459872,0.458888,0.473928,0.0150400000000001,0.0168273783262079,0.457904,0.487984,0.127953323892442,0.127046541289658,0.1378145815444,0.010768040254742,0.0119447993730819,0.126139758686875,0.147675839196359,0.7064,0.6976,0.7088,0.0112000000000001,0.0117937836733312,0.6888,0.7112,2.08200375751238,2.07761174451192,2.09409375979275,0.0164820152808396,0.0170707305263243,2.07321973151145,2.10618376207313,5500,5500,5500,0,0,5500,5500,4.595,4.573,4.597,0.0239999999999991,0.0266333124739175,4.551,4.599,1.25,1.242,1.257,0.0150000000000001,0.0150111069989303,1.234,1.264,,,,,,,,0.438000000000001,0.4365,0.448500000000001,0.012,0.0130766968306218,0.435,0.459,,,,,,,,,,,,,,,,,,,,,,,,,,,,,,,,,,,,,,,,,,,"landmark","cpu4","/Users/stefano/Documents/fastEmbedR-results/fastEmbedR-results/USPS/landmark/cpu4/20260721_084502_1071287/benchmark_summary_median_variability.csv"
"USPS","fastEmbedR_umap_cpu_binary_full","UMAP","cpu","full_pipeline",4,4,11000,256,30,,"float32",,3,3,"success",15.448,14.959,15.577,0.618,0.65201533724292,14.47,15.706,0.002,0.002,0.002,0,0,0.002,0.002,3.231,2.948,3.2375,0.2895,0.330596934851691,2.665,3.244,,,,,,,,,,,,,,,11.903,11.7295,12.0325,0.303000000000001,0.304063041709008,11.556,12.162,0.429817199707031,0.429086685180664,0.430543899536133,0.00145721435546875,0.00145721601982088,0.428356170654297,0.431270599365234,,,,,,,,,,,,,,,0.938676055419723,0.935549252920402,0.94090579733768,0.00535654441727806,0.00538152462812828,0.932422450421081,0.943135539255637,0.414666666666667,0.401413333333334,0.416213333333334,0.0148,0.0162702801086772,0.38816,0.41776,0.453893333333333,0.443093333333333,0.460573333333333,0.01748,0.0176411035180154,0.432293333333333,0.467253333333333,0.47216,0.46716,0.481144,0.013984,0.0141719091162765,0.46216,0.490128,0.215426856176665,0.213413059439474,0.217736306930415,0.00432324749094054,0.00432661599487319,0.211399262702283,0.220045757684164,0.708,0.694,0.7084,0.0144,0.0164016259356605,0.68,0.7088,,,,,,,,,,,,,,,,,,,,,,,,,,,,,,,,,,,,,,,,,,,,,,,,,,,,,,,,,,,,,,,,,,,,,,,,,,,,,,,,,,,,,"landmark","cpu4","/Users/stefano/Documents/fastEmbedR-results/fastEmbedR-results/USPS/landmark/cpu4/20260721_084502_1071287/benchmark_summary_median_variability.csv"
"USPS","fastEmbedR_umap_cpu_binary_landmark","UMAP","cpu","landmark_pipeline",4,4,11000,256,30,,"float32",0.5,3,3,"success",5.795,5.781,5.869,0.0879999999999992,0.0945727233402948,5.767,5.943,0.002,0.002,0.0025,5e-04,0.000577350269189626,0.002,0.003,,,,,,,,,,,,,,,,,,,,,,5.793,5.779,5.8665,0.0875000000000004,0.0940017730329242,5.765,5.94,0.439586639404297,0.43876838684082,0.440347671508789,0.00157928466796875,0.00157963016434965,0.437950134277344,0.441108703613281,,,,,,,,,,,,,,,0.9335379733768,0.931897332246672,0.937279652268405,0.00538232002173356,0.00551732018659464,0.930256691116544,0.941021331160011,0.378506666666667,0.378186666666667,0.384693333333333,0.00650666666666649,0.00733548251335254,0.377866666666667,0.39088,0.430533333333333,0.429026666666667,0.444813333333333,0.0157866666666665,0.0174242606517251,0.42752,0.459093333333333,0.46216,0.459576,0.47752,0.017944,0.0194009242391524,0.456992,0.49288,0.161479463159693,0.157584278521046,0.174341955969191,0.0167576774481455,0.0175392120328449,0.153689093882399,0.18720444877869,0.6824,0.6764,0.6984,0.022,0.0227449628123093,0.6704,0.7144,,,,,,,,5500,5500,5500,0,0,5500,5500,4.083,4.0715,4.145,0.0734999999999992,0.0790716974228664,4.06,4.207,1.293,1.2845,1.293,0.00849999999999995,0.00981495457622358,1.276,1.293,0.0840000000000005,0.0815000000000001,0.0870000000000002,0.0055000000000001,0.00550757054728618,0.0789999999999997,0.0899999999999999,0,0,0,0,0,0,0,,,,,,,,,,,,,,,,,,,,,,,,,,,,,,,,,,,,,,,,,,,"landmark","cpu4","/Users/stefano/Documents/fastEmbedR-results/fastEmbedR-results/USPS/landmark/cpu4/20260721_084502_1071287/benchmark_summary_median_variability.csv"
"USPS","fastEmbedR_opentsne_cuda_full","t-SNE","cuda","full_pipeline",1,,11000,256,,30,"float32",,3,3,"success",0.789,0.782,0.825,0.0429999999999999,0.0461446999484592,0.775,0.861,0.003,0.003,0.003,0,0,0.003,0.003,0.32,0.3185,0.3415,0.023,0.0257358375292768,0.317,0.363,,,,,,,,,,,,,,,0.155,0.1515,0.198,0.0465,0.0517912476518314,0.148,0.241,0.987159729003906,0.987119674682617,0.9873046875,0.000185012817382812,0.000194674183940955,0.987079620361328,0.987449645996094,2011,2011,2027,16,18.475208614068,2011,2043,2011,2011,2027,16,18.475208614068,2011,2043,0.954189665851671,0.951898527574029,0.954735474055963,0.002836946481934,0.0030105909214534,0.949607389296387,0.955281282260255,0.45648,0.45176,0.45928,0.00752000000000003,0.00760126305294061,0.44704,0.46208,0.45664,0.454413333333334,0.46852,0.0141066666666665,0.0151677396445852,0.452186666666667,0.4804,0.463248,0.461088,0.476544,0.015456,0.0167399154119727,0.458928,0.48984,0.201835709413754,0.200846732254449,0.209459474882404,0.00861274262795403,0.00942617671939776,0.199857755095145,0.217083240351053,0.7408,0.7372,0.7436,0.00639999999999996,0.00641664502160848,0.7336,0.7464,2.02871981328192,2.02490531254078,2.02951142567149,0.00460611313070469,0.00492567046213495,2.02109081179964,2.03030303806105,,,,,,,,,,,,,,,,,,,,,,,,,,,,,,,,,,,,,,,,,,,,,,,,,,,,,,,,,,,,,,,,,,,,,,,,,,,,,,"landmark","cuda","/Users/stefano/Documents/fastEmbedR-results/fastEmbedR-results/USPS/landmark/cuda/20260723_031257_1071298/benchmark_summary_median_variability.csv"
"USPS","fastEmbedR_opentsne_cuda_landmark","t-SNE","cuda","landmark_pipeline",1,,,,,30,"float32",0.5,3,0,"failed",,,,,,,,,,,,,,,,,,,,,,,,,,,,,,,,,,,,,,,,,,,0.922298431396484,0.922294616699219,0.922313690185547,1.9073486328125e-05,2.01854805836837e-05,0.922290802001953,0.922328948974609,2001,2001,2005,4,4.61880215351701,2001,2009,2001,2001,2005,4,4.61880215351701,2001,2009,,,,,,,,,,,,,,,,,,,,,,,,,,,,,,,,,,,,,,,,,,,,,,,,,,,,,,,,,,,,,,,,,,,,,,,,,,,,,,,,,,,,,,,,,,,,,,,,,,,,,,,,,,,,,,,,,,,,,,,,,,,,,,,"landmark","cuda","/Users/stefano/Documents/fastEmbedR-results/fastEmbedR-results/USPS/landmark/cuda/20260723_031257_1071298/benchmark_summary_median_variability.csv"
"USPS","fastEmbedR_umap_cuda_binary_full","UMAP","cuda","full_pipeline",1,,11000,256,30,,"float32",,3,3,"success",0.625,0.6245,0.627,0.00249999999999995,0.00264575131106459,0.624,0.629,0.003,0.003,0.0035,5e-04,0.000577350269189626,0.003,0.004,0.321,0.3195,0.3255,0.00600000000000001,0.0062449979983984,0.318,0.33,,,,,,,,,,,,,,,0.036,0.0359999999999999,0.0375,0.00150000000000005,0.00173205080756888,0.0359999999999998,0.0389999999999999,0.921085357666016,0.917539596557617,0.921098709106445,0.00355911254882812,0.00410202244703904,0.913993835449219,0.921112060546875,1995,1995,1995,0,0,1995,1995,1995,1995,1995,0,0,1995,1995,0.916176212985602,0.913432610703613,0.917941363759848,0.00450875305623455,0.004544004464468,0.910689008421625,0.919706514534094,0.355893333333333,0.355333333333333,0.363573333333333,0.00823999999999997,0.00920845987846682,0.354773333333333,0.371253333333333,0.390453333333333,0.390426666666666,0.403026666666667,0.0126000000000001,0.0145338552403742,0.3904,0.4156,0.416976,0.41268,0.429504,0.016824,0.0174824364434709,0.408384,0.442032,0.130013921831122,0.128110101336068,0.147453036892179,0.0193429355561115,0.021321294871842,0.126206280841013,0.164892151953236,0.6816,0.6752,0.6912,0.016,0.0161063134619109,0.6688,0.7008,,,,,,,,,,,,,,,,,,,,,,,,,,,,,,,,,,,,,,,,,,,,,,,,,,,,,,,,,,,,,,,,,,,,,,,,,,,,,,,,,,,,,"landmark","cuda","/Users/stefano/Documents/fastEmbedR-results/fastEmbedR-results/USPS/landmark/cuda/20260723_031257_1071298/benchmark_summary_median_variability.csv"
"USPS","fastEmbedR_umap_cuda_binary_landmark","UMAP","cuda","landmark_pipeline",1,,,,30,,"float32",0.5,3,0,"failed",,,,,,,,,,,,,,,,,,,,,,,,,,,,,,,,,,,,,,,,,,,0.859977722167969,0.859977722167969,0.860902786254883,0.000925064086914062,0.00106817199919498,0.859977722167969,0.861827850341797,1999,1996,1999,3,3.46410161513775,1993,1999,1999,1996,1999,3,3.46410161513775,1993,1999,,,,,,,,,,,,,,,,,,,,,,,,,,,,,,,,,,,,,,,,,,,,,,,,,,,,,,,,,,,,,,,,,,,,,,,,,,,,,,,,,,,,,,,,,,,,,,,,,,,,,,,,,,,,,,,,,,,,,,,,,,,,,,,"landmark","cuda","/Users/stefano/Documents/fastEmbedR-results/fastEmbedR-results/USPS/landmark/cuda/20260723_031257_1071298/benchmark_summary_median_variability.csv"
"flow18","fastEmbedR_opentsne_cpu_full","t-SNE","cpu","full_pipeline",1,1,1000021,11,,30,"float32",,3,3,"success",462.036,455.957,465.841,9.88400000000001,9.97081481123786,449.878,469.646,0.00900000000000012,0.00900000000000001,0.00950000000000006,0.000500000000000049,0.00057735026918962,0.0089999999999999,0.01,246.728,241.919,250.179,8.25999999999999,8.29712729402974,237.11,253.63,,,,,,,,,,,,,,,213.989,212.74,214.3415,1.60149999999999,1.68306456600253,211.491,214.694,1.92712020874023,1.92712020874023,1.93241882324219,0.00529861450195312,0.00611831301806938,1.92712020874023,1.93771743774414,,,,,,,,,,,,,,,0.975126740853145,0.974996501433148,0.975413117518126,0.000416616084977561,0.000426257248640999,0.974866262013151,0.975699494183106,0.397766666666667,0.393216666666667,0.399466666666667,0.00624999999999998,0.00646297145282261,0.388666666666667,0.401166666666667,0.4387,0.435975,0.439175,0.00319999999999998,0.0034536212878658,0.43325,0.43965,0.47877,0.477335,0.47922,0.00188500000000003,0.00196891679187652,0.4759,0.47967,0.0538105049024427,0.0505470523140637,0.0627171707826135,0.0121701184685498,0.0125986931448235,0.0472835997256848,0.0716238366627844,0.955,0.954,0.9595,0.00550000000000006,0.00585946527708232,0.953,0.964,2.02514999257983,2.02514999257983,2.02514999257983,0,0,2.02514999257983,2.02514999257983,,,,,,,,,,,,,,,,,,,,,,,,,,,,,,,,,,,,,,,,,,,,,,,,,,,,,,,,,,,,,,,,,,,,,,,,,,,,,,"landmark","cpu1","/Users/stefano/Documents/fastEmbedR-results/fastEmbedR-results/flow18/landmark/cpu1/20260721_084802_1071268/benchmark_summary_median_variability.csv"
"flow18","fastEmbedR_opentsne_cpu_landmark","t-SNE","cpu","landmark_pipeline",1,1,1000021,11,,30,"float32",0.5000004999895,3,3,"success",419.099,417.72,452.4865,34.7665,39.3728867750385,416.341,485.874,0.01,0.00949999999999995,0.01,0.000500000000000051,0.000577350269189683,0.0089999999999999,0.01,,,,,,,,,,,,,,,,,,,,,,419.089,417.7105,452.4765,34.766,39.3725807680082,416.332,485.864,1.26000595092773,1.25820159912109,1.26007080078125,0.00186920166015625,0.00212191828180056,1.25639724731445,1.26013565063477,,,,,,,,,,,,,,,0.974295481369078,0.974265891080762,0.974937573764964,0.000671682684201924,0.000759085352370012,0.974236300792446,0.97557966616085,0.379966666666667,0.37675,0.380166666666667,0.00341666666666696,0.00383497549366878,0.373533333333333,0.380366666666667,0.430616666666667,0.427958333333333,0.43085,0.00289166666666646,0.00321277830614628,0.4253,0.431083333333333,0.47496,0.473715,0.476225,0.00251000000000001,0.00251002656028445,0.47247,0.47749,0.0555263288941922,0.0422864768215686,0.0731169335968236,0.030830456775255,0.0309326162454247,0.0290466247489449,0.090707538299455,0.95,0.95,0.955,0.005,0.00577350269189626,0.95,0.96,2.05074295131138,2.04602149943543,2.05296794896118,0.00694644952574519,0.00709440546591595,2.04130004755948,2.05519294661097,500011,500011,500011,0,0,500011,500011,200.358,199.536,214.232,14.696,16.5153660974661,198.714,228.106,77.967,77.5305,87.747,10.2165,11.5532334434997,77.094,97.527,,,,,,,,138.262,138.1405,147.903,9.76250000000002,11.2032748039729,138.019,157.544,,,,,,,,,,,,,,,,,,,,,,,,,,,,,,,,,,,,,,,,,,,"landmark","cpu1","/Users/stefano/Documents/fastEmbedR-results/fastEmbedR-results/flow18/landmark/cpu1/20260721_084802_1071268/benchmark_summary_median_variability.csv"
"flow18","fastEmbedR_umap_cpu_binary_full","UMAP","cpu","full_pipeline",1,1,1000021,11,30,,"float32",,3,3,"success",1638.463,1602.1875,1753.018,150.8305,157.456024877848,1565.912,1867.573,0.01,0.01,0.01,0,0,0.01,0.01,240.348,239.104,247.7255,8.6215,9.320418606479,237.86,255.103,,,,,,,,,,,,,,,1383.134,1355.48,1505.0685,149.5885,159.184348766873,1327.826,1627.003,3.65440368652344,3.65438842773438,3.65800476074219,0.0036163330078125,0.00416699994264329,3.65437316894531,3.66160583496094,,,,,,,,,,,,,,,0.966728022255943,0.966502824144327,0.967103473276008,0.000600649131681008,0.000606881118139985,0.96627762603271,0.967478924296072,0.340233333333333,0.33815,0.341633333333333,0.00348333333333301,0.00350560397923907,0.336066666666667,0.343033333333333,0.433616666666667,0.431025,0.434141666666667,0.00311666666666699,0.00333726157422778,0.428433333333333,0.434666666666667,0.50351,0.5032,0.50392,0.000719999999999943,0.000722311105641694,0.50289,0.50433,0.460853301742649,0.420630264768708,0.461534943779508,0.0409046790108005,0.0468440683135731,0.380407227794767,0.462216585816368,0.9535,0.9535,0.96025,0.00675000000000003,0.00779422863405992,0.9535,0.967,,,,,,,,,,,,,,,,,,,,,,,,,,,,,,,,,,,,,,,,,,,,,,,,,,,,,,,,,,,,,,,,,,,,,,,,,,,,,,,,,,,,,"landmark","cpu1","/Users/stefano/Documents/fastEmbedR-results/fastEmbedR-results/flow18/landmark/cpu1/20260721_084802_1071268/benchmark_summary_median_variability.csv"
"flow18","fastEmbedR_umap_cpu_binary_landmark","UMAP","cpu","landmark_pipeline",1,1,1000021,11,30,,"float32",0.5000004999895,3,3,"success",1195.566,1017.953,1253.427,235.474,245.414313309826,840.34,1311.288,0.0110000000000001,0.0105000000000001,0.0110000000000001,0.000500000000000049,0.000577350269189683,0.01,0.0110000000000001,,,,,,,,,,,,,,,,,,,,,,1195.556,1017.9425,1253.4165,235.474,245.414475963284,840.329,1311.277,2.11056518554688,2.10567092895508,2.12628746032715,0.0206165313720703,0.0215435224242823,2.10077667236328,2.14200973510742,,,,,,,,,,,,,,,0.967063564323048,0.966662004720958,0.967478224582701,0.000816219861743406,0.000816254906129694,0.966260445118867,0.967892884842354,0.337066666666667,0.334133333333334,0.3376,0.00346666666666651,0.0037333333333333,0.3312,0.338133333333333,0.429333333333333,0.426966666666666,0.430591666666666,0.00362499999999999,0.00368104504082638,0.4246,0.43185,0.50154,0.50147,0.50309,0.00162000000000007,0.00183153851538354,0.5014,0.50464,0.433760155900623,0.42592482845627,0.441538966181822,0.0156141377255515,0.0156141718205738,0.418089501011918,0.449317776463021,0.9535,0.952,0.95725,0.00524999999999998,0.00540832691319596,0.9505,0.961,,,,,,,,500011,500011,500011,0,0,500011,500011,1036.413,888.1595,1094.591,206.4315,212.881413214807,739.906,1152.769,113.704,95.3785,116.134,20.7555,22.6938997750497,77.053,118.564,39.152,30.5935,41.0565,10.463,11.1459831778089,22.0350000000001,42.961,0,0,0,0,0,0,0,,,,,,,,,,,,,,,,,,,,,,,,,,,,,,,,,,,,,,,,,,,"landmark","cpu1","/Users/stefano/Documents/fastEmbedR-results/fastEmbedR-results/flow18/landmark/cpu1/20260721_084802_1071268/benchmark_summary_median_variability.csv"
"flow18","fastEmbedR_opentsne_cpu_full","t-SNE","cpu","full_pipeline",4,4,1000021,11,,30,"float32",,3,3,"success",323.784,319.385,324.9825,5.59749999999997,5.89460824256653,314.986,326.181,0.00600000000000001,0.00550000000000006,0.009,0.00349999999999994,0.00378593889720014,0.00500000000000012,0.012,235.996,231.6025,236.4445,4.84199999999998,5.35094748619345,227.209,236.893,,,,,,,,,,,,,,,86.428,86.362,87.104,0.742000000000004,0.821338744570918,86.296,87.78,1.94455337524414,1.94259262084961,1.94459533691406,0.00200271606445312,0.00228869543805124,1.94063186645508,1.94463729858398,,,,,,,,,,,,,,,0.975126740853145,0.974996501433148,0.975413117518126,0.000416616084977561,0.000426257248640999,0.974866262013151,0.975699494183106,0.397766666666667,0.393216666666667,0.399466666666667,0.00624999999999998,0.00646297145282261,0.388666666666667,0.401166666666667,0.4387,0.435975,0.439175,0.00319999999999998,0.0034536212878658,0.43325,0.43965,0.47877,0.477335,0.47922,0.00188500000000003,0.00196891679187652,0.4759,0.47967,0.0538105049024427,0.0505470523140637,0.0627171707826135,0.0121701184685498,0.0125986931448235,0.0472835997256848,0.0716238366627844,0.955,0.954,0.9595,0.00550000000000006,0.00585946527708232,0.953,0.964,2.02514999257983,2.02514999257983,2.02514999257983,0,0,2.02514999257983,2.02514999257983,,,,,,,,,,,,,,,,,,,,,,,,,,,,,,,,,,,,,,,,,,,,,,,,,,,,,,,,,,,,,,,,,,,,,,,,,,,,,,"landmark","cpu4","/Users/stefano/Documents/fastEmbedR-results/fastEmbedR-results/flow18/landmark/cpu4/20260721_084502_1071279/benchmark_summary_median_variability.csv"
"flow18","fastEmbedR_opentsne_cpu_landmark","t-SNE","cpu","landmark_pipeline",4,4,1000021,11,,30,"float32",0.5000004999895,3,3,"success",222.451,220.9845,225.158,4.17350000000002,4.23450693705891,219.518,227.865,0.00500000000000012,0.00450000000000006,0.00550000000000006,0.00100000000000001,0.001,0.004,0.00600000000000001,,,,,,,,,,,,,,,,,,,,,,222.446,220.98,225.1525,4.17249999999999,4.23352134753092,219.514,227.859,1.27223587036133,1.27039337158203,1.27231025695801,0.00191688537597656,0.00217175576621143,1.26855087280273,1.27238464355469,,,,,,,,,,,,,,,0.974295481369078,0.974265891080762,0.974937573764964,0.000671682684201924,0.000759085352370012,0.974236300792446,0.97557966616085,0.379966666666667,0.37675,0.380166666666667,0.00341666666666696,0.00383497549366878,0.373533333333333,0.380366666666667,0.430616666666667,0.427958333333333,0.43085,0.00289166666666646,0.00321277830614628,0.4253,0.431083333333333,0.47496,0.473715,0.476225,0.00251000000000001,0.00251002656028445,0.47247,0.47749,0.0555263288941922,0.0422864768215686,0.0731169335968236,0.030830456775255,0.0309326162454247,0.0290466247489449,0.090707538299455,0.95,0.95,0.955,0.005,0.00577350269189626,0.95,0.96,2.05074295131138,2.04602149943543,2.05296794896118,0.00694644952574519,0.00709440546591595,2.04130004755948,2.05519294661097,500011,500011,500011,0,0,500011,500011,113.777,113.316,117.234,3.91800000000001,4.28284126875294,112.855,120.691,66.686,66.3155,66.8795,0.564000000000007,0.573183216781512,65.945,67.073,,,,,,,,39.01,37.841,39.872,2.03100000000001,2.03871953277869,36.672,40.734,,,,,,,,,,,,,,,,,,,,,,,,,,,,,,,,,,,,,,,,,,,"landmark","cpu4","/Users/stefano/Documents/fastEmbedR-results/fastEmbedR-results/flow18/landmark/cpu4/20260721_084502_1071279/benchmark_summary_median_variability.csv"
"flow18","fastEmbedR_umap_cpu_binary_full","UMAP","cpu","full_pipeline",4,4,1000021,11,30,,"float32",,3,3,"success",1299.034,1295.9135,1301.8635,5.94999999999982,5.95237154418309,1292.793,1304.693,0.00500000000000012,0.005,0.00700000000000012,0.00200000000000012,0.00230940107675857,0.00499999999999989,0.00900000000000012,225.261,224.198,236.4405,12.2425,13.5644141168476,223.135,247.62,,,,,,,,,,,,,,,1069.429,1063.115,1071.4815,8.36650000000009,8.72076734009122,1056.801,1073.534,3.67337036132812,3.67327880859375,3.67338752746582,0.000108718872070312,0.000116894176071507,3.67318725585938,3.67340469360352,,,,,,,,,,,,,,,0.966517298937784,0.966264812004721,0.966922820772214,0.000658008767493001,0.000663914225215143,0.966012325071657,0.967328342606643,0.339666666666667,0.337083333333334,0.341766666666667,0.00468333333333348,0.00469163953021574,0.3345,0.343866666666667,0.433766666666667,0.430325,0.434766666666667,0.00444166666666701,0.00466000516610784,0.426883333333333,0.435766666666667,0.50382,0.502955,0.505295,0.00234000000000001,0.00236635443949831,0.50209,0.50677,0.459453884952114,0.420017555623269,0.461933799786664,0.0419162441633955,0.0470343532132641,0.380581226294424,0.464413714621215,0.956,0.95525,0.95875,0.00350000000000006,0.00368555739791601,0.9545,0.9615,,,,,,,,,,,,,,,,,,,,,,,,,,,,,,,,,,,,,,,,,,,,,,,,,,,,,,,,,,,,,,,,,,,,,,,,,,,,,,,,,,,,,"landmark","cpu4","/Users/stefano/Documents/fastEmbedR-results/fastEmbedR-results/flow18/landmark/cpu4/20260721_084502_1071279/benchmark_summary_median_variability.csv"
"flow18","fastEmbedR_umap_cpu_binary_landmark","UMAP","cpu","landmark_pipeline",4,4,1000021,11,30,,"float32",0.5000004999895,3,3,"success",648.803,640.904,663.184,22.28,22.5921190093655,633.005,677.565,0.0069999999999999,0.00649999999999996,0.00700000000000001,0.000500000000000054,0.000577350269189626,0.00600000000000001,0.00700000000000012,,,,,,,,,,,,,,,,,,,,,,648.796,640.897,663.1775,22.2805,22.5926599216058,632.998,677.559,2.11650848388672,2.11152076721191,2.13209533691406,0.0205745697021484,0.0214653243372143,2.10653305053711,2.14768218994141,,,,,,,,,,,,,,,0.967352739841511,0.967149603776767,0.967633864441072,0.000484260664305958,0.000486349457538917,0.966946467712022,0.967914989040634,0.331266666666667,0.330666666666667,0.3333,0.00263333333333299,0.00276030057407832,0.330066666666667,0.335333333333333,0.425233333333333,0.423633333333333,0.427375,0.00374166666666703,0.00375471308762374,0.422033333333333,0.429516666666667,0.49926,0.49882,0.501125,0.00230500000000006,0.00244742722057269,0.49838,0.50299,0.428097632727153,0.407527303702915,0.436658669964859,0.029131366261944,0.029945130878974,0.386956974678677,0.445219707202565,0.9545,0.95375,0.95925,0.00549999999999995,0.00596517672272442,0.953,0.964,,,,,,,,500011,500011,500011,0,0,500011,500011,571.601,563.559,584.69,21.1310000000001,21.3309610035116,555.517,597.779,70.0889999999999,69.932,70.7325,0.8005,0.848348002492708,69.775,71.376,5.94400000000007,5.93850000000009,6.39350000000002,0.454999999999925,0.522242280938571,5.93300000000011,6.84299999999996,0,0,0,0,0,0,0,,,,,,,,,,,,,,,,,,,,,,,,,,,,,,,,,,,,,,,,,,,"landmark","cpu4","/Users/stefano/Documents/fastEmbedR-results/fastEmbedR-results/flow18/landmark/cpu4/20260721_084502_1071279/benchmark_summary_median_variability.csv"
"flow18","fastEmbedR_opentsne_cuda_full","t-SNE","cuda","full_pipeline",1,,1000021,11,,30,"float32",,3,3,"success",5.462,5.427,5.544,0.117000000000001,0.12010550917145,5.392,5.626,0.0110000000000001,0.0110000000000001,0.0130000000000001,0.002,0.0023094010767585,0.0110000000000001,0.0150000000000001,1.058,1.032,1.099,0.0669999999999999,0.0675573830162181,1.006,1.14,,,,,,,,,,,,,,,4.127,4.1175,4.1745,0.0570000000000004,0.0610764548196225,4.108,4.222,0.945014953613281,0.944704055786133,0.945266723632812,0.000562667846679688,0.000563702467233405,0.944393157958984,0.945518493652344,1299,1298,1299,1,1.15470053837925,1297,1299,1299,1298,1299,1,1.15470053837925,1297,1299,0.977318378013826,0.977172323385602,0.978265832068792,0.00109350868319003,0.00118736750303865,0.977026268757377,0.979213286123757,0.4019,0.3972,0.402266666666666,0.0050666666666665,0.00565069645002889,0.3925,0.402633333333333,0.441966666666667,0.439016666666667,0.442491666666667,0.00347500000000001,0.00374644275724765,0.436066666666667,0.443016666666667,0.48232,0.48137,0.48306,0.00169000000000002,0.00169434353069264,0.48042,0.4838,0.0716126531763766,0.0682988928849045,0.0802519846373728,0.0119530917524683,0.0123422163813264,0.0649851325934323,0.0888913160983689,0.955,0.95425,0.95875,0.00449999999999995,0.00482182538049649,0.9535,0.9625,1.99556733319935,1.99354048242215,1.99768997313598,0.00414949071382997,0.00414985923920116,1.99151363164496,1.99981261307262,,,,,,,,,,,,,,,,,,,,,,,,,,,,,,,,,,,,,,,,,,,,,,,,,,,,,,,,,,,,,,,,,,,,,,,,,,,,,,"landmark","cuda","/Users/stefano/Documents/fastEmbedR-results/fastEmbedR-results/flow18/landmark/cuda/20260723_013111_1071290/benchmark_summary_median_variability.csv"
"flow18","fastEmbedR_opentsne_cuda_landmark","t-SNE","cuda","landmark_pipeline",1,,,,,30,"float32",0.5,3,0,"failed",,,,,,,,,,,,,,,,,,,,,,,,,,,,,,,,,,,,,,,,,,,0.837017059326172,0.835054397583008,0.838306427001953,0.00325202941894531,0.00327517994041194,0.833091735839844,0.839595794677734,1083,1083,1083,0,0,1083,1083,1083,1083,1083,0,0,1083,1083,,,,,,,,,,,,,,,,,,,,,,,,,,,,,,,,,,,,,,,,,,,,,,,,,,,,,,,,,,,,,,,,,,,,,,,,,,,,,,,,,,,,,,,,,,,,,,,,,,,,,,,,,,,,,,,,,,,,,,,,,,,,,,,"landmark","cuda","/Users/stefano/Documents/fastEmbedR-results/fastEmbedR-results/flow18/landmark/cuda/20260723_013111_1071290/benchmark_summary_median_variability.csv"
"flow18","fastEmbedR_umap_cuda_binary_full","UMAP","cuda","full_pipeline",1,,1000021,11,30,,"float32",,3,3,"success",2.577,2.5715,2.5815,0.0100000000000002,0.0100166528008778,2.566,2.586,0.0109999999999999,0.0104999999999998,0.0129999999999999,0.00250000000000005,0.00264575131106463,0.00999999999999979,0.0149999999999999,1.018,1.011,1.018,0.0069999999999999,0.00808290376865477,1.004,1.018,,,,,,,,,,,,,,,1.32,1.3175,1.321,0.00350000000000028,0.00360555127546405,1.315,1.322,0.9005126953125,0.899530410766602,0.900609970092773,0.00107955932617188,0.00119437393661919,0.898548126220703,0.900707244873047,2927,2927,2927,0,0,2927,2927,2927,2927,2927,0,0,2927,2927,0.968337969988198,0.966243609846569,0.969456154105548,0.00321254425897854,0.00326160704142733,0.96414924970494,0.970574338222897,0.336533333333333,0.33605,0.34485,0.00879999999999997,0.0098941247062945,0.335566666666667,0.353166666666667,0.430566666666667,0.429008333333333,0.436933333333334,0.00792500000000002,0.00839716111640202,0.42745,0.4433,0.50246,0.5016,0.50871,0.00710999999999995,0.00776119406620742,0.50074,0.51496,0.42416305437254,0.400578837523665,0.445581039535671,0.0450022020120056,0.0450195776579641,0.37699462067479,0.466999024698801,0.9545,0.95275,0.9605,0.00775000000000003,0.00812916559883816,0.951,0.9665,,,,,,,,,,,,,,,,,,,,,,,,,,,,,,,,,,,,,,,,,,,,,,,,,,,,,,,,,,,,,,,,,,,,,,,,,,,,,,,,,,,,,"landmark","cuda","/Users/stefano/Documents/fastEmbedR-results/fastEmbedR-results/flow18/landmark/cuda/20260723_013111_1071290/benchmark_summary_median_variability.csv"
"flow18","fastEmbedR_umap_cuda_binary_landmark","UMAP","cuda","landmark_pipeline",1,,,,30,,"float32",0.5,3,0,"failed",,,,,,,,,,,,,,,,,,,,,,,,,,,,,,,,,,,,,,,,,,,0.761547088623047,0.75634765625,0.764989852905273,0.00864219665527344,0.00870150507798439,0.751148223876953,0.7684326171875,1745,1745,1745,0,0,1745,1745,1745,1745,1745,0,0,1745,1745,,,,,,,,,,,,,,,,,,,,,,,,,,,,,,,,,,,,,,,,,,,,,,,,,,,,,,,,,,,,,,,,,,,,,,,,,,,,,,,,,,,,,,,,,,,,,,,,,,,,,,,,,,,,,,,,,,,,,,,,,,,,,,,"landmark","cuda","/Users/stefano/Documents/fastEmbedR-results/fastEmbedR-results/flow18/landmark/cuda/20260723_013111_1071290/benchmark_summary_median_variability.csv"
"imagenet","fastEmbedR_opentsne_cpu_full","t-SNE","cpu","full_pipeline",1,1,,,,30,"float32",,1,0,"failed",,,,,,,,,,,,,,,,,,,,,,,,,,,,,,,,,,,,,,,,,,,7.43246459960938,7.43246459960938,7.43246459960938,0,0,7.43246459960938,7.43246459960938,,,,,,,,,,,,,,,,,,,,,,,,,,,,,,,,,,,,,,,,,,,,,,,,,,,,,,,,,,,,,,,,,,,,,,,,,,,,,,,,,,,,,,,,,,,,,,,,,,,,,,,,,,,,,,,,,,,,,,,,,,,,,,,,,,,,,,,,,,,,,"landmark","cpu1","/Users/stefano/Documents/fastEmbedR-results/fastEmbedR-results/imagenet/landmark/cpu1/20260721_084902_1071270/benchmark_summary_median_variability.csv"
"imagenet","fastEmbedR_opentsne_cpu_landmark","t-SNE","cpu","landmark_pipeline",1,1,,,,30,"float32",0.5,1,0,"failed",,,,,,,,,,,,,,,,,,,,,,,,,,,,,,,,,,,,,,,,,,,7.40134048461914,7.40134048461914,7.40134048461914,0,0,7.40134048461914,7.40134048461914,,,,,,,,,,,,,,,,,,,,,,,,,,,,,,,,,,,,,,,,,,,,,,,,,,,,,,,,,,,,,,,,,,,,,,,,,,,,,,,,,,,,,,,,,,,,,,,,,,,,,,,,,,,,,,,,,,,,,,,,,,,,,,,,,,,,,,,,,,,,,"landmark","cpu1","/Users/stefano/Documents/fastEmbedR-results/fastEmbedR-results/imagenet/landmark/cpu1/20260721_084902_1071270/benchmark_summary_median_variability.csv"
"imagenet","fastEmbedR_umap_cpu_binary_full","UMAP","cpu","full_pipeline",1,1,,,30,,"float32",,1,0,"failed",,,,,,,,,,,,,,,,,,,,,,,,,,,,,,,,,,,,,,,,,,,7.34672164916992,7.34672164916992,7.34672164916992,0,0,7.34672164916992,7.34672164916992,,,,,,,,,,,,,,,,,,,,,,,,,,,,,,,,,,,,,,,,,,,,,,,,,,,,,,,,,,,,,,,,,,,,,,,,,,,,,,,,,,,,,,,,,,,,,,,,,,,,,,,,,,,,,,,,,,,,,,,,,,,,,,,,,,,,,,,,,,,,,"landmark","cpu1","/Users/stefano/Documents/fastEmbedR-results/fastEmbedR-results/imagenet/landmark/cpu1/20260721_084902_1071270/benchmark_summary_median_variability.csv"
"imagenet","fastEmbedR_umap_cpu_binary_landmark","UMAP","cpu","landmark_pipeline",1,1,,,30,,"float32",0.5,1,0,"failed",,,,,,,,,,,,,,,,,,,,,,,,,,,,,,,,,,,,,,,,,,,7.42620086669922,7.42620086669922,7.42620086669922,0,0,7.42620086669922,7.42620086669922,,,,,,,,,,,,,,,,,,,,,,,,,,,,,,,,,,,,,,,,,,,,,,,,,,,,,,,,,,,,,,,,,,,,,,,,,,,,,,,,,,,,,,,,,,,,,,,,,,,,,,,,,,,,,,,,,,,,,,,,,,,,,,,,,,,,,,,,,,,,,"landmark","cpu1","/Users/stefano/Documents/fastEmbedR-results/fastEmbedR-results/imagenet/landmark/cpu1/20260721_084902_1071270/benchmark_summary_median_variability.csv"
"imagenet","fastEmbedR_opentsne_cpu_full","t-SNE","cpu","full_pipeline",4,4,1281167,1024,,30,"float32",,3,3,"success",877.047,863.041,880.5915,17.5505000000001,18.5607393261511,849.035,884.136,0.342000000000006,0.336500000000005,0.354000000000003,0.0174999999999985,0.0178978583448764,0.331000000000003,0.366,742.803,731.3295,748.0095,16.6799999999999,17.0679279058707,719.856,753.216,,,,,,,,,,,,,,,94.263,94.048,96.567,2.51900000000005,2.79284824745879,93.833,98.8710000000001,30.4835929870605,30.4835891723633,30.483606338501,1.71661376953125e-05,1.80275559473137e-05,30.483585357666,30.4836196899414,,,,,,,,,,,,,,,0.612870697674419,0.606866445182725,0.614414529346623,0.00754808416389796,0.00797529680791068,0.60086219269103,0.615958361018826,0.133226666666667,0.128266666666667,0.133493333333333,0.00522666666666649,0.00588731719068223,0.123306666666667,0.13376,0.130026666666667,0.127573333333334,0.132426666666667,0.00485333333333351,0.00485343101244823,0.12512,0.134826666666667,0.15024,0.149312,0.155344,0.00603200000000001,0.00649600000000001,0.148384,0.160448,0.513199013955506,0.48849077291528,0.536894886711915,0.0484041137966355,0.048407642602021,0.463782531875053,0.560590759468324,0.032,0.0296,0.036,0.0064,0.00646632301492381,0.0272,0.04,4.24286362328248,4.24174225288698,4.25586347286917,0.0141212199821847,0.0156984588336077,4.24062088249149,4.26886332245586,,,,,,,,,,,,,,,,,,,,,,,,,,,,,,,,,,,,,,,,,,,,,,,,,,,,,,,,,,,,,,,,,,,,,,,,,,,,,,"landmark","cpu4","/Users/stefano/Documents/fastEmbedR-results/fastEmbedR-results/imagenet/landmark/cpu4/20260721_084502_1071281/benchmark_summary_median_variability.csv"
"imagenet","fastEmbedR_opentsne_cpu_landmark","t-SNE","cpu","landmark_pipeline",4,4,1281167,1024,,30,"float32",0.500000390269184,3,3,"success",800.051,792.316,813.598,21.2819999999999,21.5449136766275,784.581,827.145,0.442,0.430999999999997,0.453,0.022000000000002,0.022000000000002,0.419999999999995,0.463999999999999,,,,,,,,,,,,,,,,,,,,,,799.587,791.863,813.156,21.2929999999999,21.5587536127053,784.139,826.725,23.4659461975098,23.4654235839844,23.4683685302734,0.0029449462890625,0.00314256048049383,23.464900970459,23.4707908630371,,,,,,,,,,,,,,,0.608422059800664,0.606013111849391,0.609686644518272,0.00367353266888149,0.00373247433653084,0.603604163898117,0.61095122923588,0.12928,0.128693333333333,0.1304,0.00170666666666652,0.00173422199441865,0.128106666666667,0.13152,0.13184,0.128426666666667,0.133653333333334,0.00522666666666699,0.00530767159664022,0.125013333333333,0.135466666666667,0.155648,0.151312,0.156048,0.00473600000000002,0.00525297325331093,0.146976,0.156448,0.48523017792025,0.480491124044237,0.511992185533544,0.031501061489307,0.0339703847302994,0.475752070168223,0.538754193146837,0.0352,0.0272,0.0392,0.012,0.0122202018532156,0.0192,0.0432,4.36646283557342,4.33360419573217,4.37840683044337,0.0448026347111945,0.0464013311787123,4.30074555589093,4.39035082531332,640584,640584,640584,0,0,640584,640584,383.133,381.165,392.4455,11.2805,12.051150996205,379.197,401.758,320.06,314.3685,326.19,11.8215,11.8242106008534,308.677,332.32,,,,,,,,56.369,55.2749999999999,56.727,1.45200000000006,1.51290096613543,54.1809999999999,57.085,,,,,,,,,,,,,,,,,,,,,,,,,,,,,,,,,,,,,,,,,,,"landmark","cpu4","/Users/stefano/Documents/fastEmbedR-results/fastEmbedR-results/imagenet/landmark/cpu4/20260721_084502_1071281/benchmark_summary_median_variability.csv"
"imagenet","fastEmbedR_umap_cpu_binary_full","UMAP","cpu","full_pipeline",4,4,1281167,1024,30,,"float32",,3,3,"success",1849.789,1810.1075,1857.366,47.2584999999999,50.7634920883109,1770.426,1864.943,0.415999999999997,0.409499999999998,0.596999999999998,0.1875,0.212852844315817,0.402999999999999,0.777999999999999,768.643,745.6115,768.7405,23.129,26.6509554487889,722.58,768.838,,,,,,,,,,,,,,,1080.438,1063.798,1087.716,23.9179999999999,24.5211420071198,1047.158,1094.994,11.1483993530273,11.1443195343018,11.1484565734863,0.00413703918457031,0.00474435019992118,11.1402397155762,11.1485137939453,,,,,,,,,,,,,,,0.627377364341085,0.625203898117387,0.634446600221484,0.0092427021040975,0.00966525024829904,0.623030431893688,0.641515836101883,0.147306666666667,0.145546666666667,0.15392,0.00837333333333301,0.00882974098860885,0.143786666666667,0.160533333333333,0.141333333333333,0.139333333333333,0.14696,0.007626666666667,0.0079088735911941,0.137333333333333,0.152586666666667,0.15328,0.15312,0.161312,0.008192,0.00936829717718219,0.15296,0.169344,0.571927610408305,0.54650787885195,0.580583047815361,0.0340751689634115,0.0354231232294168,0.521088147295594,0.589238485222417,0.0224,0.0208,0.0392,0.0184,0.0203856158438575,0.0192,0.056,,,,,,,,,,,,,,,,,,,,,,,,,,,,,,,,,,,,,,,,,,,,,,,,,,,,,,,,,,,,,,,,,,,,,,,,,,,,,,,,,,,,,"landmark","cpu4","/Users/stefano/Documents/fastEmbedR-results/fastEmbedR-results/imagenet/landmark/cpu4/20260721_084502_1071281/benchmark_summary_median_variability.csv"
"imagenet","fastEmbedR_umap_cpu_binary_landmark","UMAP","cpu","landmark_pipeline",4,4,1281167,1024,30,,"float32",0.500000390269184,3,3,"success",1175.264,1159.7975,1214.098,54.3005000000001,55.9513865094811,1144.331,1252.932,0.865000000000002,0.803500000000003,0.919999999999998,0.116499999999995,0.116560427818931,0.742000000000004,0.974999999999994,,,,,,,,,,,,,,,,,,,,,,1174.289,1158.939,1213.178,54.239,55.9156861831574,1143.589,1252.067,15.8076400756836,15.8036842346191,15.8388214111328,0.0351371765136719,0.0384928177913478,15.7997283935547,15.870002746582,,,,,,,,,,,,,,,0.626253997785161,0.621784274640089,0.62658569213732,0.00480141749723106,0.00536296287012832,0.617314551495017,0.626917386489479,0.14816,0.141973333333334,0.14944,0.00746666666666648,0.0079860025693105,0.135786666666667,0.15072,0.133226666666667,0.133146666666667,0.137973333333334,0.00482666666666651,0.00552774550520991,0.133066666666667,0.14272,0.149984,0.149024,0.15208,0.003056,0.00312558815798457,0.148064,0.154176,0.508326561935235,0.494684564755966,0.541461069886366,0.0467765051303995,0.0481112678168502,0.481042567576698,0.574595577837497,0.0368,0.032,0.0528,0.0208,0.0217819497137729,0.0272,0.0688,,,,,,,,640584,640584,640584,0,0,640584,640584,812.372,801.8865,826.412,24.5255000000001,24.6112096479091,791.401,840.452,346.707,343.1605,369.707,26.5465,28.8246922446711,339.614,392.707,7.96000000000004,7.80449999999997,8.97050000000002,1.16600000000005,1.26618758483886,7.64899999999989,9.98099999999999,0,0,0,0,0,0,0,,,,,,,,,,,,,,,,,,,,,,,,,,,,,,,,,,,,,,,,,,,"landmark","cpu4","/Users/stefano/Documents/fastEmbedR-results/fastEmbedR-results/imagenet/landmark/cpu4/20260721_084502_1071281/benchmark_summary_median_variability.csv"
"imagenet","fastEmbedR_opentsne_cuda_full","t-SNE","cuda","full_pipeline",1,,1281167,1024,,30,"float32",,3,3,"success",514.607,510.842,526.2265,15.3845,16.0389285905678,507.077,537.846,1.044,1.0415,1.046,0.00449999999999995,0.00450924975282296,1.039,1.048,492.828,489.106,504.4705,15.3645,16.0305739240158,485.384,516.113,,,,,,,,,,,,,,,20.3579999999999,20.341,20.3735,0.0324999999999989,0.0325115364140151,20.324,20.389,15.4086151123047,15.4085731506348,15.4287853240967,0.0202121734619141,0.0233148187578925,15.4085311889648,15.4489555358887,12695,12694,12695,1,1.15470053837925,12693,12695,12695,12694,12695,1,1.15470053837925,12693,12695,0.680735503875969,0.678981705426356,0.683711627906977,0.0047299224806201,0.00478227908864093,0.677227906976744,0.686687751937984,0.19136,0.190666666666666,0.19296,0.00229333333333354,0.00235231643122121,0.189973333333333,0.19456,0.1824,0.182266666666667,0.183626666666666,0.00135999999999997,0.00149935294686042,0.182133333333333,0.184853333333333,0.20208,0.199552,0.202672,0.00312000000000001,0.00331417641855912,0.197024,0.203264,0.62848902993388,0.608274186608338,0.640835278318626,0.0325610917102875,0.0328764802781542,0.588059343282796,0.653181526703371,0.0448,0.04,0.0464,0.0064,0.00666133119829162,0.0352,0.048,3.82775613542382,3.82422494688578,3.82837438197832,0.00414943509253529,0.00447730074043601,3.82069375834775,3.82899262853282,,,,,,,,,,,,,,,,,,,,,,,,,,,,,,,,,,,,,,,,,,,,,,,,,,,,,,,,,,,,,,,,,,,,,,,,,,,,,,"landmark","cuda","/Users/stefano/Documents/fastEmbedR-results/fastEmbedR-results/imagenet/landmark/cuda/20260723_025334_1071292/benchmark_summary_median_variability.csv"
"imagenet","fastEmbedR_opentsne_cuda_landmark","t-SNE","cuda","landmark_pipeline",1,,,,,30,"float32",0.5,3,0,"failed",,,,,,,,,,,,,,,,,,,,,,,,,,,,,,,,,,,,,,,,,,,15.7159042358398,15.7138690948486,15.7173461914062,0.00347709655761719,0.00349392188241144,15.7118339538574,15.7187881469727,6435,6431,6459,28,30.2875111776015,6427,6483,6435,6431,6459,28,30.2875111776015,6427,6483,,,,,,,,,,,,,,,,,,,,,,,,,,,,,,,,,,,,,,,,,,,,,,,,,,,,,,,,,,,,,,,,,,,,,,,,,,,,,,,,,,,,,,,,,,,,,,,,,,,,,,,,,,,,,,,,,,,,,,,,,,,,,,,"landmark","cuda","/Users/stefano/Documents/fastEmbedR-results/fastEmbedR-results/imagenet/landmark/cuda/20260723_025334_1071292/benchmark_summary_median_variability.csv"
"imagenet","fastEmbedR_umap_cuda_binary_full","UMAP","cuda","full_pipeline",1,,1281167,1024,30,,"float32",,3,3,"success",503.279,496.2995,513.9355,17.6360000000001,17.7633125383002,489.32,524.592,1.035,1.0315,1.04,0.00849999999999507,0.00854400374531281,1.02800000000001,1.045,500.151,493.168,510.8145,17.6464999999999,17.773978798607,486.185,521.478,,,,,,,,,,,,,,,1.78699999999992,1.78449999999998,1.79749999999996,0.012999999999975,0.0137961347243781,1.78200000000004,1.80799999999999,10.4154052734375,10.4152488708496,10.4154644012451,0.000215530395507812,0.000222727364761276,10.4150924682617,10.4155235290527,12655,12653,12684,31,34.6987031457949,12651,12713,12655,12653,12684,31,34.6987031457949,12651,12713,0.650062990033223,0.643216389811739,0.650895060908084,0.00767867109634546,0.00842734700600643,0.636369789590255,0.651727131782946,0.166826666666667,0.162453333333334,0.168213333333333,0.00575999999999999,0.00601256954991735,0.15808,0.1696,0.15648,0.153866666666666,0.157493333333333,0.003626666666667,0.00374246502247474,0.151253333333333,0.158506666666667,0.167776,0.166688,0.171152,0.004464,0.00465534932452263,0.1656,0.174528,0.681355287847902,0.667902473015834,0.707977455652018,0.0400749826361835,0.0407898866451544,0.654449658183767,0.734599623456134,0.024,0.0176,0.036,0.0184,0.0186818985473461,0.0112,0.048,,,,,,,,,,,,,,,,,,,,,,,,,,,,,,,,,,,,,,,,,,,,,,,,,,,,,,,,,,,,,,,,,,,,,,,,,,,,,,,,,,,,,"landmark","cuda","/Users/stefano/Documents/fastEmbedR-results/fastEmbedR-results/imagenet/landmark/cuda/20260723_025334_1071292/benchmark_summary_median_variability.csv"
"imagenet","fastEmbedR_umap_cuda_binary_landmark","UMAP","cuda","landmark_pipeline",1,,,,30,,"float32",0.5,3,0,"failed",,,,,,,,,,,,,,,,,,,,,,,,,,,,,,,,,,,,,,,,,,,13.2397384643555,13.2396221160889,13.2399883270264,0.0003662109375,0.000374235865192277,13.2395057678223,13.2402381896973,6429,6427,6458,31,34.6987031457949,6425,6487,6429,6427,6458,31,34.6987031457949,6425,6487,,,,,,,,,,,,,,,,,,,,,,,,,,,,,,,,,,,,,,,,,,,,,,,,,,,,,,,,,,,,,,,,,,,,,,,,,,,,,,,,,,,,,,,,,,,,,,,,,,,,,,,,,,,,,,,,,,,,,,,,,,,,,,,"landmark","cuda","/Users/stefano/Documents/fastEmbedR-results/fastEmbedR-results/imagenet/landmark/cuda/20260723_025334_1071292/benchmark_summary_median_variability.csv"
"mass41","fastEmbedR_opentsne_cpu_full","t-SNE","cpu","full_pipeline",1,1,965282,14,,30,"float32",,3,3,"success",665.978,659.781,670.114,10.3330000000001,10.4012881894504,653.584,674.25,0.012,0.012,0.012,0,0,0.012,0.012,377.521,372.666,378.9655,6.29950000000002,6.60006593401412,367.811,380.41,,,,,,,,,,,,,,,286.259,284.9365,288.9315,3.995,4.07032246879777,283.614,291.604,1.9286994934082,1.92164611816406,1.93772506713867,0.0160789489746094,0.0161192159368226,1.91459274291992,1.94675064086914,,,,,,,,,,,,,,,0.973045624683864,0.972593517113472,0.973201888383072,0.00060837126960045,0.000631894084253421,0.972141409543079,0.97335815208228,0.3511,0.342883333333334,0.352,0.00911666666666644,0.0100477931979189,0.334666666666667,0.3529,0.409116666666667,0.403275,0.412516666666667,0.00924166666666693,0.00934856396181545,0.397433333333333,0.415916666666667,0.46672,0.46028,0.468395,0.00811499999999998,0.00856864244401254,0.45384,0.47007,0.211441243569074,0.206884218455311,0.221208157159006,0.0143239387036955,0.014636354257986,0.202327193341547,0.230975070748938,0.879,0.8785,0.88675,0.00824999999999987,0.00925112605758525,0.878,0.8945,2.06647044994884,2.0658722919724,2.06701374203555,0.0011414500631548,0.00114188951682218,2.06527413399596,2.06755703412227,,,,,,,,,,,,,,,,,,,,,,,,,,,,,,,,,,,,,,,,,,,,,,,,,,,,,,,,,,,,,,,,,,,,,,,,,,,,,,"landmark","cpu1","/Users/stefano/Documents/fastEmbedR-results/fastEmbedR-results/mass41/landmark/cpu1/20260721_084932_1071272/benchmark_summary_median_variability.csv"
"mass41","fastEmbedR_opentsne_cpu_landmark","t-SNE","cpu","landmark_pipeline",1,1,965282,14,,30,"float32",0.5,3,3,"success",698.132,693.144,701.8015,8.65750000000003,8.69090254231403,688.156,705.471,0.012,0.012,0.0125,0.00049999999999995,0.000577350269189568,0.012,0.0129999999999999,,,,,,,,,,,,,,,,,,,,,,698.119,693.1315,701.789,8.65750000000003,8.69085199122232,688.144,705.459,1.2922477722168,1.28591346740723,1.29232978820801,0.00641632080078125,0.00736203398805421,1.27957916259766,1.29241180419922,,,,,,,,,,,,,,,0.969267341089192,0.968724279210926,0.970362999494183,0.0016387202832574,0.00166948848669547,0.968181217332659,0.971458657899174,0.332733333333333,0.3277,0.33335,0.00565000000000004,0.00619877526732604,0.322666666666667,0.333966666666667,0.402966666666667,0.396258333333333,0.4032,0.00694166666666651,0.00788428465014068,0.38955,0.403433333333333,0.46233,0.45566,0.46377,0.00811000000000001,0.00865388544720425,0.44899,0.46521,0.220193047890722,0.217561597971513,0.231196607723152,0.013635009751639,0.0144664289210218,0.214930148052304,0.242200167555582,0.8855,0.884,0.887,0.00300000000000011,0.003,0.8825,0.8885,2.08892142991624,2.08700836247236,2.0925440269947,0.00553566452234522,0.00562296590431808,2.08509529502848,2.09616662407317,482641,482641,482641,0,0,482641,482641,296.556,294.7065,299.0355,4.32899999999995,4.34425379092887,292.857,301.515,121.735,121.583,123.852,2.26900000000001,2.5368161147391,121.431,125.969,,,,,,,,269.99,268.3775,276.681,8.30350000000004,8.80597333253591,266.765,283.372,,,,,,,,,,,,,,,,,,,,,,,,,,,,,,,,,,,,,,,,,,,"landmark","cpu1","/Users/stefano/Documents/fastEmbedR-results/fastEmbedR-results/mass41/landmark/cpu1/20260721_084932_1071272/benchmark_summary_median_variability.csv"
"mass41","fastEmbedR_umap_cpu_binary_full","UMAP","cpu","full_pipeline",1,1,965282,14,30,,"float32",,3,3,"success",3672.572,3220.0275,3723.2695,503.242,554.147556492853,2767.483,3773.967,0.012,0.0115000000000001,0.0125000000000001,0.0010000000000001,0.0010000000000001,0.0110000000000001,0.0130000000000003,379.542,378.9955,380.6745,1.67899999999997,1.71274818152972,378.449,381.807,,,,,,,,,,,,,,,3293.75,2839.5105,3343.8925,504.382,555.727148632312,2385.271,3394.035,3.77165603637695,3.77162551879883,3.77180862426758,0.00018310546875,0.000196200577005879,3.7715950012207,3.7719612121582,,,,,,,,,,,,,,,0.971212426235036,0.969954763109087,0.971388956331142,0.00143419322205407,0.00156413759228256,0.968697099983139,0.971565486427247,0.316133333333333,0.3048,0.31885,0.01405,0.0149047469445636,0.293466666666667,0.321566666666667,0.4139,0.406166666666666,0.4195,0.0133333333333335,0.0133901013743295,0.398433333333333,0.4251,0.49609,0.489425,0.500455,0.01103,0.0111096459589554,0.48276,0.50482,0.328159705538707,0.318204761597928,0.343007130290469,0.0248023686925405,0.0249626978160614,0.30824981765715,0.357854555042231,0.9045,0.9045,0.90675,0.00224999999999997,0.00259807621135335,0.9045,0.909,,,,,,,,,,,,,,,,,,,,,,,,,,,,,,,,,,,,,,,,,,,,,,,,,,,,,,,,,,,,,,,,,,,,,,,,,,,,,,,,,,,,,"landmark","cpu1","/Users/stefano/Documents/fastEmbedR-results/fastEmbedR-results/mass41/landmark/cpu1/20260721_084932_1071272/benchmark_summary_median_variability.csv"
"mass41","fastEmbedR_umap_cpu_binary_landmark","UMAP","cpu","landmark_pipeline",1,1,965282,14,30,,"float32",0.5,3,3,"success",968.544,920.7665,969.169,48.4025,55.5330660507773,872.989,969.794,0.0109999999999999,0.0105,0.0109999999999999,0.00049999999999995,0.000577350269189568,0.01,0.0109999999999999,,,,,,,,,,,,,,,,,,,,,,968.533,920.756,969.158,48.4019999999999,55.5324887370747,872.979,969.783,2.15345764160156,2.15331840515137,2.15730857849121,0.00399017333984375,0.00452920780410276,2.15317916870117,2.16115951538086,,,,,,,,,,,,,,,0.968480323722812,0.968201365705615,0.969382667341089,0.00118130163547447,0.00123491298877797,0.967922407688417,0.970285010959366,0.301333333333333,0.295033333333333,0.302366666666667,0.00733333333333347,0.0079387469857469,0.288733333333333,0.3034,0.40725,0.401216666666666,0.407858333333333,0.00664166666666699,0.00734315629987874,0.395183333333333,0.408466666666667,0.48958,0.484485,0.49034,0.005855,0.00636750343541329,0.47939,0.4911,0.303029067712801,0.29123011860187,0.310068566439584,0.018838447837714,0.0190378020331653,0.279431169490939,0.317108065166367,0.896,0.89475,0.89975,0.00500000000000012,0.00520416499866533,0.8935,0.9035,,,,,,,,482641,482641,482641,0,0,482641,482641,851.412,807.256,852.6165,45.3605,51.6964093949796,763.1,853.821,89.289,87.1330000000001,89.988,2.85499999999995,2.97634697798039,84.9770000000001,90.687,24.0759999999999,23.8834999999999,25.1789999999999,1.29549999999995,1.39809048348092,23.691,26.2819999999999,0,0,0,0,0,0,0,,,,,,,,,,,,,,,,,,,,,,,,,,,,,,,,,,,,,,,,,,,"landmark","cpu1","/Users/stefano/Documents/fastEmbedR-results/fastEmbedR-results/mass41/landmark/cpu1/20260721_084932_1071272/benchmark_summary_median_variability.csv"
"mass41","fastEmbedR_opentsne_cpu_full","t-SNE","cpu","full_pipeline",4,4,965282,14,,30,"float32",,3,3,"success",316.78,316.075,318.156,2.08099999999996,2.11675254418964,315.37,319.532,0.00800000000000001,0.00800000000000001,0.00949999999999996,0.00149999999999995,0.00173205080756881,0.00800000000000001,0.0109999999999999,231.291,231.087,232.952,1.86500000000001,2.0459328760576,230.883,234.613,,,,,,,,,,,,,,,83.445,83.2385,83.73,0.491500000000002,0.493585183462121,83.032,84.015,1.94604873657227,1.93885040283203,1.95505523681641,0.016204833984375,0.0162384256163102,1.9316520690918,1.96406173706055,,,,,,,,,,,,,,,0.973045624683864,0.972593517113472,0.973201888383072,0.00060837126960045,0.000631894084253421,0.972141409543079,0.97335815208228,0.3511,0.342883333333334,0.352,0.00911666666666644,0.0100477931979189,0.334666666666667,0.3529,0.409116666666667,0.403275,0.412516666666667,0.00924166666666693,0.00934856396181545,0.397433333333333,0.415916666666667,0.46672,0.46028,0.468395,0.00811499999999998,0.00856864244401254,0.45384,0.47007,0.211441243569074,0.206884218455311,0.221208157159006,0.0143239387036955,0.014636354257986,0.202327193341547,0.230975070748938,0.879,0.8785,0.88675,0.00824999999999987,0.00925112605758525,0.878,0.8945,2.06647044994884,2.0658722919724,2.06701374203555,0.0011414500631548,0.00114188951682218,2.06527413399596,2.06755703412227,,,,,,,,,,,,,,,,,,,,,,,,,,,,,,,,,,,,,,,,,,,,,,,,,,,,,,,,,,,,,,,,,,,,,,,,,,,,,,"landmark","cpu4","/Users/stefano/Documents/fastEmbedR-results/fastEmbedR-results/mass41/landmark/cpu4/20260721_084502_1071283/benchmark_summary_median_variability.csv"
"mass41","fastEmbedR_opentsne_cpu_landmark","t-SNE","cpu","landmark_pipeline",4,4,965282,14,,30,"float32",0.5,3,3,"success",227.578,225.7515,229.674,3.92249999999999,3.92558483965553,223.925,231.77,0.00600000000000001,0.00549999999999995,0.00750000000000007,0.00200000000000012,0.00208166599946624,0.00499999999999989,0.00900000000000012,,,,,,,,,,,,,,,,,,,,,,227.573,225.746,229.667,3.92099999999999,3.92402905188021,223.919,231.761,1.30409240722656,1.29784965515137,1.30425453186035,0.00640487670898438,0.00730391144189318,1.29160690307617,1.30441665649414,,,,,,,,,,,,,,,0.969267341089192,0.968724279210926,0.970362999494183,0.0016387202832574,0.00166948848669547,0.968181217332659,0.971458657899174,0.332733333333333,0.3277,0.33335,0.00565000000000004,0.00619877526732604,0.322666666666667,0.333966666666667,0.402966666666667,0.396258333333333,0.4032,0.00694166666666651,0.00788428465014068,0.38955,0.403433333333333,0.46233,0.45566,0.46377,0.00811000000000001,0.00865388544720425,0.44899,0.46521,0.220193047890722,0.217561597971513,0.231196607723152,0.013635009751639,0.0144664289210218,0.214930148052304,0.242200167555582,0.8855,0.884,0.887,0.00300000000000011,0.003,0.8825,0.8885,2.08892142991624,2.08700836247236,2.0925440269947,0.00553566452234522,0.00562296590431808,2.08509529502848,2.09616662407317,482641,482641,482641,0,0,482641,482641,115.022,115.006,119.2555,4.24950000000001,4.89768846838316,114.99,123.489,67.972,67.7645,68.4475,0.682999999999993,0.700307313494108,67.557,68.923,,,,,,,,38.543,38.1915,40.5605,2.369,2.55682348497767,37.84,42.578,,,,,,,,,,,,,,,,,,,,,,,,,,,,,,,,,,,,,,,,,,,"landmark","cpu4","/Users/stefano/Documents/fastEmbedR-results/fastEmbedR-results/mass41/landmark/cpu4/20260721_084502_1071283/benchmark_summary_median_variability.csv"
"mass41","fastEmbedR_umap_cpu_binary_full","UMAP","cpu","full_pipeline",4,4,965282,14,30,,"float32",,3,3,"success",1259.796,1243.6015,1262.0495,18.4480000000001,20.1274074584881,1227.407,1264.303,0.00600000000000001,0.00549999999999995,0.00600000000000001,0.00050000000000006,0.000577350269189695,0.00499999999999989,0.00600000000000001,225.526,222.355,232.9225,10.5675,10.8454448041563,219.184,240.319,,,,,,,,,,,,,,,1019.208,1013.602,1028.864,15.2620000000001,15.4400823831999,1007.996,1038.52,3.78635025024414,3.78634452819824,3.78655052185059,0.00020599365234375,0.000234627141032132,3.78633880615234,3.78675079345703,,,,,,,,,,,,,,,0.969991637160681,0.969260883493509,0.970487464171303,0.00122658067779491,0.00123405713149455,0.968530129826336,0.970983291181926,0.3131,0.304033333333333,0.31345,0.00941666666666652,0.0106770955961987,0.294966666666667,0.3138,0.408316666666667,0.403766666666667,0.414525,0.010758333333333,0.0108008530184388,0.399216666666667,0.420733333333333,0.49032,0.486155,0.494765,0.00861000000000001,0.00861151748145084,0.48199,0.49921,0.327749432779195,0.319629390324456,0.345513027994713,0.0258836376702565,0.0264756882629159,0.311509347869718,0.363276623210231,0.9055,0.8935,0.9055,0.012,0.013856406460551,0.8815,0.9055,,,,,,,,,,,,,,,,,,,,,,,,,,,,,,,,,,,,,,,,,,,,,,,,,,,,,,,,,,,,,,,,,,,,,,,,,,,,,,,,,,,,,"landmark","cpu4","/Users/stefano/Documents/fastEmbedR-results/fastEmbedR-results/mass41/landmark/cpu4/20260721_084502_1071283/benchmark_summary_median_variability.csv"
"mass41","fastEmbedR_umap_cpu_binary_landmark","UMAP","cpu","landmark_pipeline",4,4,965282,14,30,,"float32",0.5,3,3,"success",645.172,644.079,653.669,9.59000000000015,10.4995796106321,642.986,662.166,0.01,0.009,0.0105,0.00149999999999995,0.0015275252316519,0.00800000000000001,0.0109999999999999,,,,,,,,,,,,,,,,,,,,,,645.164,644.07,653.6595,9.58950000000004,10.498535342291,642.976,662.155,2.15904998779297,2.15898704528809,2.16280555725098,0.00381851196289062,0.00437335091385548,2.1589241027832,2.16656112670898,,,,,,,,,,,,,,,0.968521210588434,0.968505622997809,0.969233080424887,0.000727457427078027,0.000831142164030242,0.968490035407183,0.969944950261339,0.3015,0.296,0.301766666666667,0.00576666666666653,0.00651027677627476,0.2905,0.302033333333333,0.402433333333333,0.397358333333333,0.403858333333333,0.00650000000000001,0.00683306910058236,0.392283333333333,0.405283333333333,0.48637,0.47956,0.486655,0.00709500000000002,0.00803311272172873,0.47275,0.48694,0.306365295373657,0.302552587362518,0.30877941751074,0.00622683014822151,0.00627896710007592,0.29873987935138,0.311193539647823,0.901,0.89475,0.9015,0.00675000000000003,0.00752218939759788,0.8885,0.902,,,,,,,,482641,482641,482641,0,0,482641,482641,564.532,564.1885,573.0585,8.87000000000012,10.0497460830278,563.845,581.585,73.271,72.552,73.3095,0.75750000000005,0.85332662757785,71.833,73.3480000000001,5.88,5.85849999999999,5.89949999999999,0.040999999999995,0.0410162569395715,5.83699999999999,5.91899999999998,0,0,0,0,0,0,0,,,,,,,,,,,,,,,,,,,,,,,,,,,,,,,,,,,,,,,,,,,"landmark","cpu4","/Users/stefano/Documents/fastEmbedR-results/fastEmbedR-results/mass41/landmark/cpu4/20260721_084502_1071283/benchmark_summary_median_variability.csv"
"mass41","fastEmbedR_opentsne_cuda_full","t-SNE","cuda","full_pipeline",1,,965282,14,,30,"float32",,3,3,"success",5.769,5.758,5.854,0.0960000000000001,0.105077748992512,5.747,5.939,0.0109999999999999,0.0109999999999999,0.011,9.8879238130678e-17,1.15179629816805e-16,0.0109999999999999,0.0110000000000001,1.414,1.405,1.441,0.036,0.0374699879903904,1.396,1.468,,,,,,,,,,,,,,,4.07,4.069,4.13,0.0610000000000008,0.069866539440088,4.068,4.19,0.926288604736328,0.926130294799805,0.926294326782227,0.000164031982421875,0.000186192139233587,0.925971984863281,0.926300048828125,1295,1295,1295,0,0,1295,1295,1295,1295,1295,0,0,1295,1295,0.975003506997134,0.974189040633958,0.9751121227449,0.000923082110942497,0.00100903697353823,0.973374574270781,0.975220738492666,0.354633333333333,0.344266666666666,0.354983333333333,0.0107166666666665,0.012177498983021,0.3339,0.355333333333333,0.414466666666667,0.407541666666667,0.417058333333334,0.00951666666666651,0.00984003067595325,0.400616666666667,0.41965,0.47149,0.46419,0.472725,0.00853500000000001,0.00922537984764493,0.45689,0.47396,0.224535704920787,0.2224962282104,0.233636192805938,0.0111399645955375,0.011862466190744,0.220456751500014,0.242736680691089,0.8865,0.88625,0.895,0.00875000000000004,0.00996242942258563,0.886,0.9035,2.03783207944103,2.03577988850785,2.03853177368293,0.00275188517507985,0.00286052811851239,2.03372769757467,2.03923146792483,,,,,,,,,,,,,,,,,,,,,,,,,,,,,,,,,,,,,,,,,,,,,,,,,,,,,,,,,,,,,,,,,,,,,,,,,,,,,,"landmark","cuda","/Users/stefano/Documents/fastEmbedR-results/fastEmbedR-results/mass41/landmark/cuda/20260723_030839_1071294/benchmark_summary_median_variability.csv"
"mass41","fastEmbedR_opentsne_cuda_landmark","t-SNE","cuda","landmark_pipeline",1,,,,,30,"float32",0.5,3,0,"failed",,,,,,,,,,,,,,,,,,,,,,,,,,,,,,,,,,,,,,,,,,,0.856113433837891,0.855981826782227,0.861797332763672,0.00581550598144531,0.00664048879906813,0.855850219726562,0.867481231689453,1081,1080,1081,1,1.15470053837925,1079,1081,1081,1080,1081,1,1.15470053837925,1079,1081,,,,,,,,,,,,,,,,,,,,,,,,,,,,,,,,,,,,,,,,,,,,,,,,,,,,,,,,,,,,,,,,,,,,,,,,,,,,,,,,,,,,,,,,,,,,,,,,,,,,,,,,,,,,,,,,,,,,,,,,,,,,,,,"landmark","cuda","/Users/stefano/Documents/fastEmbedR-results/fastEmbedR-results/mass41/landmark/cuda/20260723_030839_1071294/benchmark_summary_median_variability.csv"
"mass41","fastEmbedR_umap_cuda_binary_full","UMAP","cuda","full_pipeline",1,,965282,14,30,,"float32",,3,3,"success",3.024,3.024,3.051,0.0270000000000001,0.0311769145362397,3.024,3.078,0.0110000000000001,0.0110000000000001,0.0135000000000001,0.00249999999999995,0.00288675134594807,0.0110000000000001,0.016,1.424,1.417,1.4385,0.0215000000000001,0.0219317121994614,1.41,1.453,,,,,,,,,,,,,,,1.347,1.3435,1.3475,0.004,0.00435889894354065,1.34,1.348,0.875434875488281,0.875392913818359,0.875595092773438,0.000202178955078125,0.00021339586075641,0.875350952148438,0.875755310058594,2845,2845,2845,0,0,2845,2845,2845,2845,2845,0,0,2845,2845,0.971251525880964,0.970160866632946,0.971669861743382,0.00150899511043645,0.00155812039166738,0.969070207384927,0.9720881976058,0.310366666666667,0.301833333333334,0.31415,0.0123166666666665,0.0126182847927565,0.2933,0.317933333333333,0.410433333333333,0.404408333333333,0.416616666666667,0.0122083333333335,0.0122086755735118,0.398383333333333,0.4228,0.49555,0.48976,0.50072,0.01096,0.0109658439407705,0.48397,0.50589,0.304585032189749,0.290522338591828,0.324927743306414,0.034405404714586,0.0345959257753429,0.276459644993907,0.345270454423079,0.905,0.9035,0.90525,0.00175000000000003,0.00189296944860007,0.902,0.9055,,,,,,,,,,,,,,,,,,,,,,,,,,,,,,,,,,,,,,,,,,,,,,,,,,,,,,,,,,,,,,,,,,,,,,,,,,,,,,,,,,,,,"landmark","cuda","/Users/stefano/Documents/fastEmbedR-results/fastEmbedR-results/mass41/landmark/cuda/20260723_030839_1071294/benchmark_summary_median_variability.csv"
"mass41","fastEmbedR_umap_cuda_binary_landmark","UMAP","cuda","landmark_pipeline",1,,,,30,,"float32",0.5,3,0,"failed",,,,,,,,,,,,,,,,,,,,,,,,,,,,,,,,,,,,,,,,,,,0.780261993408203,0.776130676269531,0.780406951904297,0.00427627563476562,0.00485628991243067,0.771999359130859,0.780551910400391,1703,1703,1703,0,0,1703,1703,1703,1703,1703,0,0,1703,1703,,,,,,,,,,,,,,,,,,,,,,,,,,,,,,,,,,,,,,,,,,,,,,,,,,,,,,,,,,,,,,,,,,,,,,,,,,,,,,,,,,,,,,,,,,,,,,,,,,,,,,,,,,,,,,,,,,,,,,,,,,,,,,,"landmark","cuda","/Users/stefano/Documents/fastEmbedR-results/fastEmbedR-results/mass41/landmark/cuda/20260723_030839_1071294/benchmark_summary_median_variability.csv"
