"dataset","method","backend","status","n","p","cpu_threads","timing_mode","runtime_sec","process_elapsed_sec","python_fit_sec","max_rss_gb","trustworthiness","nn_preservation","silhouette","knn_label_accuracy","knn_preservation_15","knn_preservation_50","quality_sample_n","plot_file","error","key_manuscript_dataset","suite","profile","seed","source_file"
"COIL20","python_opentsne_fft","cpu","success",1440,16384,1,"reticulate",48.622,48.622,,,0.982876185995452,0.738171296296296,0.424391247353235,0.901388888888889,0.791666666666667,0.710888888888889,1440,"/scratch/firenze/NN/fastEmbedR-results/COIL20/python/cpu1/20260721_084502_1071200/seed_17/plots/COIL20_python_opentsne_fft_threads1_seed17.png",,FALSE,"python","cpu1","17","/Users/stefano/Documents/fastEmbedR-results/COIL20/python/cpu1/20260721_084502_1071200/seed_17/embedding_quality_table.csv"
"COIL20","python_opentsne_fft_direct","cpu","success",1440,16384,1,"native_python_process",43.9867194304243,45.183,43.9867194304243,,0.982876185995452,0.738171296296296,0.424391244255537,0.901388888888889,0.791666666666667,0.710888888888889,1440,"/scratch/firenze/NN/fastEmbedR-results/COIL20/python/cpu1/20260721_084502_1071200/seed_17/plots/COIL20_python_opentsne_fft_direct_threads1_seed17.png",,FALSE,"python","cpu1","17","/Users/stefano/Documents/fastEmbedR-results/COIL20/python/cpu1/20260721_084502_1071200/seed_17/embedding_quality_table.csv"
"COIL20","python_umap_learn","cpu","success",1440,16384,1,"reticulate",19.906,19.906,,,0.980495373637575,0.728703703703704,0.471931690402941,0.809027777777778,0.70337962962963,0.699486111111111,1440,"/scratch/firenze/NN/fastEmbedR-results/COIL20/python/cpu1/20260721_084502_1071200/seed_17/plots/COIL20_python_umap_learn_threads1_seed17.png",,FALSE,"python","cpu1","17","/Users/stefano/Documents/fastEmbedR-results/COIL20/python/cpu1/20260721_084502_1071200/seed_17/embedding_quality_table.csv"
"COIL20","python_umap_learn_direct","cpu","success",1440,16384,1,"native_python_process",18.6794248446822,19.861,18.6794248446822,,0.980495373637575,0.728703703703704,0.471931690402941,0.809027777777778,0.70337962962963,0.699486111111111,1440,"/scratch/firenze/NN/fastEmbedR-results/COIL20/python/cpu1/20260721_084502_1071200/seed_17/plots/COIL20_python_umap_learn_direct_threads1_seed17.png",,FALSE,"python","cpu1","17","/Users/stefano/Documents/fastEmbedR-results/COIL20/python/cpu1/20260721_084502_1071200/seed_17/embedding_quality_table.csv"
"COIL20","python_opentsne_fft","cpu","success",1440,16384,1,"reticulate",55.149,55.149,,,0.981042989884733,0.738958333333333,0.423443953116226,0.916666666666667,0.791759259259259,0.710972222222222,1440,"/scratch/firenze/NN/fastEmbedR-results/COIL20/python/cpu1/20260721_084502_1071200/seed_4/plots/COIL20_python_opentsne_fft_threads1_seed4.png",,FALSE,"python","cpu1","4","/Users/stefano/Documents/fastEmbedR-results/COIL20/python/cpu1/20260721_084502_1071200/seed_4/embedding_quality_table.csv"
"COIL20","python_opentsne_fft_direct","cpu","success",1440,16384,1,"native_python_process",48.5869116848335,49.885,48.5869116848335,,0.981042989884733,0.738958333333333,0.423443952745551,0.916666666666667,0.791759259259259,0.710972222222222,1440,"/scratch/firenze/NN/fastEmbedR-results/COIL20/python/cpu1/20260721_084502_1071200/seed_4/plots/COIL20_python_opentsne_fft_direct_threads1_seed4.png",,FALSE,"python","cpu1","4","/Users/stefano/Documents/fastEmbedR-results/COIL20/python/cpu1/20260721_084502_1071200/seed_4/embedding_quality_table.csv"
"COIL20","python_umap_learn","cpu","success",1440,16384,1,"reticulate",21.807,21.807,,,0.983754998823806,0.734953703703704,0.460967509552437,0.820833333333333,0.71962962962963,0.707277777777778,1440,"/scratch/firenze/NN/fastEmbedR-results/COIL20/python/cpu1/20260721_084502_1071200/seed_4/plots/COIL20_python_umap_learn_threads1_seed4.png",,FALSE,"python","cpu1","4","/Users/stefano/Documents/fastEmbedR-results/COIL20/python/cpu1/20260721_084502_1071200/seed_4/embedding_quality_table.csv"
"COIL20","python_umap_learn_direct","cpu","success",1440,16384,1,"native_python_process",19.5740781202912,20.794,19.5740781202912,,0.983754998823806,0.734953703703704,0.460967509552437,0.820833333333333,0.71962962962963,0.707277777777778,1440,"/scratch/firenze/NN/fastEmbedR-results/COIL20/python/cpu1/20260721_084502_1071200/seed_4/plots/COIL20_python_umap_learn_direct_threads1_seed4.png",,FALSE,"python","cpu1","4","/Users/stefano/Documents/fastEmbedR-results/COIL20/python/cpu1/20260721_084502_1071200/seed_4/embedding_quality_table.csv"
"COIL20","python_opentsne_fft","cpu","success",1440,16384,1,"reticulate",47.872,47.872,,,0.982964955958075,0.737268518518518,0.416098424803864,0.911111111111111,0.787222222222222,0.7055,1440,"/scratch/firenze/NN/fastEmbedR-results/COIL20/python/cpu1/20260721_084502_1071200/seed_42/plots/COIL20_python_opentsne_fft_threads1_seed42.png",,FALSE,"python","cpu1","42","/Users/stefano/Documents/fastEmbedR-results/COIL20/python/cpu1/20260721_084502_1071200/seed_42/embedding_quality_table.csv"
"COIL20","python_opentsne_fft_direct","cpu","success",1440,16384,1,"native_python_process",42.20589477662,43.384,42.20589477662,,0.982964955958075,0.737268518518518,0.416098425516424,0.911111111111111,0.787222222222222,0.7055,1440,"/scratch/firenze/NN/fastEmbedR-results/COIL20/python/cpu1/20260721_084502_1071200/seed_42/plots/COIL20_python_opentsne_fft_direct_threads1_seed42.png",,FALSE,"python","cpu1","42","/Users/stefano/Documents/fastEmbedR-results/COIL20/python/cpu1/20260721_084502_1071200/seed_42/embedding_quality_table.csv"
"COIL20","python_umap_learn","cpu","success",1440,16384,1,"reticulate",18.973,18.973,,,0.983820931022766,0.735949074074074,0.496717871302578,0.825694444444444,0.721944444444444,0.705930555555556,1440,"/scratch/firenze/NN/fastEmbedR-results/COIL20/python/cpu1/20260721_084502_1071200/seed_42/plots/COIL20_python_umap_learn_threads1_seed42.png",,FALSE,"python","cpu1","42","/Users/stefano/Documents/fastEmbedR-results/COIL20/python/cpu1/20260721_084502_1071200/seed_42/embedding_quality_table.csv"
"COIL20","python_umap_learn_direct","cpu","success",1440,16384,1,"native_python_process",16.8566316738725,17.907,16.8566316738725,,0.983820931022766,0.735949074074074,0.496717871302578,0.825694444444444,0.721944444444444,0.705930555555556,1440,"/scratch/firenze/NN/fastEmbedR-results/COIL20/python/cpu1/20260721_084502_1071200/seed_42/plots/COIL20_python_umap_learn_direct_threads1_seed42.png",,FALSE,"python","cpu1","42","/Users/stefano/Documents/fastEmbedR-results/COIL20/python/cpu1/20260721_084502_1071200/seed_42/embedding_quality_table.csv"
"COIL20","python_opentsne_fft","cpu","success",1440,16384,4,"reticulate",36.631,36.631,,,0.983037520583392,0.738240740740741,0.422516714344652,0.861111111111111,0.78912037037037,0.7095,1440,"/scratch/firenze/NN/fastEmbedR-results/COIL20/python/cpu4/20260721_084502_1071211/seed_17/plots/COIL20_python_opentsne_fft_threads4_seed17.png",,FALSE,"python","cpu4","17","/Users/stefano/Documents/fastEmbedR-results/COIL20/python/cpu4/20260721_084502_1071211/seed_17/embedding_quality_table.csv"
"COIL20","python_opentsne_fft_direct","cpu","success",1440,16384,4,"native_python_process",30.9538748310879,32.444,30.9538748310879,,0.983037520583392,0.738240740740741,0.422516715688136,0.861111111111111,0.78912037037037,0.7095,1440,"/scratch/firenze/NN/fastEmbedR-results/COIL20/python/cpu4/20260721_084502_1071211/seed_17/plots/COIL20_python_opentsne_fft_direct_threads4_seed17.png",,FALSE,"python","cpu4","17","/Users/stefano/Documents/fastEmbedR-results/COIL20/python/cpu4/20260721_084502_1071211/seed_17/embedding_quality_table.csv"
"COIL20","python_umap_learn","cpu","success",1440,16384,4,"reticulate",21.036,21.036,,,0.980495373637575,0.728703703703704,0.471931690402941,0.809027777777778,0.70337962962963,0.699486111111111,1440,"/scratch/firenze/NN/fastEmbedR-results/COIL20/python/cpu4/20260721_084502_1071211/seed_17/plots/COIL20_python_umap_learn_threads4_seed17.png",,FALSE,"python","cpu4","17","/Users/stefano/Documents/fastEmbedR-results/COIL20/python/cpu4/20260721_084502_1071211/seed_17/embedding_quality_table.csv"
"COIL20","python_umap_learn_direct","cpu","success",1440,16384,4,"native_python_process",19.3118180399761,20.805,19.3118180399761,,0.980495373637575,0.728703703703704,0.471931690402941,0.809027777777778,0.70337962962963,0.699486111111111,1440,"/scratch/firenze/NN/fastEmbedR-results/COIL20/python/cpu4/20260721_084502_1071211/seed_17/plots/COIL20_python_umap_learn_direct_threads4_seed17.png",,FALSE,"python","cpu4","17","/Users/stefano/Documents/fastEmbedR-results/COIL20/python/cpu4/20260721_084502_1071211/seed_17/embedding_quality_table.csv"
"COIL20","python_opentsne_fft","cpu","success",1440,16384,4,"reticulate",40.573,40.573,,,0.98163157688387,0.733078703703704,0.410865024930904,0.913888888888889,0.785185185185185,0.705680555555556,1440,"/scratch/firenze/NN/fastEmbedR-results/COIL20/python/cpu4/20260721_084502_1071211/seed_4/plots/COIL20_python_opentsne_fft_threads4_seed4.png",,FALSE,"python","cpu4","4","/Users/stefano/Documents/fastEmbedR-results/COIL20/python/cpu4/20260721_084502_1071211/seed_4/embedding_quality_table.csv"
"COIL20","python_opentsne_fft_direct","cpu","success",1440,16384,4,"native_python_process",33.0831296551041,34.352,33.0831296551041,,0.98163157688387,0.733078703703704,0.410865023508728,0.913888888888889,0.785185185185185,0.705680555555556,1440,"/scratch/firenze/NN/fastEmbedR-results/COIL20/python/cpu4/20260721_084502_1071211/seed_4/plots/COIL20_python_opentsne_fft_direct_threads4_seed4.png",,FALSE,"python","cpu4","4","/Users/stefano/Documents/fastEmbedR-results/COIL20/python/cpu4/20260721_084502_1071211/seed_4/embedding_quality_table.csv"
"COIL20","python_umap_learn","cpu","success",1440,16384,4,"reticulate",20.627,20.627,,,0.983754998823806,0.734953703703704,0.460967509552437,0.820833333333333,0.71962962962963,0.707277777777778,1440,"/scratch/firenze/NN/fastEmbedR-results/COIL20/python/cpu4/20260721_084502_1071211/seed_4/plots/COIL20_python_umap_learn_threads4_seed4.png",,FALSE,"python","cpu4","4","/Users/stefano/Documents/fastEmbedR-results/COIL20/python/cpu4/20260721_084502_1071211/seed_4/embedding_quality_table.csv"
"COIL20","python_umap_learn_direct","cpu","success",1440,16384,4,"native_python_process",19.4642508192919,20.694,19.4642508192919,,0.983754998823806,0.734953703703704,0.460967509552437,0.820833333333333,0.71962962962963,0.707277777777778,1440,"/scratch/firenze/NN/fastEmbedR-results/COIL20/python/cpu4/20260721_084502_1071211/seed_4/plots/COIL20_python_umap_learn_direct_threads4_seed4.png",,FALSE,"python","cpu4","4","/Users/stefano/Documents/fastEmbedR-results/COIL20/python/cpu4/20260721_084502_1071211/seed_4/embedding_quality_table.csv"
"COIL20","python_opentsne_fft","cpu","success",1440,16384,4,"reticulate",34.044,34.044,,,0.980214753391359,0.726736111111111,0.400200163298135,0.892361111111111,0.78125,0.701625,1440,"/scratch/firenze/NN/fastEmbedR-results/COIL20/python/cpu4/20260721_084502_1071211/seed_42/plots/COIL20_python_opentsne_fft_threads4_seed42.png",,FALSE,"python","cpu4","42","/Users/stefano/Documents/fastEmbedR-results/COIL20/python/cpu4/20260721_084502_1071211/seed_42/embedding_quality_table.csv"
"COIL20","python_opentsne_fft_direct","cpu","success",1440,16384,4,"native_python_process",29.6952575081959,30.924,29.6952575081959,,0.980214753391359,0.726736111111111,0.400200163379287,0.892361111111111,0.78125,0.701625,1440,"/scratch/firenze/NN/fastEmbedR-results/COIL20/python/cpu4/20260721_084502_1071211/seed_42/plots/COIL20_python_opentsne_fft_direct_threads4_seed42.png",,FALSE,"python","cpu4","42","/Users/stefano/Documents/fastEmbedR-results/COIL20/python/cpu4/20260721_084502_1071211/seed_42/embedding_quality_table.csv"
"COIL20","python_umap_learn","cpu","success",1440,16384,4,"reticulate",20.974,20.974,,,0.983820931022766,0.735949074074074,0.496717871302578,0.825694444444444,0.721944444444444,0.705930555555556,1440,"/scratch/firenze/NN/fastEmbedR-results/COIL20/python/cpu4/20260721_084502_1071211/seed_42/plots/COIL20_python_umap_learn_threads4_seed42.png",,FALSE,"python","cpu4","42","/Users/stefano/Documents/fastEmbedR-results/COIL20/python/cpu4/20260721_084502_1071211/seed_42/embedding_quality_table.csv"
"COIL20","python_umap_learn_direct","cpu","success",1440,16384,4,"native_python_process",17.3789681107737,18.501,17.3789681107737,,0.983820931022766,0.735949074074074,0.496717871302578,0.825694444444444,0.721944444444444,0.705930555555556,1440,"/scratch/firenze/NN/fastEmbedR-results/COIL20/python/cpu4/20260721_084502_1071211/seed_42/plots/COIL20_python_umap_learn_direct_threads4_seed42.png",,FALSE,"python","cpu4","42","/Users/stefano/Documents/fastEmbedR-results/COIL20/python/cpu4/20260721_084502_1071211/seed_42/embedding_quality_table.csv"
"COIL20","rapids_cuml_tsne_full","cuda","success",1440,16384,1,"reticulate",5.799,5.799,,,0.983294388248517,0.734375,0.341627795155738,0.890277777777778,0.771759259259259,0.7065,1440,"/scratch/firenze/NN/fastEmbedR-results/COIL20/python/cuda/20260722_160208_1071222/seed_17/plots/COIL20_rapids_cuml_tsne_full_threads1_seed17.png",,FALSE,"python","cuda","17","/Users/stefano/Documents/fastEmbedR-results/COIL20/python/cuda/20260722_160208_1071222/seed_17/embedding_quality_table.csv"
"COIL20","rapids_cuml_tsne_full_direct","cuda","success",1440,16384,1,"native_python_process",2.13312627840787,3.243,2.13312627840787,,0.982370455317703,0.732106481481481,0.335226418093741,0.897916666666667,0.772453703703704,0.701027777777778,1440,"/scratch/firenze/NN/fastEmbedR-results/COIL20/python/cuda/20260722_160208_1071222/seed_17/plots/COIL20_rapids_cuml_tsne_full_direct_threads1_seed17.png",,FALSE,"python","cuda","17","/Users/stefano/Documents/fastEmbedR-results/COIL20/python/cuda/20260722_160208_1071222/seed_17/embedding_quality_table.csv"
"COIL20","rapids_cuml_umap_full","cuda","success",1440,16384,1,"reticulate",3.338,3.338,,,0.98054385896129,0.723333333333333,0.445319498795363,0.8,0.669768518518518,0.708694444444444,1440,"/scratch/firenze/NN/fastEmbedR-results/COIL20/python/cuda/20260722_160208_1071222/seed_17/plots/COIL20_rapids_cuml_umap_full_threads1_seed17.png",,FALSE,"python","cuda","17","/Users/stefano/Documents/fastEmbedR-results/COIL20/python/cuda/20260722_160208_1071222/seed_17/embedding_quality_table.csv"
"COIL20","rapids_cuml_umap_full_direct","cuda","success",1440,16384,1,"native_python_process",1.87512004654855,2.856,1.87512004654855,,0.98054385896129,0.723333333333333,0.445319498795363,0.8,0.669768518518518,0.708694444444444,1440,"/scratch/firenze/NN/fastEmbedR-results/COIL20/python/cuda/20260722_160208_1071222/seed_17/plots/COIL20_rapids_cuml_umap_full_direct_threads1_seed17.png",,FALSE,"python","cuda","17","/Users/stefano/Documents/fastEmbedR-results/COIL20/python/cuda/20260722_160208_1071222/seed_17/embedding_quality_table.csv"
"COIL20","rapids_cuml_tsne_full","cuda","success",1440,16384,1,"reticulate",6.465,6.465,,,0.983377015865548,0.728981481481481,0.326483630121058,0.896527777777778,0.771111111111111,0.705069444444444,1440,"/scratch/firenze/NN/fastEmbedR-results/COIL20/python/cuda/20260722_160208_1071222/seed_4/plots/COIL20_rapids_cuml_tsne_full_threads1_seed4.png",,FALSE,"python","cuda","4","/Users/stefano/Documents/fastEmbedR-results/COIL20/python/cuda/20260722_160208_1071222/seed_4/embedding_quality_table.csv"
"COIL20","rapids_cuml_tsne_full_direct","cuda","success",1440,16384,1,"native_python_process",2.09984131995589,3.217,2.09984131995589,,0.983067513526229,0.731481481481482,0.327253342888,0.879166666666667,0.772268518518519,0.704152777777778,1440,"/scratch/firenze/NN/fastEmbedR-results/COIL20/python/cuda/20260722_160208_1071222/seed_4/plots/COIL20_rapids_cuml_tsne_full_direct_threads1_seed4.png",,FALSE,"python","cuda","4","/Users/stefano/Documents/fastEmbedR-results/COIL20/python/cuda/20260722_160208_1071222/seed_4/embedding_quality_table.csv"
"COIL20","rapids_cuml_umap_full","cuda","success",1440,16384,1,"reticulate",3.444,3.444,,,0.978102635981076,0.716203703703704,0.442763743240997,0.811805555555556,0.6575,0.703444444444444,1440,"/scratch/firenze/NN/fastEmbedR-results/COIL20/python/cuda/20260722_160208_1071222/seed_4/plots/COIL20_rapids_cuml_umap_full_threads1_seed4.png",,FALSE,"python","cuda","4","/Users/stefano/Documents/fastEmbedR-results/COIL20/python/cuda/20260722_160208_1071222/seed_4/embedding_quality_table.csv"
"COIL20","rapids_cuml_umap_full_direct","cuda","success",1440,16384,1,"native_python_process",1.86097252648324,2.838,1.86097252648324,,0.978102635981076,0.716203703703704,0.442763743240997,0.811805555555556,0.6575,0.703444444444444,1440,"/scratch/firenze/NN/fastEmbedR-results/COIL20/python/cuda/20260722_160208_1071222/seed_4/plots/COIL20_rapids_cuml_umap_full_direct_threads1_seed4.png",,FALSE,"python","cuda","4","/Users/stefano/Documents/fastEmbedR-results/COIL20/python/cuda/20260722_160208_1071222/seed_4/embedding_quality_table.csv"
"COIL20","rapids_cuml_tsne_full","cuda","success",1440,16384,1,"reticulate",5.812,5.812,,,0.981160511252254,0.727453703703704,0.339663029676983,0.883333333333333,0.76837962962963,0.697638888888889,1440,"/scratch/firenze/NN/fastEmbedR-results/COIL20/python/cuda/20260722_160208_1071222/seed_42/plots/COIL20_rapids_cuml_tsne_full_threads1_seed42.png",,FALSE,"python","cuda","42","/Users/stefano/Documents/fastEmbedR-results/COIL20/python/cuda/20260722_160208_1071222/seed_42/embedding_quality_table.csv"
"COIL20","rapids_cuml_tsne_full_direct","cuda","success",1440,16384,1,"native_python_process",2.11078825686127,3.225,2.11078825686127,,0.981138686322173,0.724143518518519,0.338096641766214,0.883333333333333,0.774583333333333,0.692097222222222,1440,"/scratch/firenze/NN/fastEmbedR-results/COIL20/python/cuda/20260722_160208_1071222/seed_42/plots/COIL20_rapids_cuml_tsne_full_direct_threads1_seed42.png",,FALSE,"python","cuda","42","/Users/stefano/Documents/fastEmbedR-results/COIL20/python/cuda/20260722_160208_1071222/seed_42/embedding_quality_table.csv"
"COIL20","rapids_cuml_umap_full","cuda","success",1440,16384,1,"reticulate",3.358,3.358,,,0.978636725999111,0.713657407407407,0.439402472841835,0.795833333333333,0.651805555555556,0.702458333333333,1440,"/scratch/firenze/NN/fastEmbedR-results/COIL20/python/cuda/20260722_160208_1071222/seed_42/plots/COIL20_rapids_cuml_umap_full_threads1_seed42.png",,FALSE,"python","cuda","42","/Users/stefano/Documents/fastEmbedR-results/COIL20/python/cuda/20260722_160208_1071222/seed_42/embedding_quality_table.csv"
"COIL20","rapids_cuml_umap_full_direct","cuda","success",1440,16384,1,"native_python_process",1.86406767833978,2.84,1.86406767833978,,0.978636725999111,0.713657407407407,0.439402472841835,0.795833333333333,0.651805555555556,0.702458333333333,1440,"/scratch/firenze/NN/fastEmbedR-results/COIL20/python/cuda/20260722_160208_1071222/seed_42/plots/COIL20_rapids_cuml_umap_full_direct_threads1_seed42.png",,FALSE,"python","cuda","42","/Users/stefano/Documents/fastEmbedR-results/COIL20/python/cuda/20260722_160208_1071222/seed_42/embedding_quality_table.csv"
"FashionMNIST","python_opentsne_fft","cpu","success",70000,784,1,"reticulate",224.514,224.514,,,0.961271981487702,0.414877777777778,0.116125857353816,0.791666666666667,0.379688888888889,0.443986666666667,5000,"/scratch/firenze/NN/fastEmbedR-results/FashionMNIST/python/cpu1/20260721_084502_1071201/seed_17/plots/FashionMNIST_python_opentsne_fft_threads1_seed17.png",,TRUE,"python","cpu1","17","/Users/stefano/Documents/fastEmbedR-results/FashionMNIST/python/cpu1/20260721_084502_1071201/seed_17/embedding_quality_table.csv"
"FashionMNIST","python_opentsne_fft_direct","cpu","success",70000,784,1,"native_python_process",211.274181887507,212.936,211.274181887507,,0.961271981487702,0.414877777777778,0.116125856891065,0.791666666666667,0.379688888888889,0.443986666666667,5000,"/scratch/firenze/NN/fastEmbedR-results/FashionMNIST/python/cpu1/20260721_084502_1071201/seed_17/plots/FashionMNIST_python_opentsne_fft_direct_threads1_seed17.png",,TRUE,"python","cpu1","17","/Users/stefano/Documents/fastEmbedR-results/FashionMNIST/python/cpu1/20260721_084502_1071201/seed_17/embedding_quality_table.csv"
"FashionMNIST","python_umap_learn","cpu","success",70000,784,1,"reticulate",73.755,73.755,,,0.953632217370209,0.406955555555556,0.205500349441179,0.751,0.341688888888889,0.456686666666667,5000,"/scratch/firenze/NN/fastEmbedR-results/FashionMNIST/python/cpu1/20260721_084502_1071201/seed_17/plots/FashionMNIST_python_umap_learn_threads1_seed17.png",,TRUE,"python","cpu1","17","/Users/stefano/Documents/fastEmbedR-results/FashionMNIST/python/cpu1/20260721_084502_1071201/seed_17/embedding_quality_table.csv"
"FashionMNIST","python_umap_learn_direct","cpu","success",70000,784,1,"native_python_process",72.6529015488923,74.339,72.6529015488923,,0.953632217370209,0.406955555555556,0.205500349441179,0.751,0.341688888888889,0.456686666666667,5000,"/scratch/firenze/NN/fastEmbedR-results/FashionMNIST/python/cpu1/20260721_084502_1071201/seed_17/plots/FashionMNIST_python_umap_learn_direct_threads1_seed17.png",,TRUE,"python","cpu1","17","/Users/stefano/Documents/fastEmbedR-results/FashionMNIST/python/cpu1/20260721_084502_1071201/seed_17/embedding_quality_table.csv"
"FashionMNIST","python_opentsne_fft","cpu","success",70000,784,1,"reticulate",238.413,238.413,,,0.965716209457694,0.434077777777778,0.123735597885327,0.795666666666667,0.392688888888889,0.46328,5000,"/scratch/firenze/NN/fastEmbedR-results/FashionMNIST/python/cpu1/20260721_084502_1071201/seed_4/plots/FashionMNIST_python_opentsne_fft_threads1_seed4.png",,TRUE,"python","cpu1","4","/Users/stefano/Documents/fastEmbedR-results/FashionMNIST/python/cpu1/20260721_084502_1071201/seed_4/embedding_quality_table.csv"
"FashionMNIST","python_opentsne_fft_direct","cpu","success",70000,784,1,"native_python_process",233.968875613064,235.715,233.968875613064,,0.965716209457694,0.434077777777778,0.123735598260286,0.795666666666667,0.392688888888889,0.46328,5000,"/scratch/firenze/NN/fastEmbedR-results/FashionMNIST/python/cpu1/20260721_084502_1071201/seed_4/plots/FashionMNIST_python_opentsne_fft_direct_threads1_seed4.png",,TRUE,"python","cpu1","4","/Users/stefano/Documents/fastEmbedR-results/FashionMNIST/python/cpu1/20260721_084502_1071201/seed_4/embedding_quality_table.csv"
"FashionMNIST","python_umap_learn","cpu","success",70000,784,1,"reticulate",83.34,83.34,,,0.958849266599485,0.4264,0.203744984672119,0.768,0.358533333333333,0.47582,5000,"/scratch/firenze/NN/fastEmbedR-results/FashionMNIST/python/cpu1/20260721_084502_1071201/seed_4/plots/FashionMNIST_python_umap_learn_threads1_seed4.png",,TRUE,"python","cpu1","4","/Users/stefano/Documents/fastEmbedR-results/FashionMNIST/python/cpu1/20260721_084502_1071201/seed_4/embedding_quality_table.csv"
"FashionMNIST","python_umap_learn_direct","cpu","success",70000,784,1,"native_python_process",80.509529040195,82.365,80.509529040195,,0.958849266599485,0.4264,0.203744984672119,0.768,0.358533333333333,0.47582,5000,"/scratch/firenze/NN/fastEmbedR-results/FashionMNIST/python/cpu1/20260721_084502_1071201/seed_4/plots/FashionMNIST_python_umap_learn_direct_threads1_seed4.png",,TRUE,"python","cpu1","4","/Users/stefano/Documents/fastEmbedR-results/FashionMNIST/python/cpu1/20260721_084502_1071201/seed_4/embedding_quality_table.csv"
"FashionMNIST","python_opentsne_fft","cpu","success",70000,784,1,"reticulate",215.182,215.182,,,0.961196633449035,0.424233333333333,0.12194595111857,0.799333333333333,0.384,0.453326666666667,5000,"/scratch/firenze/NN/fastEmbedR-results/FashionMNIST/python/cpu1/20260721_084502_1071201/seed_42/plots/FashionMNIST_python_opentsne_fft_threads1_seed42.png",,TRUE,"python","cpu1","42","/Users/stefano/Documents/fastEmbedR-results/FashionMNIST/python/cpu1/20260721_084502_1071201/seed_42/embedding_quality_table.csv"
"FashionMNIST","python_opentsne_fft_direct","cpu","success",70000,784,1,"native_python_process",209.443468976766,211.112,209.443468976766,,0.961196633449035,0.424233333333333,0.121945951014412,0.799333333333333,0.384,0.453326666666667,5000,"/scratch/firenze/NN/fastEmbedR-results/FashionMNIST/python/cpu1/20260721_084502_1071201/seed_42/plots/FashionMNIST_python_opentsne_fft_direct_threads1_seed42.png",,TRUE,"python","cpu1","42","/Users/stefano/Documents/fastEmbedR-results/FashionMNIST/python/cpu1/20260721_084502_1071201/seed_42/embedding_quality_table.csv"
"FashionMNIST","python_umap_learn","cpu","success",70000,784,1,"reticulate",73.11,73.11,,,0.955051767252641,0.417122222222222,0.200510678645715,0.768666666666667,0.349866666666667,0.466373333333333,5000,"/scratch/firenze/NN/fastEmbedR-results/FashionMNIST/python/cpu1/20260721_084502_1071201/seed_42/plots/FashionMNIST_python_umap_learn_threads1_seed42.png",,TRUE,"python","cpu1","42","/Users/stefano/Documents/fastEmbedR-results/FashionMNIST/python/cpu1/20260721_084502_1071201/seed_42/embedding_quality_table.csv"
"FashionMNIST","python_umap_learn_direct","cpu","success",70000,784,1,"native_python_process",69.4196895025671,71.024,69.4196895025671,,0.955051767252641,0.417122222222222,0.200510678645715,0.768666666666667,0.349866666666667,0.466373333333333,5000,"/scratch/firenze/NN/fastEmbedR-results/FashionMNIST/python/cpu1/20260721_084502_1071201/seed_42/plots/FashionMNIST_python_umap_learn_direct_threads1_seed42.png",,TRUE,"python","cpu1","42","/Users/stefano/Documents/fastEmbedR-results/FashionMNIST/python/cpu1/20260721_084502_1071201/seed_42/embedding_quality_table.csv"
"FashionMNIST","python_opentsne_fft","cpu","success",70000,784,4,"reticulate",119.213,119.213,,,0.960706035158437,0.413144444444444,0.114669294651036,0.793,0.3784,0.442186666666667,5000,"/scratch/firenze/NN/fastEmbedR-results/FashionMNIST/python/cpu4/20260721_084502_1071212/seed_17/plots/FashionMNIST_python_opentsne_fft_threads4_seed17.png",,TRUE,"python","cpu4","17","/Users/stefano/Documents/fastEmbedR-results/FashionMNIST/python/cpu4/20260721_084502_1071212/seed_17/embedding_quality_table.csv"
"FashionMNIST","python_opentsne_fft_direct","cpu","success",70000,784,4,"native_python_process",113.390540993772,115.084,113.390540993772,,0.960706035158437,0.413144444444444,0.114669293926566,0.793,0.3784,0.442186666666667,5000,"/scratch/firenze/NN/fastEmbedR-results/FashionMNIST/python/cpu4/20260721_084502_1071212/seed_17/plots/FashionMNIST_python_opentsne_fft_direct_threads4_seed17.png",,TRUE,"python","cpu4","17","/Users/stefano/Documents/fastEmbedR-results/FashionMNIST/python/cpu4/20260721_084502_1071212/seed_17/embedding_quality_table.csv"
"FashionMNIST","python_umap_learn","cpu","success",70000,784,4,"reticulate",80.617,80.617,,,0.953632217370209,0.406955555555556,0.205500349441179,0.751,0.341688888888889,0.456686666666667,5000,"/scratch/firenze/NN/fastEmbedR-results/FashionMNIST/python/cpu4/20260721_084502_1071212/seed_17/plots/FashionMNIST_python_umap_learn_threads4_seed17.png",,TRUE,"python","cpu4","17","/Users/stefano/Documents/fastEmbedR-results/FashionMNIST/python/cpu4/20260721_084502_1071212/seed_17/embedding_quality_table.csv"
"FashionMNIST","python_umap_learn_direct","cpu","success",70000,784,4,"native_python_process",77.7098860759288,79.462,77.7098860759288,,0.953632217370209,0.406955555555556,0.205500349441179,0.751,0.341688888888889,0.456686666666667,5000,"/scratch/firenze/NN/fastEmbedR-results/FashionMNIST/python/cpu4/20260721_084502_1071212/seed_17/plots/FashionMNIST_python_umap_learn_direct_threads4_seed17.png",,TRUE,"python","cpu4","17","/Users/stefano/Documents/fastEmbedR-results/FashionMNIST/python/cpu4/20260721_084502_1071212/seed_17/embedding_quality_table.csv"
"FashionMNIST","python_opentsne_fft","cpu","success",70000,784,4,"reticulate",120.127,120.127,,,0.96549656253499,0.433366666666667,0.124733224080854,0.804,0.391822222222222,0.46206,5000,"/scratch/firenze/NN/fastEmbedR-results/FashionMNIST/python/cpu4/20260721_084502_1071212/seed_4/plots/FashionMNIST_python_opentsne_fft_threads4_seed4.png",,TRUE,"python","cpu4","4","/Users/stefano/Documents/fastEmbedR-results/FashionMNIST/python/cpu4/20260721_084502_1071212/seed_4/embedding_quality_table.csv"
"FashionMNIST","python_opentsne_fft_direct","cpu","success",70000,784,4,"native_python_process",109.011737803929,110.682,109.011737803929,,0.96549656253499,0.433366666666667,0.124733224113504,0.804,0.391822222222222,0.46206,5000,"/scratch/firenze/NN/fastEmbedR-results/FashionMNIST/python/cpu4/20260721_084502_1071212/seed_4/plots/FashionMNIST_python_opentsne_fft_direct_threads4_seed4.png",,TRUE,"python","cpu4","4","/Users/stefano/Documents/fastEmbedR-results/FashionMNIST/python/cpu4/20260721_084502_1071212/seed_4/embedding_quality_table.csv"
"FashionMNIST","python_umap_learn","cpu","success",70000,784,4,"reticulate",79.73,79.73,,,0.958849266599485,0.4264,0.203744984672119,0.768,0.358533333333333,0.47582,5000,"/scratch/firenze/NN/fastEmbedR-results/FashionMNIST/python/cpu4/20260721_084502_1071212/seed_4/plots/FashionMNIST_python_umap_learn_threads4_seed4.png",,TRUE,"python","cpu4","4","/Users/stefano/Documents/fastEmbedR-results/FashionMNIST/python/cpu4/20260721_084502_1071212/seed_4/embedding_quality_table.csv"
"FashionMNIST","python_umap_learn_direct","cpu","success",70000,784,4,"native_python_process",77.2495644148439,79.146,77.2495644148439,,0.958849266599485,0.4264,0.203744984672119,0.768,0.358533333333333,0.47582,5000,"/scratch/firenze/NN/fastEmbedR-results/FashionMNIST/python/cpu4/20260721_084502_1071212/seed_4/plots/FashionMNIST_python_umap_learn_direct_threads4_seed4.png",,TRUE,"python","cpu4","4","/Users/stefano/Documents/fastEmbedR-results/FashionMNIST/python/cpu4/20260721_084502_1071212/seed_4/embedding_quality_table.csv"
"FashionMNIST","python_opentsne_fft","cpu","success",70000,784,4,"reticulate",123.687,123.687,,,0.96072138245064,0.423788888888889,0.123075323068459,0.789333333333333,0.385466666666667,0.452686666666667,5000,"/scratch/firenze/NN/fastEmbedR-results/FashionMNIST/python/cpu4/20260721_084502_1071212/seed_42/plots/FashionMNIST_python_opentsne_fft_threads4_seed42.png",,TRUE,"python","cpu4","42","/Users/stefano/Documents/fastEmbedR-results/FashionMNIST/python/cpu4/20260721_084502_1071212/seed_42/embedding_quality_table.csv"
"FashionMNIST","python_opentsne_fft_direct","cpu","success",70000,784,4,"native_python_process",108.089548496995,109.707,108.089548496995,,0.96072138245064,0.423788888888889,0.123075323130492,0.789333333333333,0.385466666666667,0.452686666666667,5000,"/scratch/firenze/NN/fastEmbedR-results/FashionMNIST/python/cpu4/20260721_084502_1071212/seed_42/plots/FashionMNIST_python_opentsne_fft_direct_threads4_seed42.png",,TRUE,"python","cpu4","42","/Users/stefano/Documents/fastEmbedR-results/FashionMNIST/python/cpu4/20260721_084502_1071212/seed_42/embedding_quality_table.csv"
"FashionMNIST","python_umap_learn","cpu","success",70000,784,4,"reticulate",74.278,74.278,,,0.955274288060314,0.417622222222222,0.199325830534447,0.771666666666667,0.349,0.46642,5000,"/scratch/firenze/NN/fastEmbedR-results/FashionMNIST/python/cpu4/20260721_084502_1071212/seed_42/plots/FashionMNIST_python_umap_learn_threads4_seed42.png",,TRUE,"python","cpu4","42","/Users/stefano/Documents/fastEmbedR-results/FashionMNIST/python/cpu4/20260721_084502_1071212/seed_42/embedding_quality_table.csv"
"FashionMNIST","python_umap_learn_direct","cpu","success",70000,784,4,"native_python_process",69.0506420619786,70.672,69.0506420619786,,0.955274288060314,0.417622222222222,0.199325830534447,0.771666666666667,0.349,0.46642,5000,"/scratch/firenze/NN/fastEmbedR-results/FashionMNIST/python/cpu4/20260721_084502_1071212/seed_42/plots/FashionMNIST_python_umap_learn_direct_threads4_seed42.png",,TRUE,"python","cpu4","42","/Users/stefano/Documents/fastEmbedR-results/FashionMNIST/python/cpu4/20260721_084502_1071212/seed_42/embedding_quality_table.csv"
"FashionMNIST","rapids_cuml_tsne_full","cuda","success",70000,784,1,"reticulate",6.78,6.78,,,0.533281401858694,0.0177333333333333,-0.0991246102927504,0.176333333333333,0.0113333333333333,0.02622,5000,"/scratch/firenze/NN/fastEmbedR-results/FashionMNIST/python/cuda/20260722_174051_1071223/seed_17/plots/FashionMNIST_rapids_cuml_tsne_full_threads1_seed17.png",,TRUE,"python","cuda","17","/Users/stefano/Documents/fastEmbedR-results/FashionMNIST/python/cuda/20260722_174051_1071223/seed_17/embedding_quality_table.csv"
"FashionMNIST","rapids_cuml_tsne_full_direct","cuda","success",70000,784,1,"native_python_process",2.97172468435019,4.552,2.97172468435019,,0.69342996305005,0.0926888888888889,-0.17384632219187,0.420333333333333,0.0735777777777778,0.111246666666667,5000,"/scratch/firenze/NN/fastEmbedR-results/FashionMNIST/python/cuda/20260722_174051_1071223/seed_17/plots/FashionMNIST_rapids_cuml_tsne_full_direct_threads1_seed17.png",,TRUE,"python","cuda","17","/Users/stefano/Documents/fastEmbedR-results/FashionMNIST/python/cuda/20260722_174051_1071223/seed_17/embedding_quality_table.csv"
"FashionMNIST","rapids_cuml_umap_full","cuda","success",70000,784,1,"reticulate",4.133,4.133,,,0.947773724480275,0.3908,0.193419225596807,0.741666666666667,0.321466666666667,0.443406666666667,5000,"/scratch/firenze/NN/fastEmbedR-results/FashionMNIST/python/cuda/20260722_174051_1071223/seed_17/plots/FashionMNIST_rapids_cuml_umap_full_threads1_seed17.png",,TRUE,"python","cuda","17","/Users/stefano/Documents/fastEmbedR-results/FashionMNIST/python/cuda/20260722_174051_1071223/seed_17/embedding_quality_table.csv"
"FashionMNIST","rapids_cuml_umap_full_direct","cuda","success",70000,784,1,"native_python_process",2.61165098939091,4.021,2.61165098939091,,0.947773724480275,0.3908,0.193419225596807,0.741666666666667,0.321466666666667,0.443406666666667,5000,"/scratch/firenze/NN/fastEmbedR-results/FashionMNIST/python/cuda/20260722_174051_1071223/seed_17/plots/FashionMNIST_rapids_cuml_umap_full_direct_threads1_seed17.png",,TRUE,"python","cuda","17","/Users/stefano/Documents/fastEmbedR-results/FashionMNIST/python/cuda/20260722_174051_1071223/seed_17/embedding_quality_table.csv"
"FashionMNIST","rapids_cuml_tsne_full","cuda","success",70000,784,1,"reticulate",8.853,8.853,,,0.507462307319076,0.0150333333333333,-0.147381350828539,0.137,0.011,0.0217733333333333,5000,"/scratch/firenze/NN/fastEmbedR-results/FashionMNIST/python/cuda/20260722_174051_1071223/seed_4/plots/FashionMNIST_rapids_cuml_tsne_full_threads1_seed4.png",,TRUE,"python","cuda","4","/Users/stefano/Documents/fastEmbedR-results/FashionMNIST/python/cuda/20260722_174051_1071223/seed_4/embedding_quality_table.csv"
"FashionMNIST","rapids_cuml_tsne_full_direct","cuda","success",70000,784,1,"native_python_process",2.91078185662627,4.543,2.91078185662627,,0.517502355092748,0.0156,-0.0677677568471887,0.143,0.0125333333333333,0.0217733333333333,5000,"/scratch/firenze/NN/fastEmbedR-results/FashionMNIST/python/cuda/20260722_174051_1071223/seed_4/plots/FashionMNIST_rapids_cuml_tsne_full_direct_threads1_seed4.png",,TRUE,"python","cuda","4","/Users/stefano/Documents/fastEmbedR-results/FashionMNIST/python/cuda/20260722_174051_1071223/seed_4/embedding_quality_table.csv"
"FashionMNIST","rapids_cuml_umap_full","cuda","success",70000,784,1,"reticulate",4.334,4.334,,,0.954683536744672,0.410555555555556,0.202370102647453,0.770333333333333,0.338644444444444,0.46102,5000,"/scratch/firenze/NN/fastEmbedR-results/FashionMNIST/python/cuda/20260722_174051_1071223/seed_4/plots/FashionMNIST_rapids_cuml_umap_full_threads1_seed4.png",,TRUE,"python","cuda","4","/Users/stefano/Documents/fastEmbedR-results/FashionMNIST/python/cuda/20260722_174051_1071223/seed_4/embedding_quality_table.csv"
"FashionMNIST","rapids_cuml_umap_full_direct","cuda","success",70000,784,1,"native_python_process",2.60256805364043,4.017,2.60256805364043,,0.954683536744672,0.410555555555556,0.202370102647453,0.770333333333333,0.338644444444444,0.46102,5000,"/scratch/firenze/NN/fastEmbedR-results/FashionMNIST/python/cuda/20260722_174051_1071223/seed_4/plots/FashionMNIST_rapids_cuml_umap_full_direct_threads1_seed4.png",,TRUE,"python","cuda","4","/Users/stefano/Documents/fastEmbedR-results/FashionMNIST/python/cuda/20260722_174051_1071223/seed_4/embedding_quality_table.csv"
"FashionMNIST","rapids_cuml_tsne_full","cuda","success",70000,784,1,"reticulate",6.524,6.524,,,0.692588519389393,0.157811111111111,-0.108131605075949,0.461666666666667,0.151044444444444,0.163993333333333,5000,"/scratch/firenze/NN/fastEmbedR-results/FashionMNIST/python/cuda/20260722_174051_1071223/seed_42/plots/FashionMNIST_rapids_cuml_tsne_full_threads1_seed42.png",,TRUE,"python","cuda","42","/Users/stefano/Documents/fastEmbedR-results/FashionMNIST/python/cuda/20260722_174051_1071223/seed_42/embedding_quality_table.csv"
"FashionMNIST","rapids_cuml_tsne_full_direct","cuda","success",70000,784,1,"native_python_process",2.81648071482778,4.416,2.81648071482778,,0.941403866681596,0.409966666666667,-0.0487962479335343,0.780333333333333,0.388511111111111,0.424513333333333,5000,"/scratch/firenze/NN/fastEmbedR-results/FashionMNIST/python/cuda/20260722_174051_1071223/seed_42/plots/FashionMNIST_rapids_cuml_tsne_full_direct_threads1_seed42.png",,TRUE,"python","cuda","42","/Users/stefano/Documents/fastEmbedR-results/FashionMNIST/python/cuda/20260722_174051_1071223/seed_42/embedding_quality_table.csv"
"FashionMNIST","rapids_cuml_umap_full","cuda","success",70000,784,1,"reticulate",4.135,4.135,,,0.952938580972642,0.401433333333333,0.198294822701428,0.764333333333333,0.3334,0.45362,5000,"/scratch/firenze/NN/fastEmbedR-results/FashionMNIST/python/cuda/20260722_174051_1071223/seed_42/plots/FashionMNIST_rapids_cuml_umap_full_threads1_seed42.png",,TRUE,"python","cuda","42","/Users/stefano/Documents/fastEmbedR-results/FashionMNIST/python/cuda/20260722_174051_1071223/seed_42/embedding_quality_table.csv"
"FashionMNIST","rapids_cuml_umap_full_direct","cuda","success",70000,784,1,"native_python_process",2.59558680001646,4.008,2.59558680001646,,0.952938580972642,0.401433333333333,0.198294822701428,0.764333333333333,0.3334,0.45362,5000,"/scratch/firenze/NN/fastEmbedR-results/FashionMNIST/python/cuda/20260722_174051_1071223/seed_42/plots/FashionMNIST_rapids_cuml_umap_full_direct_threads1_seed42.png",,TRUE,"python","cuda","42","/Users/stefano/Documents/fastEmbedR-results/FashionMNIST/python/cuda/20260722_174051_1071223/seed_42/embedding_quality_table.csv"
"FlowRepository_FR-FCM-ZYRM_files","python_opentsne_fft","cpu","failed",,,1,"reticulate",,,,,,,,,,,,,"worker exited with status 137",TRUE,"python","cpu1","17","/Users/stefano/Documents/fastEmbedR-results/FlowRepository_FR-FCM-ZYRM_files/python/cpu1/20260721_084502_1071203/seed_17/embedding_quality_table.csv"
"FlowRepository_FR-FCM-ZYRM_files","python_opentsne_fft_direct","cpu","failed",,,1,"native_python_process",,,,,,,,,,,,,"Direct Python benchmark did not write metadata. Output: Killed",TRUE,"python","cpu1","17","/Users/stefano/Documents/fastEmbedR-results/FlowRepository_FR-FCM-ZYRM_files/python/cpu1/20260721_084502_1071203/seed_17/embedding_quality_table.csv"
"FlowRepository_FR-FCM-ZYRM_files","python_umap_learn","cpu","failed",,,1,"reticulate",,,,,,,,,,,,,"worker exited with status 137",TRUE,"python","cpu1","17","/Users/stefano/Documents/fastEmbedR-results/FlowRepository_FR-FCM-ZYRM_files/python/cpu1/20260721_084502_1071203/seed_17/embedding_quality_table.csv"
"FlowRepository_FR-FCM-ZYRM_files","python_umap_learn_direct","cpu","failed",,,1,"native_python_process",,,,,,,,,,,,,"Direct Python benchmark did not write metadata. Output: Killed",TRUE,"python","cpu1","17","/Users/stefano/Documents/fastEmbedR-results/FlowRepository_FR-FCM-ZYRM_files/python/cpu1/20260721_084502_1071203/seed_17/embedding_quality_table.csv"
"FlowRepository_FR-FCM-ZYRM_files","python_opentsne_fft","cpu","failed",,,1,"reticulate",,,,,,,,,,,,,"worker exited with status 137",TRUE,"python","cpu1","4","/Users/stefano/Documents/fastEmbedR-results/FlowRepository_FR-FCM-ZYRM_files/python/cpu1/20260721_084502_1071203/seed_4/embedding_quality_table.csv"
"FlowRepository_FR-FCM-ZYRM_files","python_opentsne_fft_direct","cpu","failed",,,1,"native_python_process",,,,,,,,,,,,,"Direct Python benchmark did not write metadata. Output: Killed",TRUE,"python","cpu1","4","/Users/stefano/Documents/fastEmbedR-results/FlowRepository_FR-FCM-ZYRM_files/python/cpu1/20260721_084502_1071203/seed_4/embedding_quality_table.csv"
"FlowRepository_FR-FCM-ZYRM_files","python_umap_learn","cpu","failed",,,1,"reticulate",,,,,,,,,,,,,"worker exited with status 137",TRUE,"python","cpu1","4","/Users/stefano/Documents/fastEmbedR-results/FlowRepository_FR-FCM-ZYRM_files/python/cpu1/20260721_084502_1071203/seed_4/embedding_quality_table.csv"
"FlowRepository_FR-FCM-ZYRM_files","python_umap_learn_direct","cpu","failed",,,1,"native_python_process",,,,,,,,,,,,,"Direct Python benchmark did not write metadata. Output: Killed",TRUE,"python","cpu1","4","/Users/stefano/Documents/fastEmbedR-results/FlowRepository_FR-FCM-ZYRM_files/python/cpu1/20260721_084502_1071203/seed_4/embedding_quality_table.csv"
"FlowRepository_FR-FCM-ZYRM_files","python_opentsne_fft","cpu","failed",,,1,"reticulate",,,,,,,,,,,,,"worker exited with status 137",TRUE,"python","cpu1","42","/Users/stefano/Documents/fastEmbedR-results/FlowRepository_FR-FCM-ZYRM_files/python/cpu1/20260721_084502_1071203/seed_42/embedding_quality_table.csv"
"FlowRepository_FR-FCM-ZYRM_files","python_opentsne_fft_direct","cpu","failed",,,1,"native_python_process",,,,,,,,,,,,,"Direct Python benchmark did not write metadata. Output: Killed",TRUE,"python","cpu1","42","/Users/stefano/Documents/fastEmbedR-results/FlowRepository_FR-FCM-ZYRM_files/python/cpu1/20260721_084502_1071203/seed_42/embedding_quality_table.csv"
"FlowRepository_FR-FCM-ZYRM_files","python_umap_learn","cpu","failed",,,1,"reticulate",,,,,,,,,,,,,"worker exited with status 137",TRUE,"python","cpu1","42","/Users/stefano/Documents/fastEmbedR-results/FlowRepository_FR-FCM-ZYRM_files/python/cpu1/20260721_084502_1071203/seed_42/embedding_quality_table.csv"
"FlowRepository_FR-FCM-ZYRM_files","python_umap_learn_direct","cpu","failed",,,1,"native_python_process",,,,,,,,,,,,,"Direct Python benchmark did not write metadata. Output: Killed",TRUE,"python","cpu1","42","/Users/stefano/Documents/fastEmbedR-results/FlowRepository_FR-FCM-ZYRM_files/python/cpu1/20260721_084502_1071203/seed_42/embedding_quality_table.csv"
"FlowRepository_FR-FCM-ZYRM_files","python_opentsne_fft","cpu","failed",,,4,"reticulate",,,,,,,,,,,,,"worker exited with status 137",TRUE,"python","cpu4","17","/Users/stefano/Documents/fastEmbedR-results/FlowRepository_FR-FCM-ZYRM_files/python/cpu4/20260721_084502_1071214/seed_17/embedding_quality_table.csv"
"FlowRepository_FR-FCM-ZYRM_files","python_opentsne_fft_direct","cpu","failed",,,4,"native_python_process",,,,,,,,,,,,,"Direct Python benchmark did not write metadata. Output: Killed",TRUE,"python","cpu4","17","/Users/stefano/Documents/fastEmbedR-results/FlowRepository_FR-FCM-ZYRM_files/python/cpu4/20260721_084502_1071214/seed_17/embedding_quality_table.csv"
"FlowRepository_FR-FCM-ZYRM_files","python_umap_learn","cpu","failed",,,4,"reticulate",,,,,,,,,,,,,"worker exited with status 137",TRUE,"python","cpu4","17","/Users/stefano/Documents/fastEmbedR-results/FlowRepository_FR-FCM-ZYRM_files/python/cpu4/20260721_084502_1071214/seed_17/embedding_quality_table.csv"
"FlowRepository_FR-FCM-ZYRM_files","python_umap_learn_direct","cpu","failed",,,4,"native_python_process",,,,,,,,,,,,,"Direct Python benchmark did not write metadata. Output: /opt/conda/lib/python3.12/site-packages/umap/umap_.py:1952: UserWarning: n_jobs value 1 overridden to 1 by setting random_state. Use no seed for parallelism.
  warn(
Killed",TRUE,"python","cpu4","17","/Users/stefano/Documents/fastEmbedR-results/FlowRepository_FR-FCM-ZYRM_files/python/cpu4/20260721_084502_1071214/seed_17/embedding_quality_table.csv"
"FlowRepository_FR-FCM-ZYRM_files","python_opentsne_fft","cpu","failed",,,4,"reticulate",,,,,,,,,,,,,"worker exited with status 137",TRUE,"python","cpu4","4","/Users/stefano/Documents/fastEmbedR-results/FlowRepository_FR-FCM-ZYRM_files/python/cpu4/20260721_084502_1071214/seed_4/embedding_quality_table.csv"
"FlowRepository_FR-FCM-ZYRM_files","python_opentsne_fft_direct","cpu","failed",,,4,"native_python_process",,,,,,,,,,,,,"Direct Python benchmark did not write metadata. Output: Killed",TRUE,"python","cpu4","4","/Users/stefano/Documents/fastEmbedR-results/FlowRepository_FR-FCM-ZYRM_files/python/cpu4/20260721_084502_1071214/seed_4/embedding_quality_table.csv"
"FlowRepository_FR-FCM-ZYRM_files","python_umap_learn","cpu","failed",,,4,"reticulate",,,,,,,,,,,,,"worker exited with status 137",TRUE,"python","cpu4","4","/Users/stefano/Documents/fastEmbedR-results/FlowRepository_FR-FCM-ZYRM_files/python/cpu4/20260721_084502_1071214/seed_4/embedding_quality_table.csv"
"FlowRepository_FR-FCM-ZYRM_files","python_umap_learn_direct","cpu","failed",,,4,"native_python_process",,,,,,,,,,,,,"Direct Python benchmark did not write metadata. Output: /opt/conda/lib/python3.12/site-packages/umap/umap_.py:1952: UserWarning: n_jobs value 1 overridden to 1 by setting random_state. Use no seed for parallelism.
  warn(
Killed",TRUE,"python","cpu4","4","/Users/stefano/Documents/fastEmbedR-results/FlowRepository_FR-FCM-ZYRM_files/python/cpu4/20260721_084502_1071214/seed_4/embedding_quality_table.csv"
"FlowRepository_FR-FCM-ZYRM_files","python_opentsne_fft","cpu","failed",,,4,"reticulate",,,,,,,,,,,,,"worker exited with status 137",TRUE,"python","cpu4","42","/Users/stefano/Documents/fastEmbedR-results/FlowRepository_FR-FCM-ZYRM_files/python/cpu4/20260721_084502_1071214/seed_42/embedding_quality_table.csv"
"FlowRepository_FR-FCM-ZYRM_files","python_opentsne_fft_direct","cpu","failed",,,4,"native_python_process",,,,,,,,,,,,,"Direct Python benchmark did not write metadata. Output: Killed",TRUE,"python","cpu4","42","/Users/stefano/Documents/fastEmbedR-results/FlowRepository_FR-FCM-ZYRM_files/python/cpu4/20260721_084502_1071214/seed_42/embedding_quality_table.csv"
"FlowRepository_FR-FCM-ZYRM_files","python_umap_learn","cpu","failed",,,4,"reticulate",,,,,,,,,,,,,"worker exited with status 137",TRUE,"python","cpu4","42","/Users/stefano/Documents/fastEmbedR-results/FlowRepository_FR-FCM-ZYRM_files/python/cpu4/20260721_084502_1071214/seed_42/embedding_quality_table.csv"
"FlowRepository_FR-FCM-ZYRM_files","python_umap_learn_direct","cpu","failed",,,4,"native_python_process",,,,,,,,,,,,,"Direct Python benchmark did not write metadata. Output: /opt/conda/lib/python3.12/site-packages/umap/umap_.py:1952: UserWarning: n_jobs value 1 overridden to 1 by setting random_state. Use no seed for parallelism.
  warn(
Killed",TRUE,"python","cpu4","42","/Users/stefano/Documents/fastEmbedR-results/FlowRepository_FR-FCM-ZYRM_files/python/cpu4/20260721_084502_1071214/seed_42/embedding_quality_table.csv"
"FlowRepository_FR-FCM-ZYRM_files","rapids_cuml_tsne_full","cuda","failed",,,1,"reticulate",,,,,,,,,,,,,"RuntimeError: after dispatching exclusive_scan kernel: cudaErrorInvalidValue: invalid argument
Run `reticulate::py_last_error()` for details.",TRUE,"python","cuda","17","/Users/stefano/Documents/fastEmbedR-results/FlowRepository_FR-FCM-ZYRM_files/python/cuda/20260722_223332_1071225/seed_17/embedding_quality_table.csv"
"FlowRepository_FR-FCM-ZYRM_files","rapids_cuml_tsne_full_direct","cuda","success",5220347,32,1,"native_python_process",752.809199506417,766.998,752.809199506417,,0.925843541223454,0.315833333333333,-0.256027127065427,0.428666666666667,0.288244444444444,0.33876,5000,"/scratch/firenze/NN/fastEmbedR-results/FlowRepository_FR-FCM-ZYRM_files/python/cuda/20260722_223332_1071225/seed_17/plots/FlowRepository_FR-FCM-ZYRM_files_rapids_cuml_tsne_full_direct_threads1_seed17.png",,TRUE,"python","cuda","17","/Users/stefano/Documents/fastEmbedR-results/FlowRepository_FR-FCM-ZYRM_files/python/cuda/20260722_223332_1071225/seed_17/embedding_quality_table.csv"
"FlowRepository_FR-FCM-ZYRM_files","rapids_cuml_umap_full","cuda","success",5220347,32,1,"reticulate",199.395,199.395,,,0.947252342029635,0.322244444444444,-0.186138102990865,0.435,0.247311111111111,0.388546666666667,5000,"/scratch/firenze/NN/fastEmbedR-results/FlowRepository_FR-FCM-ZYRM_files/python/cuda/20260722_223332_1071225/seed_17/plots/FlowRepository_FR-FCM-ZYRM_files_rapids_cuml_umap_full_threads1_seed17.png",,TRUE,"python","cuda","17","/Users/stefano/Documents/fastEmbedR-results/FlowRepository_FR-FCM-ZYRM_files/python/cuda/20260722_223332_1071225/seed_17/embedding_quality_table.csv"
"FlowRepository_FR-FCM-ZYRM_files","rapids_cuml_umap_full_direct","cuda","success",5220347,32,1,"native_python_process",197.748181656934,209.728,197.748181656934,,0.947252342029635,0.322244444444444,-0.186138102990865,0.435,0.247311111111111,0.388546666666667,5000,"/scratch/firenze/NN/fastEmbedR-results/FlowRepository_FR-FCM-ZYRM_files/python/cuda/20260722_223332_1071225/seed_17/plots/FlowRepository_FR-FCM-ZYRM_files_rapids_cuml_umap_full_direct_threads1_seed17.png",,TRUE,"python","cuda","17","/Users/stefano/Documents/fastEmbedR-results/FlowRepository_FR-FCM-ZYRM_files/python/cuda/20260722_223332_1071225/seed_17/embedding_quality_table.csv"
"FlowRepository_FR-FCM-ZYRM_files","rapids_cuml_tsne_full","cuda","failed",,,1,"reticulate",,,,,,,,,,,,,"RuntimeError: after dispatching exclusive_scan kernel: cudaErrorInvalidValue: invalid argument
Run `reticulate::py_last_error()` for details.",TRUE,"python","cuda","4","/Users/stefano/Documents/fastEmbedR-results/FlowRepository_FR-FCM-ZYRM_files/python/cuda/20260722_223332_1071225/seed_4/embedding_quality_table.csv"
"FlowRepository_FR-FCM-ZYRM_files","rapids_cuml_tsne_full_direct","cuda","success",5220347,32,1,"native_python_process",780.608123939484,793.241,780.608123939484,,0.835581278692196,0.142744444444444,-0.17576352178842,0.363666666666667,0.0937777777777778,0.189026666666667,5000,"/scratch/firenze/NN/fastEmbedR-results/FlowRepository_FR-FCM-ZYRM_files/python/cuda/20260722_223332_1071225/seed_4/plots/FlowRepository_FR-FCM-ZYRM_files_rapids_cuml_tsne_full_direct_threads1_seed4.png",,TRUE,"python","cuda","4","/Users/stefano/Documents/fastEmbedR-results/FlowRepository_FR-FCM-ZYRM_files/python/cuda/20260722_223332_1071225/seed_4/embedding_quality_table.csv"
"FlowRepository_FR-FCM-ZYRM_files","rapids_cuml_umap_full","cuda","success",5220347,32,1,"reticulate",200.903,200.903,,,0.948065621617587,0.334233333333333,-0.183287528367059,0.441666666666667,0.254377777777778,0.3976,5000,"/scratch/firenze/NN/fastEmbedR-results/FlowRepository_FR-FCM-ZYRM_files/python/cuda/20260722_223332_1071225/seed_4/plots/FlowRepository_FR-FCM-ZYRM_files_rapids_cuml_umap_full_threads1_seed4.png",,TRUE,"python","cuda","4","/Users/stefano/Documents/fastEmbedR-results/FlowRepository_FR-FCM-ZYRM_files/python/cuda/20260722_223332_1071225/seed_4/embedding_quality_table.csv"
"FlowRepository_FR-FCM-ZYRM_files","rapids_cuml_umap_full_direct","cuda","success",5220347,32,1,"native_python_process",198.094188072719,210.103,198.094188072719,,0.948065621617587,0.334233333333333,-0.183287528367059,0.441666666666667,0.254377777777778,0.3976,5000,"/scratch/firenze/NN/fastEmbedR-results/FlowRepository_FR-FCM-ZYRM_files/python/cuda/20260722_223332_1071225/seed_4/plots/FlowRepository_FR-FCM-ZYRM_files_rapids_cuml_umap_full_direct_threads1_seed4.png",,TRUE,"python","cuda","4","/Users/stefano/Documents/fastEmbedR-results/FlowRepository_FR-FCM-ZYRM_files/python/cuda/20260722_223332_1071225/seed_4/embedding_quality_table.csv"
"FlowRepository_FR-FCM-ZYRM_files","rapids_cuml_tsne_full","cuda","failed",,,1,"reticulate",,,,,,,,,,,,,"RuntimeError: after dispatching exclusive_scan kernel: cudaErrorInvalidValue: invalid argument
Run `reticulate::py_last_error()` for details.",TRUE,"python","cuda","42","/Users/stefano/Documents/fastEmbedR-results/FlowRepository_FR-FCM-ZYRM_files/python/cuda/20260722_223332_1071225/seed_42/embedding_quality_table.csv"
"FlowRepository_FR-FCM-ZYRM_files","rapids_cuml_tsne_full_direct","cuda","success",5220347,32,1,"native_python_process",779.210353499278,791.905,779.210353499278,,0.878209756279625,0.145155555555556,-0.237698411583652,0.388,0.0967333333333333,0.200346666666667,5000,"/scratch/firenze/NN/fastEmbedR-results/FlowRepository_FR-FCM-ZYRM_files/python/cuda/20260722_223332_1071225/seed_42/plots/FlowRepository_FR-FCM-ZYRM_files_rapids_cuml_tsne_full_direct_threads1_seed42.png",,TRUE,"python","cuda","42","/Users/stefano/Documents/fastEmbedR-results/FlowRepository_FR-FCM-ZYRM_files/python/cuda/20260722_223332_1071225/seed_42/embedding_quality_table.csv"
"FlowRepository_FR-FCM-ZYRM_files","rapids_cuml_umap_full","cuda","success",5220347,32,1,"reticulate",197.308,197.308,,,0.946997491882208,0.322355555555556,-0.2095957533572,0.442333333333333,0.248133333333333,0.38102,5000,"/scratch/firenze/NN/fastEmbedR-results/FlowRepository_FR-FCM-ZYRM_files/python/cuda/20260722_223332_1071225/seed_42/plots/FlowRepository_FR-FCM-ZYRM_files_rapids_cuml_umap_full_threads1_seed42.png",,TRUE,"python","cuda","42","/Users/stefano/Documents/fastEmbedR-results/FlowRepository_FR-FCM-ZYRM_files/python/cuda/20260722_223332_1071225/seed_42/embedding_quality_table.csv"
"FlowRepository_FR-FCM-ZYRM_files","rapids_cuml_umap_full_direct","cuda","success",5220347,32,1,"native_python_process",195.88164507132,207.827,195.88164507132,,0.946997491882208,0.322355555555556,-0.2095957533572,0.442333333333333,0.248133333333333,0.38102,5000,"/scratch/firenze/NN/fastEmbedR-results/FlowRepository_FR-FCM-ZYRM_files/python/cuda/20260722_223332_1071225/seed_42/plots/FlowRepository_FR-FCM-ZYRM_files_rapids_cuml_umap_full_direct_threads1_seed42.png",,TRUE,"python","cuda","42","/Users/stefano/Documents/fastEmbedR-results/FlowRepository_FR-FCM-ZYRM_files/python/cuda/20260722_223332_1071225/seed_42/embedding_quality_table.csv"
"MNIST","python_opentsne_fft","cpu","success",70000,784,1,"reticulate",255.864,255.864,,,0.961105288694808,0.411922222222222,0.363106121907109,0.968666666666667,0.369622222222222,0.43812,5000,"/scratch/firenze/NN/fastEmbedR-results/MNIST/python/cpu1/20260721_084502_1071208/seed_17/plots/MNIST_python_opentsne_fft_threads1_seed17.png",,TRUE,"python","cpu1","17","/Users/stefano/Documents/fastEmbedR-results/MNIST/python/cpu1/20260721_084502_1071208/seed_17/embedding_quality_table.csv"
"MNIST","python_opentsne_fft_direct","cpu","success",70000,784,1,"native_python_process",233.681618916802,234.757,233.681618916802,,0.961105288694808,0.411922222222222,0.363106121820233,0.968666666666667,0.369622222222222,0.43812,5000,"/scratch/firenze/NN/fastEmbedR-results/MNIST/python/cpu1/20260721_084502_1071208/seed_17/plots/MNIST_python_opentsne_fft_direct_threads1_seed17.png",,TRUE,"python","cpu1","17","/Users/stefano/Documents/fastEmbedR-results/MNIST/python/cpu1/20260721_084502_1071208/seed_17/embedding_quality_table.csv"
"MNIST","python_umap_learn","cpu","success",70000,784,1,"reticulate",70.775,70.775,,,0.950259440898742,0.424922222222222,0.535895639960756,0.970333333333333,0.349177777777778,0.472486666666667,5000,"/scratch/firenze/NN/fastEmbedR-results/MNIST/python/cpu1/20260721_084502_1071208/seed_17/plots/MNIST_python_umap_learn_threads1_seed17.png",,TRUE,"python","cpu1","17","/Users/stefano/Documents/fastEmbedR-results/MNIST/python/cpu1/20260721_084502_1071208/seed_17/embedding_quality_table.csv"
"MNIST","python_umap_learn_direct","cpu","success",70000,784,1,"native_python_process",69.2109111566097,70.543,69.2109111566097,,0.950259440898742,0.424922222222222,0.535895639960756,0.970333333333333,0.349177777777778,0.472486666666667,5000,"/scratch/firenze/NN/fastEmbedR-results/MNIST/python/cpu1/20260721_084502_1071208/seed_17/plots/MNIST_python_umap_learn_direct_threads1_seed17.png",,TRUE,"python","cpu1","17","/Users/stefano/Documents/fastEmbedR-results/MNIST/python/cpu1/20260721_084502_1071208/seed_17/embedding_quality_table.csv"
"MNIST","python_opentsne_fft","cpu","success",70000,784,1,"reticulate",265.697,265.697,,,0.95902389430075,0.408155555555556,0.348632382050818,0.967,0.366755555555556,0.435253333333333,5000,"/scratch/firenze/NN/fastEmbedR-results/MNIST/python/cpu1/20260721_084502_1071208/seed_4/plots/MNIST_python_opentsne_fft_threads1_seed4.png",,TRUE,"python","cpu1","4","/Users/stefano/Documents/fastEmbedR-results/MNIST/python/cpu1/20260721_084502_1071208/seed_4/embedding_quality_table.csv"
"MNIST","python_opentsne_fft_direct","cpu","success",70000,784,1,"native_python_process",260.992844834924,262.121,260.992844834924,,0.95902389430075,0.408155555555556,0.348632382129469,0.967,0.366755555555556,0.435253333333333,5000,"/scratch/firenze/NN/fastEmbedR-results/MNIST/python/cpu1/20260721_084502_1071208/seed_4/plots/MNIST_python_opentsne_fft_direct_threads1_seed4.png",,TRUE,"python","cpu1","4","/Users/stefano/Documents/fastEmbedR-results/MNIST/python/cpu1/20260721_084502_1071208/seed_4/embedding_quality_table.csv"
"MNIST","python_umap_learn","cpu","success",70000,784,1,"reticulate",78.583,78.583,,,0.949753599820849,0.423422222222222,0.507696645381622,0.965666666666667,0.346288888888889,0.468633333333333,5000,"/scratch/firenze/NN/fastEmbedR-results/MNIST/python/cpu1/20260721_084502_1071208/seed_4/plots/MNIST_python_umap_learn_threads1_seed4.png",,TRUE,"python","cpu1","4","/Users/stefano/Documents/fastEmbedR-results/MNIST/python/cpu1/20260721_084502_1071208/seed_4/embedding_quality_table.csv"
"MNIST","python_umap_learn_direct","cpu","success",70000,784,1,"native_python_process",76.2373280068859,77.639,76.2373280068859,,0.949753599820849,0.423422222222222,0.507696645381622,0.965666666666667,0.346288888888889,0.468633333333333,5000,"/scratch/firenze/NN/fastEmbedR-results/MNIST/python/cpu1/20260721_084502_1071208/seed_4/plots/MNIST_python_umap_learn_direct_threads1_seed4.png",,TRUE,"python","cpu1","4","/Users/stefano/Documents/fastEmbedR-results/MNIST/python/cpu1/20260721_084502_1071208/seed_4/embedding_quality_table.csv"
"MNIST","python_opentsne_fft","cpu","success",70000,784,1,"reticulate",239.808,239.808,,,0.956026066509909,0.395488888888889,0.343480337704738,0.959666666666667,0.353266666666667,0.42274,5000,"/scratch/firenze/NN/fastEmbedR-results/MNIST/python/cpu1/20260721_084502_1071208/seed_42/plots/MNIST_python_opentsne_fft_threads1_seed42.png",,TRUE,"python","cpu1","42","/Users/stefano/Documents/fastEmbedR-results/MNIST/python/cpu1/20260721_084502_1071208/seed_42/embedding_quality_table.csv"
"MNIST","python_opentsne_fft_direct","cpu","success",70000,784,1,"native_python_process",229.439467423595,230.494,229.439467423595,,0.956026066509909,0.395488888888889,0.343480336710319,0.959666666666667,0.353266666666667,0.42274,5000,"/scratch/firenze/NN/fastEmbedR-results/MNIST/python/cpu1/20260721_084502_1071208/seed_42/plots/MNIST_python_opentsne_fft_direct_threads1_seed42.png",,TRUE,"python","cpu1","42","/Users/stefano/Documents/fastEmbedR-results/MNIST/python/cpu1/20260721_084502_1071208/seed_42/embedding_quality_table.csv"
"MNIST","python_umap_learn","cpu","success",70000,784,1,"reticulate",66.946,66.946,,,0.944429358414511,0.408933333333333,0.516297366369848,0.961,0.3332,0.45562,5000,"/scratch/firenze/NN/fastEmbedR-results/MNIST/python/cpu1/20260721_084502_1071208/seed_42/plots/MNIST_python_umap_learn_threads1_seed42.png",,TRUE,"python","cpu1","42","/Users/stefano/Documents/fastEmbedR-results/MNIST/python/cpu1/20260721_084502_1071208/seed_42/embedding_quality_table.csv"
"MNIST","python_umap_learn_direct","cpu","success",70000,784,1,"native_python_process",65.7602790687233,67.037,65.7602790687233,,0.944429358414511,0.408933333333333,0.516297366369848,0.961,0.3332,0.45562,5000,"/scratch/firenze/NN/fastEmbedR-results/MNIST/python/cpu1/20260721_084502_1071208/seed_42/plots/MNIST_python_umap_learn_direct_threads1_seed42.png",,TRUE,"python","cpu1","42","/Users/stefano/Documents/fastEmbedR-results/MNIST/python/cpu1/20260721_084502_1071208/seed_42/embedding_quality_table.csv"
"MNIST","python_opentsne_fft","cpu","success",70000,784,4,"reticulate",158.139,158.139,,,0.961116440861419,0.413377777777778,0.361431233839687,0.969,0.372088888888889,0.43874,5000,"/scratch/firenze/NN/fastEmbedR-results/MNIST/python/cpu4/20260721_084502_1071219/seed_17/plots/MNIST_python_opentsne_fft_threads4_seed17.png",,TRUE,"python","cpu4","17","/Users/stefano/Documents/fastEmbedR-results/MNIST/python/cpu4/20260721_084502_1071219/seed_17/embedding_quality_table.csv"
"MNIST","python_opentsne_fft_direct","cpu","success",70000,784,4,"native_python_process",152.917362516979,154.477,152.917362516979,,0.961116440861419,0.413377777777778,0.361431233896389,0.969,0.372088888888889,0.43874,5000,"/scratch/firenze/NN/fastEmbedR-results/MNIST/python/cpu4/20260721_084502_1071219/seed_17/plots/MNIST_python_opentsne_fft_direct_threads4_seed17.png",,TRUE,"python","cpu4","17","/Users/stefano/Documents/fastEmbedR-results/MNIST/python/cpu4/20260721_084502_1071219/seed_17/embedding_quality_table.csv"
"MNIST","python_umap_learn","cpu","success",70000,784,4,"reticulate",83.356,83.356,,,0.950259440898742,0.424922222222222,0.535895639960756,0.970333333333333,0.349177777777778,0.472486666666667,5000,"/scratch/firenze/NN/fastEmbedR-results/MNIST/python/cpu4/20260721_084502_1071219/seed_17/plots/MNIST_python_umap_learn_threads4_seed17.png",,TRUE,"python","cpu4","17","/Users/stefano/Documents/fastEmbedR-results/MNIST/python/cpu4/20260721_084502_1071219/seed_17/embedding_quality_table.csv"
"MNIST","python_umap_learn_direct","cpu","success",70000,784,4,"native_python_process",82.8746720538475,84.867,82.8746720538475,,0.950259440898742,0.424922222222222,0.535895639960756,0.970333333333333,0.349177777777778,0.472486666666667,5000,"/scratch/firenze/NN/fastEmbedR-results/MNIST/python/cpu4/20260721_084502_1071219/seed_17/plots/MNIST_python_umap_learn_direct_threads4_seed17.png",,TRUE,"python","cpu4","17","/Users/stefano/Documents/fastEmbedR-results/MNIST/python/cpu4/20260721_084502_1071219/seed_17/embedding_quality_table.csv"
"MNIST","python_opentsne_fft","cpu","success",70000,784,4,"reticulate",156.313,156.313,,,0.958728287239204,0.408244444444444,0.349602737646241,0.968666666666667,0.367288888888889,0.4357,5000,"/scratch/firenze/NN/fastEmbedR-results/MNIST/python/cpu4/20260721_084502_1071219/seed_4/plots/MNIST_python_opentsne_fft_threads4_seed4.png",,TRUE,"python","cpu4","4","/Users/stefano/Documents/fastEmbedR-results/MNIST/python/cpu4/20260721_084502_1071219/seed_4/embedding_quality_table.csv"
"MNIST","python_opentsne_fft_direct","cpu","success",70000,784,4,"native_python_process",149.059720859863,150.551,149.059720859863,,0.958728287239204,0.408244444444444,0.349602738008422,0.968666666666667,0.367288888888889,0.4357,5000,"/scratch/firenze/NN/fastEmbedR-results/MNIST/python/cpu4/20260721_084502_1071219/seed_4/plots/MNIST_python_opentsne_fft_direct_threads4_seed4.png",,TRUE,"python","cpu4","4","/Users/stefano/Documents/fastEmbedR-results/MNIST/python/cpu4/20260721_084502_1071219/seed_4/embedding_quality_table.csv"
"MNIST","python_umap_learn","cpu","success",70000,784,4,"reticulate",85.066,85.066,,,0.94962180420259,0.423566666666667,0.506163675240987,0.962,0.345977777777778,0.468333333333333,5000,"/scratch/firenze/NN/fastEmbedR-results/MNIST/python/cpu4/20260721_084502_1071219/seed_4/plots/MNIST_python_umap_learn_threads4_seed4.png",,TRUE,"python","cpu4","4","/Users/stefano/Documents/fastEmbedR-results/MNIST/python/cpu4/20260721_084502_1071219/seed_4/embedding_quality_table.csv"
"MNIST","python_umap_learn_direct","cpu","success",70000,784,4,"native_python_process",81.752477925038,83.535,81.752477925038,,0.94962180420259,0.423566666666667,0.506163675240987,0.962,0.345977777777778,0.468333333333333,5000,"/scratch/firenze/NN/fastEmbedR-results/MNIST/python/cpu4/20260721_084502_1071219/seed_4/plots/MNIST_python_umap_learn_direct_threads4_seed4.png",,TRUE,"python","cpu4","4","/Users/stefano/Documents/fastEmbedR-results/MNIST/python/cpu4/20260721_084502_1071219/seed_4/embedding_quality_table.csv"
"MNIST","python_opentsne_fft","cpu","success",70000,784,4,"reticulate",155.756,155.756,,,0.955891815026313,0.394833333333333,0.342476187905623,0.959666666666667,0.352222222222222,0.42312,5000,"/scratch/firenze/NN/fastEmbedR-results/MNIST/python/cpu4/20260721_084502_1071219/seed_42/plots/MNIST_python_opentsne_fft_threads4_seed42.png",,TRUE,"python","cpu4","42","/Users/stefano/Documents/fastEmbedR-results/MNIST/python/cpu4/20260721_084502_1071219/seed_42/embedding_quality_table.csv"
"MNIST","python_opentsne_fft_direct","cpu","success",70000,784,4,"native_python_process",146.69725762005,148.033,146.69725762005,,0.955891815026313,0.394833333333333,0.34247618780711,0.959666666666667,0.352222222222222,0.42312,5000,"/scratch/firenze/NN/fastEmbedR-results/MNIST/python/cpu4/20260721_084502_1071219/seed_42/plots/MNIST_python_opentsne_fft_direct_threads4_seed42.png",,TRUE,"python","cpu4","42","/Users/stefano/Documents/fastEmbedR-results/MNIST/python/cpu4/20260721_084502_1071219/seed_42/embedding_quality_table.csv"
"MNIST","python_umap_learn","cpu","success",70000,784,4,"reticulate",82.941,82.941,,,0.944429358414511,0.408933333333333,0.516297366369848,0.961,0.3332,0.45562,5000,"/scratch/firenze/NN/fastEmbedR-results/MNIST/python/cpu4/20260721_084502_1071219/seed_42/plots/MNIST_python_umap_learn_threads4_seed42.png",,TRUE,"python","cpu4","42","/Users/stefano/Documents/fastEmbedR-results/MNIST/python/cpu4/20260721_084502_1071219/seed_42/embedding_quality_table.csv"
"MNIST","python_umap_learn_direct","cpu","success",70000,784,4,"native_python_process",81.5135277239606,83.244,81.5135277239606,,0.944429358414511,0.408933333333333,0.516297366369848,0.961,0.3332,0.45562,5000,"/scratch/firenze/NN/fastEmbedR-results/MNIST/python/cpu4/20260721_084502_1071219/seed_42/plots/MNIST_python_umap_learn_direct_threads4_seed42.png",,TRUE,"python","cpu4","42","/Users/stefano/Documents/fastEmbedR-results/MNIST/python/cpu4/20260721_084502_1071219/seed_42/embedding_quality_table.csv"
"MNIST","rapids_cuml_tsne_full","cuda","success",70000,784,1,"reticulate",6.456,6.456,,,0.965307886388236,0.426677777777778,0.397002928671828,0.962333333333333,0.386533333333333,0.453333333333333,5000,"/scratch/firenze/NN/fastEmbedR-results/MNIST/python/cuda/20260722_222415_1071230/seed_17/plots/MNIST_rapids_cuml_tsne_full_threads1_seed17.png",,TRUE,"python","cuda","17","/Users/stefano/Documents/fastEmbedR-results/MNIST/python/cuda/20260722_222415_1071230/seed_17/embedding_quality_table.csv"
"MNIST","rapids_cuml_tsne_full_direct","cuda","success",70000,784,1,"native_python_process",2.71646160166711,3.755,2.71646160166711,,0.965005456649125,0.428133333333333,0.400260266936358,0.964,0.390266666666667,0.453593333333333,5000,"/scratch/firenze/NN/fastEmbedR-results/MNIST/python/cuda/20260722_222415_1071230/seed_17/plots/MNIST_rapids_cuml_tsne_full_direct_threads1_seed17.png",,TRUE,"python","cuda","17","/Users/stefano/Documents/fastEmbedR-results/MNIST/python/cuda/20260722_222415_1071230/seed_17/embedding_quality_table.csv"
"MNIST","rapids_cuml_umap_full","cuda","success",70000,784,1,"reticulate",4.082,4.082,,,0.947080871869518,0.407833333333333,0.495203423271819,0.971333333333333,0.333022222222222,0.456666666666667,5000,"/scratch/firenze/NN/fastEmbedR-results/MNIST/python/cuda/20260722_222415_1071230/seed_17/plots/MNIST_rapids_cuml_umap_full_threads1_seed17.png",,TRUE,"python","cuda","17","/Users/stefano/Documents/fastEmbedR-results/MNIST/python/cuda/20260722_222415_1071230/seed_17/embedding_quality_table.csv"
"MNIST","rapids_cuml_umap_full_direct","cuda","success",70000,784,1,"native_python_process",2.58332982752472,3.577,2.58332982752472,,0.947080871869518,0.407833333333333,0.495203423271819,0.971333333333333,0.333022222222222,0.456666666666667,5000,"/scratch/firenze/NN/fastEmbedR-results/MNIST/python/cuda/20260722_222415_1071230/seed_17/plots/MNIST_rapids_cuml_umap_full_direct_threads1_seed17.png",,TRUE,"python","cuda","17","/Users/stefano/Documents/fastEmbedR-results/MNIST/python/cuda/20260722_222415_1071230/seed_17/embedding_quality_table.csv"
"MNIST","rapids_cuml_tsne_full","cuda","success",70000,784,1,"reticulate",6.433,6.433,,,0.964696928302168,0.425977777777778,0.36458716648504,0.956666666666667,0.388088888888889,0.45432,5000,"/scratch/firenze/NN/fastEmbedR-results/MNIST/python/cuda/20260722_222415_1071230/seed_4/plots/MNIST_rapids_cuml_tsne_full_threads1_seed4.png",,TRUE,"python","cuda","4","/Users/stefano/Documents/fastEmbedR-results/MNIST/python/cuda/20260722_222415_1071230/seed_4/embedding_quality_table.csv"
"MNIST","rapids_cuml_tsne_full_direct","cuda","success",70000,784,1,"native_python_process",2.70579045265913,3.723,2.70579045265913,,0.964649184488486,0.426955555555556,0.362330923489126,0.956666666666667,0.390155555555556,0.454246666666667,5000,"/scratch/firenze/NN/fastEmbedR-results/MNIST/python/cuda/20260722_222415_1071230/seed_4/plots/MNIST_rapids_cuml_tsne_full_direct_threads1_seed4.png",,TRUE,"python","cuda","4","/Users/stefano/Documents/fastEmbedR-results/MNIST/python/cuda/20260722_222415_1071230/seed_4/embedding_quality_table.csv"
"MNIST","rapids_cuml_umap_full","cuda","success",70000,784,1,"reticulate",4.099,4.099,,,0.942812032993692,0.4018,0.442979741700955,0.955666666666667,0.325622222222222,0.449193333333333,5000,"/scratch/firenze/NN/fastEmbedR-results/MNIST/python/cuda/20260722_222415_1071230/seed_4/plots/MNIST_rapids_cuml_umap_full_threads1_seed4.png",,TRUE,"python","cuda","4","/Users/stefano/Documents/fastEmbedR-results/MNIST/python/cuda/20260722_222415_1071230/seed_4/embedding_quality_table.csv"
"MNIST","rapids_cuml_umap_full_direct","cuda","success",70000,784,1,"native_python_process",2.56984229385853,3.553,2.56984229385853,,0.942812032993692,0.4018,0.442979741700955,0.955666666666667,0.325622222222222,0.449193333333333,5000,"/scratch/firenze/NN/fastEmbedR-results/MNIST/python/cuda/20260722_222415_1071230/seed_4/plots/MNIST_rapids_cuml_umap_full_direct_threads1_seed4.png",,TRUE,"python","cuda","4","/Users/stefano/Documents/fastEmbedR-results/MNIST/python/cuda/20260722_222415_1071230/seed_4/embedding_quality_table.csv"
"MNIST","rapids_cuml_tsne_full","cuda","success",70000,784,1,"reticulate",6.416,6.416,,,0.962698428694062,0.412722222222222,0.368578119538394,0.953,0.378977777777778,0.43786,5000,"/scratch/firenze/NN/fastEmbedR-results/MNIST/python/cuda/20260722_222415_1071230/seed_42/plots/MNIST_rapids_cuml_tsne_full_threads1_seed42.png",,TRUE,"python","cuda","42","/Users/stefano/Documents/fastEmbedR-results/MNIST/python/cuda/20260722_222415_1071230/seed_42/embedding_quality_table.csv"
"MNIST","rapids_cuml_tsne_full_direct","cuda","success",70000,784,1,"native_python_process",2.7251021983102,3.746,2.7251021983102,,0.963675407755757,0.413744444444444,0.354270787520035,0.953,0.377733333333333,0.438013333333333,5000,"/scratch/firenze/NN/fastEmbedR-results/MNIST/python/cuda/20260722_222415_1071230/seed_42/plots/MNIST_rapids_cuml_tsne_full_direct_threads1_seed42.png",,TRUE,"python","cuda","42","/Users/stefano/Documents/fastEmbedR-results/MNIST/python/cuda/20260722_222415_1071230/seed_42/embedding_quality_table.csv"
"MNIST","rapids_cuml_umap_full","cuda","success",70000,784,1,"reticulate",4.142,4.142,,,0.941586503937596,0.393722222222222,0.44339429147704,0.956,0.317511111111111,0.44212,5000,"/scratch/firenze/NN/fastEmbedR-results/MNIST/python/cuda/20260722_222415_1071230/seed_42/plots/MNIST_rapids_cuml_umap_full_threads1_seed42.png",,TRUE,"python","cuda","42","/Users/stefano/Documents/fastEmbedR-results/MNIST/python/cuda/20260722_222415_1071230/seed_42/embedding_quality_table.csv"
"MNIST","rapids_cuml_umap_full_direct","cuda","success",70000,784,1,"native_python_process",2.56310138199478,3.549,2.56310138199478,,0.941586503937596,0.393722222222222,0.44339429147704,0.956,0.317511111111111,0.44212,5000,"/scratch/firenze/NN/fastEmbedR-results/MNIST/python/cuda/20260722_222415_1071230/seed_42/plots/MNIST_rapids_cuml_umap_full_direct_threads1_seed42.png",,TRUE,"python","cuda","42","/Users/stefano/Documents/fastEmbedR-results/MNIST/python/cuda/20260722_222415_1071230/seed_42/embedding_quality_table.csv"
"Macosko2015_retina","python_opentsne_fft","cpu","success",44808,50,1,"reticulate",101.381,101.381,,,0.936085052065838,0.3935,0.129083404193339,0.973333333333333,0.363111111111111,0.41914,5000,"/scratch/firenze/NN/fastEmbedR-results/Macosko2015_retina/python/cpu1/20260721_084502_1071205/seed_17/plots/Macosko2015_retina_python_opentsne_fft_threads1_seed17.png",,FALSE,"python","cpu1","17","/Users/stefano/Documents/fastEmbedR-results/Macosko2015_retina/python/cpu1/20260721_084502_1071205/seed_17/embedding_quality_table.csv"
"Macosko2015_retina","python_opentsne_fft_direct","cpu","success",44808,50,1,"native_python_process",94.7841591434553,95.5,94.7841591434553,,0.936085052065838,0.3935,0.129083406591676,0.973333333333333,0.363111111111111,0.41914,5000,"/scratch/firenze/NN/fastEmbedR-results/Macosko2015_retina/python/cpu1/20260721_084502_1071205/seed_17/plots/Macosko2015_retina_python_opentsne_fft_direct_threads1_seed17.png",,FALSE,"python","cpu1","17","/Users/stefano/Documents/fastEmbedR-results/Macosko2015_retina/python/cpu1/20260721_084502_1071205/seed_17/embedding_quality_table.csv"
"Macosko2015_retina","python_umap_learn","cpu","success",44808,50,1,"reticulate",53.987,53.987,,,0.928278214459,0.387811111111111,0.230551995324989,0.973333333333333,0.339533333333333,0.424013333333333,5000,"/scratch/firenze/NN/fastEmbedR-results/Macosko2015_retina/python/cpu1/20260721_084502_1071205/seed_17/plots/Macosko2015_retina_python_umap_learn_threads1_seed17.png",,FALSE,"python","cpu1","17","/Users/stefano/Documents/fastEmbedR-results/Macosko2015_retina/python/cpu1/20260721_084502_1071205/seed_17/embedding_quality_table.csv"
"Macosko2015_retina","python_umap_learn_direct","cpu","success",44808,50,1,"native_python_process",58.576278491877,59.516,58.576278491877,,0.928278214459,0.387811111111111,0.230551995324989,0.973333333333333,0.339533333333333,0.424013333333333,5000,"/scratch/firenze/NN/fastEmbedR-results/Macosko2015_retina/python/cpu1/20260721_084502_1071205/seed_17/plots/Macosko2015_retina_python_umap_learn_direct_threads1_seed17.png",,FALSE,"python","cpu1","17","/Users/stefano/Documents/fastEmbedR-results/Macosko2015_retina/python/cpu1/20260721_084502_1071205/seed_17/embedding_quality_table.csv"
"Macosko2015_retina","python_opentsne_fft","cpu","success",44808,50,1,"reticulate",103.359,103.359,,,0.93545321539208,0.396477777777778,0.140544014360477,0.970333333333333,0.366822222222222,0.42238,5000,"/scratch/firenze/NN/fastEmbedR-results/Macosko2015_retina/python/cpu1/20260721_084502_1071205/seed_4/plots/Macosko2015_retina_python_opentsne_fft_threads1_seed4.png",,FALSE,"python","cpu1","4","/Users/stefano/Documents/fastEmbedR-results/Macosko2015_retina/python/cpu1/20260721_084502_1071205/seed_4/embedding_quality_table.csv"
"Macosko2015_retina","python_opentsne_fft_direct","cpu","success",44808,50,1,"native_python_process",95.9379919497296,96.672,95.9379919497296,,0.93545321539208,0.396477777777778,0.140544015910747,0.970333333333333,0.366822222222222,0.42238,5000,"/scratch/firenze/NN/fastEmbedR-results/Macosko2015_retina/python/cpu1/20260721_084502_1071205/seed_4/plots/Macosko2015_retina_python_opentsne_fft_direct_threads1_seed4.png",,FALSE,"python","cpu1","4","/Users/stefano/Documents/fastEmbedR-results/Macosko2015_retina/python/cpu1/20260721_084502_1071205/seed_4/embedding_quality_table.csv"
"Macosko2015_retina","python_umap_learn","cpu","success",44808,50,1,"reticulate",55.572,55.572,,,0.929321897510544,0.386811111111111,0.286814656439665,0.966333333333333,0.3356,0.421786666666667,5000,"/scratch/firenze/NN/fastEmbedR-results/Macosko2015_retina/python/cpu1/20260721_084502_1071205/seed_4/plots/Macosko2015_retina_python_umap_learn_threads1_seed4.png",,FALSE,"python","cpu1","4","/Users/stefano/Documents/fastEmbedR-results/Macosko2015_retina/python/cpu1/20260721_084502_1071205/seed_4/embedding_quality_table.csv"
"Macosko2015_retina","python_umap_learn_direct","cpu","success",44808,50,1,"native_python_process",54.6865378031507,55.723,54.6865378031507,,0.929321897510544,0.386811111111111,0.286814656439665,0.966333333333333,0.3356,0.421786666666667,5000,"/scratch/firenze/NN/fastEmbedR-results/Macosko2015_retina/python/cpu1/20260721_084502_1071205/seed_4/plots/Macosko2015_retina_python_umap_learn_direct_threads1_seed4.png",,FALSE,"python","cpu1","4","/Users/stefano/Documents/fastEmbedR-results/Macosko2015_retina/python/cpu1/20260721_084502_1071205/seed_4/embedding_quality_table.csv"
"Macosko2015_retina","python_opentsne_fft","cpu","success",44808,50,1,"reticulate",98.607,98.607,,,0.933631366401672,0.3876,0.107602574676165,0.975,0.360088888888889,0.409226666666667,5000,"/scratch/firenze/NN/fastEmbedR-results/Macosko2015_retina/python/cpu1/20260721_084502_1071205/seed_42/plots/Macosko2015_retina_python_opentsne_fft_threads1_seed42.png",,FALSE,"python","cpu1","42","/Users/stefano/Documents/fastEmbedR-results/Macosko2015_retina/python/cpu1/20260721_084502_1071205/seed_42/embedding_quality_table.csv"
"Macosko2015_retina","python_opentsne_fft_direct","cpu","success",44808,50,1,"native_python_process",87.7055608043447,88.388,87.7055608043447,,0.933631366401672,0.3876,0.107602577128963,0.975,0.360088888888889,0.409226666666667,5000,"/scratch/firenze/NN/fastEmbedR-results/Macosko2015_retina/python/cpu1/20260721_084502_1071205/seed_42/plots/Macosko2015_retina_python_opentsne_fft_direct_threads1_seed42.png",,FALSE,"python","cpu1","42","/Users/stefano/Documents/fastEmbedR-results/Macosko2015_retina/python/cpu1/20260721_084502_1071205/seed_42/embedding_quality_table.csv"
"Macosko2015_retina","python_umap_learn","cpu","success",44808,50,1,"reticulate",50.709,50.709,,,0.927981248833651,0.380455555555556,0.372806610104877,0.977666666666667,0.331088888888889,0.418426666666667,5000,"/scratch/firenze/NN/fastEmbedR-results/Macosko2015_retina/python/cpu1/20260721_084502_1071205/seed_42/plots/Macosko2015_retina_python_umap_learn_threads1_seed42.png",,FALSE,"python","cpu1","42","/Users/stefano/Documents/fastEmbedR-results/Macosko2015_retina/python/cpu1/20260721_084502_1071205/seed_42/embedding_quality_table.csv"
"Macosko2015_retina","python_umap_learn_direct","cpu","success",44808,50,1,"native_python_process",49.6243870295584,50.576,49.6243870295584,,0.927981248833651,0.380455555555556,0.372806610104877,0.977666666666667,0.331088888888889,0.418426666666667,5000,"/scratch/firenze/NN/fastEmbedR-results/Macosko2015_retina/python/cpu1/20260721_084502_1071205/seed_42/plots/Macosko2015_retina_python_umap_learn_direct_threads1_seed42.png",,FALSE,"python","cpu1","42","/Users/stefano/Documents/fastEmbedR-results/Macosko2015_retina/python/cpu1/20260721_084502_1071205/seed_42/embedding_quality_table.csv"
"Macosko2015_retina","python_opentsne_fft","cpu","success",44808,50,4,"reticulate",75.343,75.343,,,0.937582659649909,0.394133333333333,0.12555529929577,0.973666666666667,0.365022222222222,0.41888,5000,"/scratch/firenze/NN/fastEmbedR-results/Macosko2015_retina/python/cpu4/20260721_084502_1071216/seed_17/plots/Macosko2015_retina_python_opentsne_fft_threads4_seed17.png",,FALSE,"python","cpu4","17","/Users/stefano/Documents/fastEmbedR-results/Macosko2015_retina/python/cpu4/20260721_084502_1071216/seed_17/embedding_quality_table.csv"
"Macosko2015_retina","python_opentsne_fft_direct","cpu","success",44808,50,4,"native_python_process",62.3668665620498,63.137,62.3668665620498,,0.937582659649909,0.394133333333333,0.125555299566036,0.973666666666667,0.365022222222222,0.41888,5000,"/scratch/firenze/NN/fastEmbedR-results/Macosko2015_retina/python/cpu4/20260721_084502_1071216/seed_17/plots/Macosko2015_retina_python_opentsne_fft_direct_threads4_seed17.png",,FALSE,"python","cpu4","17","/Users/stefano/Documents/fastEmbedR-results/Macosko2015_retina/python/cpu4/20260721_084502_1071216/seed_17/embedding_quality_table.csv"
"Macosko2015_retina","python_umap_learn","cpu","success",44808,50,4,"reticulate",52.161,52.161,,,0.930377076101967,0.390211111111111,0.391679330689284,0.973666666666667,0.339511111111111,0.427013333333333,5000,"/scratch/firenze/NN/fastEmbedR-results/Macosko2015_retina/python/cpu4/20260721_084502_1071216/seed_17/plots/Macosko2015_retina_python_umap_learn_threads4_seed17.png",,FALSE,"python","cpu4","17","/Users/stefano/Documents/fastEmbedR-results/Macosko2015_retina/python/cpu4/20260721_084502_1071216/seed_17/embedding_quality_table.csv"
"Macosko2015_retina","python_umap_learn_direct","cpu","success",44808,50,4,"native_python_process",49.5112347989343,50.416,49.5112347989343,,0.930377076101967,0.390211111111111,0.391679330689284,0.973666666666667,0.339511111111111,0.427013333333333,5000,"/scratch/firenze/NN/fastEmbedR-results/Macosko2015_retina/python/cpu4/20260721_084502_1071216/seed_17/plots/Macosko2015_retina_python_umap_learn_direct_threads4_seed17.png",,FALSE,"python","cpu4","17","/Users/stefano/Documents/fastEmbedR-results/Macosko2015_retina/python/cpu4/20260721_084502_1071216/seed_17/embedding_quality_table.csv"
"Macosko2015_retina","python_opentsne_fft","cpu","success",44808,50,4,"reticulate",80.932,80.932,,,0.934396670772217,0.397366666666667,0.131594700599619,0.97,0.365466666666667,0.420573333333333,5000,"/scratch/firenze/NN/fastEmbedR-results/Macosko2015_retina/python/cpu4/20260721_084502_1071216/seed_4/plots/Macosko2015_retina_python_opentsne_fft_threads4_seed4.png",,FALSE,"python","cpu4","4","/Users/stefano/Documents/fastEmbedR-results/Macosko2015_retina/python/cpu4/20260721_084502_1071216/seed_4/embedding_quality_table.csv"
"Macosko2015_retina","python_opentsne_fft_direct","cpu","success",44808,50,4,"native_python_process",65.9533350327983,66.733,65.9533350327983,,0.934396670772217,0.397366666666667,0.131594698100818,0.97,0.365466666666667,0.420573333333333,5000,"/scratch/firenze/NN/fastEmbedR-results/Macosko2015_retina/python/cpu4/20260721_084502_1071216/seed_4/plots/Macosko2015_retina_python_opentsne_fft_direct_threads4_seed4.png",,FALSE,"python","cpu4","4","/Users/stefano/Documents/fastEmbedR-results/Macosko2015_retina/python/cpu4/20260721_084502_1071216/seed_4/embedding_quality_table.csv"
"Macosko2015_retina","python_umap_learn","cpu","success",44808,50,4,"reticulate",50.987,50.987,,,0.930304251110365,0.3892,0.322332970373575,0.965333333333333,0.337111111111111,0.428733333333333,5000,"/scratch/firenze/NN/fastEmbedR-results/Macosko2015_retina/python/cpu4/20260721_084502_1071216/seed_4/plots/Macosko2015_retina_python_umap_learn_threads4_seed4.png",,FALSE,"python","cpu4","4","/Users/stefano/Documents/fastEmbedR-results/Macosko2015_retina/python/cpu4/20260721_084502_1071216/seed_4/embedding_quality_table.csv"
"Macosko2015_retina","python_umap_learn_direct","cpu","success",44808,50,4,"native_python_process",49.596470261924,50.562,49.596470261924,,0.930304251110365,0.3892,0.322332970373575,0.965333333333333,0.337111111111111,0.428733333333333,5000,"/scratch/firenze/NN/fastEmbedR-results/Macosko2015_retina/python/cpu4/20260721_084502_1071216/seed_4/plots/Macosko2015_retina_python_umap_learn_direct_threads4_seed4.png",,FALSE,"python","cpu4","4","/Users/stefano/Documents/fastEmbedR-results/Macosko2015_retina/python/cpu4/20260721_084502_1071216/seed_4/embedding_quality_table.csv"
"Macosko2015_retina","python_opentsne_fft","cpu","success",44808,50,4,"reticulate",70.237,70.237,,,0.934777785242414,0.388344444444444,0.120561620889111,0.977333333333333,0.360422222222222,0.412,5000,"/scratch/firenze/NN/fastEmbedR-results/Macosko2015_retina/python/cpu4/20260721_084502_1071216/seed_42/plots/Macosko2015_retina_python_opentsne_fft_threads4_seed42.png",,FALSE,"python","cpu4","42","/Users/stefano/Documents/fastEmbedR-results/Macosko2015_retina/python/cpu4/20260721_084502_1071216/seed_42/embedding_quality_table.csv"
"Macosko2015_retina","python_opentsne_fft_direct","cpu","success",44808,50,4,"native_python_process",69.3313996819779,70.008,69.3313996819779,,0.934777785242414,0.388344444444444,0.120561623413358,0.977333333333333,0.360422222222222,0.412,5000,"/scratch/firenze/NN/fastEmbedR-results/Macosko2015_retina/python/cpu4/20260721_084502_1071216/seed_42/plots/Macosko2015_retina_python_opentsne_fft_direct_threads4_seed42.png",,FALSE,"python","cpu4","42","/Users/stefano/Documents/fastEmbedR-results/Macosko2015_retina/python/cpu4/20260721_084502_1071216/seed_42/embedding_quality_table.csv"
"Macosko2015_retina","python_umap_learn","cpu","success",44808,50,4,"reticulate",50.116,50.116,,,0.927935916097488,0.381955555555556,0.267491638001098,0.977666666666667,0.331488888888889,0.420213333333333,5000,"/scratch/firenze/NN/fastEmbedR-results/Macosko2015_retina/python/cpu4/20260721_084502_1071216/seed_42/plots/Macosko2015_retina_python_umap_learn_threads4_seed42.png",,FALSE,"python","cpu4","42","/Users/stefano/Documents/fastEmbedR-results/Macosko2015_retina/python/cpu4/20260721_084502_1071216/seed_42/embedding_quality_table.csv"
"Macosko2015_retina","python_umap_learn_direct","cpu","success",44808,50,4,"native_python_process",49.263546791859,50.195,49.263546791859,,0.927935916097488,0.381955555555556,0.267491638001098,0.977666666666667,0.331488888888889,0.420213333333333,5000,"/scratch/firenze/NN/fastEmbedR-results/Macosko2015_retina/python/cpu4/20260721_084502_1071216/seed_42/plots/Macosko2015_retina_python_umap_learn_direct_threads4_seed42.png",,FALSE,"python","cpu4","42","/Users/stefano/Documents/fastEmbedR-results/Macosko2015_retina/python/cpu4/20260721_084502_1071216/seed_42/embedding_quality_table.csv"
"Macosko2015_retina","rapids_cuml_tsne_full","cuda","success",44808,50,1,"reticulate",5.652,5.652,,,0.93039843242638,0.390633333333333,-0.0924099683269618,0.967666666666667,0.369333333333333,0.410306666666667,5000,"/scratch/firenze/NN/fastEmbedR-results/Macosko2015_retina/python/cuda/20260723_012411_1071227/seed_17/plots/Macosko2015_retina_rapids_cuml_tsne_full_threads1_seed17.png",,FALSE,"python","cuda","17","/Users/stefano/Documents/fastEmbedR-results/Macosko2015_retina/python/cuda/20260723_012411_1071227/seed_17/embedding_quality_table.csv"
"Macosko2015_retina","rapids_cuml_tsne_full_direct","cuda","success",44808,50,1,"native_python_process",2.25573753658682,2.799,2.25573753658682,,0.893990281043556,0.355277777777778,-0.179761061882165,0.939333333333333,0.347288888888889,0.362033333333333,5000,"/scratch/firenze/NN/fastEmbedR-results/Macosko2015_retina/python/cuda/20260723_012411_1071227/seed_17/plots/Macosko2015_retina_rapids_cuml_tsne_full_direct_threads1_seed17.png",,FALSE,"python","cuda","17","/Users/stefano/Documents/fastEmbedR-results/Macosko2015_retina/python/cuda/20260723_012411_1071227/seed_17/embedding_quality_table.csv"
"Macosko2015_retina","rapids_cuml_umap_full","cuda","success",44808,50,1,"reticulate",3.157,3.157,,,0.921875168887396,0.368966666666667,0.299028329019159,0.974333333333333,0.320888888888889,0.41282,5000,"/scratch/firenze/NN/fastEmbedR-results/Macosko2015_retina/python/cuda/20260723_012411_1071227/seed_17/plots/Macosko2015_retina_rapids_cuml_umap_full_threads1_seed17.png",,FALSE,"python","cuda","17","/Users/stefano/Documents/fastEmbedR-results/Macosko2015_retina/python/cuda/20260723_012411_1071227/seed_17/embedding_quality_table.csv"
"Macosko2015_retina","rapids_cuml_umap_full_direct","cuda","success",44808,50,1,"native_python_process",1.9503337983042,2.471,1.9503337983042,,0.921875168887396,0.368966666666667,0.299028329019159,0.974333333333333,0.320888888888889,0.41282,5000,"/scratch/firenze/NN/fastEmbedR-results/Macosko2015_retina/python/cuda/20260723_012411_1071227/seed_17/plots/Macosko2015_retina_rapids_cuml_umap_full_direct_threads1_seed17.png",,FALSE,"python","cuda","17","/Users/stefano/Documents/fastEmbedR-results/Macosko2015_retina/python/cuda/20260723_012411_1071227/seed_17/embedding_quality_table.csv"
"Macosko2015_retina","rapids_cuml_tsne_full","cuda","success",44808,50,1,"reticulate",6.37,6.37,,,0.912050983465831,0.375388888888889,-0.112246753898975,0.951666666666667,0.355422222222222,0.38794,5000,"/scratch/firenze/NN/fastEmbedR-results/Macosko2015_retina/python/cuda/20260723_012411_1071227/seed_4/plots/Macosko2015_retina_rapids_cuml_tsne_full_threads1_seed4.png",,FALSE,"python","cuda","4","/Users/stefano/Documents/fastEmbedR-results/Macosko2015_retina/python/cuda/20260723_012411_1071227/seed_4/embedding_quality_table.csv"
"Macosko2015_retina","rapids_cuml_tsne_full_direct","cuda","success",44808,50,1,"native_python_process",2.26629821583629,2.823,2.26629821583629,,0.890854954652335,0.376833333333333,-0.197207719191491,0.941,0.355555555555556,0.38826,5000,"/scratch/firenze/NN/fastEmbedR-results/Macosko2015_retina/python/cuda/20260723_012411_1071227/seed_4/plots/Macosko2015_retina_rapids_cuml_tsne_full_direct_threads1_seed4.png",,FALSE,"python","cuda","4","/Users/stefano/Documents/fastEmbedR-results/Macosko2015_retina/python/cuda/20260723_012411_1071227/seed_4/embedding_quality_table.csv"
"Macosko2015_retina","rapids_cuml_umap_full","cuda","success",44808,50,1,"reticulate",3.256,3.256,,,0.921325734333595,0.370477777777778,0.313130502788949,0.965333333333333,0.317511111111111,0.413273333333333,5000,"/scratch/firenze/NN/fastEmbedR-results/Macosko2015_retina/python/cuda/20260723_012411_1071227/seed_4/plots/Macosko2015_retina_rapids_cuml_umap_full_threads1_seed4.png",,FALSE,"python","cuda","4","/Users/stefano/Documents/fastEmbedR-results/Macosko2015_retina/python/cuda/20260723_012411_1071227/seed_4/embedding_quality_table.csv"
"Macosko2015_retina","rapids_cuml_umap_full_direct","cuda","success",44808,50,1,"native_python_process",1.91978633310646,2.448,1.91978633310646,,0.921325734333595,0.370477777777778,0.313130502788949,0.965333333333333,0.317511111111111,0.413273333333333,5000,"/scratch/firenze/NN/fastEmbedR-results/Macosko2015_retina/python/cuda/20260723_012411_1071227/seed_4/plots/Macosko2015_retina_rapids_cuml_umap_full_direct_threads1_seed4.png",,FALSE,"python","cuda","4","/Users/stefano/Documents/fastEmbedR-results/Macosko2015_retina/python/cuda/20260723_012411_1071227/seed_4/embedding_quality_table.csv"
"Macosko2015_retina","rapids_cuml_tsne_full","cuda","success",44808,50,1,"reticulate",5.668,5.668,,,0.866057164184675,0.338033333333333,-0.344726589272583,0.926333333333333,0.324155555555556,0.34472,5000,"/scratch/firenze/NN/fastEmbedR-results/Macosko2015_retina/python/cuda/20260723_012411_1071227/seed_42/plots/Macosko2015_retina_rapids_cuml_tsne_full_threads1_seed42.png",,FALSE,"python","cuda","42","/Users/stefano/Documents/fastEmbedR-results/Macosko2015_retina/python/cuda/20260723_012411_1071227/seed_42/embedding_quality_table.csv"
"Macosko2015_retina","rapids_cuml_tsne_full_direct","cuda","success",44808,50,1,"native_python_process",2.26436308585107,2.81,2.26436308585107,,0.929491815026313,0.392011111111111,-0.161700508378611,0.97,0.3666,0.407253333333333,5000,"/scratch/firenze/NN/fastEmbedR-results/Macosko2015_retina/python/cuda/20260723_012411_1071227/seed_42/plots/Macosko2015_retina_rapids_cuml_tsne_full_direct_threads1_seed42.png",,FALSE,"python","cuda","42","/Users/stefano/Documents/fastEmbedR-results/Macosko2015_retina/python/cuda/20260723_012411_1071227/seed_42/embedding_quality_table.csv"
"Macosko2015_retina","rapids_cuml_umap_full","cuda","success",44808,50,1,"reticulate",3.145,3.145,,,0.921223976411749,0.367577777777778,0.337054032507011,0.974,0.313888888888889,0.410326666666667,5000,"/scratch/firenze/NN/fastEmbedR-results/Macosko2015_retina/python/cuda/20260723_012411_1071227/seed_42/plots/Macosko2015_retina_rapids_cuml_umap_full_threads1_seed42.png",,FALSE,"python","cuda","42","/Users/stefano/Documents/fastEmbedR-results/Macosko2015_retina/python/cuda/20260723_012411_1071227/seed_42/embedding_quality_table.csv"
"Macosko2015_retina","rapids_cuml_umap_full_direct","cuda","success",44808,50,1,"native_python_process",1.93199953064322,2.459,1.93199953064322,,0.921223976411749,0.367577777777778,0.337054032507011,0.974,0.313888888888889,0.410326666666667,5000,"/scratch/firenze/NN/fastEmbedR-results/Macosko2015_retina/python/cuda/20260723_012411_1071227/seed_42/plots/Macosko2015_retina_rapids_cuml_umap_full_direct_threads1_seed42.png",,FALSE,"python","cuda","42","/Users/stefano/Documents/fastEmbedR-results/Macosko2015_retina/python/cuda/20260723_012411_1071227/seed_42/embedding_quality_table.csv"
"MetRef","python_opentsne_fft","cpu","success",873,375,1,"reticulate",15.122,15.122,,,0.871903420703906,0.411798396334479,0.046804806332956,0.7262313860252,0.44192439862543,0.3768843069874,873,"/scratch/firenze/NN/fastEmbedR-results/MetRef/python/cpu1/20260721_084502_1071207/seed_17/plots/MetRef_python_opentsne_fft_threads1_seed17.png",,TRUE,"python","cpu1","17","/Users/stefano/Documents/fastEmbedR-results/MetRef/python/cpu1/20260721_084502_1071207/seed_17/embedding_quality_table.csv"
"MetRef","python_opentsne_fft_direct","cpu","success",873,375,1,"native_python_process",12.0145519096404,12.617,12.0145519096404,,0.871903420703906,0.411798396334479,0.0468048059200625,0.7262313860252,0.44192439862543,0.3768843069874,873,"/scratch/firenze/NN/fastEmbedR-results/MetRef/python/cpu1/20260721_084502_1071207/seed_17/plots/MetRef_python_opentsne_fft_direct_threads1_seed17.png",,TRUE,"python","cpu1","17","/Users/stefano/Documents/fastEmbedR-results/MetRef/python/cpu1/20260721_084502_1071207/seed_17/embedding_quality_table.csv"
"MetRef","python_umap_learn","cpu","success",873,375,1,"reticulate",12.796,12.796,,,0.854031938548615,0.412142038946163,0.149100009984579,0.730813287514318,0.401985490645284,0.384421534936999,873,"/scratch/firenze/NN/fastEmbedR-results/MetRef/python/cpu1/20260721_084502_1071207/seed_17/plots/MetRef_python_umap_learn_threads1_seed17.png",,TRUE,"python","cpu1","17","/Users/stefano/Documents/fastEmbedR-results/MetRef/python/cpu1/20260721_084502_1071207/seed_17/embedding_quality_table.csv"
"MetRef","python_umap_learn_direct","cpu","success",873,375,1,"native_python_process",11.1250476166606,11.807,11.1250476166606,,0.854031938548615,0.412142038946163,0.149100009984579,0.730813287514318,0.401985490645284,0.384421534936999,873,"/scratch/firenze/NN/fastEmbedR-results/MetRef/python/cpu1/20260721_084502_1071207/seed_17/plots/MetRef_python_umap_learn_direct_threads1_seed17.png",,TRUE,"python","cpu1","17","/Users/stefano/Documents/fastEmbedR-results/MetRef/python/cpu1/20260721_084502_1071207/seed_17/embedding_quality_table.csv"
"MetRef","python_opentsne_fft","cpu","success",873,375,1,"reticulate",20.897,20.897,,,0.877973901129753,0.415960290187094,0.0406110633069737,0.737686139747995,0.449560901107293,0.373287514318442,873,"/scratch/firenze/NN/fastEmbedR-results/MetRef/python/cpu1/20260721_084502_1071207/seed_4/plots/MetRef_python_opentsne_fft_threads1_seed4.png",,TRUE,"python","cpu1","4","/Users/stefano/Documents/fastEmbedR-results/MetRef/python/cpu1/20260721_084502_1071207/seed_4/embedding_quality_table.csv"
"MetRef","python_opentsne_fft_direct","cpu","success",873,375,1,"native_python_process",13.5602395227179,14.126,13.5602395227179,,0.877973901129753,0.415960290187094,0.0406110627049813,0.737686139747995,0.449560901107293,0.373287514318442,873,"/scratch/firenze/NN/fastEmbedR-results/MetRef/python/cpu1/20260721_084502_1071207/seed_4/plots/MetRef_python_opentsne_fft_direct_threads1_seed4.png",,TRUE,"python","cpu1","4","/Users/stefano/Documents/fastEmbedR-results/MetRef/python/cpu1/20260721_084502_1071207/seed_4/embedding_quality_table.csv"
"MetRef","python_umap_learn","cpu","success",873,375,1,"reticulate",12.542,12.542,,,0.853037755766682,0.412256586483391,0.144821560304734,0.718213058419244,0.399159984726995,0.38270332187858,873,"/scratch/firenze/NN/fastEmbedR-results/MetRef/python/cpu1/20260721_084502_1071207/seed_4/plots/MetRef_python_umap_learn_threads1_seed4.png",,TRUE,"python","cpu1","4","/Users/stefano/Documents/fastEmbedR-results/MetRef/python/cpu1/20260721_084502_1071207/seed_4/embedding_quality_table.csv"
"MetRef","python_umap_learn_direct","cpu","success",873,375,1,"native_python_process",11.0142972161993,11.696,11.0142972161993,,0.853037755766682,0.412256586483391,0.144821560304734,0.718213058419244,0.399159984726995,0.38270332187858,873,"/scratch/firenze/NN/fastEmbedR-results/MetRef/python/cpu1/20260721_084502_1071207/seed_4/plots/MetRef_python_umap_learn_direct_threads1_seed4.png",,TRUE,"python","cpu1","4","/Users/stefano/Documents/fastEmbedR-results/MetRef/python/cpu1/20260721_084502_1071207/seed_4/embedding_quality_table.csv"
"MetRef","python_opentsne_fft","cpu","success",873,375,1,"reticulate",16.063,16.063,,,0.872889248253712,0.408591065292096,0.0296334460888028,0.72737686139748,0.439709812905689,0.369003436426117,873,"/scratch/firenze/NN/fastEmbedR-results/MetRef/python/cpu1/20260721_084502_1071207/seed_42/plots/MetRef_python_opentsne_fft_threads1_seed42.png",,TRUE,"python","cpu1","42","/Users/stefano/Documents/fastEmbedR-results/MetRef/python/cpu1/20260721_084502_1071207/seed_42/embedding_quality_table.csv"
"MetRef","python_opentsne_fft_direct","cpu","success",873,375,1,"native_python_process",12.9678876427934,13.539,12.9678876427934,,0.872889248253712,0.408591065292096,0.0296334459129382,0.72737686139748,0.439709812905689,0.369003436426117,873,"/scratch/firenze/NN/fastEmbedR-results/MetRef/python/cpu1/20260721_084502_1071207/seed_42/plots/MetRef_python_opentsne_fft_direct_threads1_seed42.png",,TRUE,"python","cpu1","42","/Users/stefano/Documents/fastEmbedR-results/MetRef/python/cpu1/20260721_084502_1071207/seed_42/embedding_quality_table.csv"
"MetRef","python_umap_learn","cpu","success",873,375,1,"reticulate",12.935,12.935,,,0.852859151449813,0.41008018327606,0.139491384288421,0.720504009163803,0.399236349751814,0.383642611683849,873,"/scratch/firenze/NN/fastEmbedR-results/MetRef/python/cpu1/20260721_084502_1071207/seed_42/plots/MetRef_python_umap_learn_threads1_seed42.png",,TRUE,"python","cpu1","42","/Users/stefano/Documents/fastEmbedR-results/MetRef/python/cpu1/20260721_084502_1071207/seed_42/embedding_quality_table.csv"
"MetRef","python_umap_learn_direct","cpu","success",873,375,1,"native_python_process",11.2497621905059,11.963,11.2497621905059,,0.852859151449813,0.41008018327606,0.139491384288421,0.720504009163803,0.399236349751814,0.383642611683849,873,"/scratch/firenze/NN/fastEmbedR-results/MetRef/python/cpu1/20260721_084502_1071207/seed_42/plots/MetRef_python_umap_learn_direct_threads1_seed42.png",,TRUE,"python","cpu1","42","/Users/stefano/Documents/fastEmbedR-results/MetRef/python/cpu1/20260721_084502_1071207/seed_42/embedding_quality_table.csv"
"MetRef","python_opentsne_fft","cpu","success",873,375,4,"reticulate",17.85,17.85,,,0.872424859061609,0.412065673921344,0.0468767062518752,0.723940435280641,0.44245895379916,0.376746849942726,873,"/scratch/firenze/NN/fastEmbedR-results/MetRef/python/cpu4/20260721_084502_1071218/seed_17/plots/MetRef_python_opentsne_fft_threads4_seed17.png",,TRUE,"python","cpu4","17","/Users/stefano/Documents/fastEmbedR-results/MetRef/python/cpu4/20260721_084502_1071218/seed_17/embedding_quality_table.csv"
"MetRef","python_opentsne_fft_direct","cpu","success",873,375,4,"native_python_process",13.6749398510437,14.456,13.6749398510437,,0.872424859061609,0.412065673921344,0.0468767068113626,0.723940435280641,0.44245895379916,0.376746849942726,873,"/scratch/firenze/NN/fastEmbedR-results/MetRef/python/cpu4/20260721_084502_1071218/seed_17/plots/MetRef_python_opentsne_fft_direct_threads4_seed17.png",,TRUE,"python","cpu4","17","/Users/stefano/Documents/fastEmbedR-results/MetRef/python/cpu4/20260721_084502_1071218/seed_17/embedding_quality_table.csv"
"MetRef","python_umap_learn","cpu","success",873,375,4,"reticulate",14.308,14.308,,,0.854031938548615,0.412142038946163,0.149100009984579,0.730813287514318,0.401985490645284,0.384421534936999,873,"/scratch/firenze/NN/fastEmbedR-results/MetRef/python/cpu4/20260721_084502_1071218/seed_17/plots/MetRef_python_umap_learn_threads4_seed17.png",,TRUE,"python","cpu4","17","/Users/stefano/Documents/fastEmbedR-results/MetRef/python/cpu4/20260721_084502_1071218/seed_17/embedding_quality_table.csv"
"MetRef","python_umap_learn_direct","cpu","success",873,375,4,"native_python_process",12.4954642071389,13.394,12.4954642071389,,0.854031938548615,0.412142038946163,0.149100009984579,0.730813287514318,0.401985490645284,0.384421534936999,873,"/scratch/firenze/NN/fastEmbedR-results/MetRef/python/cpu4/20260721_084502_1071218/seed_17/plots/MetRef_python_umap_learn_direct_threads4_seed17.png",,TRUE,"python","cpu4","17","/Users/stefano/Documents/fastEmbedR-results/MetRef/python/cpu4/20260721_084502_1071218/seed_17/embedding_quality_table.csv"
"MetRef","python_opentsne_fft","cpu","success",873,375,4,"reticulate",26.098,26.098,,,0.877758282236148,0.41561664757541,0.040806553957966,0.738831615120275,0.450477281405116,0.373539518900344,873,"/scratch/firenze/NN/fastEmbedR-results/MetRef/python/cpu4/20260721_084502_1071218/seed_4/plots/MetRef_python_opentsne_fft_threads4_seed4.png",,TRUE,"python","cpu4","4","/Users/stefano/Documents/fastEmbedR-results/MetRef/python/cpu4/20260721_084502_1071218/seed_4/embedding_quality_table.csv"
"MetRef","python_opentsne_fft_direct","cpu","success",873,375,4,"native_python_process",15.7890318760183,16.539,15.7890318760183,,0.877758282236148,0.41561664757541,0.0408065546449177,0.738831615120275,0.450477281405116,0.373539518900344,873,"/scratch/firenze/NN/fastEmbedR-results/MetRef/python/cpu4/20260721_084502_1071218/seed_4/plots/MetRef_python_opentsne_fft_direct_threads4_seed4.png",,TRUE,"python","cpu4","4","/Users/stefano/Documents/fastEmbedR-results/MetRef/python/cpu4/20260721_084502_1071218/seed_4/embedding_quality_table.csv"
"MetRef","python_umap_learn","cpu","success",873,375,4,"reticulate",15.081,15.081,,,0.853037755766682,0.412256586483391,0.144821560304734,0.718213058419244,0.399159984726995,0.38270332187858,873,"/scratch/firenze/NN/fastEmbedR-results/MetRef/python/cpu4/20260721_084502_1071218/seed_4/plots/MetRef_python_umap_learn_threads4_seed4.png",,TRUE,"python","cpu4","4","/Users/stefano/Documents/fastEmbedR-results/MetRef/python/cpu4/20260721_084502_1071218/seed_4/embedding_quality_table.csv"
"MetRef","python_umap_learn_direct","cpu","success",873,375,4,"native_python_process",12.1614007931203,12.968,12.1614007931203,,0.853037755766682,0.412256586483391,0.144821560304734,0.718213058419244,0.399159984726995,0.38270332187858,873,"/scratch/firenze/NN/fastEmbedR-results/MetRef/python/cpu4/20260721_084502_1071218/seed_4/plots/MetRef_python_umap_learn_direct_threads4_seed4.png",,TRUE,"python","cpu4","4","/Users/stefano/Documents/fastEmbedR-results/MetRef/python/cpu4/20260721_084502_1071218/seed_4/embedding_quality_table.csv"
"MetRef","python_opentsne_fft","cpu","success",873,375,4,"reticulate",18.305,18.305,,,0.872319385486153,0.408667430316915,0.0300245544736424,0.728522336769759,0.438717067583047,0.368911798396334,873,"/scratch/firenze/NN/fastEmbedR-results/MetRef/python/cpu4/20260721_084502_1071218/seed_42/plots/MetRef_python_opentsne_fft_threads4_seed42.png",,TRUE,"python","cpu4","42","/Users/stefano/Documents/fastEmbedR-results/MetRef/python/cpu4/20260721_084502_1071218/seed_42/embedding_quality_table.csv"
"MetRef","python_opentsne_fft_direct","cpu","success",873,375,4,"native_python_process",15.593038574094,16.364,15.593038574094,,0.872319385486153,0.408667430316915,0.0300245529328902,0.728522336769759,0.438717067583047,0.368911798396334,873,"/scratch/firenze/NN/fastEmbedR-results/MetRef/python/cpu4/20260721_084502_1071218/seed_42/plots/MetRef_python_opentsne_fft_direct_threads4_seed42.png",,TRUE,"python","cpu4","42","/Users/stefano/Documents/fastEmbedR-results/MetRef/python/cpu4/20260721_084502_1071218/seed_42/embedding_quality_table.csv"
"MetRef","python_umap_learn","cpu","success",873,375,4,"reticulate",15.123,15.123,,,0.852859151449813,0.41008018327606,0.139491384288421,0.720504009163803,0.399236349751814,0.383642611683849,873,"/scratch/firenze/NN/fastEmbedR-results/MetRef/python/cpu4/20260721_084502_1071218/seed_42/plots/MetRef_python_umap_learn_threads4_seed42.png",,TRUE,"python","cpu4","42","/Users/stefano/Documents/fastEmbedR-results/MetRef/python/cpu4/20260721_084502_1071218/seed_42/embedding_quality_table.csv"
"MetRef","python_umap_learn_direct","cpu","success",873,375,4,"native_python_process",12.917342005996,13.753,12.917342005996,,0.852859151449813,0.41008018327606,0.139491384288421,0.720504009163803,0.399236349751814,0.383642611683849,873,"/scratch/firenze/NN/fastEmbedR-results/MetRef/python/cpu4/20260721_084502_1071218/seed_42/plots/MetRef_python_umap_learn_direct_threads4_seed42.png",,TRUE,"python","cpu4","42","/Users/stefano/Documents/fastEmbedR-results/MetRef/python/cpu4/20260721_084502_1071218/seed_42/embedding_quality_table.csv"
"MetRef","rapids_cuml_tsne_full","cuda","success",873,375,1,"reticulate",5.054,5.054,,,0.560420097477708,0.0623520427644139,-0.363940585718388,0.0893470790378007,0.0392516227567774,0.0848109965635739,873,"/scratch/firenze/NN/fastEmbedR-results/MetRef/python/cuda/20260722_220521_1071229/seed_17/plots/MetRef_rapids_cuml_tsne_full_threads1_seed17.png",,TRUE,"python","cuda","17","/Users/stefano/Documents/fastEmbedR-results/MetRef/python/cuda/20260722_220521_1071229/seed_17/embedding_quality_table.csv"
"MetRef","rapids_cuml_tsne_full_direct","cuda","success",873,375,1,"native_python_process",1.59085529483855,1.982,1.59085529483855,,0.560702109022303,0.0623902252768232,-0.36391681879311,0.0893470790378007,0.0394043528064147,0.0849026345933562,873,"/scratch/firenze/NN/fastEmbedR-results/MetRef/python/cuda/20260722_220521_1071229/seed_17/plots/MetRef_rapids_cuml_tsne_full_direct_threads1_seed17.png",,TRUE,"python","cuda","17","/Users/stefano/Documents/fastEmbedR-results/MetRef/python/cuda/20260722_220521_1071229/seed_17/embedding_quality_table.csv"
"MetRef","rapids_cuml_umap_full","cuda","success",873,375,1,"reticulate",3.005,3.005,,,0.851794263639018,0.408514700267278,0.135019719303648,0.690721649484536,0.389614356624666,0.379564719358534,873,"/scratch/firenze/NN/fastEmbedR-results/MetRef/python/cuda/20260722_220521_1071229/seed_17/plots/MetRef_rapids_cuml_umap_full_threads1_seed17.png",,TRUE,"python","cuda","17","/Users/stefano/Documents/fastEmbedR-results/MetRef/python/cuda/20260722_220521_1071229/seed_17/embedding_quality_table.csv"
"MetRef","rapids_cuml_umap_full_direct","cuda","success",873,375,1,"native_python_process",1.79334157798439,2.192,1.79334157798439,,0.851794263639018,0.408514700267278,0.135019719303648,0.690721649484536,0.389614356624666,0.379564719358534,873,"/scratch/firenze/NN/fastEmbedR-results/MetRef/python/cuda/20260722_220521_1071229/seed_17/plots/MetRef_rapids_cuml_umap_full_direct_threads1_seed17.png",,TRUE,"python","cuda","17","/Users/stefano/Documents/fastEmbedR-results/MetRef/python/cuda/20260722_220521_1071229/seed_17/embedding_quality_table.csv"
"MetRef","rapids_cuml_tsne_full","cuda","success",873,375,1,"reticulate",5.048,5.048,,,0.569725220672461,0.0672394043528064,-0.382326709024415,0.135166093928981,0.0381825124093165,0.0999083619702176,873,"/scratch/firenze/NN/fastEmbedR-results/MetRef/python/cuda/20260722_220521_1071229/seed_4/plots/MetRef_rapids_cuml_tsne_full_threads1_seed4.png",,TRUE,"python","cuda","4","/Users/stefano/Documents/fastEmbedR-results/MetRef/python/cuda/20260722_220521_1071229/seed_4/embedding_quality_table.csv"
"MetRef","rapids_cuml_tsne_full_direct","cuda","success",873,375,1,"native_python_process",1.59308521077037,1.98,1.59308521077037,,0.56972297464232,0.0672394043528064,-0.382327030526,0.135166093928981,0.0381825124093165,0.0999083619702176,873,"/scratch/firenze/NN/fastEmbedR-results/MetRef/python/cuda/20260722_220521_1071229/seed_4/plots/MetRef_rapids_cuml_tsne_full_direct_threads1_seed4.png",,TRUE,"python","cuda","4","/Users/stefano/Documents/fastEmbedR-results/MetRef/python/cuda/20260722_220521_1071229/seed_4/embedding_quality_table.csv"
"MetRef","rapids_cuml_umap_full","cuda","success",873,375,1,"reticulate",3.009,3.009,,,0.855002403252252,0.411225658648339,0.13864814629976,0.719358533791523,0.394043528064147,0.384329896907216,873,"/scratch/firenze/NN/fastEmbedR-results/MetRef/python/cuda/20260722_220521_1071229/seed_4/plots/MetRef_rapids_cuml_umap_full_threads1_seed4.png",,TRUE,"python","cuda","4","/Users/stefano/Documents/fastEmbedR-results/MetRef/python/cuda/20260722_220521_1071229/seed_4/embedding_quality_table.csv"
"MetRef","rapids_cuml_umap_full_direct","cuda","success",873,375,1,"native_python_process",1.79978072084486,2.194,1.79978072084486,,0.855002403252252,0.411225658648339,0.13864814629976,0.719358533791523,0.394043528064147,0.384329896907216,873,"/scratch/firenze/NN/fastEmbedR-results/MetRef/python/cuda/20260722_220521_1071229/seed_4/plots/MetRef_rapids_cuml_umap_full_direct_threads1_seed4.png",,TRUE,"python","cuda","4","/Users/stefano/Documents/fastEmbedR-results/MetRef/python/cuda/20260722_220521_1071229/seed_4/embedding_quality_table.csv"
"MetRef","rapids_cuml_tsne_full","cuda","success",873,375,1,"reticulate",4.993,4.993,,,0.570587875929295,0.0653302787323406,-0.494815681195276,0.0985108820160367,0.0382588774341352,0.0928064146620848,873,"/scratch/firenze/NN/fastEmbedR-results/MetRef/python/cuda/20260722_220521_1071229/seed_42/plots/MetRef_rapids_cuml_tsne_full_threads1_seed42.png",,TRUE,"python","cuda","42","/Users/stefano/Documents/fastEmbedR-results/MetRef/python/cuda/20260722_220521_1071229/seed_42/embedding_quality_table.csv"
"MetRef","rapids_cuml_tsne_full_direct","cuda","success",873,375,1,"native_python_process",1.58420919440687,1.972,1.58420919440687,,0.570747613592974,0.065253913707522,-0.49481134549169,0.0973654066437572,0.0381825124093165,0.0927605956471936,873,"/scratch/firenze/NN/fastEmbedR-results/MetRef/python/cuda/20260722_220521_1071229/seed_42/plots/MetRef_rapids_cuml_tsne_full_direct_threads1_seed42.png",,TRUE,"python","cuda","42","/Users/stefano/Documents/fastEmbedR-results/MetRef/python/cuda/20260722_220521_1071229/seed_42/embedding_quality_table.csv"
"MetRef","rapids_cuml_umap_full","cuda","success",873,375,1,"reticulate",3.019,3.019,,,0.849719291152887,0.404009163802978,0.131563148446306,0.710194730813288,0.394043528064147,0.377686139747995,873,"/scratch/firenze/NN/fastEmbedR-results/MetRef/python/cuda/20260722_220521_1071229/seed_42/plots/MetRef_rapids_cuml_umap_full_threads1_seed42.png",,TRUE,"python","cuda","42","/Users/stefano/Documents/fastEmbedR-results/MetRef/python/cuda/20260722_220521_1071229/seed_42/embedding_quality_table.csv"
"MetRef","rapids_cuml_umap_full_direct","cuda","success",873,375,1,"native_python_process",1.79930601175874,2.199,1.79930601175874,,0.849719291152887,0.404009163802978,0.131563148446306,0.710194730813288,0.394043528064147,0.377686139747995,873,"/scratch/firenze/NN/fastEmbedR-results/MetRef/python/cuda/20260722_220521_1071229/seed_42/plots/MetRef_rapids_cuml_umap_full_direct_threads1_seed42.png",,TRUE,"python","cuda","42","/Users/stefano/Documents/fastEmbedR-results/MetRef/python/cuda/20260722_220521_1071229/seed_42/embedding_quality_table.csv"
"TabulaMuris","python_opentsne_fft","cpu","success",100102,50,1,"reticulate",161.873,161.873,,,0.986255342813421,0.613933333333333,-0.0298359964435511,0.859333333333333,0.601822222222222,0.587213333333333,5000,"/scratch/firenze/NN/fastEmbedR-results/TabulaMuris/python/cpu1/20260721_084502_1071209/seed_17/plots/TabulaMuris_python_opentsne_fft_threads1_seed17.png",,FALSE,"python","cpu1","17","/Users/stefano/Documents/fastEmbedR-results/TabulaMuris/python/cpu1/20260721_084502_1071209/seed_17/embedding_quality_table.csv"
"TabulaMuris","python_opentsne_fft_direct","cpu","success",100102,50,1,"native_python_process",149.076947737485,149.955,149.076947737485,,0.986255342813421,0.613933333333333,-0.0298359954868798,0.859333333333333,0.601822222222222,0.587213333333333,5000,"/scratch/firenze/NN/fastEmbedR-results/TabulaMuris/python/cpu1/20260721_084502_1071209/seed_17/plots/TabulaMuris_python_opentsne_fft_direct_threads1_seed17.png",,FALSE,"python","cpu1","17","/Users/stefano/Documents/fastEmbedR-results/TabulaMuris/python/cpu1/20260721_084502_1071209/seed_17/embedding_quality_table.csv"
"TabulaMuris","python_umap_learn","cpu","success",100102,50,1,"reticulate",113.041,113.041,,,0.990297518008435,0.639866666666667,0.0466197790428524,0.849333333333333,0.598066666666667,0.633926666666667,5000,"/scratch/firenze/NN/fastEmbedR-results/TabulaMuris/python/cpu1/20260721_084502_1071209/seed_17/plots/TabulaMuris_python_umap_learn_threads1_seed17.png",,FALSE,"python","cpu1","17","/Users/stefano/Documents/fastEmbedR-results/TabulaMuris/python/cpu1/20260721_084502_1071209/seed_17/embedding_quality_table.csv"
"TabulaMuris","python_umap_learn_direct","cpu","success",100102,50,1,"native_python_process",109.854162060656,110.897,109.854162060656,,0.990297518008435,0.639866666666667,0.0466197790428524,0.849333333333333,0.598066666666667,0.633926666666667,5000,"/scratch/firenze/NN/fastEmbedR-results/TabulaMuris/python/cpu1/20260721_084502_1071209/seed_17/plots/TabulaMuris_python_umap_learn_direct_threads1_seed17.png",,FALSE,"python","cpu1","17","/Users/stefano/Documents/fastEmbedR-results/TabulaMuris/python/cpu1/20260721_084502_1071209/seed_17/embedding_quality_table.csv"
"TabulaMuris","python_opentsne_fft","cpu","success",100102,50,1,"reticulate",167.853,167.853,,,0.986636158698167,0.627622222222222,-0.0304520461880972,0.858333333333333,0.620311111111111,0.601526666666667,5000,"/scratch/firenze/NN/fastEmbedR-results/TabulaMuris/python/cpu1/20260721_084502_1071209/seed_4/plots/TabulaMuris_python_opentsne_fft_threads1_seed4.png",,FALSE,"python","cpu1","4","/Users/stefano/Documents/fastEmbedR-results/TabulaMuris/python/cpu1/20260721_084502_1071209/seed_4/embedding_quality_table.csv"
"TabulaMuris","python_opentsne_fft_direct","cpu","success",100102,50,1,"native_python_process",161.839440126903,162.741,161.839440126903,,0.986636158698167,0.627622222222222,-0.0304520465418526,0.858333333333333,0.620311111111111,0.601526666666667,5000,"/scratch/firenze/NN/fastEmbedR-results/TabulaMuris/python/cpu1/20260721_084502_1071209/seed_4/plots/TabulaMuris_python_opentsne_fft_direct_threads1_seed4.png",,FALSE,"python","cpu1","4","/Users/stefano/Documents/fastEmbedR-results/TabulaMuris/python/cpu1/20260721_084502_1071209/seed_4/embedding_quality_table.csv"
"TabulaMuris","python_umap_learn","cpu","success",100102,50,1,"reticulate",124.222,124.222,,,0.992231329078491,0.655833333333333,0.064592939845344,0.837,0.6166,0.650933333333333,5000,"/scratch/firenze/NN/fastEmbedR-results/TabulaMuris/python/cpu1/20260721_084502_1071209/seed_4/plots/TabulaMuris_python_umap_learn_threads1_seed4.png",,FALSE,"python","cpu1","4","/Users/stefano/Documents/fastEmbedR-results/TabulaMuris/python/cpu1/20260721_084502_1071209/seed_4/embedding_quality_table.csv"
"TabulaMuris","python_umap_learn_direct","cpu","success",100102,50,1,"native_python_process",121.613641245291,122.723,121.613641245291,,0.992231329078491,0.655833333333333,0.064592939845344,0.837,0.6166,0.650933333333333,5000,"/scratch/firenze/NN/fastEmbedR-results/TabulaMuris/python/cpu1/20260721_084502_1071209/seed_4/plots/TabulaMuris_python_umap_learn_direct_threads1_seed4.png",,FALSE,"python","cpu1","4","/Users/stefano/Documents/fastEmbedR-results/TabulaMuris/python/cpu1/20260721_084502_1071209/seed_4/embedding_quality_table.csv"
"TabulaMuris","python_opentsne_fft","cpu","success",100102,50,1,"reticulate",146.022,146.022,,,0.984721427238458,0.617677777777778,-0.0292771632747457,0.858,0.595533333333333,0.607733333333333,5000,"/scratch/firenze/NN/fastEmbedR-results/TabulaMuris/python/cpu1/20260721_084502_1071209/seed_42/plots/TabulaMuris_python_opentsne_fft_threads1_seed42.png",,FALSE,"python","cpu1","42","/Users/stefano/Documents/fastEmbedR-results/TabulaMuris/python/cpu1/20260721_084502_1071209/seed_42/embedding_quality_table.csv"
"TabulaMuris","python_opentsne_fft_direct","cpu","success",100102,50,1,"native_python_process",142.724929368123,143.578,142.724929368123,,0.984721427238458,0.617677777777778,-0.029277163450401,0.858,0.595533333333333,0.607733333333333,5000,"/scratch/firenze/NN/fastEmbedR-results/TabulaMuris/python/cpu1/20260721_084502_1071209/seed_42/plots/TabulaMuris_python_opentsne_fft_direct_threads1_seed42.png",,FALSE,"python","cpu1","42","/Users/stefano/Documents/fastEmbedR-results/TabulaMuris/python/cpu1/20260721_084502_1071209/seed_42/embedding_quality_table.csv"
"TabulaMuris","python_umap_learn","cpu","success",100102,50,1,"reticulate",113.119,113.119,,,0.991420244093607,0.652355555555556,0.0596138290020064,0.850333333333333,0.596066666666667,0.65868,5000,"/scratch/firenze/NN/fastEmbedR-results/TabulaMuris/python/cpu1/20260721_084502_1071209/seed_42/plots/TabulaMuris_python_umap_learn_threads1_seed42.png",,FALSE,"python","cpu1","42","/Users/stefano/Documents/fastEmbedR-results/TabulaMuris/python/cpu1/20260721_084502_1071209/seed_42/embedding_quality_table.csv"
"TabulaMuris","python_umap_learn_direct","cpu","success",100102,50,1,"native_python_process",110.506315860897,111.597,110.506315860897,,0.991420244093607,0.652355555555556,0.0596138290020064,0.850333333333333,0.596066666666667,0.65868,5000,"/scratch/firenze/NN/fastEmbedR-results/TabulaMuris/python/cpu1/20260721_084502_1071209/seed_42/plots/TabulaMuris_python_umap_learn_direct_threads1_seed42.png",,FALSE,"python","cpu1","42","/Users/stefano/Documents/fastEmbedR-results/TabulaMuris/python/cpu1/20260721_084502_1071209/seed_42/embedding_quality_table.csv"
"TabulaMuris","python_opentsne_fft","cpu","success",100102,50,4,"reticulate",94.445,94.445,,,0.98498792221849,0.613766666666667,-0.0264489329748222,0.858666666666667,0.599977777777778,0.588293333333333,5000,"/scratch/firenze/NN/fastEmbedR-results/TabulaMuris/python/cpu4/20260721_084502_1071220/seed_17/plots/TabulaMuris_python_opentsne_fft_threads4_seed17.png",,FALSE,"python","cpu4","17","/Users/stefano/Documents/fastEmbedR-results/TabulaMuris/python/cpu4/20260721_084502_1071220/seed_17/embedding_quality_table.csv"
"TabulaMuris","python_opentsne_fft_direct","cpu","success",100102,50,4,"native_python_process",87.4479797580279,88.095,87.4479797580279,,0.98498792221849,0.613766666666667,-0.0264489331296919,0.858666666666667,0.599977777777778,0.588293333333333,5000,"/scratch/firenze/NN/fastEmbedR-results/TabulaMuris/python/cpu4/20260721_084502_1071220/seed_17/plots/TabulaMuris_python_opentsne_fft_direct_threads4_seed17.png",,FALSE,"python","cpu4","17","/Users/stefano/Documents/fastEmbedR-results/TabulaMuris/python/cpu4/20260721_084502_1071220/seed_17/embedding_quality_table.csv"
"TabulaMuris","python_umap_learn","cpu","success",100102,50,4,"reticulate",97.294,97.294,,,0.98881149553988,0.642222222222222,0.0506555030459201,0.833666666666667,0.598955555555556,0.631853333333333,5000,"/scratch/firenze/NN/fastEmbedR-results/TabulaMuris/python/cpu4/20260721_084502_1071220/seed_17/plots/TabulaMuris_python_umap_learn_threads4_seed17.png",,FALSE,"python","cpu4","17","/Users/stefano/Documents/fastEmbedR-results/TabulaMuris/python/cpu4/20260721_084502_1071220/seed_17/embedding_quality_table.csv"
"TabulaMuris","python_umap_learn_direct","cpu","success",100102,50,4,"native_python_process",85.8204787860159,87.176,85.8204787860159,,0.98881149553988,0.642222222222222,0.0506555030459201,0.833666666666667,0.598955555555556,0.631853333333333,5000,"/scratch/firenze/NN/fastEmbedR-results/TabulaMuris/python/cpu4/20260721_084502_1071220/seed_17/plots/TabulaMuris_python_umap_learn_direct_threads4_seed17.png",,FALSE,"python","cpu4","17","/Users/stefano/Documents/fastEmbedR-results/TabulaMuris/python/cpu4/20260721_084502_1071220/seed_17/embedding_quality_table.csv"
"TabulaMuris","python_opentsne_fft","cpu","success",100102,50,4,"reticulate",101.145,101.145,,,0.986492800358303,0.623088888888889,-0.0301491030030636,0.859333333333333,0.6168,0.595906666666667,5000,"/scratch/firenze/NN/fastEmbedR-results/TabulaMuris/python/cpu4/20260721_084502_1071220/seed_4/plots/TabulaMuris_python_opentsne_fft_threads4_seed4.png",,FALSE,"python","cpu4","4","/Users/stefano/Documents/fastEmbedR-results/TabulaMuris/python/cpu4/20260721_084502_1071220/seed_4/embedding_quality_table.csv"
"TabulaMuris","python_opentsne_fft_direct","cpu","success",100102,50,4,"native_python_process",92.1001857439987,92.835,92.1001857439987,,0.986492800358303,0.623088888888889,-0.0301491032567847,0.859333333333333,0.6168,0.595906666666667,5000,"/scratch/firenze/NN/fastEmbedR-results/TabulaMuris/python/cpu4/20260721_084502_1071220/seed_4/plots/TabulaMuris_python_opentsne_fft_direct_threads4_seed4.png",,FALSE,"python","cpu4","4","/Users/stefano/Documents/fastEmbedR-results/TabulaMuris/python/cpu4/20260721_084502_1071220/seed_4/embedding_quality_table.csv"
"TabulaMuris","python_umap_learn","cpu","success",100102,50,4,"reticulate",90.442,90.442,,,0.991474153696861,0.650544444444444,0.0316045411291861,0.841,0.613266666666667,0.64452,5000,"/scratch/firenze/NN/fastEmbedR-results/TabulaMuris/python/cpu4/20260721_084502_1071220/seed_4/plots/TabulaMuris_python_umap_learn_threads4_seed4.png",,FALSE,"python","cpu4","4","/Users/stefano/Documents/fastEmbedR-results/TabulaMuris/python/cpu4/20260721_084502_1071220/seed_4/embedding_quality_table.csv"
"TabulaMuris","python_umap_learn_direct","cpu","success",100102,50,4,"native_python_process",89.7227216700558,90.597,89.7227216700558,,0.991474153696861,0.650544444444444,0.0316045411291861,0.841,0.613266666666667,0.64452,5000,"/scratch/firenze/NN/fastEmbedR-results/TabulaMuris/python/cpu4/20260721_084502_1071220/seed_4/plots/TabulaMuris_python_umap_learn_direct_threads4_seed4.png",,FALSE,"python","cpu4","4","/Users/stefano/Documents/fastEmbedR-results/TabulaMuris/python/cpu4/20260721_084502_1071220/seed_4/embedding_quality_table.csv"
"TabulaMuris","python_opentsne_fft","cpu","success",100102,50,4,"reticulate",91.275,91.275,,,0.985790975254731,0.617622222222222,-0.0288980710457404,0.859333333333333,0.595822222222222,0.60708,5000,"/scratch/firenze/NN/fastEmbedR-results/TabulaMuris/python/cpu4/20260721_084502_1071220/seed_42/plots/TabulaMuris_python_opentsne_fft_threads4_seed42.png",,FALSE,"python","cpu4","42","/Users/stefano/Documents/fastEmbedR-results/TabulaMuris/python/cpu4/20260721_084502_1071220/seed_42/embedding_quality_table.csv"
"TabulaMuris","python_opentsne_fft_direct","cpu","success",100102,50,4,"native_python_process",87.8777839019895,88.531,87.8777839019895,,0.985790975254731,0.617622222222222,-0.0288980723433135,0.859333333333333,0.595822222222222,0.60708,5000,"/scratch/firenze/NN/fastEmbedR-results/TabulaMuris/python/cpu4/20260721_084502_1071220/seed_42/plots/TabulaMuris_python_opentsne_fft_direct_threads4_seed42.png",,FALSE,"python","cpu4","42","/Users/stefano/Documents/fastEmbedR-results/TabulaMuris/python/cpu4/20260721_084502_1071220/seed_42/embedding_quality_table.csv"
"TabulaMuris","python_umap_learn","cpu","success",100102,50,4,"reticulate",87.123,87.123,,,0.990739013921547,0.654655555555556,0.0395932299621641,0.848666666666667,0.595844444444444,0.659,5000,"/scratch/firenze/NN/fastEmbedR-results/TabulaMuris/python/cpu4/20260721_084502_1071220/seed_42/plots/TabulaMuris_python_umap_learn_threads4_seed42.png",,FALSE,"python","cpu4","42","/Users/stefano/Documents/fastEmbedR-results/TabulaMuris/python/cpu4/20260721_084502_1071220/seed_42/embedding_quality_table.csv"
"TabulaMuris","python_umap_learn_direct","cpu","success",100102,50,4,"native_python_process",85.6604055000935,86.574,85.6604055000935,,0.990739013921547,0.654655555555556,0.0395932299621641,0.848666666666667,0.595844444444444,0.659,5000,"/scratch/firenze/NN/fastEmbedR-results/TabulaMuris/python/cpu4/20260721_084502_1071220/seed_42/plots/TabulaMuris_python_umap_learn_direct_threads4_seed42.png",,FALSE,"python","cpu4","42","/Users/stefano/Documents/fastEmbedR-results/TabulaMuris/python/cpu4/20260721_084502_1071220/seed_42/embedding_quality_table.csv"
"TabulaMuris","rapids_cuml_tsne_full","cuda","success",100102,50,1,"reticulate",6.233,6.233,,,0.902780748703019,0.4877,-0.184132713524536,0.768666666666667,0.517666666666667,0.440813333333333,5000,"/scratch/firenze/NN/fastEmbedR-results/TabulaMuris/python/cuda/20260722_223815_1071231/seed_17/plots/TabulaMuris_rapids_cuml_tsne_full_threads1_seed17.png",,FALSE,"python","cuda","17","/Users/stefano/Documents/fastEmbedR-results/TabulaMuris/python/cuda/20260722_223815_1071231/seed_17/embedding_quality_table.csv"
"TabulaMuris","rapids_cuml_tsne_full_direct","cuda","success",100102,50,1,"native_python_process",2.65817629639059,3.378,2.65817629639059,,0.95722493934983,0.563644444444444,-0.0666555320550354,0.827333333333333,0.573422222222222,0.523586666666667,5000,"/scratch/firenze/NN/fastEmbedR-results/TabulaMuris/python/cuda/20260722_223815_1071231/seed_17/plots/TabulaMuris_rapids_cuml_tsne_full_direct_threads1_seed17.png",,FALSE,"python","cuda","17","/Users/stefano/Documents/fastEmbedR-results/TabulaMuris/python/cuda/20260722_223815_1071231/seed_17/embedding_quality_table.csv"
"TabulaMuris","rapids_cuml_umap_full","cuda","success",100102,50,1,"reticulate",3.606,3.606,,,0.987200962938081,0.623055555555556,0.0543308067245244,0.838333333333333,0.566444444444444,0.62428,5000,"/scratch/firenze/NN/fastEmbedR-results/TabulaMuris/python/cuda/20260722_223815_1071231/seed_17/plots/TabulaMuris_rapids_cuml_umap_full_threads1_seed17.png",,FALSE,"python","cuda","17","/Users/stefano/Documents/fastEmbedR-results/TabulaMuris/python/cuda/20260722_223815_1071231/seed_17/embedding_quality_table.csv"
"TabulaMuris","rapids_cuml_umap_full_direct","cuda","success",100102,50,1,"native_python_process",2.34099803678691,3.019,2.34099803678691,,0.987200962938081,0.623055555555556,0.0543308067245244,0.838333333333333,0.566444444444444,0.62428,5000,"/scratch/firenze/NN/fastEmbedR-results/TabulaMuris/python/cuda/20260722_223815_1071231/seed_17/plots/TabulaMuris_rapids_cuml_umap_full_direct_threads1_seed17.png",,FALSE,"python","cuda","17","/Users/stefano/Documents/fastEmbedR-results/TabulaMuris/python/cuda/20260722_223815_1071231/seed_17/embedding_quality_table.csv"
"TabulaMuris","rapids_cuml_tsne_full","cuda","success",100102,50,1,"reticulate",6.195,6.195,,,0.968276243795021,0.600766666666667,-0.185076866691763,0.838333333333333,0.6122,0.554806666666667,5000,"/scratch/firenze/NN/fastEmbedR-results/TabulaMuris/python/cuda/20260722_223815_1071231/seed_4/plots/TabulaMuris_rapids_cuml_tsne_full_threads1_seed4.png",,FALSE,"python","cuda","4","/Users/stefano/Documents/fastEmbedR-results/TabulaMuris/python/cuda/20260722_223815_1071231/seed_4/embedding_quality_table.csv"
"TabulaMuris","rapids_cuml_tsne_full_direct","cuda","success",100102,50,1,"native_python_process",2.69658135436475,3.415,2.69658135436475,,0.947137140297839,0.569722222222222,-0.136316370654188,0.825333333333333,0.590422222222222,0.520126666666667,5000,"/scratch/firenze/NN/fastEmbedR-results/TabulaMuris/python/cuda/20260722_223815_1071231/seed_4/plots/TabulaMuris_rapids_cuml_tsne_full_direct_threads1_seed4.png",,FALSE,"python","cuda","4","/Users/stefano/Documents/fastEmbedR-results/TabulaMuris/python/cuda/20260722_223815_1071231/seed_4/embedding_quality_table.csv"
"TabulaMuris","rapids_cuml_umap_full","cuda","success",100102,50,1,"reticulate",3.638,3.638,,,0.988253655805621,0.633933333333333,0.0122548806511389,0.84,0.577822222222222,0.636233333333333,5000,"/scratch/firenze/NN/fastEmbedR-results/TabulaMuris/python/cuda/20260722_223815_1071231/seed_4/plots/TabulaMuris_rapids_cuml_umap_full_threads1_seed4.png",,FALSE,"python","cuda","4","/Users/stefano/Documents/fastEmbedR-results/TabulaMuris/python/cuda/20260722_223815_1071231/seed_4/embedding_quality_table.csv"
"TabulaMuris","rapids_cuml_umap_full_direct","cuda","success",100102,50,1,"native_python_process",2.3722264803946,3.05,2.3722264803946,,0.988253655805621,0.633933333333333,0.0122548806511389,0.84,0.577822222222222,0.636233333333333,5000,"/scratch/firenze/NN/fastEmbedR-results/TabulaMuris/python/cuda/20260722_223815_1071231/seed_4/plots/TabulaMuris_rapids_cuml_umap_full_direct_threads1_seed4.png",,FALSE,"python","cuda","4","/Users/stefano/Documents/fastEmbedR-results/TabulaMuris/python/cuda/20260722_223815_1071231/seed_4/embedding_quality_table.csv"
"TabulaMuris","rapids_cuml_tsne_full","cuda","success",100102,50,1,"reticulate",6.185,6.185,,,0.91389983951032,0.503555555555556,-0.25156553465106,0.771,0.522266666666667,0.452226666666667,5000,"/scratch/firenze/NN/fastEmbedR-results/TabulaMuris/python/cuda/20260722_223815_1071231/seed_42/plots/TabulaMuris_rapids_cuml_tsne_full_threads1_seed42.png",,FALSE,"python","cuda","42","/Users/stefano/Documents/fastEmbedR-results/TabulaMuris/python/cuda/20260722_223815_1071231/seed_42/embedding_quality_table.csv"
"TabulaMuris","rapids_cuml_tsne_full_direct","cuda","success",100102,50,1,"native_python_process",2.75938402302563,3.483,2.75938402302563,,0.503789131489568,0.013,-0.202358275695369,0.0763333333333333,0.00595555555555556,0.0205733333333333,5000,"/scratch/firenze/NN/fastEmbedR-results/TabulaMuris/python/cuda/20260722_223815_1071231/seed_42/plots/TabulaMuris_rapids_cuml_tsne_full_direct_threads1_seed42.png",,FALSE,"python","cuda","42","/Users/stefano/Documents/fastEmbedR-results/TabulaMuris/python/cuda/20260722_223815_1071231/seed_42/embedding_quality_table.csv"
"TabulaMuris","rapids_cuml_umap_full","cuda","success",100102,50,1,"reticulate",3.649,3.649,,,0.988849505467846,0.635,0.0432028633196496,0.846,0.562511111111111,0.64636,5000,"/scratch/firenze/NN/fastEmbedR-results/TabulaMuris/python/cuda/20260722_223815_1071231/seed_42/plots/TabulaMuris_rapids_cuml_umap_full_threads1_seed42.png",,FALSE,"python","cuda","42","/Users/stefano/Documents/fastEmbedR-results/TabulaMuris/python/cuda/20260722_223815_1071231/seed_42/embedding_quality_table.csv"
"TabulaMuris","rapids_cuml_umap_full_direct","cuda","success",100102,50,1,"native_python_process",2.37317803595215,3.051,2.37317803595215,,0.988849505467846,0.635,0.0432028633196496,0.846,0.562511111111111,0.64636,5000,"/scratch/firenze/NN/fastEmbedR-results/TabulaMuris/python/cuda/20260722_223815_1071231/seed_42/plots/TabulaMuris_rapids_cuml_umap_full_direct_threads1_seed42.png",,FALSE,"python","cuda","42","/Users/stefano/Documents/fastEmbedR-results/TabulaMuris/python/cuda/20260722_223815_1071231/seed_42/embedding_quality_table.csv"
"USPS","python_opentsne_fft","cpu","success",11000,256,1,"reticulate",65.405,65.405,,,0.966588489530848,0.441755555555556,0.182007879016085,0.731,0.428244444444444,0.455766666666667,5000,"/scratch/firenze/NN/fastEmbedR-results/USPS/python/cpu1/20260721_084502_1071210/seed_17/plots/USPS_python_opentsne_fft_threads1_seed17.png",,FALSE,"python","cpu1","17","/Users/stefano/Documents/fastEmbedR-results/USPS/python/cpu1/20260721_084502_1071210/seed_17/embedding_quality_table.csv"
"USPS","python_opentsne_fft_direct","cpu","success",11000,256,1,"native_python_process",60.0423457566649,60.692,60.0423457566649,,0.966588489530848,0.441755555555556,0.182007879078617,0.731,0.428244444444444,0.455766666666667,5000,"/scratch/firenze/NN/fastEmbedR-results/USPS/python/cpu1/20260721_084502_1071210/seed_17/plots/USPS_python_opentsne_fft_direct_threads1_seed17.png",,FALSE,"python","cpu1","17","/Users/stefano/Documents/fastEmbedR-results/USPS/python/cpu1/20260721_084502_1071210/seed_17/embedding_quality_table.csv"
"USPS","python_umap_learn","cpu","success",11000,256,1,"reticulate",25.119,25.119,,,0.919788997126115,0.364777777777778,0.119837847237539,0.724333333333333,0.345088888888889,0.38018,5000,"/scratch/firenze/NN/fastEmbedR-results/USPS/python/cpu1/20260721_084502_1071210/seed_17/plots/USPS_python_umap_learn_threads1_seed17.png",,FALSE,"python","cpu1","17","/Users/stefano/Documents/fastEmbedR-results/USPS/python/cpu1/20260721_084502_1071210/seed_17/embedding_quality_table.csv"
"USPS","python_umap_learn_direct","cpu","success",11000,256,1,"native_python_process",23.4784142319113,24.428,23.4784142319113,,0.919788997126115,0.364777777777778,0.119837847237539,0.724333333333333,0.345088888888889,0.38018,5000,"/scratch/firenze/NN/fastEmbedR-results/USPS/python/cpu1/20260721_084502_1071210/seed_17/plots/USPS_python_umap_learn_direct_threads1_seed17.png",,FALSE,"python","cpu1","17","/Users/stefano/Documents/fastEmbedR-results/USPS/python/cpu1/20260721_084502_1071210/seed_17/embedding_quality_table.csv"
"USPS","python_opentsne_fft","cpu","success",11000,256,1,"reticulate",64.396,64.396,,,0.965396678236853,0.440377777777778,0.17423226400819,0.742666666666667,0.426911111111111,0.454026666666667,5000,"/scratch/firenze/NN/fastEmbedR-results/USPS/python/cpu1/20260721_084502_1071210/seed_4/plots/USPS_python_opentsne_fft_threads1_seed4.png",,FALSE,"python","cpu1","4","/Users/stefano/Documents/fastEmbedR-results/USPS/python/cpu1/20260721_084502_1071210/seed_4/embedding_quality_table.csv"
"USPS","python_opentsne_fft_direct","cpu","success",11000,256,1,"native_python_process",56.7567658051848,57.387,56.7567658051848,,0.965396685701489,0.440377777777778,0.174232264251583,0.742666666666667,0.426911111111111,0.454026666666667,5000,"/scratch/firenze/NN/fastEmbedR-results/USPS/python/cpu1/20260721_084502_1071210/seed_4/plots/USPS_python_opentsne_fft_direct_threads1_seed4.png",,FALSE,"python","cpu1","4","/Users/stefano/Documents/fastEmbedR-results/USPS/python/cpu1/20260721_084502_1071210/seed_4/embedding_quality_table.csv"
"USPS","python_umap_learn","cpu","success",11000,256,1,"reticulate",24.669,24.669,,,0.920026790579629,0.357588888888889,0.0990329148369315,0.725333333333333,0.331355555555556,0.37472,5000,"/scratch/firenze/NN/fastEmbedR-results/USPS/python/cpu1/20260721_084502_1071210/seed_4/plots/USPS_python_umap_learn_threads1_seed4.png",,FALSE,"python","cpu1","4","/Users/stefano/Documents/fastEmbedR-results/USPS/python/cpu1/20260721_084502_1071210/seed_4/embedding_quality_table.csv"
"USPS","python_umap_learn_direct","cpu","success",11000,256,1,"native_python_process",23.3548245886341,24.29,23.3548245886341,,0.920026790579629,0.357588888888889,0.0990329148369315,0.725333333333333,0.331355555555556,0.37472,5000,"/scratch/firenze/NN/fastEmbedR-results/USPS/python/cpu1/20260721_084502_1071210/seed_4/plots/USPS_python_umap_learn_direct_threads1_seed4.png",,FALSE,"python","cpu1","4","/Users/stefano/Documents/fastEmbedR-results/USPS/python/cpu1/20260721_084502_1071210/seed_4/embedding_quality_table.csv"
"USPS","python_opentsne_fft","cpu","success",11000,256,1,"reticulate",61.613,61.613,,,0.966806897323928,0.445188888888889,0.181496364597705,0.743666666666667,0.428533333333333,0.458753333333333,5000,"/scratch/firenze/NN/fastEmbedR-results/USPS/python/cpu1/20260721_084502_1071210/seed_42/plots/USPS_python_opentsne_fft_threads1_seed42.png",,FALSE,"python","cpu1","42","/Users/stefano/Documents/fastEmbedR-results/USPS/python/cpu1/20260721_084502_1071210/seed_42/embedding_quality_table.csv"
"USPS","python_opentsne_fft_direct","cpu","success",11000,256,1,"native_python_process",57.6586806597188,58.3,57.6586806597188,,0.966806897323928,0.445188888888889,0.181496364879163,0.743666666666667,0.428533333333333,0.458753333333333,5000,"/scratch/firenze/NN/fastEmbedR-results/USPS/python/cpu1/20260721_084502_1071210/seed_42/plots/USPS_python_opentsne_fft_direct_threads1_seed42.png",,FALSE,"python","cpu1","42","/Users/stefano/Documents/fastEmbedR-results/USPS/python/cpu1/20260721_084502_1071210/seed_42/embedding_quality_table.csv"
"USPS","python_umap_learn","cpu","success",11000,256,1,"reticulate",24.2,24.2,,,0.929428365617885,0.3718,0.0769991298462529,0.725333333333333,0.345511111111111,0.391513333333333,5000,"/scratch/firenze/NN/fastEmbedR-results/USPS/python/cpu1/20260721_084502_1071210/seed_42/plots/USPS_python_umap_learn_threads1_seed42.png",,FALSE,"python","cpu1","42","/Users/stefano/Documents/fastEmbedR-results/USPS/python/cpu1/20260721_084502_1071210/seed_42/embedding_quality_table.csv"
"USPS","python_umap_learn_direct","cpu","success",11000,256,1,"native_python_process",23.0425658486784,23.912,23.0425658486784,,0.929428365617885,0.3718,0.0769991298462529,0.725333333333333,0.345511111111111,0.391513333333333,5000,"/scratch/firenze/NN/fastEmbedR-results/USPS/python/cpu1/20260721_084502_1071210/seed_42/plots/USPS_python_umap_learn_direct_threads1_seed42.png",,FALSE,"python","cpu1","42","/Users/stefano/Documents/fastEmbedR-results/USPS/python/cpu1/20260721_084502_1071210/seed_42/embedding_quality_table.csv"
"USPS","python_opentsne_fft","cpu","success",11000,256,4,"reticulate",49.162,49.162,,,0.964793953644609,0.439255555555556,0.182849632591965,0.721666666666667,0.426711111111111,0.450686666666667,5000,"/scratch/firenze/NN/fastEmbedR-results/USPS/python/cpu4/20260721_084502_1071221/seed_17/plots/USPS_python_opentsne_fft_threads4_seed17.png",,FALSE,"python","cpu4","17","/Users/stefano/Documents/fastEmbedR-results/USPS/python/cpu4/20260721_084502_1071221/seed_17/embedding_quality_table.csv"
"USPS","python_opentsne_fft_direct","cpu","success",11000,256,4,"native_python_process",44.5203884639777,44.928,44.5203884639777,,0.964793961109245,0.439255555555556,0.182849632500419,0.721666666666667,0.426711111111111,0.450686666666667,5000,"/scratch/firenze/NN/fastEmbedR-results/USPS/python/cpu4/20260721_084502_1071221/seed_17/plots/USPS_python_opentsne_fft_direct_threads4_seed17.png",,FALSE,"python","cpu4","17","/Users/stefano/Documents/fastEmbedR-results/USPS/python/cpu4/20260721_084502_1071221/seed_17/embedding_quality_table.csv"
"USPS","python_umap_learn","cpu","success",11000,256,4,"reticulate",22.939,22.939,,,0.919788997126115,0.364777777777778,0.119837847237539,0.724333333333333,0.345088888888889,0.38018,5000,"/scratch/firenze/NN/fastEmbedR-results/USPS/python/cpu4/20260721_084502_1071221/seed_17/plots/USPS_python_umap_learn_threads4_seed17.png",,FALSE,"python","cpu4","17","/Users/stefano/Documents/fastEmbedR-results/USPS/python/cpu4/20260721_084502_1071221/seed_17/embedding_quality_table.csv"
"USPS","python_umap_learn_direct","cpu","success",11000,256,4,"native_python_process",20.4462901121005,21.206,20.4462901121005,,0.919788997126115,0.364777777777778,0.119837847237539,0.724333333333333,0.345088888888889,0.38018,5000,"/scratch/firenze/NN/fastEmbedR-results/USPS/python/cpu4/20260721_084502_1071221/seed_17/plots/USPS_python_umap_learn_direct_threads4_seed17.png",,FALSE,"python","cpu4","17","/Users/stefano/Documents/fastEmbedR-results/USPS/python/cpu4/20260721_084502_1071221/seed_17/embedding_quality_table.csv"
"USPS","python_opentsne_fft","cpu","failed",,,4,"reticulate",,,,,,,,,,,,,"OSError: [Errno 116] Stale file handle
Run `reticulate::py_last_error()` for details.",FALSE,"python","cpu4","4","/Users/stefano/Documents/fastEmbedR-results/USPS/python/cpu4/20260721_084502_1071221/seed_4/embedding_quality_table.csv"
"USPS","python_opentsne_fft_direct","cpu","success",11000,256,4,"native_python_process",44.5324006809387,45.497,44.5324006809387,,0.965922539469264,0.439955555555556,0.170035470557,0.735,0.425933333333333,0.453753333333333,5000,"/scratch/firenze/NN/fastEmbedR-results/USPS/python/cpu4/20260721_084502_1071221/seed_4/plots/USPS_python_opentsne_fft_direct_threads4_seed4.png",,FALSE,"python","cpu4","4","/Users/stefano/Documents/fastEmbedR-results/USPS/python/cpu4/20260721_084502_1071221/seed_4/embedding_quality_table.csv"
"USPS","python_umap_learn","cpu","success",11000,256,4,"reticulate",23.538,23.538,,,0.920026790579629,0.357588888888889,0.0990329148369315,0.725333333333333,0.331355555555556,0.37472,5000,"/scratch/firenze/NN/fastEmbedR-results/USPS/python/cpu4/20260721_084502_1071221/seed_4/plots/USPS_python_umap_learn_threads4_seed4.png",,FALSE,"python","cpu4","4","/Users/stefano/Documents/fastEmbedR-results/USPS/python/cpu4/20260721_084502_1071221/seed_4/embedding_quality_table.csv"
"USPS","python_umap_learn_direct","cpu","success",11000,256,4,"native_python_process",21.4695787839592,22.039,21.4695787839592,,0.920026790579629,0.357588888888889,0.0990329148369315,0.725333333333333,0.331355555555556,0.37472,5000,"/scratch/firenze/NN/fastEmbedR-results/USPS/python/cpu4/20260721_084502_1071221/seed_4/plots/USPS_python_umap_learn_direct_threads4_seed4.png",,FALSE,"python","cpu4","4","/Users/stefano/Documents/fastEmbedR-results/USPS/python/cpu4/20260721_084502_1071221/seed_4/embedding_quality_table.csv"
"USPS","python_opentsne_fft","cpu","success",11000,256,4,"reticulate",46.439,46.439,,,0.967121031612735,0.4469,0.188473361290717,0.750666666666667,0.429844444444444,0.457746666666667,5000,"/scratch/firenze/NN/fastEmbedR-results/USPS/python/cpu4/20260721_084502_1071221/seed_42/plots/USPS_python_opentsne_fft_threads4_seed42.png",,FALSE,"python","cpu4","42","/Users/stefano/Documents/fastEmbedR-results/USPS/python/cpu4/20260721_084502_1071221/seed_42/embedding_quality_table.csv"
"USPS","python_opentsne_fft_direct","cpu","success",11000,256,4,"native_python_process",43.4150227669161,43.831,43.4150227669161,,0.967121076400552,0.4469,0.188473361687757,0.750666666666667,0.429844444444444,0.457746666666667,5000,"/scratch/firenze/NN/fastEmbedR-results/USPS/python/cpu4/20260721_084502_1071221/seed_42/plots/USPS_python_opentsne_fft_direct_threads4_seed42.png",,FALSE,"python","cpu4","42","/Users/stefano/Documents/fastEmbedR-results/USPS/python/cpu4/20260721_084502_1071221/seed_42/embedding_quality_table.csv"
"USPS","python_umap_learn","cpu","success",11000,256,4,"reticulate",22.094,22.094,,,0.929428365617885,0.3718,0.0769991298462529,0.725333333333333,0.345511111111111,0.391513333333333,5000,"/scratch/firenze/NN/fastEmbedR-results/USPS/python/cpu4/20260721_084502_1071221/seed_42/plots/USPS_python_umap_learn_threads4_seed42.png",,FALSE,"python","cpu4","42","/Users/stefano/Documents/fastEmbedR-results/USPS/python/cpu4/20260721_084502_1071221/seed_42/embedding_quality_table.csv"
"USPS","python_umap_learn_direct","cpu","success",11000,256,4,"native_python_process",21.3630882289726,22.041,21.3630882289726,,0.929428365617885,0.3718,0.0769991298462529,0.725333333333333,0.345511111111111,0.391513333333333,5000,"/scratch/firenze/NN/fastEmbedR-results/USPS/python/cpu4/20260721_084502_1071221/seed_42/plots/USPS_python_umap_learn_direct_threads4_seed42.png",,FALSE,"python","cpu4","42","/Users/stefano/Documents/fastEmbedR-results/USPS/python/cpu4/20260721_084502_1071221/seed_42/embedding_quality_table.csv"
"USPS","rapids_cuml_tsne_full","cuda","success",11000,256,1,"reticulate",5.363,5.363,,,0.957530967043631,0.4415,0.141282636835412,0.721333333333333,0.431377777777778,0.45144,5000,"/scratch/firenze/NN/fastEmbedR-results/USPS/python/cuda/20260723_012611_1071232/seed_17/plots/USPS_rapids_cuml_tsne_full_threads1_seed17.png",,FALSE,"python","cuda","17","/Users/stefano/Documents/fastEmbedR-results/USPS/python/cuda/20260723_012611_1071232/seed_17/embedding_quality_table.csv"
"USPS","rapids_cuml_tsne_full_direct","cuda","success",11000,256,1,"native_python_process",1.94197330996394,2.398,1.94197330996394,,0.955719650655022,0.442666666666667,0.132411639246517,0.709333333333333,0.428866666666667,0.45022,5000,"/scratch/firenze/NN/fastEmbedR-results/USPS/python/cuda/20260723_012611_1071232/seed_17/plots/USPS_rapids_cuml_tsne_full_direct_threads1_seed17.png",,FALSE,"python","cuda","17","/Users/stefano/Documents/fastEmbedR-results/USPS/python/cuda/20260723_012611_1071232/seed_17/embedding_quality_table.csv"
"USPS","rapids_cuml_umap_full","cuda","success",11000,256,1,"reticulate",2.979,2.979,,,0.916187444481768,0.348011111111111,0.108806502184662,0.727,0.328777777777778,0.363673333333333,5000,"/scratch/firenze/NN/fastEmbedR-results/USPS/python/cuda/20260723_012611_1071232/seed_17/plots/USPS_rapids_cuml_umap_full_threads1_seed17.png",,FALSE,"python","cuda","17","/Users/stefano/Documents/fastEmbedR-results/USPS/python/cuda/20260723_012611_1071232/seed_17/embedding_quality_table.csv"
"USPS","rapids_cuml_umap_full_direct","cuda","success",11000,256,1,"native_python_process",1.75566340889782,2.201,1.75566340889782,,0.916187444481768,0.348011111111111,0.108806502184662,0.727,0.328777777777778,0.363673333333333,5000,"/scratch/firenze/NN/fastEmbedR-results/USPS/python/cuda/20260723_012611_1071232/seed_17/plots/USPS_rapids_cuml_umap_full_direct_threads1_seed17.png",,FALSE,"python","cuda","17","/Users/stefano/Documents/fastEmbedR-results/USPS/python/cuda/20260723_012611_1071232/seed_17/embedding_quality_table.csv"
"USPS","rapids_cuml_tsne_full","cuda","success",11000,256,1,"reticulate",5.358,5.358,,,0.957862770126526,0.446233333333333,0.134789208725267,0.722,0.428355555555556,0.459053333333333,5000,"/scratch/firenze/NN/fastEmbedR-results/USPS/python/cuda/20260723_012611_1071232/seed_4/plots/USPS_rapids_cuml_tsne_full_threads1_seed4.png",,FALSE,"python","cuda","4","/Users/stefano/Documents/fastEmbedR-results/USPS/python/cuda/20260723_012611_1071232/seed_4/embedding_quality_table.csv"
"USPS","rapids_cuml_tsne_full_direct","cuda","success",11000,256,1,"native_python_process",1.95853495690972,2.424,1.95853495690972,,0.956301653416937,0.441955555555556,0.113733207667173,0.725333333333333,0.423666666666667,0.456813333333333,5000,"/scratch/firenze/NN/fastEmbedR-results/USPS/python/cuda/20260723_012611_1071232/seed_4/plots/USPS_rapids_cuml_tsne_full_direct_threads1_seed4.png",,FALSE,"python","cuda","4","/Users/stefano/Documents/fastEmbedR-results/USPS/python/cuda/20260723_012611_1071232/seed_4/embedding_quality_table.csv"
"USPS","rapids_cuml_umap_full","cuda","success",11000,256,1,"reticulate",2.995,2.995,,,0.915038890755048,0.348288888888889,0.127528904964928,0.725333333333333,0.323577777777778,0.36858,5000,"/scratch/firenze/NN/fastEmbedR-results/USPS/python/cuda/20260723_012611_1071232/seed_4/plots/USPS_rapids_cuml_umap_full_threads1_seed4.png",,FALSE,"python","cuda","4","/Users/stefano/Documents/fastEmbedR-results/USPS/python/cuda/20260723_012611_1071232/seed_4/embedding_quality_table.csv"
"USPS","rapids_cuml_umap_full_direct","cuda","success",11000,256,1,"native_python_process",1.78918150346726,2.241,1.78918150346726,,0.915038890755048,0.348288888888889,0.127528904964928,0.725333333333333,0.323577777777778,0.36858,5000,"/scratch/firenze/NN/fastEmbedR-results/USPS/python/cuda/20260723_012611_1071232/seed_4/plots/USPS_rapids_cuml_umap_full_direct_threads1_seed4.png",,FALSE,"python","cuda","4","/Users/stefano/Documents/fastEmbedR-results/USPS/python/cuda/20260723_012611_1071232/seed_4/embedding_quality_table.csv"
"USPS","rapids_cuml_tsne_full","cuda","success",11000,256,1,"reticulate",5.351,5.351,,,0.959316672265144,0.446355555555556,0.134416018537696,0.736666666666667,0.432044444444444,0.45786,5000,"/scratch/firenze/NN/fastEmbedR-results/USPS/python/cuda/20260723_012611_1071232/seed_42/plots/USPS_rapids_cuml_tsne_full_threads1_seed42.png",,FALSE,"python","cuda","42","/Users/stefano/Documents/fastEmbedR-results/USPS/python/cuda/20260723_012611_1071232/seed_42/embedding_quality_table.csv"
"USPS","rapids_cuml_tsne_full_direct","cuda","success",11000,256,1,"native_python_process",1.9387584887445,2.397,1.9387584887445,,0.956857850931213,0.443833333333333,0.138433002885517,0.735666666666667,0.428777777777778,0.45772,5000,"/scratch/firenze/NN/fastEmbedR-results/USPS/python/cuda/20260723_012611_1071232/seed_42/plots/USPS_rapids_cuml_tsne_full_direct_threads1_seed42.png",,FALSE,"python","cuda","42","/Users/stefano/Documents/fastEmbedR-results/USPS/python/cuda/20260723_012611_1071232/seed_42/embedding_quality_table.csv"
"USPS","rapids_cuml_umap_full","cuda","success",11000,256,1,"reticulate",2.976,2.976,,,0.920107640055238,0.3549,0.132959018635347,0.718666666666667,0.325444444444444,0.37252,5000,"/scratch/firenze/NN/fastEmbedR-results/USPS/python/cuda/20260723_012611_1071232/seed_42/plots/USPS_rapids_cuml_umap_full_threads1_seed42.png",,FALSE,"python","cuda","42","/Users/stefano/Documents/fastEmbedR-results/USPS/python/cuda/20260723_012611_1071232/seed_42/embedding_quality_table.csv"
"USPS","rapids_cuml_umap_full_direct","cuda","success",11000,256,1,"native_python_process",1.75825468637049,2.203,1.75825468637049,,0.920107640055238,0.3549,0.132959018635347,0.718666666666667,0.325444444444444,0.37252,5000,"/scratch/firenze/NN/fastEmbedR-results/USPS/python/cuda/20260723_012611_1071232/seed_42/plots/USPS_rapids_cuml_umap_full_direct_threads1_seed42.png",,FALSE,"python","cuda","42","/Users/stefano/Documents/fastEmbedR-results/USPS/python/cuda/20260723_012611_1071232/seed_42/embedding_quality_table.csv"
"flow18","python_opentsne_fft","cpu","failed",,,1,"reticulate",,,,,,,,,,,,,"worker exited with status 137",TRUE,"python","cpu1","17","/Users/stefano/Documents/fastEmbedR-results/flow18/python/cpu1/20260721_084502_1071202/seed_17/embedding_quality_table.csv"
"flow18","python_opentsne_fft_direct","cpu","failed",,,1,"native_python_process",,,,,,,,,,,,,"Direct Python benchmark did not write metadata. Output: Killed",TRUE,"python","cpu1","17","/Users/stefano/Documents/fastEmbedR-results/flow18/python/cpu1/20260721_084502_1071202/seed_17/embedding_quality_table.csv"
"flow18","python_umap_learn","cpu","failed",,,1,"reticulate",,,,,,,,,,,,,"worker exited with status 137",TRUE,"python","cpu1","17","/Users/stefano/Documents/fastEmbedR-results/flow18/python/cpu1/20260721_084502_1071202/seed_17/embedding_quality_table.csv"
"flow18","python_umap_learn_direct","cpu","failed",,,1,"native_python_process",,,,,,,,,,,,,"Direct Python benchmark did not write metadata. Output: Killed",TRUE,"python","cpu1","17","/Users/stefano/Documents/fastEmbedR-results/flow18/python/cpu1/20260721_084502_1071202/seed_17/embedding_quality_table.csv"
"flow18","python_opentsne_fft","cpu","failed",,,1,"reticulate",,,,,,,,,,,,,"worker exited with status 137",TRUE,"python","cpu1","4","/Users/stefano/Documents/fastEmbedR-results/flow18/python/cpu1/20260721_084502_1071202/seed_4/embedding_quality_table.csv"
"flow18","python_opentsne_fft_direct","cpu","failed",,,1,"native_python_process",,,,,,,,,,,,,"Direct Python benchmark did not write metadata. Output: Killed",TRUE,"python","cpu1","4","/Users/stefano/Documents/fastEmbedR-results/flow18/python/cpu1/20260721_084502_1071202/seed_4/embedding_quality_table.csv"
"flow18","python_umap_learn","cpu","failed",,,1,"reticulate",,,,,,,,,,,,,"worker exited with status 137",TRUE,"python","cpu1","4","/Users/stefano/Documents/fastEmbedR-results/flow18/python/cpu1/20260721_084502_1071202/seed_4/embedding_quality_table.csv"
"flow18","python_umap_learn_direct","cpu","failed",,,1,"native_python_process",,,,,,,,,,,,,"Direct Python benchmark did not write metadata. Output: Killed",TRUE,"python","cpu1","4","/Users/stefano/Documents/fastEmbedR-results/flow18/python/cpu1/20260721_084502_1071202/seed_4/embedding_quality_table.csv"
"flow18","python_opentsne_fft","cpu","failed",,,1,"reticulate",,,,,,,,,,,,,"worker exited with status 137",TRUE,"python","cpu1","42","/Users/stefano/Documents/fastEmbedR-results/flow18/python/cpu1/20260721_084502_1071202/seed_42/embedding_quality_table.csv"
"flow18","python_opentsne_fft_direct","cpu","failed",,,1,"native_python_process",,,,,,,,,,,,,"Direct Python benchmark did not write metadata. Output: Killed",TRUE,"python","cpu1","42","/Users/stefano/Documents/fastEmbedR-results/flow18/python/cpu1/20260721_084502_1071202/seed_42/embedding_quality_table.csv"
"flow18","python_umap_learn","cpu","failed",,,1,"reticulate",,,,,,,,,,,,,"worker exited with status 137",TRUE,"python","cpu1","42","/Users/stefano/Documents/fastEmbedR-results/flow18/python/cpu1/20260721_084502_1071202/seed_42/embedding_quality_table.csv"
"flow18","python_umap_learn_direct","cpu","failed",,,1,"native_python_process",,,,,,,,,,,,,"Direct Python benchmark did not write metadata. Output: Killed",TRUE,"python","cpu1","42","/Users/stefano/Documents/fastEmbedR-results/flow18/python/cpu1/20260721_084502_1071202/seed_42/embedding_quality_table.csv"
"flow18","python_opentsne_fft","cpu","success",1000021,11,4,"reticulate",622.765,622.765,,,0.977624469077744,0.405377777777778,0.0651965734204407,0.952666666666667,0.356044444444444,0.445313333333333,5000,"/scratch/firenze/NN/fastEmbedR-results/flow18/python/cpu4/20260721_084502_1071213/seed_17/plots/flow18_python_opentsne_fft_threads4_seed17.png",,TRUE,"python","cpu4","17","/Users/stefano/Documents/fastEmbedR-results/flow18/python/cpu4/20260721_084502_1071213/seed_17/embedding_quality_table.csv"
"flow18","python_opentsne_fft_direct","cpu","success",1000021,11,4,"native_python_process",610.252521623857,612.617,610.252521623857,,0.977624469077744,0.405377777777778,0.0651965736268308,0.952666666666667,0.356044444444444,0.445313333333333,5000,"/scratch/firenze/NN/fastEmbedR-results/flow18/python/cpu4/20260721_084502_1071213/seed_17/plots/flow18_python_opentsne_fft_direct_threads4_seed17.png",,TRUE,"python","cpu4","17","/Users/stefano/Documents/fastEmbedR-results/flow18/python/cpu4/20260721_084502_1071213/seed_17/embedding_quality_table.csv"
"flow18","python_umap_learn","cpu","success",1000021,11,4,"reticulate",1165.134,1165.134,,,0.96604316799164,0.377011111111111,0.391175554343146,0.953666666666667,0.285933333333333,0.4511,5000,"/scratch/firenze/NN/fastEmbedR-results/flow18/python/cpu4/20260721_084502_1071213/seed_17/plots/flow18_python_umap_learn_threads4_seed17.png",,TRUE,"python","cpu4","17","/Users/stefano/Documents/fastEmbedR-results/flow18/python/cpu4/20260721_084502_1071213/seed_17/embedding_quality_table.csv"
"flow18","python_umap_learn_direct","cpu","success",1000021,11,4,"native_python_process",1091.75192379393,1094.096,1091.75192379393,,0.96604316799164,0.377011111111111,0.391175554343146,0.953666666666667,0.285933333333333,0.4511,5000,"/scratch/firenze/NN/fastEmbedR-results/flow18/python/cpu4/20260721_084502_1071213/seed_17/plots/flow18_python_umap_learn_direct_threads4_seed17.png",,TRUE,"python","cpu4","17","/Users/stefano/Documents/fastEmbedR-results/flow18/python/cpu4/20260721_084502_1071213/seed_17/embedding_quality_table.csv"
"flow18","python_opentsne_fft","cpu","success",1000021,11,4,"reticulate",657.341,657.341,,,0.977108670175046,0.400922222222222,0.0692979146450861,0.954666666666667,0.362288888888889,0.43978,5000,"/scratch/firenze/NN/fastEmbedR-results/flow18/python/cpu4/20260721_084502_1071213/seed_4/plots/flow18_python_opentsne_fft_threads4_seed4.png",,TRUE,"python","cpu4","4","/Users/stefano/Documents/fastEmbedR-results/flow18/python/cpu4/20260721_084502_1071213/seed_4/embedding_quality_table.csv"
"flow18","python_opentsne_fft_direct","cpu","success",1000021,11,4,"native_python_process",625.803966023959,627.909,625.803966023959,,0.977108670175046,0.400911111111111,0.0692979153791194,0.954666666666667,0.362288888888889,0.43978,5000,"/scratch/firenze/NN/fastEmbedR-results/flow18/python/cpu4/20260721_084502_1071213/seed_4/plots/flow18_python_opentsne_fft_direct_threads4_seed4.png",,TRUE,"python","cpu4","4","/Users/stefano/Documents/fastEmbedR-results/flow18/python/cpu4/20260721_084502_1071213/seed_4/embedding_quality_table.csv"
"flow18","python_umap_learn","cpu","success",1000021,11,4,"reticulate",1069.285,1069.285,,,0.969065405143134,0.376344444444444,0.368014544521185,0.955,0.294466666666667,0.446853333333333,5000,"/scratch/firenze/NN/fastEmbedR-results/flow18/python/cpu4/20260721_084502_1071213/seed_4/plots/flow18_python_umap_learn_threads4_seed4.png",,TRUE,"python","cpu4","4","/Users/stefano/Documents/fastEmbedR-results/flow18/python/cpu4/20260721_084502_1071213/seed_4/embedding_quality_table.csv"
"flow18","python_umap_learn_direct","cpu","success",1000021,11,4,"native_python_process",1167.18448051903,1169.751,1167.18448051903,,0.969065405143134,0.376344444444444,0.368014544521185,0.955,0.294466666666667,0.446853333333333,5000,"/scratch/firenze/NN/fastEmbedR-results/flow18/python/cpu4/20260721_084502_1071213/seed_4/plots/flow18_python_umap_learn_direct_threads4_seed4.png",,TRUE,"python","cpu4","4","/Users/stefano/Documents/fastEmbedR-results/flow18/python/cpu4/20260721_084502_1071213/seed_4/embedding_quality_table.csv"
"flow18","python_opentsne_fft","cpu","success",1000021,11,4,"reticulate",566.475,566.475,,,0.978328399208749,0.3993,0.0769061769194672,0.955666666666667,0.351311111111111,0.438173333333333,5000,"/scratch/firenze/NN/fastEmbedR-results/flow18/python/cpu4/20260721_084502_1071213/seed_42/plots/flow18_python_opentsne_fft_threads4_seed42.png",,TRUE,"python","cpu4","42","/Users/stefano/Documents/fastEmbedR-results/flow18/python/cpu4/20260721_084502_1071213/seed_42/embedding_quality_table.csv"
"flow18","python_opentsne_fft_direct","cpu","success",1000021,11,4,"native_python_process",599.091164958198,601.581,599.091164958198,,0.978328399208749,0.3993,0.0769061761907149,0.955666666666667,0.351311111111111,0.438173333333333,5000,"/scratch/firenze/NN/fastEmbedR-results/flow18/python/cpu4/20260721_084502_1071213/seed_42/plots/flow18_python_opentsne_fft_direct_threads4_seed42.png",,TRUE,"python","cpu4","42","/Users/stefano/Documents/fastEmbedR-results/flow18/python/cpu4/20260721_084502_1071213/seed_42/embedding_quality_table.csv"
"flow18","python_umap_learn","cpu","success",1000021,11,4,"reticulate",1143.379,1143.379,,,0.965112820512821,0.371666666666667,0.383402471954305,0.953666666666667,0.279533333333333,0.441293333333333,5000,"/scratch/firenze/NN/fastEmbedR-results/flow18/python/cpu4/20260721_084502_1071213/seed_42/plots/flow18_python_umap_learn_threads4_seed42.png",,TRUE,"python","cpu4","42","/Users/stefano/Documents/fastEmbedR-results/flow18/python/cpu4/20260721_084502_1071213/seed_42/embedding_quality_table.csv"
"flow18","python_umap_learn_direct","cpu","success",1000021,11,4,"native_python_process",1126.65822762297,1129.114,1126.65822762297,,0.965112820512821,0.371666666666667,0.383402471954305,0.953666666666667,0.279533333333333,0.441293333333333,5000,"/scratch/firenze/NN/fastEmbedR-results/flow18/python/cpu4/20260721_084502_1071213/seed_42/plots/flow18_python_umap_learn_direct_threads4_seed42.png",,TRUE,"python","cpu4","42","/Users/stefano/Documents/fastEmbedR-results/flow18/python/cpu4/20260721_084502_1071213/seed_42/embedding_quality_table.csv"
"flow18","rapids_cuml_tsne_full","cuda","failed",,,1,"reticulate",,,,,,,,,,,,,"RuntimeError: after dispatching exclusive_scan kernel: cudaErrorInvalidValue: invalid argument
Run `reticulate::py_last_error()` for details.",TRUE,"python","cuda","17","/Users/stefano/Documents/fastEmbedR-results/flow18/python/cuda/20260722_174515_1071224/seed_17/embedding_quality_table.csv"
"flow18","rapids_cuml_tsne_full_direct","cuda","success",1000021,11,1,"native_python_process",34.3002868434414,36.618,34.3002868434414,,0.980471167842347,0.419144444444444,0.074674561311116,0.952333333333333,0.375311111111111,0.457113333333333,5000,"/scratch/firenze/NN/fastEmbedR-results/flow18/python/cuda/20260722_174515_1071224/seed_17/plots/flow18_rapids_cuml_tsne_full_direct_threads1_seed17.png",,TRUE,"python","cuda","17","/Users/stefano/Documents/fastEmbedR-results/flow18/python/cuda/20260722_174515_1071224/seed_17/embedding_quality_table.csv"
"flow18","rapids_cuml_umap_full","cuda","success",1000021,11,1,"reticulate",12.095,12.095,,,0.965843324749002,0.375366666666667,0.383444112202691,0.954,0.285088888888889,0.449853333333333,5000,"/scratch/firenze/NN/fastEmbedR-results/flow18/python/cuda/20260722_174515_1071224/seed_17/plots/flow18_rapids_cuml_umap_full_threads1_seed17.png",,TRUE,"python","cuda","17","/Users/stefano/Documents/fastEmbedR-results/flow18/python/cuda/20260722_174515_1071224/seed_17/embedding_quality_table.csv"
"flow18","rapids_cuml_umap_full_direct","cuda","success",1000021,11,1,"native_python_process",10.7477177632973,12.959,10.7477177632973,,0.965843324749002,0.375366666666667,0.383444112202691,0.954,0.285088888888889,0.449853333333333,5000,"/scratch/firenze/NN/fastEmbedR-results/flow18/python/cuda/20260722_174515_1071224/seed_17/plots/flow18_rapids_cuml_umap_full_direct_threads1_seed17.png",,TRUE,"python","cuda","17","/Users/stefano/Documents/fastEmbedR-results/flow18/python/cuda/20260722_174515_1071224/seed_17/embedding_quality_table.csv"
"flow18","rapids_cuml_tsne_full","cuda","failed",,,1,"reticulate",,,,,,,,,,,,,"RuntimeError: after dispatching exclusive_scan kernel: cudaErrorInvalidValue: invalid argument
Run `reticulate::py_last_error()` for details.",TRUE,"python","cuda","4","/Users/stefano/Documents/fastEmbedR-results/flow18/python/cuda/20260722_174515_1071224/seed_4/embedding_quality_table.csv"
"flow18","rapids_cuml_tsne_full_direct","cuda","success",1000021,11,1,"native_python_process",34.3854468232021,36.747,34.3854468232021,,0.978601716866346,0.415566666666667,0.0236144574278523,0.95,0.379644444444444,0.447606666666667,5000,"/scratch/firenze/NN/fastEmbedR-results/flow18/python/cuda/20260722_174515_1071224/seed_4/plots/flow18_rapids_cuml_tsne_full_direct_threads1_seed4.png",,TRUE,"python","cuda","4","/Users/stefano/Documents/fastEmbedR-results/flow18/python/cuda/20260722_174515_1071224/seed_4/embedding_quality_table.csv"
"flow18","rapids_cuml_umap_full","cuda","success",1000021,11,1,"reticulate",12.146,12.146,,,0.964233135520472,0.366777777777778,0.343079498944233,0.953,0.2818,0.43656,5000,"/scratch/firenze/NN/fastEmbedR-results/flow18/python/cuda/20260722_174515_1071224/seed_4/plots/flow18_rapids_cuml_umap_full_threads1_seed4.png",,TRUE,"python","cuda","4","/Users/stefano/Documents/fastEmbedR-results/flow18/python/cuda/20260722_174515_1071224/seed_4/embedding_quality_table.csv"
"flow18","rapids_cuml_umap_full_direct","cuda","success",1000021,11,1,"native_python_process",10.7553394250572,13.022,10.7553394250572,,0.964233135520472,0.366777777777778,0.343079498944233,0.953,0.2818,0.43656,5000,"/scratch/firenze/NN/fastEmbedR-results/flow18/python/cuda/20260722_174515_1071224/seed_4/plots/flow18_rapids_cuml_umap_full_direct_threads1_seed4.png",,TRUE,"python","cuda","4","/Users/stefano/Documents/fastEmbedR-results/flow18/python/cuda/20260722_174515_1071224/seed_4/embedding_quality_table.csv"
"flow18","rapids_cuml_tsne_full","cuda","failed",,,1,"reticulate",,,,,,,,,,,,,"RuntimeError: after dispatching exclusive_scan kernel: cudaErrorInvalidValue: invalid argument
Run `reticulate::py_last_error()` for details.",TRUE,"python","cuda","42","/Users/stefano/Documents/fastEmbedR-results/flow18/python/cuda/20260722_174515_1071224/seed_42/embedding_quality_table.csv"
"flow18","rapids_cuml_tsne_full_direct","cuda","success",1000021,11,1,"native_python_process",34.3929858030751,36.7,34.3929858030751,,0.981951733661777,0.419255555555556,0.0460799897059095,0.954,0.380755555555556,0.4525,5000,"/scratch/firenze/NN/fastEmbedR-results/flow18/python/cuda/20260722_174515_1071224/seed_42/plots/flow18_rapids_cuml_tsne_full_direct_threads1_seed42.png",,TRUE,"python","cuda","42","/Users/stefano/Documents/fastEmbedR-results/flow18/python/cuda/20260722_174515_1071224/seed_42/embedding_quality_table.csv"
"flow18","rapids_cuml_umap_full","cuda","success",1000021,11,1,"reticulate",11.844,11.844,,,0.96461352592095,0.366066666666667,0.378274170764529,0.954666666666667,0.277111111111111,0.4361,5000,"/scratch/firenze/NN/fastEmbedR-results/flow18/python/cuda/20260722_174515_1071224/seed_42/plots/flow18_rapids_cuml_umap_full_threads1_seed42.png",,TRUE,"python","cuda","42","/Users/stefano/Documents/fastEmbedR-results/flow18/python/cuda/20260722_174515_1071224/seed_42/embedding_quality_table.csv"
"flow18","rapids_cuml_umap_full_direct","cuda","success",1000021,11,1,"native_python_process",10.4939906811342,12.713,10.4939906811342,,0.96461352592095,0.366066666666667,0.378274170764529,0.954666666666667,0.277111111111111,0.4361,5000,"/scratch/firenze/NN/fastEmbedR-results/flow18/python/cuda/20260722_174515_1071224/seed_42/plots/flow18_rapids_cuml_umap_full_direct_threads1_seed42.png",,TRUE,"python","cuda","42","/Users/stefano/Documents/fastEmbedR-results/flow18/python/cuda/20260722_174515_1071224/seed_42/embedding_quality_table.csv"
"imagenet","python_opentsne_fft","cpu","failed",,,1,"reticulate",,,,,,,,,,,,,"worker exited with status 137",TRUE,"python","cpu1","17","/Users/stefano/Documents/fastEmbedR-results/imagenet/python/cpu1/20260721_084502_1071204/seed_17/embedding_quality_table.csv"
"imagenet","python_opentsne_fft_direct","cpu","failed",,,1,"native_python_process",,,,,,,,,,,,,"worker exited with status 137",TRUE,"python","cpu1","17","/Users/stefano/Documents/fastEmbedR-results/imagenet/python/cpu1/20260721_084502_1071204/seed_17/embedding_quality_table.csv"
"imagenet","python_umap_learn","cpu","failed",,,1,"reticulate",,,,,,,,,,,,,"worker exited with status 137",TRUE,"python","cpu1","17","/Users/stefano/Documents/fastEmbedR-results/imagenet/python/cpu1/20260721_084502_1071204/seed_17/embedding_quality_table.csv"
"imagenet","python_umap_learn_direct","cpu","failed",,,1,"native_python_process",,,,,,,,,,,,,"worker exited with status 137",TRUE,"python","cpu1","17","/Users/stefano/Documents/fastEmbedR-results/imagenet/python/cpu1/20260721_084502_1071204/seed_17/embedding_quality_table.csv"
"imagenet","python_opentsne_fft","cpu","failed",,,1,"reticulate",,,,,,,,,,,,,"worker exited with status 137",TRUE,"python","cpu1","4","/Users/stefano/Documents/fastEmbedR-results/imagenet/python/cpu1/20260721_084502_1071204/seed_4/embedding_quality_table.csv"
"imagenet","python_opentsne_fft_direct","cpu","failed",,,1,"native_python_process",,,,,,,,,,,,,"worker exited with status 137",TRUE,"python","cpu1","4","/Users/stefano/Documents/fastEmbedR-results/imagenet/python/cpu1/20260721_084502_1071204/seed_4/embedding_quality_table.csv"
"imagenet","python_umap_learn","cpu","failed",,,1,"reticulate",,,,,,,,,,,,,"worker exited with status 137",TRUE,"python","cpu1","4","/Users/stefano/Documents/fastEmbedR-results/imagenet/python/cpu1/20260721_084502_1071204/seed_4/embedding_quality_table.csv"
"imagenet","python_umap_learn_direct","cpu","failed",,,1,"native_python_process",,,,,,,,,,,,,"worker exited with status 137",TRUE,"python","cpu1","4","/Users/stefano/Documents/fastEmbedR-results/imagenet/python/cpu1/20260721_084502_1071204/seed_4/embedding_quality_table.csv"
"imagenet","python_opentsne_fft","cpu","failed",,,1,"reticulate",,,,,,,,,,,,,"worker exited with status 137",TRUE,"python","cpu1","42","/Users/stefano/Documents/fastEmbedR-results/imagenet/python/cpu1/20260721_084502_1071204/seed_42/embedding_quality_table.csv"
"imagenet","python_opentsne_fft_direct","cpu","failed",,,1,"native_python_process",,,,,,,,,,,,,"worker exited with status 137",TRUE,"python","cpu1","42","/Users/stefano/Documents/fastEmbedR-results/imagenet/python/cpu1/20260721_084502_1071204/seed_42/embedding_quality_table.csv"
"imagenet","python_umap_learn","cpu","failed",,,1,"reticulate",,,,,,,,,,,,,"worker exited with status 137",TRUE,"python","cpu1","42","/Users/stefano/Documents/fastEmbedR-results/imagenet/python/cpu1/20260721_084502_1071204/seed_42/embedding_quality_table.csv"
"imagenet","python_umap_learn_direct","cpu","failed",,,1,"native_python_process",,,,,,,,,,,,,"worker exited with status 137",TRUE,"python","cpu1","42","/Users/stefano/Documents/fastEmbedR-results/imagenet/python/cpu1/20260721_084502_1071204/seed_42/embedding_quality_table.csv"
"imagenet","python_opentsne_fft","cpu","failed",,,4,"reticulate",,,,,,,,,,,,,"worker exited with status 137",TRUE,"python","cpu4","17","/Users/stefano/Documents/fastEmbedR-results/imagenet/python/cpu4/20260721_084502_1071215/seed_17/embedding_quality_table.csv"
"imagenet","python_opentsne_fft_direct","cpu","failed",,,4,"native_python_process",,,,,,,,,,,,,"worker exited with status 137",TRUE,"python","cpu4","17","/Users/stefano/Documents/fastEmbedR-results/imagenet/python/cpu4/20260721_084502_1071215/seed_17/embedding_quality_table.csv"
"imagenet","python_umap_learn","cpu","failed",,,4,"reticulate",,,,,,,,,,,,,"worker exited with status 137",TRUE,"python","cpu4","17","/Users/stefano/Documents/fastEmbedR-results/imagenet/python/cpu4/20260721_084502_1071215/seed_17/embedding_quality_table.csv"
"imagenet","python_umap_learn_direct","cpu","failed",,,4,"native_python_process",,,,,,,,,,,,,"worker exited with status 137",TRUE,"python","cpu4","17","/Users/stefano/Documents/fastEmbedR-results/imagenet/python/cpu4/20260721_084502_1071215/seed_17/embedding_quality_table.csv"
"imagenet","python_opentsne_fft","cpu","failed",,,4,"reticulate",,,,,,,,,,,,,"worker exited with status 137",TRUE,"python","cpu4","4","/Users/stefano/Documents/fastEmbedR-results/imagenet/python/cpu4/20260721_084502_1071215/seed_4/embedding_quality_table.csv"
"imagenet","python_opentsne_fft_direct","cpu","failed",,,4,"native_python_process",,,,,,,,,,,,,"worker exited with status 137",TRUE,"python","cpu4","4","/Users/stefano/Documents/fastEmbedR-results/imagenet/python/cpu4/20260721_084502_1071215/seed_4/embedding_quality_table.csv"
"imagenet","python_umap_learn","cpu","failed",,,4,"reticulate",,,,,,,,,,,,,"worker exited with status 137",TRUE,"python","cpu4","4","/Users/stefano/Documents/fastEmbedR-results/imagenet/python/cpu4/20260721_084502_1071215/seed_4/embedding_quality_table.csv"
"imagenet","python_umap_learn_direct","cpu","failed",,,4,"native_python_process",,,,,,,,,,,,,"worker exited with status 137",TRUE,"python","cpu4","4","/Users/stefano/Documents/fastEmbedR-results/imagenet/python/cpu4/20260721_084502_1071215/seed_4/embedding_quality_table.csv"
"imagenet","python_opentsne_fft","cpu","failed",,,4,"reticulate",,,,,,,,,,,,,"worker exited with status 137",TRUE,"python","cpu4","42","/Users/stefano/Documents/fastEmbedR-results/imagenet/python/cpu4/20260721_084502_1071215/seed_42/embedding_quality_table.csv"
"imagenet","python_opentsne_fft_direct","cpu","failed",,,4,"native_python_process",,,,,,,,,,,,,"worker exited with status 137",TRUE,"python","cpu4","42","/Users/stefano/Documents/fastEmbedR-results/imagenet/python/cpu4/20260721_084502_1071215/seed_42/embedding_quality_table.csv"
"imagenet","python_umap_learn","cpu","failed",,,4,"reticulate",,,,,,,,,,,,,"worker exited with status 137",TRUE,"python","cpu4","42","/Users/stefano/Documents/fastEmbedR-results/imagenet/python/cpu4/20260721_084502_1071215/seed_42/embedding_quality_table.csv"
"imagenet","python_umap_learn_direct","cpu","failed",,,4,"native_python_process",,,,,,,,,,,,,"worker exited with status 137",TRUE,"python","cpu4","42","/Users/stefano/Documents/fastEmbedR-results/imagenet/python/cpu4/20260721_084502_1071215/seed_42/embedding_quality_table.csv"
"imagenet","rapids_cuml_tsne_full","cuda","failed",,,1,"reticulate",,,,,,,,,,,,,"RuntimeError: after dispatching exclusive_scan kernel: cudaErrorInvalidValue: invalid argument
Run `reticulate::py_last_error()` for details.",TRUE,"python","cuda","17","/Users/stefano/Documents/fastEmbedR-results/imagenet/python/cuda/20260722_225132_1071226/seed_17/embedding_quality_table.csv"
"imagenet","rapids_cuml_tsne_full_direct","cuda","success",1281167,1024,1,"native_python_process",170.039335933514,212.854,170.039335933514,,0.548974851640354,0.0521666666666667,-0.646663232938101,0.0743333333333333,0.0672888888888889,0.0487066666666667,5000,"/scratch/firenze/NN/fastEmbedR-results/imagenet/python/cuda/20260722_225132_1071226/seed_17/plots/imagenet_rapids_cuml_tsne_full_direct_threads1_seed17.png",,TRUE,"python","cuda","17","/Users/stefano/Documents/fastEmbedR-results/imagenet/python/cuda/20260722_225132_1071226/seed_17/embedding_quality_table.csv"
"imagenet","rapids_cuml_umap_full","cuda","success",1281167,1024,1,"reticulate",328.784,328.784,,,0.763554211921024,0.227344444444444,0.0829181952787936,0.184333333333333,0.294977777777778,0.198893333333333,5000,"/scratch/firenze/NN/fastEmbedR-results/imagenet/python/cuda/20260722_225132_1071226/seed_17/plots/imagenet_rapids_cuml_umap_full_threads1_seed17.png",,TRUE,"python","cuda","17","/Users/stefano/Documents/fastEmbedR-results/imagenet/python/cuda/20260722_225132_1071226/seed_17/embedding_quality_table.csv"
"imagenet","rapids_cuml_umap_full_direct","cuda","success",1281167,1024,1,"native_python_process",315.739105096087,351.666,315.739105096087,,0.763554211921024,0.227344444444444,0.0829181952787936,0.184333333333333,0.294977777777778,0.198893333333333,5000,"/scratch/firenze/NN/fastEmbedR-results/imagenet/python/cuda/20260722_225132_1071226/seed_17/plots/imagenet_rapids_cuml_umap_full_direct_threads1_seed17.png",,TRUE,"python","cuda","17","/Users/stefano/Documents/fastEmbedR-results/imagenet/python/cuda/20260722_225132_1071226/seed_17/embedding_quality_table.csv"
"imagenet","rapids_cuml_tsne_full","cuda","failed",,,1,"reticulate",,,,,,,,,,,,,"RuntimeError: after dispatching exclusive_scan kernel: cudaErrorInvalidValue: invalid argument
Run `reticulate::py_last_error()` for details.",TRUE,"python","cuda","4","/Users/stefano/Documents/fastEmbedR-results/imagenet/python/cuda/20260722_225132_1071226/seed_4/embedding_quality_table.csv"
"imagenet","rapids_cuml_tsne_full_direct","cuda","success",1281167,1024,1,"native_python_process",166.472339186817,210.069,166.472339186817,,0.506160101519053,0.0162888888888889,-0.77641216559948,0.0173333333333333,0.0156666666666667,0.0216533333333333,5000,"/scratch/firenze/NN/fastEmbedR-results/imagenet/python/cuda/20260722_225132_1071226/seed_4/plots/imagenet_rapids_cuml_tsne_full_direct_threads1_seed4.png",,TRUE,"python","cuda","4","/Users/stefano/Documents/fastEmbedR-results/imagenet/python/cuda/20260722_225132_1071226/seed_4/embedding_quality_table.csv"
"imagenet","rapids_cuml_umap_full","cuda","success",1281167,1024,1,"reticulate",326.833,326.833,,,0.766068480573284,0.226288888888889,0.0756609961461748,0.211333333333333,0.298711111111111,0.193233333333333,5000,"/scratch/firenze/NN/fastEmbedR-results/imagenet/python/cuda/20260722_225132_1071226/seed_4/plots/imagenet_rapids_cuml_umap_full_threads1_seed4.png",,TRUE,"python","cuda","4","/Users/stefano/Documents/fastEmbedR-results/imagenet/python/cuda/20260722_225132_1071226/seed_4/embedding_quality_table.csv"
"imagenet","rapids_cuml_umap_full_direct","cuda","success",1281167,1024,1,"native_python_process",312.181907737628,350.94,312.181907737628,,0.766068480573284,0.226288888888889,0.0756609961461748,0.211333333333333,0.298711111111111,0.193233333333333,5000,"/scratch/firenze/NN/fastEmbedR-results/imagenet/python/cuda/20260722_225132_1071226/seed_4/plots/imagenet_rapids_cuml_umap_full_direct_threads1_seed4.png",,TRUE,"python","cuda","4","/Users/stefano/Documents/fastEmbedR-results/imagenet/python/cuda/20260722_225132_1071226/seed_4/embedding_quality_table.csv"
"imagenet","rapids_cuml_tsne_full","cuda","failed",,,1,"reticulate",,,,,,,,,,,,,"RuntimeError: after dispatching exclusive_scan kernel: cudaErrorInvalidValue: invalid argument
Run `reticulate::py_last_error()` for details.",TRUE,"python","cuda","42","/Users/stefano/Documents/fastEmbedR-results/imagenet/python/cuda/20260722_225132_1071226/seed_42/embedding_quality_table.csv"
"imagenet","rapids_cuml_tsne_full_direct","cuda","success",1281167,1024,1,"native_python_process",161.039503773674,204.249,161.039503773674,,0.509125010263875,0.0178777777777778,-0.753528094007346,0.019,0.0151111111111111,0.02384,5000,"/scratch/firenze/NN/fastEmbedR-results/imagenet/python/cuda/20260722_225132_1071226/seed_42/plots/imagenet_rapids_cuml_tsne_full_direct_threads1_seed42.png",,TRUE,"python","cuda","42","/Users/stefano/Documents/fastEmbedR-results/imagenet/python/cuda/20260722_225132_1071226/seed_42/embedding_quality_table.csv"
"imagenet","rapids_cuml_umap_full","cuda","success",1281167,1024,1,"reticulate",325.545,325.545,,,0.770457365729855,0.232733333333333,0.0595033765087455,0.194666666666667,0.305755555555556,0.20042,5000,"/scratch/firenze/NN/fastEmbedR-results/imagenet/python/cuda/20260722_225132_1071226/seed_42/plots/imagenet_rapids_cuml_umap_full_threads1_seed42.png",,TRUE,"python","cuda","42","/Users/stefano/Documents/fastEmbedR-results/imagenet/python/cuda/20260722_225132_1071226/seed_42/embedding_quality_table.csv"
"imagenet","rapids_cuml_umap_full_direct","cuda","success",1281167,1024,1,"native_python_process",314.316558673978,352.254,314.316558673978,,0.770457365729855,0.232733333333333,0.0595033765087455,0.194666666666667,0.305755555555556,0.20042,5000,"/scratch/firenze/NN/fastEmbedR-results/imagenet/python/cuda/20260722_225132_1071226/seed_42/plots/imagenet_rapids_cuml_umap_full_direct_threads1_seed42.png",,TRUE,"python","cuda","42","/Users/stefano/Documents/fastEmbedR-results/imagenet/python/cuda/20260722_225132_1071226/seed_42/embedding_quality_table.csv"
"mass41","python_opentsne_fft","cpu","failed",,,1,"reticulate",,,,,,,,,,,,,"worker exited with status 137",TRUE,"python","cpu1","17","/Users/stefano/Documents/fastEmbedR-results/mass41/python/cpu1/20260721_084502_1071206/seed_17/embedding_quality_table.csv"
"mass41","python_opentsne_fft_direct","cpu","failed",,,1,"native_python_process",,,,,,,,,,,,,"Direct Python benchmark did not write metadata. Output: Killed",TRUE,"python","cpu1","17","/Users/stefano/Documents/fastEmbedR-results/mass41/python/cpu1/20260721_084502_1071206/seed_17/embedding_quality_table.csv"
"mass41","python_umap_learn","cpu","failed",,,1,"reticulate",,,,,,,,,,,,,"worker exited with status 137",TRUE,"python","cpu1","17","/Users/stefano/Documents/fastEmbedR-results/mass41/python/cpu1/20260721_084502_1071206/seed_17/embedding_quality_table.csv"
"mass41","python_umap_learn_direct","cpu","failed",,,1,"native_python_process",,,,,,,,,,,,,"Direct Python benchmark did not write metadata. Output: Killed",TRUE,"python","cpu1","17","/Users/stefano/Documents/fastEmbedR-results/mass41/python/cpu1/20260721_084502_1071206/seed_17/embedding_quality_table.csv"
"mass41","python_opentsne_fft","cpu","failed",,,1,"reticulate",,,,,,,,,,,,,"worker exited with status 137",TRUE,"python","cpu1","4","/Users/stefano/Documents/fastEmbedR-results/mass41/python/cpu1/20260721_084502_1071206/seed_4/embedding_quality_table.csv"
"mass41","python_opentsne_fft_direct","cpu","failed",,,1,"native_python_process",,,,,,,,,,,,,"Direct Python benchmark did not write metadata. Output: Killed",TRUE,"python","cpu1","4","/Users/stefano/Documents/fastEmbedR-results/mass41/python/cpu1/20260721_084502_1071206/seed_4/embedding_quality_table.csv"
"mass41","python_umap_learn","cpu","failed",,,1,"reticulate",,,,,,,,,,,,,"worker exited with status 137",TRUE,"python","cpu1","4","/Users/stefano/Documents/fastEmbedR-results/mass41/python/cpu1/20260721_084502_1071206/seed_4/embedding_quality_table.csv"
"mass41","python_umap_learn_direct","cpu","failed",,,1,"native_python_process",,,,,,,,,,,,,"Direct Python benchmark did not write metadata. Output: Killed",TRUE,"python","cpu1","4","/Users/stefano/Documents/fastEmbedR-results/mass41/python/cpu1/20260721_084502_1071206/seed_4/embedding_quality_table.csv"
"mass41","python_opentsne_fft","cpu","failed",,,1,"reticulate",,,,,,,,,,,,,"worker exited with status 137",TRUE,"python","cpu1","42","/Users/stefano/Documents/fastEmbedR-results/mass41/python/cpu1/20260721_084502_1071206/seed_42/embedding_quality_table.csv"
"mass41","python_opentsne_fft_direct","cpu","failed",,,1,"native_python_process",,,,,,,,,,,,,"Direct Python benchmark did not write metadata. Output: Killed",TRUE,"python","cpu1","42","/Users/stefano/Documents/fastEmbedR-results/mass41/python/cpu1/20260721_084502_1071206/seed_42/embedding_quality_table.csv"
"mass41","python_umap_learn","cpu","failed",,,1,"reticulate",,,,,,,,,,,,,"worker exited with status 137",TRUE,"python","cpu1","42","/Users/stefano/Documents/fastEmbedR-results/mass41/python/cpu1/20260721_084502_1071206/seed_42/embedding_quality_table.csv"
"mass41","python_umap_learn_direct","cpu","failed",,,1,"native_python_process",,,,,,,,,,,,,"Direct Python benchmark did not write metadata. Output: Killed",TRUE,"python","cpu1","42","/Users/stefano/Documents/fastEmbedR-results/mass41/python/cpu1/20260721_084502_1071206/seed_42/embedding_quality_table.csv"
"mass41","python_opentsne_fft","cpu","success",965282,14,4,"reticulate",576.581,576.581,,,0.974051140223193,0.353977777777778,0.179159102444498,0.877333333333333,0.300688888888889,0.402066666666667,5000,"/scratch/firenze/NN/fastEmbedR-results/mass41/python/cpu4/20260721_084502_1071217/seed_17/plots/mass41_python_opentsne_fft_threads4_seed17.png",,TRUE,"python","cpu4","17","/Users/stefano/Documents/fastEmbedR-results/mass41/python/cpu4/20260721_084502_1071217/seed_17/embedding_quality_table.csv"
"mass41","python_opentsne_fft_direct","cpu","success",965282,14,4,"native_python_process",572.086173487362,574.612,572.086173487362,,0.974051140223193,0.353977777777778,0.179159102408633,0.877333333333333,0.300688888888889,0.402066666666667,5000,"/scratch/firenze/NN/fastEmbedR-results/mass41/python/cpu4/20260721_084502_1071217/seed_17/plots/mass41_python_opentsne_fft_direct_threads4_seed17.png",,TRUE,"python","cpu4","17","/Users/stefano/Documents/fastEmbedR-results/mass41/python/cpu4/20260721_084502_1071217/seed_17/embedding_quality_table.csv"
"mass41","python_umap_learn","cpu","success",965282,14,4,"reticulate",1118.962,1118.962,,,0.968730444519091,0.345066666666667,0.297413451650655,0.892666666666667,0.251666666666667,0.422986666666667,5000,"/scratch/firenze/NN/fastEmbedR-results/mass41/python/cpu4/20260721_084502_1071217/seed_17/plots/mass41_python_umap_learn_threads4_seed17.png",,TRUE,"python","cpu4","17","/Users/stefano/Documents/fastEmbedR-results/mass41/python/cpu4/20260721_084502_1071217/seed_17/embedding_quality_table.csv"
"mass41","python_umap_learn_direct","cpu","success",965282,14,4,"native_python_process",1060.73569094203,1063.243,1060.73569094203,,0.968730444519091,0.345066666666667,0.297413451650655,0.892666666666667,0.251666666666667,0.422986666666667,5000,"/scratch/firenze/NN/fastEmbedR-results/mass41/python/cpu4/20260721_084502_1071217/seed_17/plots/mass41_python_umap_learn_direct_threads4_seed17.png",,TRUE,"python","cpu4","17","/Users/stefano/Documents/fastEmbedR-results/mass41/python/cpu4/20260721_084502_1071217/seed_17/embedding_quality_table.csv"
"mass41","python_opentsne_fft","cpu","success",965282,14,4,"reticulate",633.584,633.584,,,0.974487321315269,0.354188888888889,0.178568798570067,0.892,0.302088888888889,0.40376,5000,"/scratch/firenze/NN/fastEmbedR-results/mass41/python/cpu4/20260721_084502_1071217/seed_4/plots/mass41_python_opentsne_fft_threads4_seed4.png",,TRUE,"python","cpu4","4","/Users/stefano/Documents/fastEmbedR-results/mass41/python/cpu4/20260721_084502_1071217/seed_4/embedding_quality_table.csv"
"mass41","python_opentsne_fft_direct","cpu","success",965282,14,4,"native_python_process",604.253317095339,606.396,604.253317095339,,0.974487321315269,0.354188888888889,0.178568798846049,0.892,0.302088888888889,0.40376,5000,"/scratch/firenze/NN/fastEmbedR-results/mass41/python/cpu4/20260721_084502_1071217/seed_4/plots/mass41_python_opentsne_fft_direct_threads4_seed4.png",,TRUE,"python","cpu4","4","/Users/stefano/Documents/fastEmbedR-results/mass41/python/cpu4/20260721_084502_1071217/seed_4/embedding_quality_table.csv"
"mass41","python_umap_learn","cpu","success",965282,14,4,"reticulate",1050.754,1050.754,,,0.969240764378756,0.341033333333333,0.312906815838021,0.902,0.254444444444444,0.419593333333333,5000,"/scratch/firenze/NN/fastEmbedR-results/mass41/python/cpu4/20260721_084502_1071217/seed_4/plots/mass41_python_umap_learn_threads4_seed4.png",,TRUE,"python","cpu4","4","/Users/stefano/Documents/fastEmbedR-results/mass41/python/cpu4/20260721_084502_1071217/seed_4/embedding_quality_table.csv"
"mass41","python_umap_learn_direct","cpu","success",965282,14,4,"native_python_process",1121.98841348523,1124.876,1121.98841348523,,0.969240764378756,0.341033333333333,0.312906815838021,0.902,0.254444444444444,0.419593333333333,5000,"/scratch/firenze/NN/fastEmbedR-results/mass41/python/cpu4/20260721_084502_1071217/seed_4/plots/mass41_python_umap_learn_direct_threads4_seed4.png",,TRUE,"python","cpu4","4","/Users/stefano/Documents/fastEmbedR-results/mass41/python/cpu4/20260721_084502_1071217/seed_4/embedding_quality_table.csv"
"mass41","python_opentsne_fft","cpu","success",965282,14,4,"reticulate",490.593,490.593,,,0.973983936102713,0.360244444444444,0.16217383303059,0.877333333333333,0.305866666666667,0.4068,5000,"/scratch/firenze/NN/fastEmbedR-results/mass41/python/cpu4/20260721_084502_1071217/seed_42/plots/mass41_python_opentsne_fft_threads4_seed42.png",,TRUE,"python","cpu4","42","/Users/stefano/Documents/fastEmbedR-results/mass41/python/cpu4/20260721_084502_1071217/seed_42/embedding_quality_table.csv"
"mass41","python_opentsne_fft_direct","cpu","success",965282,14,4,"native_python_process",539.667198058683,541.927,539.667198058683,,0.973983936102713,0.360244444444444,0.162173831741733,0.877333333333333,0.305866666666667,0.4068,5000,"/scratch/firenze/NN/fastEmbedR-results/mass41/python/cpu4/20260721_084502_1071217/seed_42/plots/mass41_python_opentsne_fft_direct_threads4_seed42.png",,TRUE,"python","cpu4","42","/Users/stefano/Documents/fastEmbedR-results/mass41/python/cpu4/20260721_084502_1071217/seed_42/embedding_quality_table.csv"
"mass41","python_umap_learn","cpu","success",965282,14,4,"reticulate",1118.253,1118.253,,,0.968576993990968,0.347966666666667,0.292221433202334,0.891333333333333,0.256333333333333,0.42588,5000,"/scratch/firenze/NN/fastEmbedR-results/mass41/python/cpu4/20260721_084502_1071217/seed_42/plots/mass41_python_umap_learn_threads4_seed42.png",,TRUE,"python","cpu4","42","/Users/stefano/Documents/fastEmbedR-results/mass41/python/cpu4/20260721_084502_1071217/seed_42/embedding_quality_table.csv"
"mass41","python_umap_learn_direct","cpu","success",965282,14,4,"native_python_process",1134.11809958564,1137.363,1134.11809958564,,0.968576993990968,0.347966666666667,0.292221433202334,0.891333333333333,0.256333333333333,0.42588,5000,"/scratch/firenze/NN/fastEmbedR-results/mass41/python/cpu4/20260721_084502_1071217/seed_42/plots/mass41_python_umap_learn_direct_threads4_seed42.png",,TRUE,"python","cpu4","42","/Users/stefano/Documents/fastEmbedR-results/mass41/python/cpu4/20260721_084502_1071217/seed_42/embedding_quality_table.csv"
"mass41","rapids_cuml_tsne_full","cuda","failed",,,1,"reticulate",,,,,,,,,,,,,"RuntimeError: after dispatching exclusive_scan kernel: cudaErrorInvalidValue: invalid argument
Run `reticulate::py_last_error()` for details.",TRUE,"python","cuda","17","/Users/stefano/Documents/fastEmbedR-results/mass41/python/cuda/20260722_215937_1071228/seed_17/embedding_quality_table.csv"
"mass41","rapids_cuml_tsne_full_direct","cuda","success",965282,14,1,"native_python_process",32.9812637902796,35.299,32.9812637902796,,0.978413458739223,0.374222222222222,0.238138869898693,0.893,0.319911111111111,0.42284,5000,"/scratch/firenze/NN/fastEmbedR-results/mass41/python/cuda/20260722_215937_1071228/seed_17/plots/mass41_rapids_cuml_tsne_full_direct_threads1_seed17.png",,TRUE,"python","cuda","17","/Users/stefano/Documents/fastEmbedR-results/mass41/python/cuda/20260722_215937_1071228/seed_17/embedding_quality_table.csv"
"mass41","rapids_cuml_umap_full","cuda","success",965282,14,1,"reticulate",9.576,9.576,,,0.96776487142164,0.339766666666667,0.300449679226527,0.889666666666667,0.246533333333333,0.416846666666667,5000,"/scratch/firenze/NN/fastEmbedR-results/mass41/python/cuda/20260722_215937_1071228/seed_17/plots/mass41_rapids_cuml_umap_full_threads1_seed17.png",,TRUE,"python","cuda","17","/Users/stefano/Documents/fastEmbedR-results/mass41/python/cuda/20260722_215937_1071228/seed_17/embedding_quality_table.csv"
"mass41","rapids_cuml_umap_full_direct","cuda","success",965282,14,1,"native_python_process",8.15864427294582,10.694,8.15864427294582,,0.96776487142164,0.339766666666667,0.300449679226527,0.889666666666667,0.246533333333333,0.416846666666667,5000,"/scratch/firenze/NN/fastEmbedR-results/mass41/python/cuda/20260722_215937_1071228/seed_17/plots/mass41_rapids_cuml_umap_full_direct_threads1_seed17.png",,TRUE,"python","cuda","17","/Users/stefano/Documents/fastEmbedR-results/mass41/python/cuda/20260722_215937_1071228/seed_17/embedding_quality_table.csv"
"mass41","rapids_cuml_tsne_full","cuda","failed",,,1,"reticulate",,,,,,,,,,,,,"RuntimeError: after dispatching exclusive_scan kernel: cudaErrorInvalidValue: invalid argument
Run `reticulate::py_last_error()` for details.",TRUE,"python","cuda","4","/Users/stefano/Documents/fastEmbedR-results/mass41/python/cuda/20260722_215937_1071228/seed_4/embedding_quality_table.csv"
"mass41","rapids_cuml_tsne_full_direct","cuda","success",965282,14,1,"native_python_process",33.2783109210432,35.593,33.2783109210432,,0.977010756540888,0.374566666666667,0.236284734277466,0.899333333333333,0.324377777777778,0.420413333333333,5000,"/scratch/firenze/NN/fastEmbedR-results/mass41/python/cuda/20260722_215937_1071228/seed_4/plots/mass41_rapids_cuml_tsne_full_direct_threads1_seed4.png",,TRUE,"python","cuda","4","/Users/stefano/Documents/fastEmbedR-results/mass41/python/cuda/20260722_215937_1071228/seed_4/embedding_quality_table.csv"
"mass41","rapids_cuml_umap_full","cuda","success",965282,14,1,"reticulate",9.693,9.693,,,0.967315000186616,0.334544444444444,0.310033718713059,0.893333333333333,0.247333333333333,0.4127,5000,"/scratch/firenze/NN/fastEmbedR-results/mass41/python/cuda/20260722_215937_1071228/seed_4/plots/mass41_rapids_cuml_umap_full_threads1_seed4.png",,TRUE,"python","cuda","4","/Users/stefano/Documents/fastEmbedR-results/mass41/python/cuda/20260722_215937_1071228/seed_4/embedding_quality_table.csv"
"mass41","rapids_cuml_umap_full_direct","cuda","success",965282,14,1,"native_python_process",8.14320587273687,10.392,8.14320587273687,,0.967315000186616,0.334544444444444,0.310033718713059,0.893333333333333,0.247333333333333,0.4127,5000,"/scratch/firenze/NN/fastEmbedR-results/mass41/python/cuda/20260722_215937_1071228/seed_4/plots/mass41_rapids_cuml_umap_full_direct_threads1_seed4.png",,TRUE,"python","cuda","4","/Users/stefano/Documents/fastEmbedR-results/mass41/python/cuda/20260722_215937_1071228/seed_4/embedding_quality_table.csv"
"mass41","rapids_cuml_tsne_full","cuda","failed",,,1,"reticulate",,,,,,,,,,,,,"RuntimeError: after dispatching exclusive_scan kernel: cudaErrorInvalidValue: invalid argument
Run `reticulate::py_last_error()` for details.",TRUE,"python","cuda","42","/Users/stefano/Documents/fastEmbedR-results/mass41/python/cuda/20260722_215937_1071228/seed_42/embedding_quality_table.csv"
"mass41","rapids_cuml_tsne_full_direct","cuda","success",965282,14,1,"native_python_process",33.3485502358526,35.676,33.3485502358526,,0.972779546896577,0.366333333333333,0.099072626130889,0.881333333333333,0.317377777777778,0.410746666666667,5000,"/scratch/firenze/NN/fastEmbedR-results/mass41/python/cuda/20260722_215937_1071228/seed_42/plots/mass41_rapids_cuml_tsne_full_direct_threads1_seed42.png",,TRUE,"python","cuda","42","/Users/stefano/Documents/fastEmbedR-results/mass41/python/cuda/20260722_215937_1071228/seed_42/embedding_quality_table.csv"
"mass41","rapids_cuml_umap_full","cuda","success",965282,14,1,"reticulate",9.493,9.493,,,0.967231620199306,0.339055555555556,0.275297389642324,0.879666666666667,0.245466666666667,0.41546,5000,"/scratch/firenze/NN/fastEmbedR-results/mass41/python/cuda/20260722_215937_1071228/seed_42/plots/mass41_rapids_cuml_umap_full_threads1_seed42.png",,TRUE,"python","cuda","42","/Users/stefano/Documents/fastEmbedR-results/mass41/python/cuda/20260722_215937_1071228/seed_42/embedding_quality_table.csv"
"mass41","rapids_cuml_umap_full_direct","cuda","success",965282,14,1,"native_python_process",8.13748660869896,10.365,8.13748660869896,,0.967231620199306,0.339055555555556,0.275297389642324,0.879666666666667,0.245466666666667,0.41546,5000,"/scratch/firenze/NN/fastEmbedR-results/mass41/python/cuda/20260722_215937_1071228/seed_42/plots/mass41_rapids_cuml_umap_full_direct_threads1_seed42.png",,TRUE,"python","cuda","42","/Users/stefano/Documents/fastEmbedR-results/mass41/python/cuda/20260722_215937_1071228/seed_42/embedding_quality_table.csv"
