"dataset","method","backend","requested_threads","seed_a","seed_b","rmsd","correlation","neighbor_stability_15","suite","profile","source_file"
"COIL20","fastEmbedR_opentsne_cpu_full","cpu",1,4,17,0.00304334714442335,0.993331387474142,0.959490740740741,"landmark","cpu1","/Users/stefano/Documents/fastEmbedR-results/COIL20/landmark/cpu1/20260726_110344_1117497/stability_pairwise.csv"
"COIL20","fastEmbedR_opentsne_cpu_full","cpu",1,4,42,0.00365950521597315,0.990357775533471,0.955833333333333,"landmark","cpu1","/Users/stefano/Documents/fastEmbedR-results/COIL20/landmark/cpu1/20260726_110344_1117497/stability_pairwise.csv"
"COIL20","fastEmbedR_opentsne_cpu_full","cpu",1,17,42,0.00248600759583011,0.995550231688102,0.95962962962963,"landmark","cpu1","/Users/stefano/Documents/fastEmbedR-results/COIL20/landmark/cpu1/20260726_110344_1117497/stability_pairwise.csv"
"COIL20","fastEmbedR_opentsne_cpu_landmark","cpu",1,4,17,0.00874726512579716,0.944909454029689,0.474444444444444,"landmark","cpu1","/Users/stefano/Documents/fastEmbedR-results/COIL20/landmark/cpu1/20260726_110344_1117497/stability_pairwise.csv"
"COIL20","fastEmbedR_opentsne_cpu_landmark","cpu",1,4,42,0.0118201752326651,0.899404089377745,0.478472222222222,"landmark","cpu1","/Users/stefano/Documents/fastEmbedR-results/COIL20/landmark/cpu1/20260726_110344_1117497/stability_pairwise.csv"
"COIL20","fastEmbedR_opentsne_cpu_landmark","cpu",1,17,42,0.0102746449245136,0.92399080360612,0.468055555555556,"landmark","cpu1","/Users/stefano/Documents/fastEmbedR-results/COIL20/landmark/cpu1/20260726_110344_1117497/stability_pairwise.csv"
"COIL20","fastEmbedR_umap_cpu_binary_full","cpu",1,4,17,0.0173661647764214,0.78285975108989,0.71662037037037,"landmark","cpu1","/Users/stefano/Documents/fastEmbedR-results/COIL20/landmark/cpu1/20260726_110344_1117497/stability_pairwise.csv"
"COIL20","fastEmbedR_umap_cpu_binary_full","cpu",1,4,42,0.0267670908164571,0.484136451440946,0.688333333333333,"landmark","cpu1","/Users/stefano/Documents/fastEmbedR-results/COIL20/landmark/cpu1/20260726_110344_1117497/stability_pairwise.csv"
"COIL20","fastEmbedR_umap_cpu_binary_full","cpu",1,17,42,0.0265421966623589,0.4927684933624,0.710277777777778,"landmark","cpu1","/Users/stefano/Documents/fastEmbedR-results/COIL20/landmark/cpu1/20260726_110344_1117497/stability_pairwise.csv"
"COIL20","fastEmbedR_umap_cpu_binary_landmark","cpu",1,4,17,0.0225058720811188,0.635309719745187,0.0916666666666667,"landmark","cpu1","/Users/stefano/Documents/fastEmbedR-results/COIL20/landmark/cpu1/20260726_110344_1117497/stability_pairwise.csv"
"COIL20","fastEmbedR_umap_cpu_binary_landmark","cpu",1,4,42,0.0191651803555674,0.735541020595772,0.0891666666666667,"landmark","cpu1","/Users/stefano/Documents/fastEmbedR-results/COIL20/landmark/cpu1/20260726_110344_1117497/stability_pairwise.csv"
"COIL20","fastEmbedR_umap_cpu_binary_landmark","cpu",1,17,42,0.0195160874763595,0.72576807732286,0.0917592592592593,"landmark","cpu1","/Users/stefano/Documents/fastEmbedR-results/COIL20/landmark/cpu1/20260726_110344_1117497/stability_pairwise.csv"
"COIL20","fastEmbedR_opentsne_cpu_full","cpu",4,4,17,0.00262793878076215,0.995027635190488,0.953518518518519,"landmark","cpu4","/Users/stefano/Documents/fastEmbedR-results/COIL20/landmark/cpu4/20260726_105406_1117508/stability_pairwise.csv"
"COIL20","fastEmbedR_opentsne_cpu_full","cpu",4,4,42,0.00231572570077623,0.99613893842471,0.963148148148148,"landmark","cpu4","/Users/stefano/Documents/fastEmbedR-results/COIL20/landmark/cpu4/20260726_105406_1117508/stability_pairwise.csv"
"COIL20","fastEmbedR_opentsne_cpu_full","cpu",4,17,42,0.00237694875567397,0.995932082521288,0.972916666666667,"landmark","cpu4","/Users/stefano/Documents/fastEmbedR-results/COIL20/landmark/cpu4/20260726_105406_1117508/stability_pairwise.csv"
"COIL20","fastEmbedR_opentsne_cpu_landmark","cpu",4,4,17,0.00934387161553031,0.93713828552739,0.472638888888889,"landmark","cpu4","/Users/stefano/Documents/fastEmbedR-results/COIL20/landmark/cpu4/20260726_105406_1117508/stability_pairwise.csv"
"COIL20","fastEmbedR_opentsne_cpu_landmark","cpu",4,4,42,0.0143583820900414,0.851562541904592,0.447407407407407,"landmark","cpu4","/Users/stefano/Documents/fastEmbedR-results/COIL20/landmark/cpu4/20260726_105406_1117508/stability_pairwise.csv"
"COIL20","fastEmbedR_opentsne_cpu_landmark","cpu",4,17,42,0.0116625207877327,0.902069638390506,0.457407407407407,"landmark","cpu4","/Users/stefano/Documents/fastEmbedR-results/COIL20/landmark/cpu4/20260726_105406_1117508/stability_pairwise.csv"
"COIL20","fastEmbedR_umap_cpu_binary_full","cpu",4,4,17,0.0244725994794392,0.568786149797646,0.547175925925926,"landmark","cpu4","/Users/stefano/Documents/fastEmbedR-results/COIL20/landmark/cpu4/20260726_105406_1117508/stability_pairwise.csv"
"COIL20","fastEmbedR_umap_cpu_binary_full","cpu",4,4,42,0.0258115929428848,0.520308402220592,0.587083333333333,"landmark","cpu4","/Users/stefano/Documents/fastEmbedR-results/COIL20/landmark/cpu4/20260726_105406_1117508/stability_pairwise.csv"
"COIL20","fastEmbedR_umap_cpu_binary_full","cpu",4,17,42,0.0313786734501192,0.291072773807765,0.558194444444444,"landmark","cpu4","/Users/stefano/Documents/fastEmbedR-results/COIL20/landmark/cpu4/20260726_105406_1117508/stability_pairwise.csv"
"COIL20","fastEmbedR_umap_cpu_binary_landmark","cpu",4,4,17,0.0150248284535757,0.837463261557248,0.0938425925925926,"landmark","cpu4","/Users/stefano/Documents/fastEmbedR-results/COIL20/landmark/cpu4/20260726_105406_1117508/stability_pairwise.csv"
"COIL20","fastEmbedR_umap_cpu_binary_landmark","cpu",4,4,42,0.0200673718315157,0.710056423198497,0.0984259259259259,"landmark","cpu4","/Users/stefano/Documents/fastEmbedR-results/COIL20/landmark/cpu4/20260726_105406_1117508/stability_pairwise.csv"
"COIL20","fastEmbedR_umap_cpu_binary_landmark","cpu",4,17,42,0.0191454360847596,0.736085639529556,0.0941203703703704,"landmark","cpu4","/Users/stefano/Documents/fastEmbedR-results/COIL20/landmark/cpu4/20260726_105406_1117508/stability_pairwise.csv"
"COIL20","fastEmbedR_opentsne_cuda_full","cuda",1,4,17,0.00113936158944205,0.999065335721323,0.975555555555556,"landmark","cuda","/Users/stefano/Documents/fastEmbedR-results/COIL20/landmark/cuda/20260726_111014_1117519/stability_pairwise.csv"
"COIL20","fastEmbedR_opentsne_cuda_full","cuda",1,4,42,0.00212218503547678,0.996757358086143,0.956388888888889,"landmark","cuda","/Users/stefano/Documents/fastEmbedR-results/COIL20/landmark/cuda/20260726_111014_1117519/stability_pairwise.csv"
"COIL20","fastEmbedR_opentsne_cuda_full","cuda",1,17,42,0.00219913851676777,0.996517928644529,0.956851851851852,"landmark","cuda","/Users/stefano/Documents/fastEmbedR-results/COIL20/landmark/cuda/20260726_111014_1117519/stability_pairwise.csv"
"COIL20","fastEmbedR_opentsne_cuda_landmark","cuda",1,4,17,0.0131846496836993,0.874838809157051,0.491203703703704,"landmark","cuda","/Users/stefano/Documents/fastEmbedR-results/COIL20/landmark/cuda/20260726_111014_1117519/stability_pairwise.csv"
"COIL20","fastEmbedR_opentsne_cuda_landmark","cuda",1,4,42,0.0127350707968902,0.8832289396947,0.47162037037037,"landmark","cuda","/Users/stefano/Documents/fastEmbedR-results/COIL20/landmark/cuda/20260726_111014_1117519/stability_pairwise.csv"
"COIL20","fastEmbedR_opentsne_cuda_landmark","cuda",1,17,42,0.00740579351791192,0.960511040106439,0.461990740740741,"landmark","cuda","/Users/stefano/Documents/fastEmbedR-results/COIL20/landmark/cuda/20260726_111014_1117519/stability_pairwise.csv"
"COIL20","fastEmbedR_umap_cuda_binary_full","cuda",1,4,17,0.023352476828057,0.607356514716444,0.748333333333333,"landmark","cuda","/Users/stefano/Documents/fastEmbedR-results/COIL20/landmark/cuda/20260726_111014_1117519/stability_pairwise.csv"
"COIL20","fastEmbedR_umap_cuda_binary_full","cuda",1,4,42,0.0293347863393815,0.380418623504441,0.756388888888889,"landmark","cuda","/Users/stefano/Documents/fastEmbedR-results/COIL20/landmark/cuda/20260726_111014_1117519/stability_pairwise.csv"
"COIL20","fastEmbedR_umap_cuda_binary_full","cuda",1,17,42,0.0198381663259931,0.716641952912008,0.749259259259259,"landmark","cuda","/Users/stefano/Documents/fastEmbedR-results/COIL20/landmark/cuda/20260726_111014_1117519/stability_pairwise.csv"
"COIL20","fastEmbedR_umap_cuda_binary_landmark","cuda",1,4,17,0.0139267513401757,0.860352829918419,0.122916666666667,"landmark","cuda","/Users/stefano/Documents/fastEmbedR-results/COIL20/landmark/cuda/20260726_111014_1117519/stability_pairwise.csv"
"COIL20","fastEmbedR_umap_cuda_binary_landmark","cuda",1,4,42,0.0137939148155154,0.863004098124859,0.127962962962963,"landmark","cuda","/Users/stefano/Documents/fastEmbedR-results/COIL20/landmark/cuda/20260726_111014_1117519/stability_pairwise.csv"
"COIL20","fastEmbedR_umap_cuda_binary_landmark","cuda",1,17,42,0.00980568566763714,0.930770940582997,0.126759259259259,"landmark","cuda","/Users/stefano/Documents/fastEmbedR-results/COIL20/landmark/cuda/20260726_111014_1117519/stability_pairwise.csv"
"COIL20","fastEmbedR_opentsne_cpu_full","cpu",1,4,17,0.00304334714442335,0.993331387474142,0.959490740740741,"standard","cpu1","/Users/stefano/Documents/fastEmbedR-results/COIL20/standard/cpu1/20260721_084502_1071167/stability_pairwise.csv"
"COIL20","fastEmbedR_opentsne_cpu_full","cpu",1,4,42,0.00365950521597315,0.990357775533471,0.955833333333333,"standard","cpu1","/Users/stefano/Documents/fastEmbedR-results/COIL20/standard/cpu1/20260721_084502_1071167/stability_pairwise.csv"
"COIL20","fastEmbedR_opentsne_cpu_full","cpu",1,17,42,0.00248600759583011,0.995550231688102,0.95962962962963,"standard","cpu1","/Users/stefano/Documents/fastEmbedR-results/COIL20/standard/cpu1/20260721_084502_1071167/stability_pairwise.csv"
"COIL20","fastEmbedR_opentsne_cpu_knn","cpu",1,4,17,7.94636481964408e-18,1,1,"standard","cpu1","/Users/stefano/Documents/fastEmbedR-results/COIL20/standard/cpu1/20260721_084502_1071167/stability_pairwise.csv"
"COIL20","fastEmbedR_opentsne_cpu_knn","cpu",1,4,42,7.94636481964408e-18,1,1,"standard","cpu1","/Users/stefano/Documents/fastEmbedR-results/COIL20/standard/cpu1/20260721_084502_1071167/stability_pairwise.csv"
"COIL20","fastEmbedR_opentsne_cpu_knn","cpu",1,17,42,7.94636481964408e-18,1,1,"standard","cpu1","/Users/stefano/Documents/fastEmbedR-results/COIL20/standard/cpu1/20260721_084502_1071167/stability_pairwise.csv"
"COIL20","fastEmbedR_umap_cpu_binary_full","cpu",1,4,17,0.0173661647764214,0.78285975108989,0.71662037037037,"standard","cpu1","/Users/stefano/Documents/fastEmbedR-results/COIL20/standard/cpu1/20260721_084502_1071167/stability_pairwise.csv"
"COIL20","fastEmbedR_umap_cpu_binary_full","cpu",1,4,42,0.0267670908164571,0.484136451440946,0.688333333333333,"standard","cpu1","/Users/stefano/Documents/fastEmbedR-results/COIL20/standard/cpu1/20260721_084502_1071167/stability_pairwise.csv"
"COIL20","fastEmbedR_umap_cpu_binary_full","cpu",1,17,42,0.0265421966623589,0.4927684933624,0.710277777777778,"standard","cpu1","/Users/stefano/Documents/fastEmbedR-results/COIL20/standard/cpu1/20260721_084502_1071167/stability_pairwise.csv"
"COIL20","fastEmbedR_umap_cpu_binary_knn","cpu",1,4,17,0.0173661647764214,0.78285975108989,0.71662037037037,"standard","cpu1","/Users/stefano/Documents/fastEmbedR-results/COIL20/standard/cpu1/20260721_084502_1071167/stability_pairwise.csv"
"COIL20","fastEmbedR_umap_cpu_binary_knn","cpu",1,4,42,0.0267670908164571,0.484136451440946,0.688333333333333,"standard","cpu1","/Users/stefano/Documents/fastEmbedR-results/COIL20/standard/cpu1/20260721_084502_1071167/stability_pairwise.csv"
"COIL20","fastEmbedR_umap_cpu_binary_knn","cpu",1,17,42,0.0265421966623589,0.4927684933624,0.710277777777778,"standard","cpu1","/Users/stefano/Documents/fastEmbedR-results/COIL20/standard/cpu1/20260721_084502_1071167/stability_pairwise.csv"
"COIL20","fastEmbedR_umap_cpu_fuzzy_full","cpu",1,4,17,0.0321889711284402,0.253986499138558,0.834814814814815,"standard","cpu1","/Users/stefano/Documents/fastEmbedR-results/COIL20/standard/cpu1/20260721_084502_1071167/stability_pairwise.csv"
"COIL20","fastEmbedR_umap_cpu_fuzzy_full","cpu",1,4,42,0.0269262728144703,0.477982599270917,0.83625,"standard","cpu1","/Users/stefano/Documents/fastEmbedR-results/COIL20/standard/cpu1/20260721_084502_1071167/stability_pairwise.csv"
"COIL20","fastEmbedR_umap_cpu_fuzzy_full","cpu",1,17,42,0.0302207515176527,0.342428447949969,0.83212962962963,"standard","cpu1","/Users/stefano/Documents/fastEmbedR-results/COIL20/standard/cpu1/20260721_084502_1071167/stability_pairwise.csv"
"COIL20","fastEmbedR_umap_cpu_fuzzy_knn","cpu",1,4,17,0.0321889711284402,0.253986499138558,0.834814814814815,"standard","cpu1","/Users/stefano/Documents/fastEmbedR-results/COIL20/standard/cpu1/20260721_084502_1071167/stability_pairwise.csv"
"COIL20","fastEmbedR_umap_cpu_fuzzy_knn","cpu",1,4,42,0.0269262728144703,0.477982599270917,0.83625,"standard","cpu1","/Users/stefano/Documents/fastEmbedR-results/COIL20/standard/cpu1/20260721_084502_1071167/stability_pairwise.csv"
"COIL20","fastEmbedR_umap_cpu_fuzzy_knn","cpu",1,17,42,0.0302207515176527,0.342428447949969,0.83212962962963,"standard","cpu1","/Users/stefano/Documents/fastEmbedR-results/COIL20/standard/cpu1/20260721_084502_1071167/stability_pairwise.csv"
"COIL20","KlugerLab_FItSNE","cpu",1,4,17,0.00356805145191662,0.990833686362263,0.911851851851852,"standard","cpu1","/Users/stefano/Documents/fastEmbedR-results/COIL20/standard/cpu1/20260721_084502_1071167/stability_pairwise.csv"
"COIL20","KlugerLab_FItSNE","cpu",1,4,42,0.00290672893064117,0.993916667385117,0.933333333333333,"standard","cpu1","/Users/stefano/Documents/fastEmbedR-results/COIL20/standard/cpu1/20260721_084502_1071167/stability_pairwise.csv"
"COIL20","KlugerLab_FItSNE","cpu",1,17,42,0.00409233384127301,0.987942018686732,0.909305555555556,"standard","cpu1","/Users/stefano/Documents/fastEmbedR-results/COIL20/standard/cpu1/20260721_084502_1071167/stability_pairwise.csv"
"COIL20","Rtsne_full","cpu",1,4,17,0.0170368741960134,0.791016340693033,0.946342592592593,"standard","cpu1","/Users/stefano/Documents/fastEmbedR-results/COIL20/standard/cpu1/20260721_084502_1071167/stability_pairwise.csv"
"COIL20","Rtsne_full","cpu",1,4,42,0.025850755050177,0.51885169360174,0.916388888888889,"standard","cpu1","/Users/stefano/Documents/fastEmbedR-results/COIL20/standard/cpu1/20260721_084502_1071167/stability_pairwise.csv"
"COIL20","Rtsne_full","cpu",1,17,42,0.0183015654903564,0.75883794443358,0.917407407407407,"standard","cpu1","/Users/stefano/Documents/fastEmbedR-results/COIL20/standard/cpu1/20260721_084502_1071167/stability_pairwise.csv"
"COIL20","Rtsne_neighbors","cpu",1,4,17,1.70693158698383e-17,1,1,"standard","cpu1","/Users/stefano/Documents/fastEmbedR-results/COIL20/standard/cpu1/20260721_084502_1071167/stability_pairwise.csv"
"COIL20","Rtsne_neighbors","cpu",1,4,42,1.70693158698383e-17,1,1,"standard","cpu1","/Users/stefano/Documents/fastEmbedR-results/COIL20/standard/cpu1/20260721_084502_1071167/stability_pairwise.csv"
"COIL20","Rtsne_neighbors","cpu",1,17,42,1.70693158698383e-17,1,1,"standard","cpu1","/Users/stefano/Documents/fastEmbedR-results/COIL20/standard/cpu1/20260721_084502_1071167/stability_pairwise.csv"
"COIL20","umap_package","cpu",1,4,17,0.00760692580930437,0.958336969406852,0.777962962962963,"standard","cpu1","/Users/stefano/Documents/fastEmbedR-results/COIL20/standard/cpu1/20260721_084502_1071167/stability_pairwise.csv"
"COIL20","umap_package","cpu",1,4,42,0.00496309463268282,0.982264738000265,0.797361111111111,"standard","cpu1","/Users/stefano/Documents/fastEmbedR-results/COIL20/standard/cpu1/20260721_084502_1071167/stability_pairwise.csv"
"COIL20","umap_package","cpu",1,17,42,0.00808299448506117,0.952958944111219,0.787824074074074,"standard","cpu1","/Users/stefano/Documents/fastEmbedR-results/COIL20/standard/cpu1/20260721_084502_1071167/stability_pairwise.csv"
"COIL20","umap_package_knn","cpu",1,4,17,0.00810025412472443,0.952757835842717,0.786435185185185,"standard","cpu1","/Users/stefano/Documents/fastEmbedR-results/COIL20/standard/cpu1/20260721_084502_1071167/stability_pairwise.csv"
"COIL20","umap_package_knn","cpu",1,4,42,0.0072267920482175,0.962396903218111,0.791018518518519,"standard","cpu1","/Users/stefano/Documents/fastEmbedR-results/COIL20/standard/cpu1/20260721_084502_1071167/stability_pairwise.csv"
"COIL20","umap_package_knn","cpu",1,17,42,0.00641846405136222,0.970338389839387,0.774953703703704,"standard","cpu1","/Users/stefano/Documents/fastEmbedR-results/COIL20/standard/cpu1/20260721_084502_1071167/stability_pairwise.csv"
"COIL20","uwot_default","cpu",1,4,17,0.0113114689987816,0.907876481744515,0.803935185185185,"standard","cpu1","/Users/stefano/Documents/fastEmbedR-results/COIL20/standard/cpu1/20260721_084502_1071167/stability_pairwise.csv"
"COIL20","uwot_default","cpu",1,4,42,0.0168895020645117,0.794616198409256,0.832037037037037,"standard","cpu1","/Users/stefano/Documents/fastEmbedR-results/COIL20/standard/cpu1/20260721_084502_1071167/stability_pairwise.csv"
"COIL20","uwot_default","cpu",1,17,42,0.0193169753195569,0.731335214442612,0.811805555555556,"standard","cpu1","/Users/stefano/Documents/fastEmbedR-results/COIL20/standard/cpu1/20260721_084502_1071167/stability_pairwise.csv"
"COIL20","uwot_fast_sgd","cpu",1,4,17,0.018001563271787,0.766679478235732,0.805462962962963,"standard","cpu1","/Users/stefano/Documents/fastEmbedR-results/COIL20/standard/cpu1/20260721_084502_1071167/stability_pairwise.csv"
"COIL20","uwot_fast_sgd","cpu",1,4,42,0.0189775810670002,0.740693020128713,0.827314814814815,"standard","cpu1","/Users/stefano/Documents/fastEmbedR-results/COIL20/standard/cpu1/20260721_084502_1071167/stability_pairwise.csv"
"COIL20","uwot_fast_sgd","cpu",1,17,42,0.0214574022573795,0.668497519622804,0.819444444444444,"standard","cpu1","/Users/stefano/Documents/fastEmbedR-results/COIL20/standard/cpu1/20260721_084502_1071167/stability_pairwise.csv"
"COIL20","uwot_knn","cpu",1,4,17,0.0320724578971551,0.259377359993355,0.82462962962963,"standard","cpu1","/Users/stefano/Documents/fastEmbedR-results/COIL20/standard/cpu1/20260721_084502_1071167/stability_pairwise.csv"
"COIL20","uwot_knn","cpu",1,4,42,0.0313148658900227,0.293953005488722,0.819861111111111,"standard","cpu1","/Users/stefano/Documents/fastEmbedR-results/COIL20/standard/cpu1/20260721_084502_1071167/stability_pairwise.csv"
"COIL20","uwot_knn","cpu",1,17,42,0.025491326958888,0.532138419910051,0.825185185185185,"standard","cpu1","/Users/stefano/Documents/fastEmbedR-results/COIL20/standard/cpu1/20260721_084502_1071167/stability_pairwise.csv"
"COIL20","fastEmbedR_opentsne_cpu_full","cpu",4,4,17,0.00262793878076215,0.995027635190488,0.953518518518519,"standard","cpu4","/Users/stefano/Documents/fastEmbedR-results/COIL20/standard/cpu4/20260721_084502_1071178/stability_pairwise.csv"
"COIL20","fastEmbedR_opentsne_cpu_full","cpu",4,4,42,0.00231572570077623,0.99613893842471,0.963148148148148,"standard","cpu4","/Users/stefano/Documents/fastEmbedR-results/COIL20/standard/cpu4/20260721_084502_1071178/stability_pairwise.csv"
"COIL20","fastEmbedR_opentsne_cpu_full","cpu",4,17,42,0.00237694875567397,0.995932082521288,0.972916666666667,"standard","cpu4","/Users/stefano/Documents/fastEmbedR-results/COIL20/standard/cpu4/20260721_084502_1071178/stability_pairwise.csv"
"COIL20","fastEmbedR_opentsne_cpu_knn","cpu",4,4,17,1.27614893204862e-17,1,1,"standard","cpu4","/Users/stefano/Documents/fastEmbedR-results/COIL20/standard/cpu4/20260721_084502_1071178/stability_pairwise.csv"
"COIL20","fastEmbedR_opentsne_cpu_knn","cpu",4,4,42,1.27614893204862e-17,1,1,"standard","cpu4","/Users/stefano/Documents/fastEmbedR-results/COIL20/standard/cpu4/20260721_084502_1071178/stability_pairwise.csv"
"COIL20","fastEmbedR_opentsne_cpu_knn","cpu",4,17,42,1.27614893204862e-17,1,1,"standard","cpu4","/Users/stefano/Documents/fastEmbedR-results/COIL20/standard/cpu4/20260721_084502_1071178/stability_pairwise.csv"
"COIL20","fastEmbedR_umap_cpu_binary_full","cpu",4,4,17,0.0244725994794392,0.568786149797646,0.547175925925926,"standard","cpu4","/Users/stefano/Documents/fastEmbedR-results/COIL20/standard/cpu4/20260721_084502_1071178/stability_pairwise.csv"
"COIL20","fastEmbedR_umap_cpu_binary_full","cpu",4,4,42,0.0258115929428848,0.520308402220592,0.587083333333333,"standard","cpu4","/Users/stefano/Documents/fastEmbedR-results/COIL20/standard/cpu4/20260721_084502_1071178/stability_pairwise.csv"
"COIL20","fastEmbedR_umap_cpu_binary_full","cpu",4,17,42,0.0313786734501192,0.291072773807765,0.558194444444444,"standard","cpu4","/Users/stefano/Documents/fastEmbedR-results/COIL20/standard/cpu4/20260721_084502_1071178/stability_pairwise.csv"
"COIL20","fastEmbedR_umap_cpu_binary_knn","cpu",4,4,17,0.0244725994794392,0.568786149797646,0.547175925925926,"standard","cpu4","/Users/stefano/Documents/fastEmbedR-results/COIL20/standard/cpu4/20260721_084502_1071178/stability_pairwise.csv"
"COIL20","fastEmbedR_umap_cpu_binary_knn","cpu",4,4,42,0.0258115929428848,0.520308402220592,0.587083333333333,"standard","cpu4","/Users/stefano/Documents/fastEmbedR-results/COIL20/standard/cpu4/20260721_084502_1071178/stability_pairwise.csv"
"COIL20","fastEmbedR_umap_cpu_binary_knn","cpu",4,17,42,0.0313786734501192,0.291072773807765,0.558194444444444,"standard","cpu4","/Users/stefano/Documents/fastEmbedR-results/COIL20/standard/cpu4/20260721_084502_1071178/stability_pairwise.csv"
"COIL20","fastEmbedR_umap_cpu_fuzzy_full","cpu",4,4,17,0.0343507137776826,0.150420493333885,0.791990740740741,"standard","cpu4","/Users/stefano/Documents/fastEmbedR-results/COIL20/standard/cpu4/20260721_084502_1071178/stability_pairwise.csv"
"COIL20","fastEmbedR_umap_cpu_fuzzy_full","cpu",4,4,42,0.0245573883576633,0.565792967476652,0.805972222222222,"standard","cpu4","/Users/stefano/Documents/fastEmbedR-results/COIL20/standard/cpu4/20260721_084502_1071178/stability_pairwise.csv"
"COIL20","fastEmbedR_umap_cpu_fuzzy_full","cpu",4,17,42,0.0345292545076457,0.141566019865286,0.785231481481481,"standard","cpu4","/Users/stefano/Documents/fastEmbedR-results/COIL20/standard/cpu4/20260721_084502_1071178/stability_pairwise.csv"
"COIL20","fastEmbedR_umap_cpu_fuzzy_knn","cpu",4,4,17,0.0343507137776826,0.150420493333885,0.791990740740741,"standard","cpu4","/Users/stefano/Documents/fastEmbedR-results/COIL20/standard/cpu4/20260721_084502_1071178/stability_pairwise.csv"
"COIL20","fastEmbedR_umap_cpu_fuzzy_knn","cpu",4,4,42,0.0245573883576633,0.565792967476652,0.805972222222222,"standard","cpu4","/Users/stefano/Documents/fastEmbedR-results/COIL20/standard/cpu4/20260721_084502_1071178/stability_pairwise.csv"
"COIL20","fastEmbedR_umap_cpu_fuzzy_knn","cpu",4,17,42,0.0345292545076457,0.141566019865286,0.785231481481481,"standard","cpu4","/Users/stefano/Documents/fastEmbedR-results/COIL20/standard/cpu4/20260721_084502_1071178/stability_pairwise.csv"
"COIL20","KlugerLab_FItSNE","cpu",4,4,17,0.00356805145191662,0.990833686362263,0.911851851851852,"standard","cpu4","/Users/stefano/Documents/fastEmbedR-results/COIL20/standard/cpu4/20260721_084502_1071178/stability_pairwise.csv"
"COIL20","KlugerLab_FItSNE","cpu",4,4,42,0.00290672893064117,0.993916667385117,0.933333333333333,"standard","cpu4","/Users/stefano/Documents/fastEmbedR-results/COIL20/standard/cpu4/20260721_084502_1071178/stability_pairwise.csv"
"COIL20","KlugerLab_FItSNE","cpu",4,17,42,0.00409233384127301,0.987942018686732,0.909305555555556,"standard","cpu4","/Users/stefano/Documents/fastEmbedR-results/COIL20/standard/cpu4/20260721_084502_1071178/stability_pairwise.csv"
"COIL20","Rtsne_full","cpu",4,4,17,0.0216585360214502,0.662253628533433,0.930231481481481,"standard","cpu4","/Users/stefano/Documents/fastEmbedR-results/COIL20/standard/cpu4/20260721_084502_1071178/stability_pairwise.csv"
"COIL20","Rtsne_full","cpu",4,4,42,0.028496158940771,0.41533762644807,0.931712962962963,"standard","cpu4","/Users/stefano/Documents/fastEmbedR-results/COIL20/standard/cpu4/20260721_084502_1071178/stability_pairwise.csv"
"COIL20","Rtsne_full","cpu",4,17,42,0.0251001966525329,0.546385692163008,0.929537037037037,"standard","cpu4","/Users/stefano/Documents/fastEmbedR-results/COIL20/standard/cpu4/20260721_084502_1071178/stability_pairwise.csv"
"COIL20","Rtsne_neighbors","cpu",4,4,17,1.70693158698383e-17,1,1,"standard","cpu4","/Users/stefano/Documents/fastEmbedR-results/COIL20/standard/cpu4/20260721_084502_1071178/stability_pairwise.csv"
"COIL20","Rtsne_neighbors","cpu",4,4,42,1.70693158698383e-17,1,1,"standard","cpu4","/Users/stefano/Documents/fastEmbedR-results/COIL20/standard/cpu4/20260721_084502_1071178/stability_pairwise.csv"
"COIL20","Rtsne_neighbors","cpu",4,17,42,1.70693158698383e-17,1,1,"standard","cpu4","/Users/stefano/Documents/fastEmbedR-results/COIL20/standard/cpu4/20260721_084502_1071178/stability_pairwise.csv"
"COIL20","umap_package","cpu",4,4,17,0.00760692580930437,0.958336969406852,0.777962962962963,"standard","cpu4","/Users/stefano/Documents/fastEmbedR-results/COIL20/standard/cpu4/20260721_084502_1071178/stability_pairwise.csv"
"COIL20","umap_package","cpu",4,4,42,0.00496309463268282,0.982264738000265,0.797361111111111,"standard","cpu4","/Users/stefano/Documents/fastEmbedR-results/COIL20/standard/cpu4/20260721_084502_1071178/stability_pairwise.csv"
"COIL20","umap_package","cpu",4,17,42,0.00808299448506117,0.952958944111219,0.787824074074074,"standard","cpu4","/Users/stefano/Documents/fastEmbedR-results/COIL20/standard/cpu4/20260721_084502_1071178/stability_pairwise.csv"
"COIL20","umap_package_knn","cpu",4,4,17,0.00810025412472443,0.952757835842717,0.786435185185185,"standard","cpu4","/Users/stefano/Documents/fastEmbedR-results/COIL20/standard/cpu4/20260721_084502_1071178/stability_pairwise.csv"
"COIL20","umap_package_knn","cpu",4,4,42,0.0072267920482175,0.962396903218111,0.791018518518519,"standard","cpu4","/Users/stefano/Documents/fastEmbedR-results/COIL20/standard/cpu4/20260721_084502_1071178/stability_pairwise.csv"
"COIL20","umap_package_knn","cpu",4,17,42,0.00641846405136222,0.970338389839387,0.774953703703704,"standard","cpu4","/Users/stefano/Documents/fastEmbedR-results/COIL20/standard/cpu4/20260721_084502_1071178/stability_pairwise.csv"
"COIL20","uwot_default","cpu",4,4,17,0.0113114689987816,0.907876481744515,0.803935185185185,"standard","cpu4","/Users/stefano/Documents/fastEmbedR-results/COIL20/standard/cpu4/20260721_084502_1071178/stability_pairwise.csv"
"COIL20","uwot_default","cpu",4,4,42,0.0168895020645117,0.794616198409256,0.832037037037037,"standard","cpu4","/Users/stefano/Documents/fastEmbedR-results/COIL20/standard/cpu4/20260721_084502_1071178/stability_pairwise.csv"
"COIL20","uwot_default","cpu",4,17,42,0.0193169753195569,0.731335214442612,0.811805555555556,"standard","cpu4","/Users/stefano/Documents/fastEmbedR-results/COIL20/standard/cpu4/20260721_084502_1071178/stability_pairwise.csv"
"COIL20","uwot_fast_sgd","cpu",4,4,17,0.0237843863274768,0.592698136258241,0.819305555555556,"standard","cpu4","/Users/stefano/Documents/fastEmbedR-results/COIL20/standard/cpu4/20260721_084502_1071178/stability_pairwise.csv"
"COIL20","uwot_fast_sgd","cpu",4,4,42,0.0253114959723994,0.538716283580232,0.815277777777778,"standard","cpu4","/Users/stefano/Documents/fastEmbedR-results/COIL20/standard/cpu4/20260721_084502_1071178/stability_pairwise.csv"
"COIL20","uwot_fast_sgd","cpu",4,17,42,0.0108682471008751,0.914954467567111,0.823287037037037,"standard","cpu4","/Users/stefano/Documents/fastEmbedR-results/COIL20/standard/cpu4/20260721_084502_1071178/stability_pairwise.csv"
"COIL20","uwot_knn","cpu",4,4,17,0.0340618700508398,0.164648086220586,0.833055555555556,"standard","cpu4","/Users/stefano/Documents/fastEmbedR-results/COIL20/standard/cpu4/20260721_084502_1071178/stability_pairwise.csv"
"COIL20","uwot_knn","cpu",4,4,42,0.0277239387725365,0.446595917634385,0.826805555555556,"standard","cpu4","/Users/stefano/Documents/fastEmbedR-results/COIL20/standard/cpu4/20260721_084502_1071178/stability_pairwise.csv"
"COIL20","uwot_knn","cpu",4,17,42,0.0302635464395215,0.340564784970106,0.830740740740741,"standard","cpu4","/Users/stefano/Documents/fastEmbedR-results/COIL20/standard/cpu4/20260721_084502_1071178/stability_pairwise.csv"
"COIL20","fastEmbedR_opentsne_cuda_full","cuda",1,4,17,0.00236217836701215,0.995982481620942,0.949074074074074,"standard","cuda","/Users/stefano/Documents/fastEmbedR-results/COIL20/standard/cuda/20260721_192838_1071189/stability_pairwise.csv"
"COIL20","fastEmbedR_opentsne_cuda_full","cuda",1,4,42,0.00200633610836562,0.997101723102593,0.957592592592593,"standard","cuda","/Users/stefano/Documents/fastEmbedR-results/COIL20/standard/cuda/20260721_192838_1071189/stability_pairwise.csv"
"COIL20","fastEmbedR_opentsne_cuda_full","cuda",1,17,42,0.00206001629594666,0.996944559659513,0.965324074074074,"standard","cuda","/Users/stefano/Documents/fastEmbedR-results/COIL20/standard/cuda/20260721_192838_1071189/stability_pairwise.csv"
"COIL20","fastEmbedR_opentsne_cuda_knn","cuda",1,4,17,0.00194988412444137,0.997262525368901,0.962268518518518,"standard","cuda","/Users/stefano/Documents/fastEmbedR-results/COIL20/standard/cuda/20260721_192838_1071189/stability_pairwise.csv"
"COIL20","fastEmbedR_opentsne_cuda_knn","cuda",1,4,42,0.00161957102556673,0.998111432579064,0.964722222222222,"standard","cuda","/Users/stefano/Documents/fastEmbedR-results/COIL20/standard/cuda/20260721_192838_1071189/stability_pairwise.csv"
"COIL20","fastEmbedR_opentsne_cuda_knn","cuda",1,17,42,0.00115662538977099,0.999036796749571,0.982777777777778,"standard","cuda","/Users/stefano/Documents/fastEmbedR-results/COIL20/standard/cuda/20260721_192838_1071189/stability_pairwise.csv"
"COIL20","fastEmbedR_umap_cuda_binary_full","cuda",1,4,17,0.0246973112859806,0.560830826975231,0.76162037037037,"standard","cuda","/Users/stefano/Documents/fastEmbedR-results/COIL20/standard/cuda/20260721_192838_1071189/stability_pairwise.csv"
"COIL20","fastEmbedR_umap_cuda_binary_full","cuda",1,4,42,0.0153941119225301,0.829375349043964,0.743518518518519,"standard","cuda","/Users/stefano/Documents/fastEmbedR-results/COIL20/standard/cuda/20260721_192838_1071189/stability_pairwise.csv"
"COIL20","fastEmbedR_umap_cuda_binary_full","cuda",1,17,42,0.0243989207717791,0.57137871892416,0.751111111111111,"standard","cuda","/Users/stefano/Documents/fastEmbedR-results/COIL20/standard/cuda/20260721_192838_1071189/stability_pairwise.csv"
"COIL20","fastEmbedR_umap_cuda_binary_knn","cuda",1,4,17,0.0170738380379127,0.790108519351691,0.753055555555556,"standard","cuda","/Users/stefano/Documents/fastEmbedR-results/COIL20/standard/cuda/20260721_192838_1071189/stability_pairwise.csv"
"COIL20","fastEmbedR_umap_cuda_binary_knn","cuda",1,4,42,0.022600229379548,0.632245335034109,0.761851851851852,"standard","cuda","/Users/stefano/Documents/fastEmbedR-results/COIL20/standard/cuda/20260721_192838_1071189/stability_pairwise.csv"
"COIL20","fastEmbedR_umap_cuda_binary_knn","cuda",1,17,42,0.0190424649148013,0.738916861577365,0.740740740740741,"standard","cuda","/Users/stefano/Documents/fastEmbedR-results/COIL20/standard/cuda/20260721_192838_1071189/stability_pairwise.csv"
"COIL20","fastEmbedR_umap_cuda_fuzzy_full","cuda",1,4,17,0.0245316736873213,0.566701829991126,0.810555555555556,"standard","cuda","/Users/stefano/Documents/fastEmbedR-results/COIL20/standard/cuda/20260721_192838_1071189/stability_pairwise.csv"
"COIL20","fastEmbedR_umap_cuda_fuzzy_full","cuda",1,4,42,0.0277706580975743,0.444729195155894,0.811157407407407,"standard","cuda","/Users/stefano/Documents/fastEmbedR-results/COIL20/standard/cuda/20260721_192838_1071189/stability_pairwise.csv"
"COIL20","fastEmbedR_umap_cuda_fuzzy_full","cuda",1,17,42,0.0217606409058068,0.659061645305339,0.809305555555556,"standard","cuda","/Users/stefano/Documents/fastEmbedR-results/COIL20/standard/cuda/20260721_192838_1071189/stability_pairwise.csv"
"COIL20","fastEmbedR_umap_cuda_fuzzy_knn","cuda",1,4,17,0.0317768253597017,0.272968026442491,0.817916666666667,"standard","cuda","/Users/stefano/Documents/fastEmbedR-results/COIL20/standard/cuda/20260721_192838_1071189/stability_pairwise.csv"
"COIL20","fastEmbedR_umap_cuda_fuzzy_knn","cuda",1,4,42,0.024087802693396,0.582239988210897,0.821527777777778,"standard","cuda","/Users/stefano/Documents/fastEmbedR-results/COIL20/standard/cuda/20260721_192838_1071189/stability_pairwise.csv"
"COIL20","fastEmbedR_umap_cuda_fuzzy_knn","cuda",1,17,42,0.030600623907762,0.325793307848109,0.805925925925926,"standard","cuda","/Users/stefano/Documents/fastEmbedR-results/COIL20/standard/cuda/20260721_192838_1071189/stability_pairwise.csv"
"FashionMNIST","fastEmbedR_opentsne_cpu_full","cpu",1,4,17,0.000904124046888351,0.999182559707838,0.936466666666667,"landmark","cpu1","/Users/stefano/Documents/fastEmbedR-results/FashionMNIST/landmark/cpu1/20260726_110344_1117498/stability_pairwise.csv"
"FashionMNIST","fastEmbedR_opentsne_cpu_full","cpu",1,4,42,0.00101101991253355,0.99897783873646,0.936133333333333,"landmark","cpu1","/Users/stefano/Documents/fastEmbedR-results/FashionMNIST/landmark/cpu1/20260726_110344_1117498/stability_pairwise.csv"
"FashionMNIST","fastEmbedR_opentsne_cpu_full","cpu",1,17,42,0.000745579872219463,0.999444110654141,0.9455,"landmark","cpu1","/Users/stefano/Documents/fastEmbedR-results/FashionMNIST/landmark/cpu1/20260726_110344_1117498/stability_pairwise.csv"
"FashionMNIST","fastEmbedR_opentsne_cpu_landmark","cpu",1,4,17,0.00348544020294486,0.987851706591696,0.546266666666667,"landmark","cpu1","/Users/stefano/Documents/fastEmbedR-results/FashionMNIST/landmark/cpu1/20260726_110344_1117498/stability_pairwise.csv"
"FashionMNIST","fastEmbedR_opentsne_cpu_landmark","cpu",1,4,42,0.00557333608583833,0.968937924874292,0.5242,"landmark","cpu1","/Users/stefano/Documents/fastEmbedR-results/FashionMNIST/landmark/cpu1/20260726_110344_1117498/stability_pairwise.csv"
"FashionMNIST","fastEmbedR_opentsne_cpu_landmark","cpu",1,17,42,0.00549760481930569,0.969776341250747,0.531933333333333,"landmark","cpu1","/Users/stefano/Documents/fastEmbedR-results/FashionMNIST/landmark/cpu1/20260726_110344_1117498/stability_pairwise.csv"
"FashionMNIST","fastEmbedR_umap_cpu_binary_full","cpu",1,4,17,0.0104493694605483,0.890810677876961,0.8119,"landmark","cpu1","/Users/stefano/Documents/fastEmbedR-results/FashionMNIST/landmark/cpu1/20260726_110344_1117498/stability_pairwise.csv"
"FashionMNIST","fastEmbedR_umap_cpu_binary_full","cpu",1,4,42,0.0129831075936525,0.831438917211642,0.805933333333333,"landmark","cpu1","/Users/stefano/Documents/fastEmbedR-results/FashionMNIST/landmark/cpu1/20260726_110344_1117498/stability_pairwise.csv"
"FashionMNIST","fastEmbedR_umap_cpu_binary_full","cpu",1,17,42,0.0116974453335121,0.863169772669495,0.910133333333333,"landmark","cpu1","/Users/stefano/Documents/fastEmbedR-results/FashionMNIST/landmark/cpu1/20260726_110344_1117498/stability_pairwise.csv"
"FashionMNIST","fastEmbedR_umap_cpu_binary_landmark","cpu",1,4,17,0.00832803975781004,0.930643753792335,0.5206,"landmark","cpu1","/Users/stefano/Documents/fastEmbedR-results/FashionMNIST/landmark/cpu1/20260726_110344_1117498/stability_pairwise.csv"
"FashionMNIST","fastEmbedR_umap_cpu_binary_landmark","cpu",1,4,42,0.0122815923050696,0.849162490452055,0.514066666666667,"landmark","cpu1","/Users/stefano/Documents/fastEmbedR-results/FashionMNIST/landmark/cpu1/20260726_110344_1117498/stability_pairwise.csv"
"FashionMNIST","fastEmbedR_umap_cpu_binary_landmark","cpu",1,17,42,0.0149332523310913,0.776997974815956,0.5103,"landmark","cpu1","/Users/stefano/Documents/fastEmbedR-results/FashionMNIST/landmark/cpu1/20260726_110344_1117498/stability_pairwise.csv"
"FashionMNIST","fastEmbedR_opentsne_cpu_full","cpu",4,4,17,0.0011526945658791,0.998671295237793,0.919566666666667,"landmark","cpu4","/Users/stefano/Documents/fastEmbedR-results/FashionMNIST/landmark/cpu4/20260726_105406_1117509/stability_pairwise.csv"
"FashionMNIST","fastEmbedR_opentsne_cpu_full","cpu",4,4,42,0.000946921882231354,0.999103338948951,0.936333333333333,"landmark","cpu4","/Users/stefano/Documents/fastEmbedR-results/FashionMNIST/landmark/cpu4/20260726_105406_1117509/stability_pairwise.csv"
"FashionMNIST","fastEmbedR_opentsne_cpu_full","cpu",4,17,42,0.00113703441447458,0.9987071527403,0.9329,"landmark","cpu4","/Users/stefano/Documents/fastEmbedR-results/FashionMNIST/landmark/cpu4/20260726_105406_1117509/stability_pairwise.csv"
"FashionMNIST","fastEmbedR_opentsne_cpu_landmark","cpu",4,4,17,0.00350383460173979,0.987723143083651,0.547466666666667,"landmark","cpu4","/Users/stefano/Documents/fastEmbedR-results/FashionMNIST/landmark/cpu4/20260726_105406_1117509/stability_pairwise.csv"
"FashionMNIST","fastEmbedR_opentsne_cpu_landmark","cpu",4,4,42,0.00519771414541871,0.972983767662514,0.520733333333333,"landmark","cpu4","/Users/stefano/Documents/fastEmbedR-results/FashionMNIST/landmark/cpu4/20260726_105406_1117509/stability_pairwise.csv"
"FashionMNIST","fastEmbedR_opentsne_cpu_landmark","cpu",4,17,42,0.00542134539419372,0.970609014116855,0.524866666666667,"landmark","cpu4","/Users/stefano/Documents/fastEmbedR-results/FashionMNIST/landmark/cpu4/20260726_105406_1117509/stability_pairwise.csv"
"FashionMNIST","fastEmbedR_umap_cpu_binary_full","cpu",4,4,17,0.0125575753375276,0.842307301642318,0.7007,"landmark","cpu4","/Users/stefano/Documents/fastEmbedR-results/FashionMNIST/landmark/cpu4/20260726_105406_1117509/stability_pairwise.csv"
"FashionMNIST","fastEmbedR_umap_cpu_binary_full","cpu",4,4,42,0.0130556100942791,0.829551045066159,0.734666666666667,"landmark","cpu4","/Users/stefano/Documents/fastEmbedR-results/FashionMNIST/landmark/cpu4/20260726_105406_1117509/stability_pairwise.csv"
"FashionMNIST","fastEmbedR_umap_cpu_binary_full","cpu",4,17,42,0.00992562869942259,0.901481894921198,0.8267,"landmark","cpu4","/Users/stefano/Documents/fastEmbedR-results/FashionMNIST/landmark/cpu4/20260726_105406_1117509/stability_pairwise.csv"
"FashionMNIST","fastEmbedR_umap_cpu_binary_landmark","cpu",4,4,17,0.00881928796741699,0.922220159747774,0.508966666666667,"landmark","cpu4","/Users/stefano/Documents/fastEmbedR-results/FashionMNIST/landmark/cpu4/20260726_105406_1117509/stability_pairwise.csv"
"FashionMNIST","fastEmbedR_umap_cpu_binary_landmark","cpu",4,4,42,0.0121812551545477,0.851617022859806,0.495766666666667,"landmark","cpu4","/Users/stefano/Documents/fastEmbedR-results/FashionMNIST/landmark/cpu4/20260726_105406_1117509/stability_pairwise.csv"
"FashionMNIST","fastEmbedR_umap_cpu_binary_landmark","cpu",4,17,42,0.0123042518538343,0.848605386317415,0.504266666666667,"landmark","cpu4","/Users/stefano/Documents/fastEmbedR-results/FashionMNIST/landmark/cpu4/20260726_105406_1117509/stability_pairwise.csv"
"FashionMNIST","fastEmbedR_opentsne_cuda_full","cuda",1,4,17,0.000915049186628637,0.99916268498605,0.923333333333333,"landmark","cuda","/Users/stefano/Documents/fastEmbedR-results/FashionMNIST/landmark/cuda/20260726_111014_1117520/stability_pairwise.csv"
"FashionMNIST","fastEmbedR_opentsne_cuda_full","cuda",1,4,42,0.00120727089885676,0.998542496976773,0.890533333333333,"landmark","cuda","/Users/stefano/Documents/fastEmbedR-results/FashionMNIST/landmark/cuda/20260726_111014_1117520/stability_pairwise.csv"
"FashionMNIST","fastEmbedR_opentsne_cuda_full","cuda",1,17,42,0.000946450618156086,0.999104231227392,0.911,"landmark","cuda","/Users/stefano/Documents/fastEmbedR-results/FashionMNIST/landmark/cuda/20260726_111014_1117520/stability_pairwise.csv"
"FashionMNIST","fastEmbedR_opentsne_cuda_landmark","cuda",1,4,17,0.00333300316489245,0.988891089902817,0.548766666666667,"landmark","cuda","/Users/stefano/Documents/fastEmbedR-results/FashionMNIST/landmark/cuda/20260726_111014_1117520/stability_pairwise.csv"
"FashionMNIST","fastEmbedR_opentsne_cuda_landmark","cuda",1,4,42,0.00563072329864896,0.968294955134052,0.530366666666667,"landmark","cuda","/Users/stefano/Documents/fastEmbedR-results/FashionMNIST/landmark/cuda/20260726_111014_1117520/stability_pairwise.csv"
"FashionMNIST","fastEmbedR_opentsne_cuda_landmark","cuda",1,17,42,0.00572394639825351,0.967236437629921,0.537333333333333,"landmark","cuda","/Users/stefano/Documents/fastEmbedR-results/FashionMNIST/landmark/cuda/20260726_111014_1117520/stability_pairwise.csv"
"FashionMNIST","fastEmbedR_umap_cuda_binary_full","cuda",1,4,17,0.00789826274920931,0.937617445544453,0.746333333333333,"landmark","cuda","/Users/stefano/Documents/fastEmbedR-results/FashionMNIST/landmark/cuda/20260726_111014_1117520/stability_pairwise.csv"
"FashionMNIST","fastEmbedR_umap_cuda_binary_full","cuda",1,4,42,0.00835081840375286,0.930263831987542,0.815666666666667,"landmark","cuda","/Users/stefano/Documents/fastEmbedR-results/FashionMNIST/landmark/cuda/20260726_111014_1117520/stability_pairwise.csv"
"FashionMNIST","fastEmbedR_umap_cuda_binary_full","cuda",1,17,42,0.0116768663388664,0.863650792504248,0.734133333333333,"landmark","cuda","/Users/stefano/Documents/fastEmbedR-results/FashionMNIST/landmark/cuda/20260726_111014_1117520/stability_pairwise.csv"
"FashionMNIST","fastEmbedR_umap_cuda_binary_landmark","cuda",1,4,17,0.00641354186969783,0.958866480685633,0.5119,"landmark","cuda","/Users/stefano/Documents/fastEmbedR-results/FashionMNIST/landmark/cuda/20260726_111014_1117520/stability_pairwise.csv"
"FashionMNIST","fastEmbedR_umap_cuda_binary_landmark","cuda",1,4,42,0.00667714757926573,0.955415700204706,0.528933333333333,"landmark","cuda","/Users/stefano/Documents/fastEmbedR-results/FashionMNIST/landmark/cuda/20260726_111014_1117520/stability_pairwise.csv"
"FashionMNIST","fastEmbedR_umap_cuda_binary_landmark","cuda",1,17,42,0.00859855016994601,0.926064934974921,0.5089,"landmark","cuda","/Users/stefano/Documents/fastEmbedR-results/FashionMNIST/landmark/cuda/20260726_111014_1117520/stability_pairwise.csv"
"FashionMNIST","fastEmbedR_opentsne_cpu_full","cpu",1,4,17,0.000904124046888351,0.999182559707838,0.936466666666667,"standard","cpu1","/Users/stefano/Documents/fastEmbedR-results/FashionMNIST/standard/cpu1/20260721_084502_1071168/stability_pairwise.csv"
"FashionMNIST","fastEmbedR_opentsne_cpu_full","cpu",1,4,42,0.00101101991253355,0.99897783873646,0.936133333333333,"standard","cpu1","/Users/stefano/Documents/fastEmbedR-results/FashionMNIST/standard/cpu1/20260721_084502_1071168/stability_pairwise.csv"
"FashionMNIST","fastEmbedR_opentsne_cpu_full","cpu",1,17,42,0.000745579872219463,0.999444110654141,0.9455,"standard","cpu1","/Users/stefano/Documents/fastEmbedR-results/FashionMNIST/standard/cpu1/20260721_084502_1071168/stability_pairwise.csv"
"FashionMNIST","fastEmbedR_opentsne_cpu_knn","cpu",1,4,17,8.07063562724483e-18,1,1,"standard","cpu1","/Users/stefano/Documents/fastEmbedR-results/FashionMNIST/standard/cpu1/20260721_084502_1071168/stability_pairwise.csv"
"FashionMNIST","fastEmbedR_opentsne_cpu_knn","cpu",1,4,42,8.07063562724483e-18,1,1,"standard","cpu1","/Users/stefano/Documents/fastEmbedR-results/FashionMNIST/standard/cpu1/20260721_084502_1071168/stability_pairwise.csv"
"FashionMNIST","fastEmbedR_opentsne_cpu_knn","cpu",1,17,42,8.07063562724483e-18,1,1,"standard","cpu1","/Users/stefano/Documents/fastEmbedR-results/FashionMNIST/standard/cpu1/20260721_084502_1071168/stability_pairwise.csv"
"FashionMNIST","fastEmbedR_umap_cpu_binary_full","cpu",1,4,17,0.0104493694605483,0.890810677876961,0.8119,"standard","cpu1","/Users/stefano/Documents/fastEmbedR-results/FashionMNIST/standard/cpu1/20260721_084502_1071168/stability_pairwise.csv"
"FashionMNIST","fastEmbedR_umap_cpu_binary_full","cpu",1,4,42,0.0129831075936525,0.831438917211642,0.805933333333333,"standard","cpu1","/Users/stefano/Documents/fastEmbedR-results/FashionMNIST/standard/cpu1/20260721_084502_1071168/stability_pairwise.csv"
"FashionMNIST","fastEmbedR_umap_cpu_binary_full","cpu",1,17,42,0.0116974453335121,0.863169772669495,0.910133333333333,"standard","cpu1","/Users/stefano/Documents/fastEmbedR-results/FashionMNIST/standard/cpu1/20260721_084502_1071168/stability_pairwise.csv"
"FashionMNIST","fastEmbedR_umap_cpu_binary_knn","cpu",1,4,17,0.0104493694605483,0.890810677876961,0.8119,"standard","cpu1","/Users/stefano/Documents/fastEmbedR-results/FashionMNIST/standard/cpu1/20260721_084502_1071168/stability_pairwise.csv"
"FashionMNIST","fastEmbedR_umap_cpu_binary_knn","cpu",1,4,42,0.0129831075936525,0.831438917211642,0.805933333333333,"standard","cpu1","/Users/stefano/Documents/fastEmbedR-results/FashionMNIST/standard/cpu1/20260721_084502_1071168/stability_pairwise.csv"
"FashionMNIST","fastEmbedR_umap_cpu_binary_knn","cpu",1,17,42,0.0116974453335121,0.863169772669495,0.910133333333333,"standard","cpu1","/Users/stefano/Documents/fastEmbedR-results/FashionMNIST/standard/cpu1/20260721_084502_1071168/stability_pairwise.csv"
"FashionMNIST","fastEmbedR_umap_cpu_fuzzy_full","cpu",1,4,17,0.0185489769121798,0.655935455511421,0.7282,"standard","cpu1","/Users/stefano/Documents/fastEmbedR-results/FashionMNIST/standard/cpu1/20260721_084502_1071168/stability_pairwise.csv"
"FashionMNIST","fastEmbedR_umap_cpu_fuzzy_full","cpu",1,4,42,0.0176203385744793,0.689523668520716,0.741566666666667,"standard","cpu1","/Users/stefano/Documents/fastEmbedR-results/FashionMNIST/standard/cpu1/20260721_084502_1071168/stability_pairwise.csv"
"FashionMNIST","fastEmbedR_umap_cpu_fuzzy_full","cpu",1,17,42,0.0118419182604212,0.859768971913502,0.763666666666667,"standard","cpu1","/Users/stefano/Documents/fastEmbedR-results/FashionMNIST/standard/cpu1/20260721_084502_1071168/stability_pairwise.csv"
"FashionMNIST","fastEmbedR_umap_cpu_fuzzy_knn","cpu",1,4,17,0.0185489769121798,0.655935455511421,0.7282,"standard","cpu1","/Users/stefano/Documents/fastEmbedR-results/FashionMNIST/standard/cpu1/20260721_084502_1071168/stability_pairwise.csv"
"FashionMNIST","fastEmbedR_umap_cpu_fuzzy_knn","cpu",1,4,42,0.0176203385744793,0.689523668520716,0.741566666666667,"standard","cpu1","/Users/stefano/Documents/fastEmbedR-results/FashionMNIST/standard/cpu1/20260721_084502_1071168/stability_pairwise.csv"
"FashionMNIST","fastEmbedR_umap_cpu_fuzzy_knn","cpu",1,17,42,0.0118419182604212,0.859768971913502,0.763666666666667,"standard","cpu1","/Users/stefano/Documents/fastEmbedR-results/FashionMNIST/standard/cpu1/20260721_084502_1071168/stability_pairwise.csv"
"FashionMNIST","KlugerLab_FItSNE","cpu",1,4,17,0.001802859755492,0.996749696702027,0.850933333333333,"standard","cpu1","/Users/stefano/Documents/fastEmbedR-results/FashionMNIST/standard/cpu1/20260721_084502_1071168/stability_pairwise.csv"
"FashionMNIST","KlugerLab_FItSNE","cpu",1,4,42,0.00159372003747984,0.997460056442135,0.858733333333333,"standard","cpu1","/Users/stefano/Documents/fastEmbedR-results/FashionMNIST/standard/cpu1/20260721_084502_1071168/stability_pairwise.csv"
"FashionMNIST","KlugerLab_FItSNE","cpu",1,17,42,0.00135092124358551,0.998175011793629,0.869433333333333,"standard","cpu1","/Users/stefano/Documents/fastEmbedR-results/FashionMNIST/standard/cpu1/20260721_084502_1071168/stability_pairwise.csv"
"FashionMNIST","Rtsne_full","cpu",1,4,17,0.0124186608969524,0.845776861526506,0.704366666666667,"standard","cpu1","/Users/stefano/Documents/fastEmbedR-results/FashionMNIST/standard/cpu1/20260721_084502_1071168/stability_pairwise.csv"
"FashionMNIST","Rtsne_full","cpu",1,4,42,0.0191645813297812,0.632718822454203,0.678933333333333,"standard","cpu1","/Users/stefano/Documents/fastEmbedR-results/FashionMNIST/standard/cpu1/20260721_084502_1071168/stability_pairwise.csv"
"FashionMNIST","Rtsne_full","cpu",1,17,42,0.0180629885386136,0.673728445053914,0.663133333333333,"standard","cpu1","/Users/stefano/Documents/fastEmbedR-results/FashionMNIST/standard/cpu1/20260721_084502_1071168/stability_pairwise.csv"
"FashionMNIST","Rtsne_neighbors","cpu",1,4,17,2.35885194682859e-18,1,1,"standard","cpu1","/Users/stefano/Documents/fastEmbedR-results/FashionMNIST/standard/cpu1/20260721_084502_1071168/stability_pairwise.csv"
"FashionMNIST","Rtsne_neighbors","cpu",1,4,42,2.35885194682859e-18,1,1,"standard","cpu1","/Users/stefano/Documents/fastEmbedR-results/FashionMNIST/standard/cpu1/20260721_084502_1071168/stability_pairwise.csv"
"FashionMNIST","Rtsne_neighbors","cpu",1,17,42,2.35885194682859e-18,1,1,"standard","cpu1","/Users/stefano/Documents/fastEmbedR-results/FashionMNIST/standard/cpu1/20260721_084502_1071168/stability_pairwise.csv"
"FashionMNIST","umap_package_knn","cpu",1,4,17,0.00136064359651672,0.998148649003258,0.873633333333333,"standard","cpu1","/Users/stefano/Documents/fastEmbedR-results/FashionMNIST/standard/cpu1/20260721_084502_1071168/stability_pairwise.csv"
"FashionMNIST","umap_package_knn","cpu",1,4,42,0.00281373303842386,0.992082906388482,0.824133333333333,"standard","cpu1","/Users/stefano/Documents/fastEmbedR-results/FashionMNIST/standard/cpu1/20260721_084502_1071168/stability_pairwise.csv"
"FashionMNIST","umap_package_knn","cpu",1,17,42,0.00286437464997065,0.991795357864605,0.8089,"standard","cpu1","/Users/stefano/Documents/fastEmbedR-results/FashionMNIST/standard/cpu1/20260721_084502_1071168/stability_pairwise.csv"
"FashionMNIST","uwot_default","cpu",1,4,17,0.00194910356287522,0.996200995301187,0.873266666666667,"standard","cpu1","/Users/stefano/Documents/fastEmbedR-results/FashionMNIST/standard/cpu1/20260721_084502_1071168/stability_pairwise.csv"
"FashionMNIST","uwot_default","cpu",1,4,42,0.00145544250613529,0.997881687111335,0.8598,"standard","cpu1","/Users/stefano/Documents/fastEmbedR-results/FashionMNIST/standard/cpu1/20260721_084502_1071168/stability_pairwise.csv"
"FashionMNIST","uwot_default","cpu",1,17,42,0.00137475899537426,0.998110037704638,0.863066666666667,"standard","cpu1","/Users/stefano/Documents/fastEmbedR-results/FashionMNIST/standard/cpu1/20260721_084502_1071168/stability_pairwise.csv"
"FashionMNIST","uwot_fast_sgd","cpu",1,4,17,0.00116836274185233,0.998634928503451,0.880333333333333,"standard","cpu1","/Users/stefano/Documents/fastEmbedR-results/FashionMNIST/standard/cpu1/20260721_084502_1071168/stability_pairwise.csv"
"FashionMNIST","uwot_fast_sgd","cpu",1,4,42,0.00109293725161759,0.998805488164026,0.8827,"standard","cpu1","/Users/stefano/Documents/fastEmbedR-results/FashionMNIST/standard/cpu1/20260721_084502_1071168/stability_pairwise.csv"
"FashionMNIST","uwot_fast_sgd","cpu",1,17,42,0.000766510897726937,0.999412461043666,0.883766666666667,"standard","cpu1","/Users/stefano/Documents/fastEmbedR-results/FashionMNIST/standard/cpu1/20260721_084502_1071168/stability_pairwise.csv"
"FashionMNIST","uwot_knn","cpu",1,4,17,0.0023054349604877,0.994684969642961,0.8341,"standard","cpu1","/Users/stefano/Documents/fastEmbedR-results/FashionMNIST/standard/cpu1/20260721_084502_1071168/stability_pairwise.csv"
"FashionMNIST","uwot_knn","cpu",1,4,42,0.00124975283486963,0.998438117851735,0.878,"standard","cpu1","/Users/stefano/Documents/fastEmbedR-results/FashionMNIST/standard/cpu1/20260721_084502_1071168/stability_pairwise.csv"
"FashionMNIST","uwot_knn","cpu",1,17,42,0.00232798108765908,0.994580504055502,0.836233333333333,"standard","cpu1","/Users/stefano/Documents/fastEmbedR-results/FashionMNIST/standard/cpu1/20260721_084502_1071168/stability_pairwise.csv"
"FashionMNIST","fastEmbedR_opentsne_cpu_full","cpu",4,4,17,0.0011526945658791,0.998671295237793,0.919566666666667,"standard","cpu4","/Users/stefano/Documents/fastEmbedR-results/FashionMNIST/standard/cpu4/20260721_084502_1071179/stability_pairwise.csv"
"FashionMNIST","fastEmbedR_opentsne_cpu_full","cpu",4,4,42,0.000946921882231354,0.999103338948951,0.936333333333333,"standard","cpu4","/Users/stefano/Documents/fastEmbedR-results/FashionMNIST/standard/cpu4/20260721_084502_1071179/stability_pairwise.csv"
"FashionMNIST","fastEmbedR_opentsne_cpu_full","cpu",4,17,42,0.00113703441447458,0.9987071527403,0.9329,"standard","cpu4","/Users/stefano/Documents/fastEmbedR-results/FashionMNIST/standard/cpu4/20260721_084502_1071179/stability_pairwise.csv"
"FashionMNIST","fastEmbedR_opentsne_cpu_knn","cpu",4,4,17,8.07063562724483e-18,1,1,"standard","cpu4","/Users/stefano/Documents/fastEmbedR-results/FashionMNIST/standard/cpu4/20260721_084502_1071179/stability_pairwise.csv"
"FashionMNIST","fastEmbedR_opentsne_cpu_knn","cpu",4,4,42,8.07063562724483e-18,1,1,"standard","cpu4","/Users/stefano/Documents/fastEmbedR-results/FashionMNIST/standard/cpu4/20260721_084502_1071179/stability_pairwise.csv"
"FashionMNIST","fastEmbedR_opentsne_cpu_knn","cpu",4,17,42,8.07063562724483e-18,1,1,"standard","cpu4","/Users/stefano/Documents/fastEmbedR-results/FashionMNIST/standard/cpu4/20260721_084502_1071179/stability_pairwise.csv"
"FashionMNIST","fastEmbedR_umap_cpu_binary_full","cpu",4,4,17,0.0125545762856223,0.842382614288489,0.7356,"standard","cpu4","/Users/stefano/Documents/fastEmbedR-results/FashionMNIST/standard/cpu4/20260721_084502_1071179/stability_pairwise.csv"
"FashionMNIST","fastEmbedR_umap_cpu_binary_full","cpu",4,4,42,0.0128913402569223,0.833813346380255,0.778333333333333,"standard","cpu4","/Users/stefano/Documents/fastEmbedR-results/FashionMNIST/standard/cpu4/20260721_084502_1071179/stability_pairwise.csv"
"FashionMNIST","fastEmbedR_umap_cpu_binary_full","cpu",4,17,42,0.00951772752929281,0.909412862678142,0.816666666666667,"standard","cpu4","/Users/stefano/Documents/fastEmbedR-results/FashionMNIST/standard/cpu4/20260721_084502_1071179/stability_pairwise.csv"
"FashionMNIST","fastEmbedR_umap_cpu_binary_knn","cpu",4,4,17,0.0123706720813506,0.846966472255693,0.706733333333333,"standard","cpu4","/Users/stefano/Documents/fastEmbedR-results/FashionMNIST/standard/cpu4/20260721_084502_1071179/stability_pairwise.csv"
"FashionMNIST","fastEmbedR_umap_cpu_binary_knn","cpu",4,4,42,0.0128044640523452,0.8360457003322,0.746966666666667,"standard","cpu4","/Users/stefano/Documents/fastEmbedR-results/FashionMNIST/standard/cpu4/20260721_084502_1071179/stability_pairwise.csv"
"FashionMNIST","fastEmbedR_umap_cpu_binary_knn","cpu",4,17,42,0.00950374932688376,0.909678748731756,0.862066666666667,"standard","cpu4","/Users/stefano/Documents/fastEmbedR-results/FashionMNIST/standard/cpu4/20260721_084502_1071179/stability_pairwise.csv"
"FashionMNIST","fastEmbedR_umap_cpu_fuzzy_full","cpu",4,4,17,0.0180716627019157,0.67341500718819,0.7382,"standard","cpu4","/Users/stefano/Documents/fastEmbedR-results/FashionMNIST/standard/cpu4/20260721_084502_1071179/stability_pairwise.csv"
"FashionMNIST","fastEmbedR_umap_cpu_fuzzy_full","cpu",4,4,42,0.0148496988250218,0.779486444806147,0.7208,"standard","cpu4","/Users/stefano/Documents/fastEmbedR-results/FashionMNIST/standard/cpu4/20260721_084502_1071179/stability_pairwise.csv"
"FashionMNIST","fastEmbedR_umap_cpu_fuzzy_full","cpu",4,17,42,0.0087297867509134,0.923790823283577,0.745066666666667,"standard","cpu4","/Users/stefano/Documents/fastEmbedR-results/FashionMNIST/standard/cpu4/20260721_084502_1071179/stability_pairwise.csv"
"FashionMNIST","fastEmbedR_umap_cpu_fuzzy_knn","cpu",4,4,17,0.0183174116567045,0.664472430198826,0.699466666666667,"standard","cpu4","/Users/stefano/Documents/fastEmbedR-results/FashionMNIST/standard/cpu4/20260721_084502_1071179/stability_pairwise.csv"
"FashionMNIST","fastEmbedR_umap_cpu_fuzzy_knn","cpu",4,4,42,0.0169483124020573,0.712754706722271,0.748866666666667,"standard","cpu4","/Users/stefano/Documents/fastEmbedR-results/FashionMNIST/standard/cpu4/20260721_084502_1071179/stability_pairwise.csv"
"FashionMNIST","fastEmbedR_umap_cpu_fuzzy_knn","cpu",4,17,42,0.0118975856695302,0.85844745523619,0.698666666666667,"standard","cpu4","/Users/stefano/Documents/fastEmbedR-results/FashionMNIST/standard/cpu4/20260721_084502_1071179/stability_pairwise.csv"
"FashionMNIST","KlugerLab_FItSNE","cpu",4,4,17,0.001802859755492,0.996749696702027,0.850933333333333,"standard","cpu4","/Users/stefano/Documents/fastEmbedR-results/FashionMNIST/standard/cpu4/20260721_084502_1071179/stability_pairwise.csv"
"FashionMNIST","KlugerLab_FItSNE","cpu",4,4,42,0.00159372003747984,0.997460056442135,0.858733333333333,"standard","cpu4","/Users/stefano/Documents/fastEmbedR-results/FashionMNIST/standard/cpu4/20260721_084502_1071179/stability_pairwise.csv"
"FashionMNIST","KlugerLab_FItSNE","cpu",4,17,42,0.00135092124358551,0.998175011793629,0.869433333333333,"standard","cpu4","/Users/stefano/Documents/fastEmbedR-results/FashionMNIST/standard/cpu4/20260721_084502_1071179/stability_pairwise.csv"
"FashionMNIST","Rtsne_full","cpu",4,4,17,0.0204401735689604,0.582199304470773,0.712933333333333,"standard","cpu4","/Users/stefano/Documents/fastEmbedR-results/FashionMNIST/standard/cpu4/20260721_084502_1071179/stability_pairwise.csv"
"FashionMNIST","Rtsne_full","cpu",4,4,42,0.0244921160186443,0.400136252929265,0.691966666666667,"standard","cpu4","/Users/stefano/Documents/fastEmbedR-results/FashionMNIST/standard/cpu4/20260721_084502_1071179/stability_pairwise.csv"
"FashionMNIST","Rtsne_full","cpu",4,17,42,0.0183618730835513,0.662841616863555,0.684766666666667,"standard","cpu4","/Users/stefano/Documents/fastEmbedR-results/FashionMNIST/standard/cpu4/20260721_084502_1071179/stability_pairwise.csv"
"FashionMNIST","Rtsne_neighbors","cpu",4,4,17,3.77615995914354e-18,1,1,"standard","cpu4","/Users/stefano/Documents/fastEmbedR-results/FashionMNIST/standard/cpu4/20260721_084502_1071179/stability_pairwise.csv"
"FashionMNIST","Rtsne_neighbors","cpu",4,4,42,3.77615995914354e-18,1,1,"standard","cpu4","/Users/stefano/Documents/fastEmbedR-results/FashionMNIST/standard/cpu4/20260721_084502_1071179/stability_pairwise.csv"
"FashionMNIST","Rtsne_neighbors","cpu",4,17,42,3.77615995914354e-18,1,1,"standard","cpu4","/Users/stefano/Documents/fastEmbedR-results/FashionMNIST/standard/cpu4/20260721_084502_1071179/stability_pairwise.csv"
"FashionMNIST","umap_package","cpu",4,4,17,0.00146560898880276,0.997851990291941,0.874866666666667,"standard","cpu4","/Users/stefano/Documents/fastEmbedR-results/FashionMNIST/standard/cpu4/20260721_084502_1071179/stability_pairwise.csv"
"FashionMNIST","umap_package","cpu",4,4,42,0.000875142295569452,0.999234125962505,0.8889,"standard","cpu4","/Users/stefano/Documents/fastEmbedR-results/FashionMNIST/standard/cpu4/20260721_084502_1071179/stability_pairwise.csv"
"FashionMNIST","umap_package","cpu",4,17,42,0.00168146577344263,0.997172672852741,0.872833333333333,"standard","cpu4","/Users/stefano/Documents/fastEmbedR-results/FashionMNIST/standard/cpu4/20260721_084502_1071179/stability_pairwise.csv"
"FashionMNIST","umap_package_knn","cpu",4,4,17,0.00136064359651672,0.998148649003258,0.873633333333333,"standard","cpu4","/Users/stefano/Documents/fastEmbedR-results/FashionMNIST/standard/cpu4/20260721_084502_1071179/stability_pairwise.csv"
"FashionMNIST","umap_package_knn","cpu",4,4,42,0.00281373303842386,0.992082906388482,0.824133333333333,"standard","cpu4","/Users/stefano/Documents/fastEmbedR-results/FashionMNIST/standard/cpu4/20260721_084502_1071179/stability_pairwise.csv"
"FashionMNIST","umap_package_knn","cpu",4,17,42,0.00286437464997065,0.991795357864605,0.8089,"standard","cpu4","/Users/stefano/Documents/fastEmbedR-results/FashionMNIST/standard/cpu4/20260721_084502_1071179/stability_pairwise.csv"
"FashionMNIST","uwot_default","cpu",4,4,17,0.00194910356287522,0.996200995301187,0.873266666666667,"standard","cpu4","/Users/stefano/Documents/fastEmbedR-results/FashionMNIST/standard/cpu4/20260721_084502_1071179/stability_pairwise.csv"
"FashionMNIST","uwot_default","cpu",4,4,42,0.00145544250613529,0.997881687111335,0.8598,"standard","cpu4","/Users/stefano/Documents/fastEmbedR-results/FashionMNIST/standard/cpu4/20260721_084502_1071179/stability_pairwise.csv"
"FashionMNIST","uwot_default","cpu",4,17,42,0.00137475899537426,0.998110037704638,0.863066666666667,"standard","cpu4","/Users/stefano/Documents/fastEmbedR-results/FashionMNIST/standard/cpu4/20260721_084502_1071179/stability_pairwise.csv"
"FashionMNIST","uwot_fast_sgd","cpu",4,4,17,0.000938782996412162,0.999118686485647,0.8798,"standard","cpu4","/Users/stefano/Documents/fastEmbedR-results/FashionMNIST/standard/cpu4/20260721_084502_1071179/stability_pairwise.csv"
"FashionMNIST","uwot_fast_sgd","cpu",4,4,42,0.000793700867930692,0.999370038932246,0.875266666666667,"standard","cpu4","/Users/stefano/Documents/fastEmbedR-results/FashionMNIST/standard/cpu4/20260721_084502_1071179/stability_pairwise.csv"
"FashionMNIST","uwot_fast_sgd","cpu",4,17,42,0.000700189755075328,0.999509734306887,0.8739,"standard","cpu4","/Users/stefano/Documents/fastEmbedR-results/FashionMNIST/standard/cpu4/20260721_084502_1071179/stability_pairwise.csv"
"FashionMNIST","uwot_knn","cpu",4,4,17,0.00113120662430344,0.998720371573132,0.8714,"standard","cpu4","/Users/stefano/Documents/fastEmbedR-results/FashionMNIST/standard/cpu4/20260721_084502_1071179/stability_pairwise.csv"
"FashionMNIST","uwot_knn","cpu",4,4,42,0.00127867875497713,0.99836498064157,0.8819,"standard","cpu4","/Users/stefano/Documents/fastEmbedR-results/FashionMNIST/standard/cpu4/20260721_084502_1071179/stability_pairwise.csv"
"FashionMNIST","uwot_knn","cpu",4,17,42,0.00151786872621501,0.997696074529978,0.862,"standard","cpu4","/Users/stefano/Documents/fastEmbedR-results/FashionMNIST/standard/cpu4/20260721_084502_1071179/stability_pairwise.csv"
"FashionMNIST","fastEmbedR_opentsne_cuda_full","cuda",1,4,17,0.0011430056731058,0.998693538031248,0.9108,"standard","cuda","/Users/stefano/Documents/fastEmbedR-results/FashionMNIST/standard/cuda/20260721_193104_1071190/stability_pairwise.csv"
"FashionMNIST","fastEmbedR_opentsne_cuda_full","cuda",1,4,42,0.00116669846220159,0.998638814698296,0.909533333333333,"standard","cuda","/Users/stefano/Documents/fastEmbedR-results/FashionMNIST/standard/cuda/20260721_193104_1071190/stability_pairwise.csv"
"FashionMNIST","fastEmbedR_opentsne_cuda_full","cuda",1,17,42,0.000987152024226175,0.999025530881066,0.918,"standard","cuda","/Users/stefano/Documents/fastEmbedR-results/FashionMNIST/standard/cuda/20260721_193104_1071190/stability_pairwise.csv"
"FashionMNIST","fastEmbedR_opentsne_cuda_knn","cuda",1,4,17,0.000514183285546812,0.999735615548864,0.959933333333333,"standard","cuda","/Users/stefano/Documents/fastEmbedR-results/FashionMNIST/standard/cuda/20260721_193104_1071190/stability_pairwise.csv"
"FashionMNIST","fastEmbedR_opentsne_cuda_knn","cuda",1,4,42,0.00149519514984034,0.997764391463894,0.895266666666667,"standard","cuda","/Users/stefano/Documents/fastEmbedR-results/FashionMNIST/standard/cuda/20260721_193104_1071190/stability_pairwise.csv"
"FashionMNIST","fastEmbedR_opentsne_cuda_knn","cuda",1,17,42,0.00146143353892766,0.997864212011297,0.900333333333333,"standard","cuda","/Users/stefano/Documents/fastEmbedR-results/FashionMNIST/standard/cuda/20260721_193104_1071190/stability_pairwise.csv"
"FashionMNIST","fastEmbedR_umap_cuda_binary_full","cuda",1,4,17,0.014039762800628,0.802885060502102,0.721733333333333,"standard","cuda","/Users/stefano/Documents/fastEmbedR-results/FashionMNIST/standard/cuda/20260721_193104_1071190/stability_pairwise.csv"
"FashionMNIST","fastEmbedR_umap_cuda_binary_full","cuda",1,4,42,0.0132854385818055,0.823497121689075,0.845833333333333,"standard","cuda","/Users/stefano/Documents/fastEmbedR-results/FashionMNIST/standard/cuda/20260721_193104_1071190/stability_pairwise.csv"
"FashionMNIST","fastEmbedR_umap_cuda_binary_full","cuda",1,17,42,0.0102406342685041,0.89512940977874,0.7284,"standard","cuda","/Users/stefano/Documents/fastEmbedR-results/FashionMNIST/standard/cuda/20260721_193104_1071190/stability_pairwise.csv"
"FashionMNIST","fastEmbedR_umap_cuda_binary_knn","cuda",1,4,17,0.00148879809641055,0.997783480228124,0.856666666666667,"standard","cuda","/Users/stefano/Documents/fastEmbedR-results/FashionMNIST/standard/cuda/20260721_193104_1071190/stability_pairwise.csv"
"FashionMNIST","fastEmbedR_umap_cuda_binary_knn","cuda",1,4,42,0.00393254845982221,0.98453506261115,0.802233333333333,"standard","cuda","/Users/stefano/Documents/fastEmbedR-results/FashionMNIST/standard/cuda/20260721_193104_1071190/stability_pairwise.csv"
"FashionMNIST","fastEmbedR_umap_cuda_binary_knn","cuda",1,17,42,0.00413928751172075,0.982866298895312,0.807,"standard","cuda","/Users/stefano/Documents/fastEmbedR-results/FashionMNIST/standard/cuda/20260721_193104_1071190/stability_pairwise.csv"
"FashionMNIST","fastEmbedR_umap_cuda_fuzzy_full","cuda",1,4,17,0.0217373805782511,0.527486285596271,0.753566666666667,"standard","cuda","/Users/stefano/Documents/fastEmbedR-results/FashionMNIST/standard/cuda/20260721_193104_1071190/stability_pairwise.csv"
"FashionMNIST","fastEmbedR_umap_cuda_fuzzy_full","cuda",1,4,42,0.0213810627444463,0.542850155918048,0.7851,"standard","cuda","/Users/stefano/Documents/fastEmbedR-results/FashionMNIST/standard/cuda/20260721_193104_1071190/stability_pairwise.csv"
"FashionMNIST","fastEmbedR_umap_cuda_fuzzy_full","cuda",1,17,42,0.0246100288828444,0.394346478385565,0.7639,"standard","cuda","/Users/stefano/Documents/fastEmbedR-results/FashionMNIST/standard/cuda/20260721_193104_1071190/stability_pairwise.csv"
"FashionMNIST","fastEmbedR_umap_cuda_fuzzy_knn","cuda",1,4,17,0.0164441983840345,0.729588339506516,0.821366666666667,"standard","cuda","/Users/stefano/Documents/fastEmbedR-results/FashionMNIST/standard/cuda/20260721_193104_1071190/stability_pairwise.csv"
"FashionMNIST","fastEmbedR_umap_cuda_fuzzy_knn","cuda",1,4,42,0.012525501697499,0.843111807225951,0.8258,"standard","cuda","/Users/stefano/Documents/fastEmbedR-results/FashionMNIST/standard/cuda/20260721_193104_1071190/stability_pairwise.csv"
"FashionMNIST","fastEmbedR_umap_cuda_fuzzy_knn","cuda",1,17,42,0.00968676115884872,0.90616665825142,0.873966666666667,"standard","cuda","/Users/stefano/Documents/fastEmbedR-results/FashionMNIST/standard/cuda/20260721_193104_1071190/stability_pairwise.csv"
"FlowRepository_FR-FCM-ZYRM_files","fastEmbedR_opentsne_cuda_full","cuda",1,4,17,0.000984477931784454,0.999030803201829,0.924266666666667,"landmark","cuda","/Users/stefano/Documents/fastEmbedR-results/FlowRepository_FR-FCM-ZYRM_files/landmark/cuda/20260726_111146_1117522/stability_pairwise.csv"
"FlowRepository_FR-FCM-ZYRM_files","fastEmbedR_opentsne_cuda_full","cuda",1,4,42,0.00108184830973968,0.998829604234713,0.915533333333333,"landmark","cuda","/Users/stefano/Documents/fastEmbedR-results/FlowRepository_FR-FCM-ZYRM_files/landmark/cuda/20260726_111146_1117522/stability_pairwise.csv"
"FlowRepository_FR-FCM-ZYRM_files","fastEmbedR_opentsne_cuda_full","cuda",1,17,42,0.000851747929828328,0.999274525464033,0.9232,"landmark","cuda","/Users/stefano/Documents/fastEmbedR-results/FlowRepository_FR-FCM-ZYRM_files/landmark/cuda/20260726_111146_1117522/stability_pairwise.csv"
"FlowRepository_FR-FCM-ZYRM_files","fastEmbedR_opentsne_cuda_landmark","cuda",1,4,17,0.0031684513674809,0.989960915931908,0.5909,"landmark","cuda","/Users/stefano/Documents/fastEmbedR-results/FlowRepository_FR-FCM-ZYRM_files/landmark/cuda/20260726_111146_1117522/stability_pairwise.csv"
"FlowRepository_FR-FCM-ZYRM_files","fastEmbedR_opentsne_cuda_landmark","cuda",1,4,42,0.0029867477778679,0.991079337711401,0.570733333333333,"landmark","cuda","/Users/stefano/Documents/fastEmbedR-results/FlowRepository_FR-FCM-ZYRM_files/landmark/cuda/20260726_111146_1117522/stability_pairwise.csv"
"FlowRepository_FR-FCM-ZYRM_files","fastEmbedR_opentsne_cuda_landmark","cuda",1,17,42,0.00270201461929967,0.992699116997091,0.593466666666667,"landmark","cuda","/Users/stefano/Documents/fastEmbedR-results/FlowRepository_FR-FCM-ZYRM_files/landmark/cuda/20260726_111146_1117522/stability_pairwise.csv"
"FlowRepository_FR-FCM-ZYRM_files","fastEmbedR_umap_cuda_binary_full","cuda",1,4,17,0.0224700724485149,0.49509584415849,0.863166666666667,"landmark","cuda","/Users/stefano/Documents/fastEmbedR-results/FlowRepository_FR-FCM-ZYRM_files/landmark/cuda/20260726_111146_1117522/stability_pairwise.csv"
"FlowRepository_FR-FCM-ZYRM_files","fastEmbedR_umap_cuda_binary_full","cuda",1,4,42,0.0224290038670289,0.496939785532801,0.8083,"landmark","cuda","/Users/stefano/Documents/fastEmbedR-results/FlowRepository_FR-FCM-ZYRM_files/landmark/cuda/20260726_111146_1117522/stability_pairwise.csv"
"FlowRepository_FR-FCM-ZYRM_files","fastEmbedR_umap_cuda_binary_full","cuda",1,17,42,0.0151224213542252,0.771312372385273,0.818566666666667,"landmark","cuda","/Users/stefano/Documents/fastEmbedR-results/FlowRepository_FR-FCM-ZYRM_files/landmark/cuda/20260726_111146_1117522/stability_pairwise.csv"
"FlowRepository_FR-FCM-ZYRM_files","fastEmbedR_umap_cuda_binary_landmark","cuda",1,4,17,0.0267686996940902,0.283436716687614,0.5953,"landmark","cuda","/Users/stefano/Documents/fastEmbedR-results/FlowRepository_FR-FCM-ZYRM_files/landmark/cuda/20260726_111146_1117522/stability_pairwise.csv"
"FlowRepository_FR-FCM-ZYRM_files","fastEmbedR_umap_cuda_binary_landmark","cuda",1,4,42,0.0178842813355376,0.680152481111341,0.6122,"landmark","cuda","/Users/stefano/Documents/fastEmbedR-results/FlowRepository_FR-FCM-ZYRM_files/landmark/cuda/20260726_111146_1117522/stability_pairwise.csv"
"FlowRepository_FR-FCM-ZYRM_files","fastEmbedR_umap_cuda_binary_landmark","cuda",1,17,42,0.0244386664764983,0.402751580850476,0.600033333333333,"landmark","cuda","/Users/stefano/Documents/fastEmbedR-results/FlowRepository_FR-FCM-ZYRM_files/landmark/cuda/20260726_111146_1117522/stability_pairwise.csv"
"FlowRepository_FR-FCM-ZYRM_files","fastEmbedR_opentsne_cuda_full","cuda",1,4,17,0.00102801804581353,0.998943178897482,0.9226,"standard","cuda","/Users/stefano/Documents/fastEmbedR-results/FlowRepository_FR-FCM-ZYRM_files/standard/cuda/20260721_193418_1071192/stability_pairwise.csv"
"FlowRepository_FR-FCM-ZYRM_files","fastEmbedR_opentsne_cuda_full","cuda",1,4,42,0.000896086575387135,0.999197028849411,0.924466666666667,"standard","cuda","/Users/stefano/Documents/fastEmbedR-results/FlowRepository_FR-FCM-ZYRM_files/standard/cuda/20260721_193418_1071192/stability_pairwise.csv"
"FlowRepository_FR-FCM-ZYRM_files","fastEmbedR_opentsne_cuda_full","cuda",1,17,42,0.000880238445018355,0.999225180279911,0.930566666666667,"standard","cuda","/Users/stefano/Documents/fastEmbedR-results/FlowRepository_FR-FCM-ZYRM_files/standard/cuda/20260721_193418_1071192/stability_pairwise.csv"
"FlowRepository_FR-FCM-ZYRM_files","fastEmbedR_opentsne_cuda_knn","cuda",1,4,17,0.000799111390184192,0.999361420986078,0.935233333333333,"standard","cuda","/Users/stefano/Documents/fastEmbedR-results/FlowRepository_FR-FCM-ZYRM_files/standard/cuda/20260721_193418_1071192/stability_pairwise.csv"
"FlowRepository_FR-FCM-ZYRM_files","fastEmbedR_opentsne_cuda_knn","cuda",1,4,42,0.000757887613949174,0.999425606364622,0.9339,"standard","cuda","/Users/stefano/Documents/fastEmbedR-results/FlowRepository_FR-FCM-ZYRM_files/standard/cuda/20260721_193418_1071192/stability_pairwise.csv"
"FlowRepository_FR-FCM-ZYRM_files","fastEmbedR_opentsne_cuda_knn","cuda",1,17,42,0.00063477607979079,0.999597059328525,0.940866666666667,"standard","cuda","/Users/stefano/Documents/fastEmbedR-results/FlowRepository_FR-FCM-ZYRM_files/standard/cuda/20260721_193418_1071192/stability_pairwise.csv"
"FlowRepository_FR-FCM-ZYRM_files","fastEmbedR_umap_cuda_binary_full","cuda",1,4,17,0.0230183957093008,0.470153458970044,0.853633333333333,"standard","cuda","/Users/stefano/Documents/fastEmbedR-results/FlowRepository_FR-FCM-ZYRM_files/standard/cuda/20260721_193418_1071192/stability_pairwise.csv"
"FlowRepository_FR-FCM-ZYRM_files","fastEmbedR_umap_cuda_binary_full","cuda",1,4,42,0.0229415503934412,0.473685265545198,0.832666666666667,"standard","cuda","/Users/stefano/Documents/fastEmbedR-results/FlowRepository_FR-FCM-ZYRM_files/standard/cuda/20260721_193418_1071192/stability_pairwise.csv"
"FlowRepository_FR-FCM-ZYRM_files","fastEmbedR_umap_cuda_binary_full","cuda",1,17,42,0.0153340448511281,0.764867068503593,0.859733333333333,"standard","cuda","/Users/stefano/Documents/fastEmbedR-results/FlowRepository_FR-FCM-ZYRM_files/standard/cuda/20260721_193418_1071192/stability_pairwise.csv"
"FlowRepository_FR-FCM-ZYRM_files","fastEmbedR_umap_cuda_binary_knn","cuda",1,4,17,0.0135583062506218,0.816172331614348,0.732566666666667,"standard","cuda","/Users/stefano/Documents/fastEmbedR-results/FlowRepository_FR-FCM-ZYRM_files/standard/cuda/20260721_193418_1071192/stability_pairwise.csv"
"FlowRepository_FR-FCM-ZYRM_files","fastEmbedR_umap_cuda_binary_knn","cuda",1,4,42,0.0193717357429066,0.624735854306996,0.7366,"standard","cuda","/Users/stefano/Documents/fastEmbedR-results/FlowRepository_FR-FCM-ZYRM_files/standard/cuda/20260721_193418_1071192/stability_pairwise.csv"
"FlowRepository_FR-FCM-ZYRM_files","fastEmbedR_umap_cuda_binary_knn","cuda",1,17,42,0.0193692848553715,0.624830804191476,0.687466666666667,"standard","cuda","/Users/stefano/Documents/fastEmbedR-results/FlowRepository_FR-FCM-ZYRM_files/standard/cuda/20260721_193418_1071192/stability_pairwise.csv"
"FlowRepository_FR-FCM-ZYRM_files","fastEmbedR_umap_cuda_fuzzy_full","cuda",1,4,17,0.0275767837771951,0.239520996505827,0.808233333333333,"standard","cuda","/Users/stefano/Documents/fastEmbedR-results/FlowRepository_FR-FCM-ZYRM_files/standard/cuda/20260721_193418_1071192/stability_pairwise.csv"
"FlowRepository_FR-FCM-ZYRM_files","fastEmbedR_umap_cuda_fuzzy_full","cuda",1,4,42,0.0264441332571637,0.300707816277369,0.802866666666667,"standard","cuda","/Users/stefano/Documents/fastEmbedR-results/FlowRepository_FR-FCM-ZYRM_files/standard/cuda/20260721_193418_1071192/stability_pairwise.csv"
"FlowRepository_FR-FCM-ZYRM_files","fastEmbedR_umap_cuda_fuzzy_full","cuda",1,17,42,0.0254347568635382,0.353073143292694,0.8048,"standard","cuda","/Users/stefano/Documents/fastEmbedR-results/FlowRepository_FR-FCM-ZYRM_files/standard/cuda/20260721_193418_1071192/stability_pairwise.csv"
"FlowRepository_FR-FCM-ZYRM_files","fastEmbedR_umap_cuda_fuzzy_knn","cuda",1,4,17,0.0220463423305741,0.513958789843137,0.743933333333333,"standard","cuda","/Users/stefano/Documents/fastEmbedR-results/FlowRepository_FR-FCM-ZYRM_files/standard/cuda/20260721_193418_1071192/stability_pairwise.csv"
"FlowRepository_FR-FCM-ZYRM_files","fastEmbedR_umap_cuda_fuzzy_knn","cuda",1,4,42,0.0256217466903336,0.343526096536378,0.763066666666667,"standard","cuda","/Users/stefano/Documents/fastEmbedR-results/FlowRepository_FR-FCM-ZYRM_files/standard/cuda/20260721_193418_1071192/stability_pairwise.csv"
"FlowRepository_FR-FCM-ZYRM_files","fastEmbedR_umap_cuda_fuzzy_knn","cuda",1,17,42,0.0231960986629267,0.46194100681977,0.787666666666667,"standard","cuda","/Users/stefano/Documents/fastEmbedR-results/FlowRepository_FR-FCM-ZYRM_files/standard/cuda/20260721_193418_1071192/stability_pairwise.csv"
"MNIST","fastEmbedR_opentsne_cpu_full","cpu",1,4,17,0.00165897861305185,0.997247789961437,0.893466666666667,"landmark","cpu1","/Users/stefano/Documents/fastEmbedR-results/MNIST/landmark/cpu1/20260726_110549_1117505/stability_pairwise.csv"
"MNIST","fastEmbedR_opentsne_cpu_full","cpu",1,4,42,0.00142659836846679,0.997964817095088,0.921133333333333,"landmark","cpu1","/Users/stefano/Documents/fastEmbedR-results/MNIST/landmark/cpu1/20260726_110549_1117505/stability_pairwise.csv"
"MNIST","fastEmbedR_opentsne_cpu_full","cpu",1,17,42,0.000821505678975017,0.999325128419412,0.932033333333333,"landmark","cpu1","/Users/stefano/Documents/fastEmbedR-results/MNIST/landmark/cpu1/20260726_110549_1117505/stability_pairwise.csv"
"MNIST","fastEmbedR_opentsne_cpu_landmark","cpu",1,4,17,0.0078231829426943,0.938797808645137,0.393133333333333,"landmark","cpu1","/Users/stefano/Documents/fastEmbedR-results/MNIST/landmark/cpu1/20260726_110549_1117505/stability_pairwise.csv"
"MNIST","fastEmbedR_opentsne_cpu_landmark","cpu",1,4,42,0.00719169880346923,0.948279468320179,0.385566666666667,"landmark","cpu1","/Users/stefano/Documents/fastEmbedR-results/MNIST/landmark/cpu1/20260726_110549_1117505/stability_pairwise.csv"
"MNIST","fastEmbedR_opentsne_cpu_landmark","cpu",1,17,42,0.00842428754469717,0.92903137936426,0.3955,"landmark","cpu1","/Users/stefano/Documents/fastEmbedR-results/MNIST/landmark/cpu1/20260726_110549_1117505/stability_pairwise.csv"
"MNIST","fastEmbedR_umap_cpu_binary_full","cpu",1,4,17,0.0180738755899648,0.673335021158475,0.828666666666667,"landmark","cpu1","/Users/stefano/Documents/fastEmbedR-results/MNIST/landmark/cpu1/20260726_110549_1117505/stability_pairwise.csv"
"MNIST","fastEmbedR_umap_cpu_binary_full","cpu",1,4,42,0.0161777316183335,0.738280999685171,0.832866666666667,"landmark","cpu1","/Users/stefano/Documents/fastEmbedR-results/MNIST/landmark/cpu1/20260726_110549_1117505/stability_pairwise.csv"
"MNIST","fastEmbedR_umap_cpu_binary_full","cpu",1,17,42,0.0144752118318403,0.790468242423351,0.837966666666667,"landmark","cpu1","/Users/stefano/Documents/fastEmbedR-results/MNIST/landmark/cpu1/20260726_110549_1117505/stability_pairwise.csv"
"MNIST","fastEmbedR_umap_cpu_binary_landmark","cpu",1,4,17,0.00955891116216488,0.908627217393839,0.444333333333333,"landmark","cpu1","/Users/stefano/Documents/fastEmbedR-results/MNIST/landmark/cpu1/20260726_110549_1117505/stability_pairwise.csv"
"MNIST","fastEmbedR_umap_cpu_binary_landmark","cpu",1,4,42,0.0109866201380638,0.879294177941892,0.4312,"landmark","cpu1","/Users/stefano/Documents/fastEmbedR-results/MNIST/landmark/cpu1/20260726_110549_1117505/stability_pairwise.csv"
"MNIST","fastEmbedR_umap_cpu_binary_landmark","cpu",1,17,42,0.0122319043313716,0.850380516428173,0.437333333333333,"landmark","cpu1","/Users/stefano/Documents/fastEmbedR-results/MNIST/landmark/cpu1/20260726_110549_1117505/stability_pairwise.csv"
"MNIST","fastEmbedR_opentsne_cpu_full","cpu",4,4,17,0.000825372549254172,0.999318760154938,0.9286,"landmark","cpu4","/Users/stefano/Documents/fastEmbedR-results/MNIST/landmark/cpu4/20260726_110110_1117516/stability_pairwise.csv"
"MNIST","fastEmbedR_opentsne_cpu_full","cpu",4,4,42,0.000598180188739479,0.9996421804618,0.952666666666667,"landmark","cpu4","/Users/stefano/Documents/fastEmbedR-results/MNIST/landmark/cpu4/20260726_110110_1117516/stability_pairwise.csv"
"MNIST","fastEmbedR_opentsne_cpu_full","cpu",4,17,42,0.000713989834452526,0.999490218516298,0.935733333333333,"landmark","cpu4","/Users/stefano/Documents/fastEmbedR-results/MNIST/landmark/cpu4/20260726_110110_1117516/stability_pairwise.csv"
"MNIST","fastEmbedR_opentsne_cpu_landmark","cpu",4,4,17,0.00852312603031329,0.927356322671396,0.398866666666667,"landmark","cpu4","/Users/stefano/Documents/fastEmbedR-results/MNIST/landmark/cpu4/20260726_110110_1117516/stability_pairwise.csv"
"MNIST","fastEmbedR_opentsne_cpu_landmark","cpu",4,4,42,0.00688390913047712,0.952611795083334,0.390066666666667,"landmark","cpu4","/Users/stefano/Documents/fastEmbedR-results/MNIST/landmark/cpu4/20260726_110110_1117516/stability_pairwise.csv"
"MNIST","fastEmbedR_opentsne_cpu_landmark","cpu",4,17,42,0.00943603187567716,0.910961302441204,0.394933333333333,"landmark","cpu4","/Users/stefano/Documents/fastEmbedR-results/MNIST/landmark/cpu4/20260726_110110_1117516/stability_pairwise.csv"
"MNIST","fastEmbedR_umap_cpu_binary_full","cpu",4,4,17,0.018180087141541,0.669484431525976,0.853933333333333,"landmark","cpu4","/Users/stefano/Documents/fastEmbedR-results/MNIST/landmark/cpu4/20260726_110110_1117516/stability_pairwise.csv"
"MNIST","fastEmbedR_umap_cpu_binary_full","cpu",4,4,42,0.0163596882120346,0.732360601605016,0.756533333333333,"landmark","cpu4","/Users/stefano/Documents/fastEmbedR-results/MNIST/landmark/cpu4/20260726_110110_1117516/stability_pairwise.csv"
"MNIST","fastEmbedR_umap_cpu_binary_full","cpu",4,17,42,0.0140245147254936,0.803312986714414,0.782233333333333,"landmark","cpu4","/Users/stefano/Documents/fastEmbedR-results/MNIST/landmark/cpu4/20260726_110110_1117516/stability_pairwise.csv"
"MNIST","fastEmbedR_umap_cpu_binary_landmark","cpu",4,4,17,0.0100750664203096,0.89849303662635,0.4296,"landmark","cpu4","/Users/stefano/Documents/fastEmbedR-results/MNIST/landmark/cpu4/20260726_110110_1117516/stability_pairwise.csv"
"MNIST","fastEmbedR_umap_cpu_binary_landmark","cpu",4,4,42,0.0105911884500618,0.887826727215278,0.4137,"landmark","cpu4","/Users/stefano/Documents/fastEmbedR-results/MNIST/landmark/cpu4/20260726_110110_1117516/stability_pairwise.csv"
"MNIST","fastEmbedR_umap_cpu_binary_landmark","cpu",4,17,42,0.0118830073577795,0.858794136134958,0.4272,"landmark","cpu4","/Users/stefano/Documents/fastEmbedR-results/MNIST/landmark/cpu4/20260726_110110_1117516/stability_pairwise.csv"
"MNIST","fastEmbedR_opentsne_cuda_full","cuda",1,4,17,0.000642950461954337,0.999586614703473,0.951733333333333,"landmark","cuda","/Users/stefano/Documents/fastEmbedR-results/MNIST/landmark/cuda/20260726_111421_1117527/stability_pairwise.csv"
"MNIST","fastEmbedR_opentsne_cuda_full","cuda",1,4,42,0.000477899709299471,0.999771611867851,0.955566666666667,"landmark","cuda","/Users/stefano/Documents/fastEmbedR-results/MNIST/landmark/cuda/20260726_111421_1117527/stability_pairwise.csv"
"MNIST","fastEmbedR_opentsne_cuda_full","cuda",1,17,42,0.000661594654496277,0.999562292513142,0.958933333333333,"landmark","cuda","/Users/stefano/Documents/fastEmbedR-results/MNIST/landmark/cuda/20260726_111421_1117527/stability_pairwise.csv"
"MNIST","fastEmbedR_opentsne_cuda_landmark","cuda",1,4,17,0.00883496437727917,0.921943404452208,0.399566666666667,"landmark","cuda","/Users/stefano/Documents/fastEmbedR-results/MNIST/landmark/cuda/20260726_111421_1117527/stability_pairwise.csv"
"MNIST","fastEmbedR_opentsne_cuda_landmark","cuda",1,4,42,0.00659375539999531,0.956522389725033,0.3966,"landmark","cuda","/Users/stefano/Documents/fastEmbedR-results/MNIST/landmark/cuda/20260726_111421_1117527/stability_pairwise.csv"
"MNIST","fastEmbedR_opentsne_cuda_landmark","cuda",1,17,42,0.00920064813507225,0.915348073894591,0.3996,"landmark","cuda","/Users/stefano/Documents/fastEmbedR-results/MNIST/landmark/cuda/20260726_111421_1117527/stability_pairwise.csv"
"MNIST","fastEmbedR_umap_cuda_binary_full","cuda",1,4,17,0.0134445533907277,0.819243984123872,0.811866666666667,"landmark","cuda","/Users/stefano/Documents/fastEmbedR-results/MNIST/landmark/cuda/20260726_111421_1117527/stability_pairwise.csv"
"MNIST","fastEmbedR_umap_cuda_binary_full","cuda",1,4,42,0.0128916542314338,0.833805251177156,0.827,"landmark","cuda","/Users/stefano/Documents/fastEmbedR-results/MNIST/landmark/cuda/20260726_111421_1117527/stability_pairwise.csv"
"MNIST","fastEmbedR_umap_cuda_binary_full","cuda",1,17,42,0.00730358196849284,0.946657690429506,0.7923,"landmark","cuda","/Users/stefano/Documents/fastEmbedR-results/MNIST/landmark/cuda/20260726_111421_1117527/stability_pairwise.csv"
"MNIST","fastEmbedR_umap_cuda_binary_landmark","cuda",1,4,17,0.0245253089455094,0.398509221127315,0.437933333333333,"landmark","cuda","/Users/stefano/Documents/fastEmbedR-results/MNIST/landmark/cuda/20260726_111421_1117527/stability_pairwise.csv"
"MNIST","fastEmbedR_umap_cuda_binary_landmark","cuda",1,4,42,0.0244700433480829,0.401216978542942,0.431266666666667,"landmark","cuda","/Users/stefano/Documents/fastEmbedR-results/MNIST/landmark/cuda/20260726_111421_1117527/stability_pairwise.csv"
"MNIST","fastEmbedR_umap_cuda_binary_landmark","cuda",1,17,42,0.0142050414533968,0.79821679730728,0.443266666666667,"landmark","cuda","/Users/stefano/Documents/fastEmbedR-results/MNIST/landmark/cuda/20260726_111421_1117527/stability_pairwise.csv"
"MNIST","fastEmbedR_opentsne_cpu_full","cpu",1,4,17,0.00165897861305185,0.997247789961437,0.893466666666667,"standard","cpu1","/Users/stefano/Documents/fastEmbedR-results/MNIST/standard/cpu1/20260721_084502_1071175/stability_pairwise.csv"
"MNIST","fastEmbedR_opentsne_cpu_full","cpu",1,4,42,0.00142659836846679,0.997964817095088,0.921133333333333,"standard","cpu1","/Users/stefano/Documents/fastEmbedR-results/MNIST/standard/cpu1/20260721_084502_1071175/stability_pairwise.csv"
"MNIST","fastEmbedR_opentsne_cpu_full","cpu",1,17,42,0.000821505678975017,0.999325128419412,0.932033333333333,"standard","cpu1","/Users/stefano/Documents/fastEmbedR-results/MNIST/standard/cpu1/20260721_084502_1071175/stability_pairwise.csv"
"MNIST","fastEmbedR_opentsne_cpu_knn","cpu",1,4,17,8.19934947883027e-18,1,1,"standard","cpu1","/Users/stefano/Documents/fastEmbedR-results/MNIST/standard/cpu1/20260721_084502_1071175/stability_pairwise.csv"
"MNIST","fastEmbedR_opentsne_cpu_knn","cpu",1,4,42,8.19934947883027e-18,1,1,"standard","cpu1","/Users/stefano/Documents/fastEmbedR-results/MNIST/standard/cpu1/20260721_084502_1071175/stability_pairwise.csv"
"MNIST","fastEmbedR_opentsne_cpu_knn","cpu",1,17,42,8.19934947883027e-18,1,1,"standard","cpu1","/Users/stefano/Documents/fastEmbedR-results/MNIST/standard/cpu1/20260721_084502_1071175/stability_pairwise.csv"
"MNIST","fastEmbedR_umap_cpu_binary_full","cpu",1,4,17,0.0180738755899648,0.673335021158475,0.828666666666667,"standard","cpu1","/Users/stefano/Documents/fastEmbedR-results/MNIST/standard/cpu1/20260721_084502_1071175/stability_pairwise.csv"
"MNIST","fastEmbedR_umap_cpu_binary_full","cpu",1,4,42,0.0161777316183335,0.738280999685171,0.832866666666667,"standard","cpu1","/Users/stefano/Documents/fastEmbedR-results/MNIST/standard/cpu1/20260721_084502_1071175/stability_pairwise.csv"
"MNIST","fastEmbedR_umap_cpu_binary_full","cpu",1,17,42,0.0144752118318403,0.790468242423351,0.837966666666667,"standard","cpu1","/Users/stefano/Documents/fastEmbedR-results/MNIST/standard/cpu1/20260721_084502_1071175/stability_pairwise.csv"
"MNIST","fastEmbedR_umap_cpu_binary_knn","cpu",1,4,17,0.0180738755899648,0.673335021158475,0.828666666666667,"standard","cpu1","/Users/stefano/Documents/fastEmbedR-results/MNIST/standard/cpu1/20260721_084502_1071175/stability_pairwise.csv"
"MNIST","fastEmbedR_umap_cpu_binary_knn","cpu",1,4,42,0.0161777316183335,0.738280999685171,0.832866666666667,"standard","cpu1","/Users/stefano/Documents/fastEmbedR-results/MNIST/standard/cpu1/20260721_084502_1071175/stability_pairwise.csv"
"MNIST","fastEmbedR_umap_cpu_binary_knn","cpu",1,17,42,0.0144752118318403,0.790468242423351,0.837966666666667,"standard","cpu1","/Users/stefano/Documents/fastEmbedR-results/MNIST/standard/cpu1/20260721_084502_1071175/stability_pairwise.csv"
"MNIST","fastEmbedR_umap_cpu_fuzzy_full","cpu",1,4,17,0.0247486393344638,0.38750485109263,0.852533333333333,"standard","cpu1","/Users/stefano/Documents/fastEmbedR-results/MNIST/standard/cpu1/20260721_084502_1071175/stability_pairwise.csv"
"MNIST","fastEmbedR_umap_cpu_fuzzy_full","cpu",1,4,42,0.022026401276684,0.514837646798494,0.827433333333333,"standard","cpu1","/Users/stefano/Documents/fastEmbedR-results/MNIST/standard/cpu1/20260721_084502_1071175/stability_pairwise.csv"
"MNIST","fastEmbedR_umap_cpu_fuzzy_full","cpu",1,17,42,0.0166114882737081,0.724058457332457,0.839366666666667,"standard","cpu1","/Users/stefano/Documents/fastEmbedR-results/MNIST/standard/cpu1/20260721_084502_1071175/stability_pairwise.csv"
"MNIST","fastEmbedR_umap_cpu_fuzzy_knn","cpu",1,4,17,0.0247486393344638,0.38750485109263,0.852533333333333,"standard","cpu1","/Users/stefano/Documents/fastEmbedR-results/MNIST/standard/cpu1/20260721_084502_1071175/stability_pairwise.csv"
"MNIST","fastEmbedR_umap_cpu_fuzzy_knn","cpu",1,4,42,0.022026401276684,0.514837646798494,0.827433333333333,"standard","cpu1","/Users/stefano/Documents/fastEmbedR-results/MNIST/standard/cpu1/20260721_084502_1071175/stability_pairwise.csv"
"MNIST","fastEmbedR_umap_cpu_fuzzy_knn","cpu",1,17,42,0.0166114882737081,0.724058457332457,0.839366666666667,"standard","cpu1","/Users/stefano/Documents/fastEmbedR-results/MNIST/standard/cpu1/20260721_084502_1071175/stability_pairwise.csv"
"MNIST","KlugerLab_FItSNE","cpu",1,4,17,0.00205849214514659,0.99576261008837,0.812933333333333,"standard","cpu1","/Users/stefano/Documents/fastEmbedR-results/MNIST/standard/cpu1/20260721_084502_1071175/stability_pairwise.csv"
"MNIST","KlugerLab_FItSNE","cpu",1,4,42,0.00190020758203785,0.996389211145166,0.814466666666667,"standard","cpu1","/Users/stefano/Documents/fastEmbedR-results/MNIST/standard/cpu1/20260721_084502_1071175/stability_pairwise.csv"
"MNIST","KlugerLab_FItSNE","cpu",1,17,42,0.00227182934299261,0.994838791436318,0.798033333333333,"standard","cpu1","/Users/stefano/Documents/fastEmbedR-results/MNIST/standard/cpu1/20260721_084502_1071175/stability_pairwise.csv"
"MNIST","Rtsne_full","cpu",1,4,17,0.0256343490500589,0.342880148779747,0.672966666666667,"standard","cpu1","/Users/stefano/Documents/fastEmbedR-results/MNIST/standard/cpu1/20260721_084502_1071175/stability_pairwise.csv"
"MNIST","Rtsne_full","cpu",1,4,42,0.015831741831109,0.749355950593114,0.7342,"standard","cpu1","/Users/stefano/Documents/fastEmbedR-results/MNIST/standard/cpu1/20260721_084502_1071175/stability_pairwise.csv"
"MNIST","Rtsne_full","cpu",1,17,42,0.0224111598113952,0.497739915908102,0.695833333333333,"standard","cpu1","/Users/stefano/Documents/fastEmbedR-results/MNIST/standard/cpu1/20260721_084502_1071175/stability_pairwise.csv"
"MNIST","Rtsne_neighbors","cpu",1,4,17,8.04683930272874e-18,1,1,"standard","cpu1","/Users/stefano/Documents/fastEmbedR-results/MNIST/standard/cpu1/20260721_084502_1071175/stability_pairwise.csv"
"MNIST","Rtsne_neighbors","cpu",1,4,42,8.04683930272874e-18,1,1,"standard","cpu1","/Users/stefano/Documents/fastEmbedR-results/MNIST/standard/cpu1/20260721_084502_1071175/stability_pairwise.csv"
"MNIST","Rtsne_neighbors","cpu",1,17,42,8.04683930272874e-18,1,1,"standard","cpu1","/Users/stefano/Documents/fastEmbedR-results/MNIST/standard/cpu1/20260721_084502_1071175/stability_pairwise.csv"
"MNIST","umap_package_knn","cpu",1,4,17,0.00228838659505548,0.99476328679157,0.8434,"standard","cpu1","/Users/stefano/Documents/fastEmbedR-results/MNIST/standard/cpu1/20260721_084502_1071175/stability_pairwise.csv"
"MNIST","umap_package_knn","cpu",1,4,42,0.00283764117950885,0.991947792536356,0.869466666666667,"standard","cpu1","/Users/stefano/Documents/fastEmbedR-results/MNIST/standard/cpu1/20260721_084502_1071175/stability_pairwise.csv"
"MNIST","umap_package_knn","cpu",1,17,42,0.00251045012121019,0.993697640188916,0.855966666666667,"standard","cpu1","/Users/stefano/Documents/fastEmbedR-results/MNIST/standard/cpu1/20260721_084502_1071175/stability_pairwise.csv"
"MNIST","uwot_default","cpu",1,4,17,0.00131640827672089,0.998267069248981,0.870866666666667,"standard","cpu1","/Users/stefano/Documents/fastEmbedR-results/MNIST/standard/cpu1/20260721_084502_1071175/stability_pairwise.csv"
"MNIST","uwot_default","cpu",1,4,42,0.00418135080576354,0.98251630543914,0.813633333333333,"standard","cpu1","/Users/stefano/Documents/fastEmbedR-results/MNIST/standard/cpu1/20260721_084502_1071175/stability_pairwise.csv"
"MNIST","uwot_default","cpu",1,17,42,0.00397808797161087,0.984174816090125,0.810233333333333,"standard","cpu1","/Users/stefano/Documents/fastEmbedR-results/MNIST/standard/cpu1/20260721_084502_1071175/stability_pairwise.csv"
"MNIST","uwot_fast_sgd","cpu",1,4,17,0.00423579528420503,0.982058038310306,0.815533333333333,"standard","cpu1","/Users/stefano/Documents/fastEmbedR-results/MNIST/standard/cpu1/20260721_084502_1071175/stability_pairwise.csv"
"MNIST","uwot_fast_sgd","cpu",1,4,42,0.00167689374837836,0.997188027356649,0.849333333333333,"standard","cpu1","/Users/stefano/Documents/fastEmbedR-results/MNIST/standard/cpu1/20260721_084502_1071175/stability_pairwise.csv"
"MNIST","uwot_fast_sgd","cpu",1,17,42,0.00428829914075966,0.98161049047936,0.844666666666667,"standard","cpu1","/Users/stefano/Documents/fastEmbedR-results/MNIST/standard/cpu1/20260721_084502_1071175/stability_pairwise.csv"
"MNIST","uwot_knn","cpu",1,4,17,0.00217189889045862,0.995282855209624,0.8398,"standard","cpu1","/Users/stefano/Documents/fastEmbedR-results/MNIST/standard/cpu1/20260721_084502_1071175/stability_pairwise.csv"
"MNIST","uwot_knn","cpu",1,4,42,0.0022967030111485,0.994725155278581,0.856666666666667,"standard","cpu1","/Users/stefano/Documents/fastEmbedR-results/MNIST/standard/cpu1/20260721_084502_1071175/stability_pairwise.csv"
"MNIST","uwot_knn","cpu",1,17,42,0.00210654773581907,0.995562456636715,0.833166666666667,"standard","cpu1","/Users/stefano/Documents/fastEmbedR-results/MNIST/standard/cpu1/20260721_084502_1071175/stability_pairwise.csv"
"MNIST","fastEmbedR_opentsne_cpu_full","cpu",4,4,17,0.000825372549254172,0.999318760154938,0.9286,"standard","cpu4","/Users/stefano/Documents/fastEmbedR-results/MNIST/standard/cpu4/20260721_084502_1071186/stability_pairwise.csv"
"MNIST","fastEmbedR_opentsne_cpu_full","cpu",4,4,42,0.000598180188739479,0.9996421804618,0.952666666666667,"standard","cpu4","/Users/stefano/Documents/fastEmbedR-results/MNIST/standard/cpu4/20260721_084502_1071186/stability_pairwise.csv"
"MNIST","fastEmbedR_opentsne_cpu_full","cpu",4,17,42,0.000713989834452526,0.999490218516298,0.935733333333333,"standard","cpu4","/Users/stefano/Documents/fastEmbedR-results/MNIST/standard/cpu4/20260721_084502_1071186/stability_pairwise.csv"
"MNIST","fastEmbedR_opentsne_cpu_knn","cpu",4,4,17,8.19934947883027e-18,1,1,"standard","cpu4","/Users/stefano/Documents/fastEmbedR-results/MNIST/standard/cpu4/20260721_084502_1071186/stability_pairwise.csv"
"MNIST","fastEmbedR_opentsne_cpu_knn","cpu",4,4,42,8.19934947883027e-18,1,1,"standard","cpu4","/Users/stefano/Documents/fastEmbedR-results/MNIST/standard/cpu4/20260721_084502_1071186/stability_pairwise.csv"
"MNIST","fastEmbedR_opentsne_cpu_knn","cpu",4,17,42,8.19934947883027e-18,1,1,"standard","cpu4","/Users/stefano/Documents/fastEmbedR-results/MNIST/standard/cpu4/20260721_084502_1071186/stability_pairwise.csv"
"MNIST","fastEmbedR_umap_cpu_binary_full","cpu",4,4,17,0.0180742148897959,0.673322756117481,0.7974,"standard","cpu4","/Users/stefano/Documents/fastEmbedR-results/MNIST/standard/cpu4/20260721_084502_1071186/stability_pairwise.csv"
"MNIST","fastEmbedR_umap_cpu_binary_full","cpu",4,4,42,0.0151782002603949,0.769622236855348,0.790766666666667,"standard","cpu4","/Users/stefano/Documents/fastEmbedR-results/MNIST/standard/cpu4/20260721_084502_1071186/stability_pairwise.csv"
"MNIST","fastEmbedR_umap_cpu_binary_full","cpu",4,17,42,0.0134193247796548,0.819921722458144,0.809066666666667,"standard","cpu4","/Users/stefano/Documents/fastEmbedR-results/MNIST/standard/cpu4/20260721_084502_1071186/stability_pairwise.csv"
"MNIST","fastEmbedR_umap_cpu_binary_knn","cpu",4,4,17,0.0181880990159007,0.669193054187794,0.808033333333333,"standard","cpu4","/Users/stefano/Documents/fastEmbedR-results/MNIST/standard/cpu4/20260721_084502_1071186/stability_pairwise.csv"
"MNIST","fastEmbedR_umap_cpu_binary_knn","cpu",4,4,42,0.0151247343743609,0.771242410105027,0.7842,"standard","cpu4","/Users/stefano/Documents/fastEmbedR-results/MNIST/standard/cpu4/20260721_084502_1071186/stability_pairwise.csv"
"MNIST","fastEmbedR_umap_cpu_binary_knn","cpu",4,17,42,0.0137086823151443,0.812072029182449,0.785966666666667,"standard","cpu4","/Users/stefano/Documents/fastEmbedR-results/MNIST/standard/cpu4/20260721_084502_1071186/stability_pairwise.csv"
"MNIST","fastEmbedR_umap_cpu_fuzzy_full","cpu",4,4,17,0.0247660748485529,0.386641536595874,0.798233333333333,"standard","cpu4","/Users/stefano/Documents/fastEmbedR-results/MNIST/standard/cpu4/20260721_084502_1071186/stability_pairwise.csv"
"MNIST","fastEmbedR_umap_cpu_fuzzy_full","cpu",4,4,42,0.0223000955085457,0.502705740309739,0.854633333333333,"standard","cpu4","/Users/stefano/Documents/fastEmbedR-results/MNIST/standard/cpu4/20260721_084502_1071186/stability_pairwise.csv"
"MNIST","fastEmbedR_umap_cpu_fuzzy_full","cpu",4,17,42,0.0173776733457775,0.698016469087456,0.764333333333333,"standard","cpu4","/Users/stefano/Documents/fastEmbedR-results/MNIST/standard/cpu4/20260721_084502_1071186/stability_pairwise.csv"
"MNIST","fastEmbedR_umap_cpu_fuzzy_knn","cpu",4,4,17,0.0246460829859997,0.392570593447217,0.755533333333333,"standard","cpu4","/Users/stefano/Documents/fastEmbedR-results/MNIST/standard/cpu4/20260721_084502_1071186/stability_pairwise.csv"
"MNIST","fastEmbedR_umap_cpu_fuzzy_knn","cpu",4,4,42,0.0218907431090912,0.520795366131777,0.7877,"standard","cpu4","/Users/stefano/Documents/fastEmbedR-results/MNIST/standard/cpu4/20260721_084502_1071186/stability_pairwise.csv"
"MNIST","fastEmbedR_umap_cpu_fuzzy_knn","cpu",4,17,42,0.0175100707750856,0.693397421451493,0.7711,"standard","cpu4","/Users/stefano/Documents/fastEmbedR-results/MNIST/standard/cpu4/20260721_084502_1071186/stability_pairwise.csv"
"MNIST","KlugerLab_FItSNE","cpu",4,4,17,0.00205849214514659,0.99576261008837,0.812933333333333,"standard","cpu4","/Users/stefano/Documents/fastEmbedR-results/MNIST/standard/cpu4/20260721_084502_1071186/stability_pairwise.csv"
"MNIST","KlugerLab_FItSNE","cpu",4,4,42,0.00190020758203785,0.996389211145166,0.814466666666667,"standard","cpu4","/Users/stefano/Documents/fastEmbedR-results/MNIST/standard/cpu4/20260721_084502_1071186/stability_pairwise.csv"
"MNIST","KlugerLab_FItSNE","cpu",4,17,42,0.00227182934299261,0.994838791436318,0.798033333333333,"standard","cpu4","/Users/stefano/Documents/fastEmbedR-results/MNIST/standard/cpu4/20260721_084502_1071186/stability_pairwise.csv"
"MNIST","Rtsne_full","cpu",4,4,17,0.0138160794080705,0.80911594978989,0.692133333333333,"standard","cpu4","/Users/stefano/Documents/fastEmbedR-results/MNIST/standard/cpu4/20260721_084502_1071186/stability_pairwise.csv"
"MNIST","Rtsne_full","cpu",4,4,42,0.0223735026959967,0.499426377112227,0.703133333333333,"standard","cpu4","/Users/stefano/Documents/fastEmbedR-results/MNIST/standard/cpu4/20260721_084502_1071186/stability_pairwise.csv"
"MNIST","Rtsne_full","cpu",4,17,42,0.0212973792178463,0.546421638451247,0.6705,"standard","cpu4","/Users/stefano/Documents/fastEmbedR-results/MNIST/standard/cpu4/20260721_084502_1071186/stability_pairwise.csv"
"MNIST","Rtsne_neighbors","cpu",4,4,17,8.06993434711335e-18,1,1,"standard","cpu4","/Users/stefano/Documents/fastEmbedR-results/MNIST/standard/cpu4/20260721_084502_1071186/stability_pairwise.csv"
"MNIST","Rtsne_neighbors","cpu",4,4,42,8.06993434711335e-18,1,1,"standard","cpu4","/Users/stefano/Documents/fastEmbedR-results/MNIST/standard/cpu4/20260721_084502_1071186/stability_pairwise.csv"
"MNIST","Rtsne_neighbors","cpu",4,17,42,8.06993434711335e-18,1,1,"standard","cpu4","/Users/stefano/Documents/fastEmbedR-results/MNIST/standard/cpu4/20260721_084502_1071186/stability_pairwise.csv"
"MNIST","umap_package","cpu",4,4,17,0.00212541904639918,0.995482593877204,0.850633333333333,"standard","cpu4","/Users/stefano/Documents/fastEmbedR-results/MNIST/standard/cpu4/20260721_084502_1071186/stability_pairwise.csv"
"MNIST","umap_package","cpu",4,4,42,0.00164449338419165,0.99729564150935,0.858,"standard","cpu4","/Users/stefano/Documents/fastEmbedR-results/MNIST/standard/cpu4/20260721_084502_1071186/stability_pairwise.csv"
"MNIST","umap_package","cpu",4,17,42,0.00211739465068715,0.995516639893241,0.878033333333333,"standard","cpu4","/Users/stefano/Documents/fastEmbedR-results/MNIST/standard/cpu4/20260721_084502_1071186/stability_pairwise.csv"
"MNIST","umap_package_knn","cpu",4,4,17,0.00228838659505548,0.99476328679157,0.8434,"standard","cpu4","/Users/stefano/Documents/fastEmbedR-results/MNIST/standard/cpu4/20260721_084502_1071186/stability_pairwise.csv"
"MNIST","umap_package_knn","cpu",4,4,42,0.00283764117950885,0.991947792536356,0.869466666666667,"standard","cpu4","/Users/stefano/Documents/fastEmbedR-results/MNIST/standard/cpu4/20260721_084502_1071186/stability_pairwise.csv"
"MNIST","umap_package_knn","cpu",4,17,42,0.00251045012121019,0.993697640188916,0.855966666666667,"standard","cpu4","/Users/stefano/Documents/fastEmbedR-results/MNIST/standard/cpu4/20260721_084502_1071186/stability_pairwise.csv"
"MNIST","uwot_default","cpu",4,4,17,0.00131640827672089,0.998267069248981,0.870866666666667,"standard","cpu4","/Users/stefano/Documents/fastEmbedR-results/MNIST/standard/cpu4/20260721_084502_1071186/stability_pairwise.csv"
"MNIST","uwot_default","cpu",4,4,42,0.00418135080576354,0.98251630543914,0.813633333333333,"standard","cpu4","/Users/stefano/Documents/fastEmbedR-results/MNIST/standard/cpu4/20260721_084502_1071186/stability_pairwise.csv"
"MNIST","uwot_default","cpu",4,17,42,0.00397808797161087,0.984174816090125,0.810233333333333,"standard","cpu4","/Users/stefano/Documents/fastEmbedR-results/MNIST/standard/cpu4/20260721_084502_1071186/stability_pairwise.csv"
"MNIST","uwot_fast_sgd","cpu",4,4,17,0.00428743164732831,0.981617929869488,0.840666666666667,"standard","cpu4","/Users/stefano/Documents/fastEmbedR-results/MNIST/standard/cpu4/20260721_084502_1071186/stability_pairwise.csv"
"MNIST","uwot_fast_sgd","cpu",4,4,42,0.00168052006118401,0.997175852323958,0.871866666666667,"standard","cpu4","/Users/stefano/Documents/fastEmbedR-results/MNIST/standard/cpu4/20260721_084502_1071186/stability_pairwise.csv"
"MNIST","uwot_fast_sgd","cpu",4,17,42,0.00403958536673575,0.983681750064854,0.8398,"standard","cpu4","/Users/stefano/Documents/fastEmbedR-results/MNIST/standard/cpu4/20260721_084502_1071186/stability_pairwise.csv"
"MNIST","uwot_knn","cpu",4,4,17,0.00210566878735405,0.995566158957963,0.826766666666667,"standard","cpu4","/Users/stefano/Documents/fastEmbedR-results/MNIST/standard/cpu4/20260721_084502_1071186/stability_pairwise.csv"
"MNIST","uwot_knn","cpu",4,4,42,0.00188452288045697,0.996448573513034,0.855633333333333,"standard","cpu4","/Users/stefano/Documents/fastEmbedR-results/MNIST/standard/cpu4/20260721_084502_1071186/stability_pairwise.csv"
"MNIST","uwot_knn","cpu",4,17,42,0.00170912899358628,0.997078878083283,0.8366,"standard","cpu4","/Users/stefano/Documents/fastEmbedR-results/MNIST/standard/cpu4/20260721_084502_1071186/stability_pairwise.csv"
"MNIST","fastEmbedR_opentsne_cuda_full","cuda",1,4,17,0.000537870880574403,0.99971069491583,0.9416,"standard","cuda","/Users/stefano/Documents/fastEmbedR-results/MNIST/standard/cuda/20260722_125640_1071197/stability_pairwise.csv"
"MNIST","fastEmbedR_opentsne_cuda_full","cuda",1,4,42,0.000743540927092625,0.999447146889738,0.938866666666667,"standard","cuda","/Users/stefano/Documents/fastEmbedR-results/MNIST/standard/cuda/20260722_125640_1071197/stability_pairwise.csv"
"MNIST","fastEmbedR_opentsne_cuda_full","cuda",1,17,42,0.000811702331831521,0.999341139324499,0.9307,"standard","cuda","/Users/stefano/Documents/fastEmbedR-results/MNIST/standard/cuda/20260722_125640_1071197/stability_pairwise.csv"
"MNIST","fastEmbedR_opentsne_cuda_knn","cuda",1,4,17,0.000329847303654365,0.999891200756272,0.962933333333333,"standard","cuda","/Users/stefano/Documents/fastEmbedR-results/MNIST/standard/cuda/20260722_125640_1071197/stability_pairwise.csv"
"MNIST","fastEmbedR_opentsne_cuda_knn","cuda",1,4,42,0.000544895519445101,0.999703088872889,0.9469,"standard","cuda","/Users/stefano/Documents/fastEmbedR-results/MNIST/standard/cuda/20260722_125640_1071197/stability_pairwise.csv"
"MNIST","fastEmbedR_opentsne_cuda_knn","cuda",1,17,42,0.000530452085494081,0.999718620584995,0.9489,"standard","cuda","/Users/stefano/Documents/fastEmbedR-results/MNIST/standard/cuda/20260722_125640_1071197/stability_pairwise.csv"
"MNIST","fastEmbedR_umap_cuda_binary_full","cuda",1,4,17,0.0244285420826836,0.403246331714559,0.781166666666667,"standard","cuda","/Users/stefano/Documents/fastEmbedR-results/MNIST/standard/cuda/20260722_125640_1071197/stability_pairwise.csv"
"MNIST","fastEmbedR_umap_cuda_binary_full","cuda",1,4,42,0.0231533629403537,0.463921784552254,0.785733333333333,"standard","cuda","/Users/stefano/Documents/fastEmbedR-results/MNIST/standard/cuda/20260722_125640_1071197/stability_pairwise.csv"
"MNIST","fastEmbedR_umap_cuda_binary_full","cuda",1,17,42,0.0152217060266742,0.768299665637509,0.831266666666667,"standard","cuda","/Users/stefano/Documents/fastEmbedR-results/MNIST/standard/cuda/20260722_125640_1071197/stability_pairwise.csv"
"MNIST","fastEmbedR_umap_cuda_binary_knn","cuda",1,4,17,0.0143882420028658,0.792978492066967,0.7896,"standard","cuda","/Users/stefano/Documents/fastEmbedR-results/MNIST/standard/cuda/20260722_125640_1071197/stability_pairwise.csv"
"MNIST","fastEmbedR_umap_cuda_binary_knn","cuda",1,4,42,0.00996489242538306,0.900700918950543,0.728366666666667,"standard","cuda","/Users/stefano/Documents/fastEmbedR-results/MNIST/standard/cuda/20260722_125640_1071197/stability_pairwise.csv"
"MNIST","fastEmbedR_umap_cuda_binary_knn","cuda",1,17,42,0.0084560491264029,0.928495233171861,0.768233333333333,"standard","cuda","/Users/stefano/Documents/fastEmbedR-results/MNIST/standard/cuda/20260722_125640_1071197/stability_pairwise.csv"
"MNIST","fastEmbedR_umap_cuda_fuzzy_full","cuda",1,4,17,0.02504560121249,0.372717859904921,0.756366666666667,"standard","cuda","/Users/stefano/Documents/fastEmbedR-results/MNIST/standard/cuda/20260722_125640_1071197/stability_pairwise.csv"
"MNIST","fastEmbedR_umap_cuda_fuzzy_full","cuda",1,4,42,0.0254477691257547,0.352411046522287,0.8087,"standard","cuda","/Users/stefano/Documents/fastEmbedR-results/MNIST/standard/cuda/20260722_125640_1071197/stability_pairwise.csv"
"MNIST","fastEmbedR_umap_cuda_fuzzy_full","cuda",1,17,42,0.0131667255294882,0.826637338831123,0.7871,"standard","cuda","/Users/stefano/Documents/fastEmbedR-results/MNIST/standard/cuda/20260722_125640_1071197/stability_pairwise.csv"
"MNIST","fastEmbedR_umap_cuda_fuzzy_knn","cuda",1,4,17,0.0232630981705465,0.458828263507516,0.830833333333333,"standard","cuda","/Users/stefano/Documents/fastEmbedR-results/MNIST/standard/cuda/20260722_125640_1071197/stability_pairwise.csv"
"MNIST","fastEmbedR_umap_cuda_fuzzy_knn","cuda",1,4,42,0.0218949898221895,0.520609420686217,0.807133333333333,"standard","cuda","/Users/stefano/Documents/fastEmbedR-results/MNIST/standard/cuda/20260722_125640_1071197/stability_pairwise.csv"
"MNIST","fastEmbedR_umap_cuda_fuzzy_knn","cuda",1,17,42,0.0163707115381203,0.731999803735656,0.8439,"standard","cuda","/Users/stefano/Documents/fastEmbedR-results/MNIST/standard/cuda/20260722_125640_1071197/stability_pairwise.csv"
"Macosko2015_retina","fastEmbedR_opentsne_cpu_full","cpu",1,4,17,0.00370068637034014,0.986304920388379,0.860466666666667,"landmark","cpu1","/Users/stefano/Documents/fastEmbedR-results/Macosko2015_retina/landmark/cpu1/20260726_110400_1117502/stability_pairwise.csv"
"Macosko2015_retina","fastEmbedR_opentsne_cpu_full","cpu",1,4,42,0.00236670505935253,0.994398707162035,0.852933333333333,"landmark","cpu1","/Users/stefano/Documents/fastEmbedR-results/Macosko2015_retina/landmark/cpu1/20260726_110400_1117502/stability_pairwise.csv"
"Macosko2015_retina","fastEmbedR_opentsne_cpu_full","cpu",1,17,42,0.00289476059313294,0.991620361108445,0.854333333333333,"landmark","cpu1","/Users/stefano/Documents/fastEmbedR-results/Macosko2015_retina/landmark/cpu1/20260726_110400_1117502/stability_pairwise.csv"
"Macosko2015_retina","fastEmbedR_opentsne_cpu_landmark","cpu",1,4,17,0.0211862123342972,0.551144406926072,0.403166666666667,"landmark","cpu1","/Users/stefano/Documents/fastEmbedR-results/Macosko2015_retina/landmark/cpu1/20260726_110400_1117502/stability_pairwise.csv"
"Macosko2015_retina","fastEmbedR_opentsne_cpu_landmark","cpu",1,4,42,0.0072769884216684,0.947045439510904,0.4114,"landmark","cpu1","/Users/stefano/Documents/fastEmbedR-results/Macosko2015_retina/landmark/cpu1/20260726_110400_1117502/stability_pairwise.csv"
"Macosko2015_retina","fastEmbedR_opentsne_cpu_landmark","cpu",1,17,42,0.020712413448081,0.570995929155755,0.410333333333333,"landmark","cpu1","/Users/stefano/Documents/fastEmbedR-results/Macosko2015_retina/landmark/cpu1/20260726_110400_1117502/stability_pairwise.csv"
"Macosko2015_retina","fastEmbedR_umap_cpu_binary_full","cpu",1,4,17,0.0263073744547413,0.307922049298024,0.852966666666667,"landmark","cpu1","/Users/stefano/Documents/fastEmbedR-results/Macosko2015_retina/landmark/cpu1/20260726_110400_1117502/stability_pairwise.csv"
"Macosko2015_retina","fastEmbedR_umap_cpu_binary_full","cpu",1,4,42,0.0208073383490421,0.567054670828481,0.8554,"landmark","cpu1","/Users/stefano/Documents/fastEmbedR-results/Macosko2015_retina/landmark/cpu1/20260726_110400_1117502/stability_pairwise.csv"
"Macosko2015_retina","fastEmbedR_umap_cpu_binary_full","cpu",1,17,42,0.0184584806573109,0.65928449182368,0.852,"landmark","cpu1","/Users/stefano/Documents/fastEmbedR-results/Macosko2015_retina/landmark/cpu1/20260726_110400_1117502/stability_pairwise.csv"
"Macosko2015_retina","fastEmbedR_umap_cpu_binary_landmark","cpu",1,4,17,0.0181447249128707,0.670768957836247,0.4378,"landmark","cpu1","/Users/stefano/Documents/fastEmbedR-results/Macosko2015_retina/landmark/cpu1/20260726_110400_1117502/stability_pairwise.csv"
"Macosko2015_retina","fastEmbedR_umap_cpu_binary_landmark","cpu",1,4,42,0.0186877841074603,0.650766725152953,0.4408,"landmark","cpu1","/Users/stefano/Documents/fastEmbedR-results/Macosko2015_retina/landmark/cpu1/20260726_110400_1117502/stability_pairwise.csv"
"Macosko2015_retina","fastEmbedR_umap_cpu_binary_landmark","cpu",1,17,42,0.0137218337835586,0.811711277616391,0.436566666666667,"landmark","cpu1","/Users/stefano/Documents/fastEmbedR-results/Macosko2015_retina/landmark/cpu1/20260726_110400_1117502/stability_pairwise.csv"
"Macosko2015_retina","fastEmbedR_opentsne_cpu_full","cpu",4,4,17,0.00334029394347163,0.988842436371207,0.8535,"landmark","cpu4","/Users/stefano/Documents/fastEmbedR-results/Macosko2015_retina/landmark/cpu4/20260726_105707_1117513/stability_pairwise.csv"
"Macosko2015_retina","fastEmbedR_opentsne_cpu_full","cpu",4,4,42,0.00204768946785664,0.995806967843229,0.866033333333333,"landmark","cpu4","/Users/stefano/Documents/fastEmbedR-results/Macosko2015_retina/landmark/cpu4/20260726_105707_1117513/stability_pairwise.csv"
"Macosko2015_retina","fastEmbedR_opentsne_cpu_full","cpu",4,17,42,0.00265040516459093,0.99297535246351,0.882666666666667,"landmark","cpu4","/Users/stefano/Documents/fastEmbedR-results/Macosko2015_retina/landmark/cpu4/20260726_105707_1117513/stability_pairwise.csv"
"Macosko2015_retina","fastEmbedR_opentsne_cpu_landmark","cpu",4,4,17,0.021016694575561,0.558298549117587,0.4126,"landmark","cpu4","/Users/stefano/Documents/fastEmbedR-results/Macosko2015_retina/landmark/cpu4/20260726_105707_1117513/stability_pairwise.csv"
"Macosko2015_retina","fastEmbedR_opentsne_cpu_landmark","cpu",4,4,42,0.00737555209143083,0.94560123134659,0.420366666666667,"landmark","cpu4","/Users/stefano/Documents/fastEmbedR-results/Macosko2015_retina/landmark/cpu4/20260726_105707_1117513/stability_pairwise.csv"
"Macosko2015_retina","fastEmbedR_opentsne_cpu_landmark","cpu",4,17,42,0.0206125124483199,0.575124330567859,0.413533333333333,"landmark","cpu4","/Users/stefano/Documents/fastEmbedR-results/Macosko2015_retina/landmark/cpu4/20260726_105707_1117513/stability_pairwise.csv"
"Macosko2015_retina","fastEmbedR_umap_cpu_binary_full","cpu",4,4,17,0.0158142934385223,0.749908123040309,0.700166666666667,"landmark","cpu4","/Users/stefano/Documents/fastEmbedR-results/Macosko2015_retina/landmark/cpu4/20260726_105707_1117513/stability_pairwise.csv"
"Macosko2015_retina","fastEmbedR_umap_cpu_binary_full","cpu",4,4,42,0.0135651271508879,0.815987325380243,0.6129,"landmark","cpu4","/Users/stefano/Documents/fastEmbedR-results/Macosko2015_retina/landmark/cpu4/20260726_105707_1117513/stability_pairwise.csv"
"Macosko2015_retina","fastEmbedR_umap_cpu_binary_full","cpu",4,17,42,0.0162127272816637,0.737147474090397,0.7707,"landmark","cpu4","/Users/stefano/Documents/fastEmbedR-results/Macosko2015_retina/landmark/cpu4/20260726_105707_1117513/stability_pairwise.csv"
"Macosko2015_retina","fastEmbedR_umap_cpu_binary_landmark","cpu",4,4,17,0.0250281647953448,0.373590966977061,0.3313,"landmark","cpu4","/Users/stefano/Documents/fastEmbedR-results/Macosko2015_retina/landmark/cpu4/20260726_105707_1117513/stability_pairwise.csv"
"Macosko2015_retina","fastEmbedR_umap_cpu_binary_landmark","cpu",4,4,42,0.0278736288893654,0.223060812537933,0.3427,"landmark","cpu4","/Users/stefano/Documents/fastEmbedR-results/Macosko2015_retina/landmark/cpu4/20260726_105707_1117513/stability_pairwise.csv"
"Macosko2015_retina","fastEmbedR_umap_cpu_binary_landmark","cpu",4,17,42,0.0282981222785164,0.199216275510133,0.362466666666667,"landmark","cpu4","/Users/stefano/Documents/fastEmbedR-results/Macosko2015_retina/landmark/cpu4/20260726_105707_1117513/stability_pairwise.csv"
"Macosko2015_retina","fastEmbedR_opentsne_cuda_full","cuda",1,4,17,0.00235426944280906,0.994457415390655,0.9162,"landmark","cuda","/Users/stefano/Documents/fastEmbedR-results/Macosko2015_retina/landmark/cuda/20260726_111229_1117524/stability_pairwise.csv"
"Macosko2015_retina","fastEmbedR_opentsne_cuda_full","cuda",1,4,42,0.00108979654779492,0.998812343484414,0.9128,"landmark","cuda","/Users/stefano/Documents/fastEmbedR-results/Macosko2015_retina/landmark/cuda/20260726_111229_1117524/stability_pairwise.csv"
"Macosko2015_retina","fastEmbedR_opentsne_cuda_full","cuda",1,17,42,0.00192088254381308,0.996310210252874,0.908533333333333,"landmark","cuda","/Users/stefano/Documents/fastEmbedR-results/Macosko2015_retina/landmark/cuda/20260726_111229_1117524/stability_pairwise.csv"
"Macosko2015_retina","fastEmbedR_opentsne_cuda_landmark","cuda",1,4,17,0.00479425542186768,0.977015114949892,0.454233333333333,"landmark","cuda","/Users/stefano/Documents/fastEmbedR-results/Macosko2015_retina/landmark/cuda/20260726_111229_1117524/stability_pairwise.csv"
"Macosko2015_retina","fastEmbedR_opentsne_cuda_landmark","cuda",1,4,42,0.00758476126724854,0.942471396518846,0.4572,"landmark","cuda","/Users/stefano/Documents/fastEmbedR-results/Macosko2015_retina/landmark/cuda/20260726_111229_1117524/stability_pairwise.csv"
"Macosko2015_retina","fastEmbedR_opentsne_cuda_landmark","cuda",1,17,42,0.00757747797864652,0.942581827483127,0.453233333333333,"landmark","cuda","/Users/stefano/Documents/fastEmbedR-results/Macosko2015_retina/landmark/cuda/20260726_111229_1117524/stability_pairwise.csv"
"Macosko2015_retina","fastEmbedR_umap_cuda_binary_full","cuda",1,4,17,0.0230563985599103,0.468402485446568,0.839533333333333,"landmark","cuda","/Users/stefano/Documents/fastEmbedR-results/Macosko2015_retina/landmark/cuda/20260726_111229_1117524/stability_pairwise.csv"
"Macosko2015_retina","fastEmbedR_umap_cuda_binary_full","cuda",1,4,42,0.0236107655333894,0.442531750927312,0.829833333333333,"landmark","cuda","/Users/stefano/Documents/fastEmbedR-results/Macosko2015_retina/landmark/cuda/20260726_111229_1117524/stability_pairwise.csv"
"Macosko2015_retina","fastEmbedR_umap_cuda_binary_full","cuda",1,17,42,0.014578139196876,0.787477857556507,0.828633333333333,"landmark","cuda","/Users/stefano/Documents/fastEmbedR-results/Macosko2015_retina/landmark/cuda/20260726_111229_1117524/stability_pairwise.csv"
"Macosko2015_retina","fastEmbedR_umap_cuda_binary_landmark","cuda",1,4,17,0.026437699201406,0.301048060935977,0.455233333333333,"landmark","cuda","/Users/stefano/Documents/fastEmbedR-results/Macosko2015_retina/landmark/cuda/20260726_111229_1117524/stability_pairwise.csv"
"Macosko2015_retina","fastEmbedR_umap_cuda_binary_landmark","cuda",1,4,42,0.0163774496441475,0.731779143153412,0.446166666666667,"landmark","cuda","/Users/stefano/Documents/fastEmbedR-results/Macosko2015_retina/landmark/cuda/20260726_111229_1117524/stability_pairwise.csv"
"Macosko2015_retina","fastEmbedR_umap_cuda_binary_landmark","cuda",1,17,42,0.0204765888924254,0.5807093073306,0.4479,"landmark","cuda","/Users/stefano/Documents/fastEmbedR-results/Macosko2015_retina/landmark/cuda/20260726_111229_1117524/stability_pairwise.csv"
"Macosko2015_retina","fastEmbedR_opentsne_cpu_full","cpu",1,4,17,0.00370068637034014,0.986304920388379,0.860466666666667,"standard","cpu1","/Users/stefano/Documents/fastEmbedR-results/Macosko2015_retina/standard/cpu1/20260721_084502_1071172/stability_pairwise.csv"
"Macosko2015_retina","fastEmbedR_opentsne_cpu_full","cpu",1,4,42,0.00236670505935253,0.994398707162035,0.852933333333333,"standard","cpu1","/Users/stefano/Documents/fastEmbedR-results/Macosko2015_retina/standard/cpu1/20260721_084502_1071172/stability_pairwise.csv"
"Macosko2015_retina","fastEmbedR_opentsne_cpu_full","cpu",1,17,42,0.00289476059313294,0.991620361108445,0.854333333333333,"standard","cpu1","/Users/stefano/Documents/fastEmbedR-results/Macosko2015_retina/standard/cpu1/20260721_084502_1071172/stability_pairwise.csv"
"Macosko2015_retina","fastEmbedR_opentsne_cpu_knn","cpu",1,4,17,9.93847280742011e-18,1,1,"standard","cpu1","/Users/stefano/Documents/fastEmbedR-results/Macosko2015_retina/standard/cpu1/20260721_084502_1071172/stability_pairwise.csv"
"Macosko2015_retina","fastEmbedR_opentsne_cpu_knn","cpu",1,4,42,9.93847280742011e-18,1,1,"standard","cpu1","/Users/stefano/Documents/fastEmbedR-results/Macosko2015_retina/standard/cpu1/20260721_084502_1071172/stability_pairwise.csv"
"Macosko2015_retina","fastEmbedR_opentsne_cpu_knn","cpu",1,17,42,9.93847280742011e-18,1,1,"standard","cpu1","/Users/stefano/Documents/fastEmbedR-results/Macosko2015_retina/standard/cpu1/20260721_084502_1071172/stability_pairwise.csv"
"Macosko2015_retina","fastEmbedR_umap_cpu_binary_full","cpu",1,4,17,0.0263073744547413,0.307922049298024,0.852966666666667,"standard","cpu1","/Users/stefano/Documents/fastEmbedR-results/Macosko2015_retina/standard/cpu1/20260721_084502_1071172/stability_pairwise.csv"
"Macosko2015_retina","fastEmbedR_umap_cpu_binary_full","cpu",1,4,42,0.0208073383490421,0.567054670828481,0.8554,"standard","cpu1","/Users/stefano/Documents/fastEmbedR-results/Macosko2015_retina/standard/cpu1/20260721_084502_1071172/stability_pairwise.csv"
"Macosko2015_retina","fastEmbedR_umap_cpu_binary_full","cpu",1,17,42,0.0184584806573109,0.65928449182368,0.852,"standard","cpu1","/Users/stefano/Documents/fastEmbedR-results/Macosko2015_retina/standard/cpu1/20260721_084502_1071172/stability_pairwise.csv"
"Macosko2015_retina","fastEmbedR_umap_cpu_binary_knn","cpu",1,4,17,0.0263073744547413,0.307922049298024,0.852966666666667,"standard","cpu1","/Users/stefano/Documents/fastEmbedR-results/Macosko2015_retina/standard/cpu1/20260721_084502_1071172/stability_pairwise.csv"
"Macosko2015_retina","fastEmbedR_umap_cpu_binary_knn","cpu",1,4,42,0.0208073383490421,0.567054670828481,0.8554,"standard","cpu1","/Users/stefano/Documents/fastEmbedR-results/Macosko2015_retina/standard/cpu1/20260721_084502_1071172/stability_pairwise.csv"
"Macosko2015_retina","fastEmbedR_umap_cpu_binary_knn","cpu",1,17,42,0.0184584806573109,0.65928449182368,0.852,"standard","cpu1","/Users/stefano/Documents/fastEmbedR-results/Macosko2015_retina/standard/cpu1/20260721_084502_1071172/stability_pairwise.csv"
"Macosko2015_retina","fastEmbedR_umap_cpu_fuzzy_full","cpu",1,4,17,0.0250162888375249,0.374185292797526,0.8049,"standard","cpu1","/Users/stefano/Documents/fastEmbedR-results/Macosko2015_retina/standard/cpu1/20260721_084502_1071172/stability_pairwise.csv"
"Macosko2015_retina","fastEmbedR_umap_cpu_fuzzy_full","cpu",1,4,42,0.0259887736831689,0.324583642445027,0.7887,"standard","cpu1","/Users/stefano/Documents/fastEmbedR-results/Macosko2015_retina/standard/cpu1/20260721_084502_1071172/stability_pairwise.csv"
"Macosko2015_retina","fastEmbedR_umap_cpu_fuzzy_full","cpu",1,17,42,0.0231147798460554,0.465706952668391,0.799266666666667,"standard","cpu1","/Users/stefano/Documents/fastEmbedR-results/Macosko2015_retina/standard/cpu1/20260721_084502_1071172/stability_pairwise.csv"
"Macosko2015_retina","fastEmbedR_umap_cpu_fuzzy_knn","cpu",1,4,17,0.0250162888375249,0.374185292797526,0.8049,"standard","cpu1","/Users/stefano/Documents/fastEmbedR-results/Macosko2015_retina/standard/cpu1/20260721_084502_1071172/stability_pairwise.csv"
"Macosko2015_retina","fastEmbedR_umap_cpu_fuzzy_knn","cpu",1,4,42,0.0259887736831689,0.324583642445027,0.7887,"standard","cpu1","/Users/stefano/Documents/fastEmbedR-results/Macosko2015_retina/standard/cpu1/20260721_084502_1071172/stability_pairwise.csv"
"Macosko2015_retina","fastEmbedR_umap_cpu_fuzzy_knn","cpu",1,17,42,0.0231147798460554,0.465706952668391,0.799266666666667,"standard","cpu1","/Users/stefano/Documents/fastEmbedR-results/Macosko2015_retina/standard/cpu1/20260721_084502_1071172/stability_pairwise.csv"
"Macosko2015_retina","KlugerLab_FItSNE","cpu",1,4,17,0.00234475169340298,0.994502139496284,0.810233333333333,"standard","cpu1","/Users/stefano/Documents/fastEmbedR-results/Macosko2015_retina/standard/cpu1/20260721_084502_1071172/stability_pairwise.csv"
"Macosko2015_retina","KlugerLab_FItSNE","cpu",1,4,42,0.00191599267578628,0.996328972066333,0.804433333333333,"standard","cpu1","/Users/stefano/Documents/fastEmbedR-results/Macosko2015_retina/standard/cpu1/20260721_084502_1071172/stability_pairwise.csv"
"Macosko2015_retina","KlugerLab_FItSNE","cpu",1,17,42,0.00277560671076322,0.992296007387166,0.805766666666667,"standard","cpu1","/Users/stefano/Documents/fastEmbedR-results/Macosko2015_retina/standard/cpu1/20260721_084502_1071172/stability_pairwise.csv"
"Macosko2015_retina","Rtsne_full","cpu",1,4,17,0.0255621955661985,0.34657415783542,0.8123,"standard","cpu1","/Users/stefano/Documents/fastEmbedR-results/Macosko2015_retina/standard/cpu1/20260721_084502_1071172/stability_pairwise.csv"
"Macosko2015_retina","Rtsne_full","cpu",1,4,42,0.0264471560208752,0.300547938407482,0.829833333333333,"standard","cpu1","/Users/stefano/Documents/fastEmbedR-results/Macosko2015_retina/standard/cpu1/20260721_084502_1071172/stability_pairwise.csv"
"Macosko2015_retina","Rtsne_full","cpu",1,17,42,0.0253877066355795,0.355464351785751,0.800766666666667,"standard","cpu1","/Users/stefano/Documents/fastEmbedR-results/Macosko2015_retina/standard/cpu1/20260721_084502_1071172/stability_pairwise.csv"
"Macosko2015_retina","Rtsne_neighbors","cpu",1,4,17,4.35931362602648e-18,1,1,"standard","cpu1","/Users/stefano/Documents/fastEmbedR-results/Macosko2015_retina/standard/cpu1/20260721_084502_1071172/stability_pairwise.csv"
"Macosko2015_retina","Rtsne_neighbors","cpu",1,4,42,4.35931362602648e-18,1,1,"standard","cpu1","/Users/stefano/Documents/fastEmbedR-results/Macosko2015_retina/standard/cpu1/20260721_084502_1071172/stability_pairwise.csv"
"Macosko2015_retina","Rtsne_neighbors","cpu",1,17,42,4.35931362602648e-18,1,1,"standard","cpu1","/Users/stefano/Documents/fastEmbedR-results/Macosko2015_retina/standard/cpu1/20260721_084502_1071172/stability_pairwise.csv"
"Macosko2015_retina","umap_package","cpu",1,4,17,0.00796880972357683,0.936498071589427,0.8135,"standard","cpu1","/Users/stefano/Documents/fastEmbedR-results/Macosko2015_retina/standard/cpu1/20260721_084502_1071172/stability_pairwise.csv"
"Macosko2015_retina","umap_package","cpu",1,4,42,0.00502247692232918,0.974774725564671,0.811466666666667,"standard","cpu1","/Users/stefano/Documents/fastEmbedR-results/Macosko2015_retina/standard/cpu1/20260721_084502_1071172/stability_pairwise.csv"
"Macosko2015_retina","umap_package","cpu",1,17,42,0.00770022315433373,0.940706563373463,0.821633333333333,"standard","cpu1","/Users/stefano/Documents/fastEmbedR-results/Macosko2015_retina/standard/cpu1/20260721_084502_1071172/stability_pairwise.csv"
"Macosko2015_retina","umap_package_knn","cpu",1,4,17,0.00344053651857904,0.988162708464324,0.829866666666667,"standard","cpu1","/Users/stefano/Documents/fastEmbedR-results/Macosko2015_retina/standard/cpu1/20260721_084502_1071172/stability_pairwise.csv"
"Macosko2015_retina","umap_package_knn","cpu",1,4,42,0.00404882512630162,0.983607015096629,0.840266666666667,"standard","cpu1","/Users/stefano/Documents/fastEmbedR-results/Macosko2015_retina/standard/cpu1/20260721_084502_1071172/stability_pairwise.csv"
"Macosko2015_retina","umap_package_knn","cpu",1,17,42,0.00341807531765764,0.98831676112282,0.832733333333333,"standard","cpu1","/Users/stefano/Documents/fastEmbedR-results/Macosko2015_retina/standard/cpu1/20260721_084502_1071172/stability_pairwise.csv"
"Macosko2015_retina","uwot_default","cpu",1,4,17,0.0107521718497995,0.884390800512379,0.807066666666667,"standard","cpu1","/Users/stefano/Documents/fastEmbedR-results/Macosko2015_retina/standard/cpu1/20260721_084502_1071172/stability_pairwise.csv"
"Macosko2015_retina","uwot_default","cpu",1,4,42,0.00938394965047227,0.911941488957401,0.8039,"standard","cpu1","/Users/stefano/Documents/fastEmbedR-results/Macosko2015_retina/standard/cpu1/20260721_084502_1071172/stability_pairwise.csv"
"Macosko2015_retina","uwot_default","cpu",1,17,42,0.00903763601209941,0.918321135312804,0.803933333333333,"standard","cpu1","/Users/stefano/Documents/fastEmbedR-results/Macosko2015_retina/standard/cpu1/20260721_084502_1071172/stability_pairwise.csv"
"Macosko2015_retina","uwot_fast_sgd","cpu",1,4,17,0.0107907697995268,0.88355928713362,0.8032,"standard","cpu1","/Users/stefano/Documents/fastEmbedR-results/Macosko2015_retina/standard/cpu1/20260721_084502_1071172/stability_pairwise.csv"
"Macosko2015_retina","uwot_fast_sgd","cpu",1,4,42,0.0110989041738404,0.876814326139909,0.8066,"standard","cpu1","/Users/stefano/Documents/fastEmbedR-results/Macosko2015_retina/standard/cpu1/20260721_084502_1071172/stability_pairwise.csv"
"Macosko2015_retina","uwot_fast_sgd","cpu",1,17,42,0.0110578469255949,0.877724021370112,0.803,"standard","cpu1","/Users/stefano/Documents/fastEmbedR-results/Macosko2015_retina/standard/cpu1/20260721_084502_1071172/stability_pairwise.csv"
"Macosko2015_retina","uwot_knn","cpu",1,4,17,0.0157081899860438,0.753252767362354,0.788966666666667,"standard","cpu1","/Users/stefano/Documents/fastEmbedR-results/Macosko2015_retina/standard/cpu1/20260721_084502_1071172/stability_pairwise.csv"
"Macosko2015_retina","uwot_knn","cpu",1,4,42,0.0123177537335528,0.848272942959547,0.792533333333333,"standard","cpu1","/Users/stefano/Documents/fastEmbedR-results/Macosko2015_retina/standard/cpu1/20260721_084502_1071172/stability_pairwise.csv"
"Macosko2015_retina","uwot_knn","cpu",1,17,42,0.0116728252866813,0.863745149826614,0.789533333333333,"standard","cpu1","/Users/stefano/Documents/fastEmbedR-results/Macosko2015_retina/standard/cpu1/20260721_084502_1071172/stability_pairwise.csv"
"Macosko2015_retina","fastEmbedR_opentsne_cpu_full","cpu",4,4,17,0.00334029394347163,0.988842436371207,0.8535,"standard","cpu4","/Users/stefano/Documents/fastEmbedR-results/Macosko2015_retina/standard/cpu4/20260721_084502_1071183/stability_pairwise.csv"
"Macosko2015_retina","fastEmbedR_opentsne_cpu_full","cpu",4,4,42,0.00204768946785664,0.995806967843229,0.866033333333333,"standard","cpu4","/Users/stefano/Documents/fastEmbedR-results/Macosko2015_retina/standard/cpu4/20260721_084502_1071183/stability_pairwise.csv"
"Macosko2015_retina","fastEmbedR_opentsne_cpu_full","cpu",4,17,42,0.00265040516459093,0.99297535246351,0.882666666666667,"standard","cpu4","/Users/stefano/Documents/fastEmbedR-results/Macosko2015_retina/standard/cpu4/20260721_084502_1071183/stability_pairwise.csv"
"Macosko2015_retina","fastEmbedR_opentsne_cpu_knn","cpu",4,4,17,9.93847280742011e-18,1,1,"standard","cpu4","/Users/stefano/Documents/fastEmbedR-results/Macosko2015_retina/standard/cpu4/20260721_084502_1071183/stability_pairwise.csv"
"Macosko2015_retina","fastEmbedR_opentsne_cpu_knn","cpu",4,4,42,9.93847280742011e-18,1,1,"standard","cpu4","/Users/stefano/Documents/fastEmbedR-results/Macosko2015_retina/standard/cpu4/20260721_084502_1071183/stability_pairwise.csv"
"Macosko2015_retina","fastEmbedR_opentsne_cpu_knn","cpu",4,17,42,9.93847280742011e-18,1,1,"standard","cpu4","/Users/stefano/Documents/fastEmbedR-results/Macosko2015_retina/standard/cpu4/20260721_084502_1071183/stability_pairwise.csv"
"Macosko2015_retina","fastEmbedR_umap_cpu_binary_full","cpu",4,4,17,0.0135228275905512,0.817133133956227,0.732766666666667,"standard","cpu4","/Users/stefano/Documents/fastEmbedR-results/Macosko2015_retina/standard/cpu4/20260721_084502_1071183/stability_pairwise.csv"
"Macosko2015_retina","fastEmbedR_umap_cpu_binary_full","cpu",4,4,42,0.0141097475353857,0.800915024487676,0.755333333333333,"standard","cpu4","/Users/stefano/Documents/fastEmbedR-results/Macosko2015_retina/standard/cpu4/20260721_084502_1071183/stability_pairwise.csv"
"Macosko2015_retina","fastEmbedR_umap_cpu_binary_full","cpu",4,17,42,0.0144780021025825,0.790387455117615,0.848,"standard","cpu4","/Users/stefano/Documents/fastEmbedR-results/Macosko2015_retina/standard/cpu4/20260721_084502_1071183/stability_pairwise.csv"
"Macosko2015_retina","fastEmbedR_umap_cpu_binary_knn","cpu",4,4,17,0.0160974468501219,0.740872204907499,0.7961,"standard","cpu4","/Users/stefano/Documents/fastEmbedR-results/Macosko2015_retina/standard/cpu4/20260721_084502_1071183/stability_pairwise.csv"
"Macosko2015_retina","fastEmbedR_umap_cpu_binary_knn","cpu",4,4,42,0.0110581315361267,0.877717726929721,0.6618,"standard","cpu4","/Users/stefano/Documents/fastEmbedR-results/Macosko2015_retina/standard/cpu4/20260721_084502_1071183/stability_pairwise.csv"
"Macosko2015_retina","fastEmbedR_umap_cpu_binary_knn","cpu",4,17,42,0.0148319455084883,0.780013392433234,0.734266666666667,"standard","cpu4","/Users/stefano/Documents/fastEmbedR-results/Macosko2015_retina/standard/cpu4/20260721_084502_1071183/stability_pairwise.csv"
"Macosko2015_retina","fastEmbedR_umap_cpu_fuzzy_full","cpu",4,4,17,0.027338392919786,0.252612272563393,0.730133333333333,"standard","cpu4","/Users/stefano/Documents/fastEmbedR-results/Macosko2015_retina/standard/cpu4/20260721_084502_1071183/stability_pairwise.csv"
"Macosko2015_retina","fastEmbedR_umap_cpu_fuzzy_full","cpu",4,4,42,0.0264390251612812,0.300977948521139,0.737466666666667,"standard","cpu4","/Users/stefano/Documents/fastEmbedR-results/Macosko2015_retina/standard/cpu4/20260721_084502_1071183/stability_pairwise.csv"
"Macosko2015_retina","fastEmbedR_umap_cpu_fuzzy_full","cpu",4,17,42,0.0233155505228734,0.45638510381534,0.742733333333333,"standard","cpu4","/Users/stefano/Documents/fastEmbedR-results/Macosko2015_retina/standard/cpu4/20260721_084502_1071183/stability_pairwise.csv"
"Macosko2015_retina","fastEmbedR_umap_cpu_fuzzy_knn","cpu",4,4,17,0.025174714228495,0.366233763513612,0.7083,"standard","cpu4","/Users/stefano/Documents/fastEmbedR-results/Macosko2015_retina/standard/cpu4/20260721_084502_1071183/stability_pairwise.csv"
"Macosko2015_retina","fastEmbedR_umap_cpu_fuzzy_knn","cpu",4,4,42,0.0266881463767072,0.287742842975451,0.7429,"standard","cpu4","/Users/stefano/Documents/fastEmbedR-results/Macosko2015_retina/standard/cpu4/20260721_084502_1071183/stability_pairwise.csv"
"Macosko2015_retina","fastEmbedR_umap_cpu_fuzzy_knn","cpu",4,17,42,0.0221697324548961,0.508502962878324,0.681633333333333,"standard","cpu4","/Users/stefano/Documents/fastEmbedR-results/Macosko2015_retina/standard/cpu4/20260721_084502_1071183/stability_pairwise.csv"
"Macosko2015_retina","KlugerLab_FItSNE","cpu",4,4,17,0.00272673271132705,0.992564928720979,0.8062,"standard","cpu4","/Users/stefano/Documents/fastEmbedR-results/Macosko2015_retina/standard/cpu4/20260721_084502_1071183/stability_pairwise.csv"
"Macosko2015_retina","KlugerLab_FItSNE","cpu",4,4,42,0.00187953032398266,0.996467365761229,0.803,"standard","cpu4","/Users/stefano/Documents/fastEmbedR-results/Macosko2015_retina/standard/cpu4/20260721_084502_1071183/stability_pairwise.csv"
"Macosko2015_retina","KlugerLab_FItSNE","cpu",4,17,42,0.00315966241089074,0.990016533449204,0.792133333333333,"standard","cpu4","/Users/stefano/Documents/fastEmbedR-results/Macosko2015_retina/standard/cpu4/20260721_084502_1071183/stability_pairwise.csv"
"Macosko2015_retina","Rtsne_full","cpu",4,4,17,0.023215903788833,0.46102181126765,0.837766666666667,"standard","cpu4","/Users/stefano/Documents/fastEmbedR-results/Macosko2015_retina/standard/cpu4/20260721_084502_1071183/stability_pairwise.csv"
"Macosko2015_retina","Rtsne_full","cpu",4,4,42,0.0265480753915328,0.295199693005491,0.825266666666667,"standard","cpu4","/Users/stefano/Documents/fastEmbedR-results/Macosko2015_retina/standard/cpu4/20260721_084502_1071183/stability_pairwise.csv"
"Macosko2015_retina","Rtsne_full","cpu",4,17,42,0.0250601909229079,0.371986830907403,0.816233333333333,"standard","cpu4","/Users/stefano/Documents/fastEmbedR-results/Macosko2015_retina/standard/cpu4/20260721_084502_1071183/stability_pairwise.csv"
"Macosko2015_retina","Rtsne_neighbors","cpu",4,4,17,4.47395730299732e-18,1,1,"standard","cpu4","/Users/stefano/Documents/fastEmbedR-results/Macosko2015_retina/standard/cpu4/20260721_084502_1071183/stability_pairwise.csv"
"Macosko2015_retina","Rtsne_neighbors","cpu",4,4,42,4.47395730299732e-18,1,1,"standard","cpu4","/Users/stefano/Documents/fastEmbedR-results/Macosko2015_retina/standard/cpu4/20260721_084502_1071183/stability_pairwise.csv"
"Macosko2015_retina","Rtsne_neighbors","cpu",4,17,42,4.47395730299732e-18,1,1,"standard","cpu4","/Users/stefano/Documents/fastEmbedR-results/Macosko2015_retina/standard/cpu4/20260721_084502_1071183/stability_pairwise.csv"
"Macosko2015_retina","umap_package","cpu",4,4,17,0.00796880972357683,0.936498071589427,0.8135,"standard","cpu4","/Users/stefano/Documents/fastEmbedR-results/Macosko2015_retina/standard/cpu4/20260721_084502_1071183/stability_pairwise.csv"
"Macosko2015_retina","umap_package","cpu",4,4,42,0.00502247692232918,0.974774725564671,0.811466666666667,"standard","cpu4","/Users/stefano/Documents/fastEmbedR-results/Macosko2015_retina/standard/cpu4/20260721_084502_1071183/stability_pairwise.csv"
"Macosko2015_retina","umap_package","cpu",4,17,42,0.00770022315433373,0.940706563373463,0.821633333333333,"standard","cpu4","/Users/stefano/Documents/fastEmbedR-results/Macosko2015_retina/standard/cpu4/20260721_084502_1071183/stability_pairwise.csv"
"Macosko2015_retina","umap_package_knn","cpu",4,4,17,0.00344053651857904,0.988162708464324,0.829866666666667,"standard","cpu4","/Users/stefano/Documents/fastEmbedR-results/Macosko2015_retina/standard/cpu4/20260721_084502_1071183/stability_pairwise.csv"
"Macosko2015_retina","umap_package_knn","cpu",4,4,42,0.00404882512630162,0.983607015096629,0.840266666666667,"standard","cpu4","/Users/stefano/Documents/fastEmbedR-results/Macosko2015_retina/standard/cpu4/20260721_084502_1071183/stability_pairwise.csv"
"Macosko2015_retina","umap_package_knn","cpu",4,17,42,0.00341807531765764,0.98831676112282,0.832733333333333,"standard","cpu4","/Users/stefano/Documents/fastEmbedR-results/Macosko2015_retina/standard/cpu4/20260721_084502_1071183/stability_pairwise.csv"
"Macosko2015_retina","uwot_default","cpu",4,4,17,0.0107521718497995,0.884390800512379,0.807066666666667,"standard","cpu4","/Users/stefano/Documents/fastEmbedR-results/Macosko2015_retina/standard/cpu4/20260721_084502_1071183/stability_pairwise.csv"
"Macosko2015_retina","uwot_default","cpu",4,4,42,0.00938394965047227,0.911941488957401,0.8039,"standard","cpu4","/Users/stefano/Documents/fastEmbedR-results/Macosko2015_retina/standard/cpu4/20260721_084502_1071183/stability_pairwise.csv"
"Macosko2015_retina","uwot_default","cpu",4,17,42,0.00903763601209941,0.918321135312804,0.803933333333333,"standard","cpu4","/Users/stefano/Documents/fastEmbedR-results/Macosko2015_retina/standard/cpu4/20260721_084502_1071183/stability_pairwise.csv"
"Macosko2015_retina","uwot_fast_sgd","cpu",4,4,17,0.0117157890888792,0.8627402860249,0.783466666666667,"standard","cpu4","/Users/stefano/Documents/fastEmbedR-results/Macosko2015_retina/standard/cpu4/20260721_084502_1071183/stability_pairwise.csv"
"Macosko2015_retina","uwot_fast_sgd","cpu",4,4,42,0.0168920931838834,0.714657187867001,0.804166666666667,"standard","cpu4","/Users/stefano/Documents/fastEmbedR-results/Macosko2015_retina/standard/cpu4/20260721_084502_1071183/stability_pairwise.csv"
"Macosko2015_retina","uwot_fast_sgd","cpu",4,17,42,0.0168537267712774,0.715951893919127,0.778966666666667,"standard","cpu4","/Users/stefano/Documents/fastEmbedR-results/Macosko2015_retina/standard/cpu4/20260721_084502_1071183/stability_pairwise.csv"
"Macosko2015_retina","uwot_knn","cpu",4,4,17,0.0110784143381266,0.877268735752791,0.791366666666667,"standard","cpu4","/Users/stefano/Documents/fastEmbedR-results/Macosko2015_retina/standard/cpu4/20260721_084502_1071183/stability_pairwise.csv"
"Macosko2015_retina","uwot_knn","cpu",4,4,42,0.00943166662249382,0.911043664722136,0.802133333333333,"standard","cpu4","/Users/stefano/Documents/fastEmbedR-results/Macosko2015_retina/standard/cpu4/20260721_084502_1071183/stability_pairwise.csv"
"Macosko2015_retina","uwot_knn","cpu",4,17,42,0.0107997209459639,0.883366027489309,0.787533333333333,"standard","cpu4","/Users/stefano/Documents/fastEmbedR-results/Macosko2015_retina/standard/cpu4/20260721_084502_1071183/stability_pairwise.csv"
"Macosko2015_retina","fastEmbedR_opentsne_cuda_full","cuda",1,4,17,0.00177037370037452,0.996865776961022,0.907533333333333,"standard","cuda","/Users/stefano/Documents/fastEmbedR-results/Macosko2015_retina/standard/cuda/20260722_125341_1071194/stability_pairwise.csv"
"Macosko2015_retina","fastEmbedR_opentsne_cuda_full","cuda",1,4,42,0.00273761525102166,0.992505462737374,0.893966666666667,"standard","cuda","/Users/stefano/Documents/fastEmbedR-results/Macosko2015_retina/standard/cuda/20260722_125341_1071194/stability_pairwise.csv"
"Macosko2015_retina","fastEmbedR_opentsne_cuda_full","cuda",1,17,42,0.00248883046342531,0.993805722924326,0.9102,"standard","cuda","/Users/stefano/Documents/fastEmbedR-results/Macosko2015_retina/standard/cuda/20260722_125341_1071194/stability_pairwise.csv"
"Macosko2015_retina","fastEmbedR_opentsne_cuda_knn","cuda",1,4,17,0.00166385386748919,0.997231590307641,0.911366666666667,"standard","cuda","/Users/stefano/Documents/fastEmbedR-results/Macosko2015_retina/standard/cuda/20260722_125341_1071194/stability_pairwise.csv"
"Macosko2015_retina","fastEmbedR_opentsne_cuda_knn","cuda",1,4,42,0.000818023430196395,0.99933083766765,0.922466666666667,"standard","cuda","/Users/stefano/Documents/fastEmbedR-results/Macosko2015_retina/standard/cuda/20260722_125341_1071194/stability_pairwise.csv"
"Macosko2015_retina","fastEmbedR_opentsne_cuda_knn","cuda",1,17,42,0.00174704701672095,0.996947826721366,0.903,"standard","cuda","/Users/stefano/Documents/fastEmbedR-results/Macosko2015_retina/standard/cuda/20260722_125341_1071194/stability_pairwise.csv"
"Macosko2015_retina","fastEmbedR_umap_cuda_binary_full","cuda",1,4,17,0.0220487076766014,0.513854489791778,0.827866666666667,"standard","cuda","/Users/stefano/Documents/fastEmbedR-results/Macosko2015_retina/standard/cuda/20260722_125341_1071194/stability_pairwise.csv"
"Macosko2015_retina","fastEmbedR_umap_cuda_binary_full","cuda",1,4,42,0.0284028974306448,0.193275417544271,0.8251,"standard","cuda","/Users/stefano/Documents/fastEmbedR-results/Macosko2015_retina/standard/cuda/20260722_125341_1071194/stability_pairwise.csv"
"Macosko2015_retina","fastEmbedR_umap_cuda_binary_full","cuda",1,17,42,0.0276915832454648,0.233176217359491,0.833366666666667,"standard","cuda","/Users/stefano/Documents/fastEmbedR-results/Macosko2015_retina/standard/cuda/20260722_125341_1071194/stability_pairwise.csv"
"Macosko2015_retina","fastEmbedR_umap_cuda_binary_knn","cuda",1,4,17,0.0209271110662877,0.56205602241926,0.7964,"standard","cuda","/Users/stefano/Documents/fastEmbedR-results/Macosko2015_retina/standard/cuda/20260722_125341_1071194/stability_pairwise.csv"
"Macosko2015_retina","fastEmbedR_umap_cuda_binary_knn","cuda",1,4,42,0.0179507110149079,0.677771974059265,0.785133333333333,"standard","cuda","/Users/stefano/Documents/fastEmbedR-results/Macosko2015_retina/standard/cuda/20260722_125341_1071194/stability_pairwise.csv"
"Macosko2015_retina","fastEmbedR_umap_cuda_binary_knn","cuda",1,17,42,0.0129840579251087,0.831414239797422,0.7951,"standard","cuda","/Users/stefano/Documents/fastEmbedR-results/Macosko2015_retina/standard/cuda/20260722_125341_1071194/stability_pairwise.csv"
"Macosko2015_retina","fastEmbedR_umap_cuda_fuzzy_full","cuda",1,4,17,0.0258357442643161,0.332514318308856,0.772233333333333,"standard","cuda","/Users/stefano/Documents/fastEmbedR-results/Macosko2015_retina/standard/cuda/20260722_125341_1071194/stability_pairwise.csv"
"Macosko2015_retina","fastEmbedR_umap_cuda_fuzzy_full","cuda",1,4,42,0.0271246652215472,0.264252536618987,0.7904,"standard","cuda","/Users/stefano/Documents/fastEmbedR-results/Macosko2015_retina/standard/cuda/20260722_125341_1071194/stability_pairwise.csv"
"Macosko2015_retina","fastEmbedR_umap_cuda_fuzzy_full","cuda",1,17,42,0.0239449810419497,0.426637882900669,0.777933333333333,"standard","cuda","/Users/stefano/Documents/fastEmbedR-results/Macosko2015_retina/standard/cuda/20260722_125341_1071194/stability_pairwise.csv"
"Macosko2015_retina","fastEmbedR_umap_cuda_fuzzy_knn","cuda",1,4,17,0.0239544609543906,0.426183800384575,0.7861,"standard","cuda","/Users/stefano/Documents/fastEmbedR-results/Macosko2015_retina/standard/cuda/20260722_125341_1071194/stability_pairwise.csv"
"Macosko2015_retina","fastEmbedR_umap_cuda_fuzzy_knn","cuda",1,4,42,0.0232074323175377,0.461415085226905,0.778966666666667,"standard","cuda","/Users/stefano/Documents/fastEmbedR-results/Macosko2015_retina/standard/cuda/20260722_125341_1071194/stability_pairwise.csv"
"Macosko2015_retina","fastEmbedR_umap_cuda_fuzzy_knn","cuda",1,17,42,0.0215359015750242,0.536204943350871,0.7859,"standard","cuda","/Users/stefano/Documents/fastEmbedR-results/Macosko2015_retina/standard/cuda/20260722_125341_1071194/stability_pairwise.csv"
"MetRef","fastEmbedR_opentsne_cpu_full","cpu",1,4,17,0.0280853497762032,0.655694530349443,0.602138220694922,"landmark","cpu1","/Users/stefano/Documents/fastEmbedR-results/MetRef/landmark/cpu1/20260726_110549_1117504/stability_pairwise.csv"
"MetRef","fastEmbedR_opentsne_cpu_full","cpu",1,4,42,0.0253505874275261,0.719482278505138,0.64077892325315,"landmark","cpu1","/Users/stefano/Documents/fastEmbedR-results/MetRef/landmark/cpu1/20260726_110549_1117504/stability_pairwise.csv"
"MetRef","fastEmbedR_opentsne_cpu_full","cpu",1,17,42,0.0308596581803122,0.584312973438008,0.602749140893471,"landmark","cpu1","/Users/stefano/Documents/fastEmbedR-results/MetRef/landmark/cpu1/20260726_110549_1117504/stability_pairwise.csv"
"MetRef","fastEmbedR_opentsne_cpu_landmark","cpu",1,4,17,0.0254804760585735,0.716600340835123,0.176403207331042,"landmark","cpu1","/Users/stefano/Documents/fastEmbedR-results/MetRef/landmark/cpu1/20260726_110549_1117504/stability_pairwise.csv"
"MetRef","fastEmbedR_opentsne_cpu_landmark","cpu",1,4,42,0.0298441246900102,0.61122176867913,0.20336006109202,"landmark","cpu1","/Users/stefano/Documents/fastEmbedR-results/MetRef/landmark/cpu1/20260726_110549_1117504/stability_pairwise.csv"
"MetRef","fastEmbedR_opentsne_cpu_landmark","cpu",1,17,42,0.0313411920942701,0.571239004495043,0.166933944253532,"landmark","cpu1","/Users/stefano/Documents/fastEmbedR-results/MetRef/landmark/cpu1/20260726_110549_1117504/stability_pairwise.csv"
"MetRef","fastEmbedR_umap_cpu_binary_full","cpu",1,4,17,0.00728646015865178,0.97682512303256,0.635967926689576,"landmark","cpu1","/Users/stefano/Documents/fastEmbedR-results/MetRef/landmark/cpu1/20260726_110549_1117504/stability_pairwise.csv"
"MetRef","fastEmbedR_umap_cpu_binary_full","cpu",1,4,42,0.00768991277956685,0.974187677889719,0.633295150820924,"landmark","cpu1","/Users/stefano/Documents/fastEmbedR-results/MetRef/landmark/cpu1/20260726_110549_1117504/stability_pairwise.csv"
"MetRef","fastEmbedR_umap_cpu_binary_full","cpu",1,17,42,0.00475165770460414,0.990144593463937,0.680717831233295,"landmark","cpu1","/Users/stefano/Documents/fastEmbedR-results/MetRef/landmark/cpu1/20260726_110549_1117504/stability_pairwise.csv"
"MetRef","fastEmbedR_umap_cpu_binary_landmark","cpu",1,4,17,0.0376736768243554,0.380472963534101,0.0408552882779687,"landmark","cpu1","/Users/stefano/Documents/fastEmbedR-results/MetRef/landmark/cpu1/20260726_110549_1117504/stability_pairwise.csv"
"MetRef","fastEmbedR_umap_cpu_binary_landmark","cpu",1,4,42,0.0376779197644038,0.38033340911215,0.0490263459335624,"landmark","cpu1","/Users/stefano/Documents/fastEmbedR-results/MetRef/landmark/cpu1/20260726_110549_1117504/stability_pairwise.csv"
"MetRef","fastEmbedR_umap_cpu_binary_landmark","cpu",1,17,42,0.0382977316263034,0.359778357870063,0.0505536464299351,"landmark","cpu1","/Users/stefano/Documents/fastEmbedR-results/MetRef/landmark/cpu1/20260726_110549_1117504/stability_pairwise.csv"
"MetRef","fastEmbedR_opentsne_cpu_full","cpu",4,4,17,0.0342657895664838,0.487485997940748,0.593432607865598,"landmark","cpu4","/Users/stefano/Documents/fastEmbedR-results/MetRef/landmark/cpu4/20260726_110110_1117515/stability_pairwise.csv"
"MetRef","fastEmbedR_opentsne_cpu_full","cpu",4,4,42,0.0227993090032541,0.773103593667211,0.617945780832379,"landmark","cpu4","/Users/stefano/Documents/fastEmbedR-results/MetRef/landmark/cpu4/20260726_110110_1117515/stability_pairwise.csv"
"MetRef","fastEmbedR_opentsne_cpu_full","cpu",4,17,42,0.0244771731570907,0.7384788794848,0.613211149293624,"landmark","cpu4","/Users/stefano/Documents/fastEmbedR-results/MetRef/landmark/cpu4/20260726_110110_1117515/stability_pairwise.csv"
"MetRef","fastEmbedR_opentsne_cpu_landmark","cpu",4,4,17,0.0248458067631147,0.730542389365568,0.17930507827415,"landmark","cpu4","/Users/stefano/Documents/fastEmbedR-results/MetRef/landmark/cpu4/20260726_110110_1117515/stability_pairwise.csv"
"MetRef","fastEmbedR_opentsne_cpu_landmark","cpu",4,4,42,0.0287224210291722,0.639897334442326,0.20504009163803,"landmark","cpu4","/Users/stefano/Documents/fastEmbedR-results/MetRef/landmark/cpu4/20260726_110110_1117515/stability_pairwise.csv"
"MetRef","fastEmbedR_opentsne_cpu_landmark","cpu",4,17,42,0.0313411337838632,0.571240599916479,0.166933944253532,"landmark","cpu4","/Users/stefano/Documents/fastEmbedR-results/MetRef/landmark/cpu4/20260726_110110_1117515/stability_pairwise.csv"
"MetRef","fastEmbedR_umap_cpu_binary_full","cpu",4,4,17,0.00414104146178471,0.992514800054542,0.622985872470409,"landmark","cpu4","/Users/stefano/Documents/fastEmbedR-results/MetRef/landmark/cpu4/20260726_110110_1117515/stability_pairwise.csv"
"MetRef","fastEmbedR_umap_cpu_binary_full","cpu",4,4,42,0.00423352899217173,0.992176711886921,0.630011454753723,"landmark","cpu4","/Users/stefano/Documents/fastEmbedR-results/MetRef/landmark/cpu4/20260726_110110_1117515/stability_pairwise.csv"
"MetRef","fastEmbedR_umap_cpu_binary_full","cpu",4,17,42,0.00407925400024094,0.992736503288863,0.634440626193204,"landmark","cpu4","/Users/stefano/Documents/fastEmbedR-results/MetRef/landmark/cpu4/20260726_110110_1117515/stability_pairwise.csv"
"MetRef","fastEmbedR_umap_cpu_binary_landmark","cpu",4,4,17,0.0381158303997252,0.365845585938042,0.0422298587247041,"landmark","cpu4","/Users/stefano/Documents/fastEmbedR-results/MetRef/landmark/cpu4/20260726_110110_1117515/stability_pairwise.csv"
"MetRef","fastEmbedR_umap_cpu_binary_landmark","cpu",4,4,42,0.0389617542015941,0.337385016211837,0.0464299350897289,"landmark","cpu4","/Users/stefano/Documents/fastEmbedR-results/MetRef/landmark/cpu4/20260726_110110_1117515/stability_pairwise.csv"
"MetRef","fastEmbedR_umap_cpu_binary_landmark","cpu",4,17,42,0.0396089903632556,0.31518732066914,0.047651775486827,"landmark","cpu4","/Users/stefano/Documents/fastEmbedR-results/MetRef/landmark/cpu4/20260726_110110_1117515/stability_pairwise.csv"
"MetRef","fastEmbedR_opentsne_cuda_full","cuda",1,4,17,0.000253407709059452,0.99997196994865,0.996410843833524,"landmark","cuda","/Users/stefano/Documents/fastEmbedR-results/MetRef/landmark/cuda/20260726_111333_1117526/stability_pairwise.csv"
"MetRef","fastEmbedR_opentsne_cuda_full","cuda",1,4,42,0.000228298563250783,0.999977249517867,0.997327224131348,"landmark","cuda","/Users/stefano/Documents/fastEmbedR-results/MetRef/landmark/cuda/20260726_111333_1117526/stability_pairwise.csv"
"MetRef","fastEmbedR_opentsne_cuda_full","cuda",1,17,42,4.04170763207925e-05,0.999999286959764,0.997632684230622,"landmark","cuda","/Users/stefano/Documents/fastEmbedR-results/MetRef/landmark/cuda/20260726_111333_1117526/stability_pairwise.csv"
"MetRef","fastEmbedR_opentsne_cuda_landmark","cuda",1,4,17,0.0275605247756516,0.668442227440588,0.17930507827415,"landmark","cuda","/Users/stefano/Documents/fastEmbedR-results/MetRef/landmark/cuda/20260726_111333_1117526/stability_pairwise.csv"
"MetRef","fastEmbedR_opentsne_cuda_landmark","cuda",1,4,42,0.0225398954620499,0.778237533632379,0.208705612829324,"landmark","cuda","/Users/stefano/Documents/fastEmbedR-results/MetRef/landmark/cuda/20260726_111333_1117526/stability_pairwise.csv"
"MetRef","fastEmbedR_opentsne_cuda_landmark","cuda",1,17,42,0.0279790162294833,0.65829673508743,0.177014127529591,"landmark","cuda","/Users/stefano/Documents/fastEmbedR-results/MetRef/landmark/cuda/20260726_111333_1117526/stability_pairwise.csv"
"MetRef","fastEmbedR_umap_cuda_binary_full","cuda",1,4,17,0.00567193470574142,0.985957426896846,0.647804505536464,"landmark","cuda","/Users/stefano/Documents/fastEmbedR-results/MetRef/landmark/cuda/20260726_111333_1117526/stability_pairwise.csv"
"MetRef","fastEmbedR_umap_cuda_binary_full","cuda",1,4,42,0.00607431552287967,0.983894324590292,0.64024436807942,"landmark","cuda","/Users/stefano/Documents/fastEmbedR-results/MetRef/landmark/cuda/20260726_111333_1117526/stability_pairwise.csv"
"MetRef","fastEmbedR_umap_cuda_binary_full","cuda",1,17,42,0.00656307400567928,0.981198225013644,0.618251240931653,"landmark","cuda","/Users/stefano/Documents/fastEmbedR-results/MetRef/landmark/cuda/20260726_111333_1117526/stability_pairwise.csv"
"MetRef","fastEmbedR_umap_cuda_binary_landmark","cuda",1,4,17,0.0370096552018867,0.40211958663205,0.0436044291714395,"landmark","cuda","/Users/stefano/Documents/fastEmbedR-results/MetRef/landmark/cuda/20260726_111333_1117526/stability_pairwise.csv"
"MetRef","fastEmbedR_umap_cuda_binary_landmark","cuda",1,4,42,0.036610968193637,0.414931553959043,0.0500190912562047,"landmark","cuda","/Users/stefano/Documents/fastEmbedR-results/MetRef/landmark/cuda/20260726_111333_1117526/stability_pairwise.csv"
"MetRef","fastEmbedR_umap_cuda_binary_landmark","cuda",1,17,42,0.0381524077582842,0.364627885950212,0.0540664375715922,"landmark","cuda","/Users/stefano/Documents/fastEmbedR-results/MetRef/landmark/cuda/20260726_111333_1117526/stability_pairwise.csv"
"MetRef","fastEmbedR_opentsne_cpu_full","cpu",1,4,17,0.0280853497762032,0.655694530349443,0.602138220694922,"standard","cpu1","/Users/stefano/Documents/fastEmbedR-results/MetRef/standard/cpu1/20260721_084502_1071174/stability_pairwise.csv"
"MetRef","fastEmbedR_opentsne_cpu_full","cpu",1,4,42,0.0253505874275261,0.719482278505138,0.64077892325315,"standard","cpu1","/Users/stefano/Documents/fastEmbedR-results/MetRef/standard/cpu1/20260721_084502_1071174/stability_pairwise.csv"
"MetRef","fastEmbedR_opentsne_cpu_full","cpu",1,17,42,0.0308596581803122,0.584312973438008,0.602749140893471,"standard","cpu1","/Users/stefano/Documents/fastEmbedR-results/MetRef/standard/cpu1/20260721_084502_1071174/stability_pairwise.csv"
"MetRef","fastEmbedR_opentsne_cpu_knn","cpu",1,4,17,1.20131940880872e-17,1,1,"standard","cpu1","/Users/stefano/Documents/fastEmbedR-results/MetRef/standard/cpu1/20260721_084502_1071174/stability_pairwise.csv"
"MetRef","fastEmbedR_opentsne_cpu_knn","cpu",1,4,42,1.20131940880872e-17,1,1,"standard","cpu1","/Users/stefano/Documents/fastEmbedR-results/MetRef/standard/cpu1/20260721_084502_1071174/stability_pairwise.csv"
"MetRef","fastEmbedR_opentsne_cpu_knn","cpu",1,17,42,1.20131940880872e-17,1,1,"standard","cpu1","/Users/stefano/Documents/fastEmbedR-results/MetRef/standard/cpu1/20260721_084502_1071174/stability_pairwise.csv"
"MetRef","fastEmbedR_umap_cpu_binary_full","cpu",1,4,17,0.00728646015865178,0.97682512303256,0.635967926689576,"standard","cpu1","/Users/stefano/Documents/fastEmbedR-results/MetRef/standard/cpu1/20260721_084502_1071174/stability_pairwise.csv"
"MetRef","fastEmbedR_umap_cpu_binary_full","cpu",1,4,42,0.00768991277956685,0.974187677889719,0.633295150820924,"standard","cpu1","/Users/stefano/Documents/fastEmbedR-results/MetRef/standard/cpu1/20260721_084502_1071174/stability_pairwise.csv"
"MetRef","fastEmbedR_umap_cpu_binary_full","cpu",1,17,42,0.00475165770460414,0.990144593463937,0.680717831233295,"standard","cpu1","/Users/stefano/Documents/fastEmbedR-results/MetRef/standard/cpu1/20260721_084502_1071174/stability_pairwise.csv"
"MetRef","fastEmbedR_umap_cpu_binary_knn","cpu",1,4,17,0.00728646015865178,0.97682512303256,0.635967926689576,"standard","cpu1","/Users/stefano/Documents/fastEmbedR-results/MetRef/standard/cpu1/20260721_084502_1071174/stability_pairwise.csv"
"MetRef","fastEmbedR_umap_cpu_binary_knn","cpu",1,4,42,0.00768991277956685,0.974187677889719,0.633295150820924,"standard","cpu1","/Users/stefano/Documents/fastEmbedR-results/MetRef/standard/cpu1/20260721_084502_1071174/stability_pairwise.csv"
"MetRef","fastEmbedR_umap_cpu_binary_knn","cpu",1,17,42,0.00475165770460414,0.990144593463937,0.680717831233295,"standard","cpu1","/Users/stefano/Documents/fastEmbedR-results/MetRef/standard/cpu1/20260721_084502_1071174/stability_pairwise.csv"
"MetRef","fastEmbedR_umap_cpu_fuzzy_full","cpu",1,4,17,0.00609573708359265,0.983780528376467,0.721954944635357,"standard","cpu1","/Users/stefano/Documents/fastEmbedR-results/MetRef/standard/cpu1/20260721_084502_1071174/stability_pairwise.csv"
"MetRef","fastEmbedR_umap_cpu_fuzzy_full","cpu",1,4,42,0.00857122573319331,0.967932130036476,0.703856433753341,"standard","cpu1","/Users/stefano/Documents/fastEmbedR-results/MetRef/standard/cpu1/20260721_084502_1071174/stability_pairwise.csv"
"MetRef","fastEmbedR_umap_cpu_fuzzy_full","cpu",1,17,42,0.00861351059810239,0.967614945454489,0.695379915998473,"standard","cpu1","/Users/stefano/Documents/fastEmbedR-results/MetRef/standard/cpu1/20260721_084502_1071174/stability_pairwise.csv"
"MetRef","fastEmbedR_umap_cpu_fuzzy_knn","cpu",1,4,17,0.00609573708359265,0.983780528376467,0.721954944635357,"standard","cpu1","/Users/stefano/Documents/fastEmbedR-results/MetRef/standard/cpu1/20260721_084502_1071174/stability_pairwise.csv"
"MetRef","fastEmbedR_umap_cpu_fuzzy_knn","cpu",1,4,42,0.00857122573319331,0.967932130036476,0.703856433753341,"standard","cpu1","/Users/stefano/Documents/fastEmbedR-results/MetRef/standard/cpu1/20260721_084502_1071174/stability_pairwise.csv"
"MetRef","fastEmbedR_umap_cpu_fuzzy_knn","cpu",1,17,42,0.00861351059810239,0.967614945454489,0.695379915998473,"standard","cpu1","/Users/stefano/Documents/fastEmbedR-results/MetRef/standard/cpu1/20260721_084502_1071174/stability_pairwise.csv"
"MetRef","KlugerLab_FItSNE","cpu",1,4,17,0.0260203400369115,0.704464141254667,0.603283696067201,"standard","cpu1","/Users/stefano/Documents/fastEmbedR-results/MetRef/standard/cpu1/20260721_084502_1071174/stability_pairwise.csv"
"MetRef","KlugerLab_FItSNE","cpu",1,4,42,0.0213208804328938,0.801575855127667,0.615807560137457,"standard","cpu1","/Users/stefano/Documents/fastEmbedR-results/MetRef/standard/cpu1/20260721_084502_1071174/stability_pairwise.csv"
"MetRef","KlugerLab_FItSNE","cpu",1,17,42,0.0232091653232103,0.764872572542454,0.618098510882016,"standard","cpu1","/Users/stefano/Documents/fastEmbedR-results/MetRef/standard/cpu1/20260721_084502_1071174/stability_pairwise.csv"
"MetRef","Rtsne_full","cpu",1,4,17,0.0290227088007509,0.632328356192866,0.631996945399007,"standard","cpu1","/Users/stefano/Documents/fastEmbedR-results/MetRef/standard/cpu1/20260721_084502_1071174/stability_pairwise.csv"
"MetRef","Rtsne_full","cpu",1,4,42,0.0264775340181192,0.693987393947392,0.639633447880871,"standard","cpu1","/Users/stefano/Documents/fastEmbedR-results/MetRef/standard/cpu1/20260721_084502_1071174/stability_pairwise.csv"
"MetRef","Rtsne_full","cpu",1,17,42,0.0225152854416229,0.778721528726999,0.632531500572738,"standard","cpu1","/Users/stefano/Documents/fastEmbedR-results/MetRef/standard/cpu1/20260721_084502_1071174/stability_pairwise.csv"
"MetRef","Rtsne_neighbors","cpu",1,4,17,6.7904960731162e-18,1,1,"standard","cpu1","/Users/stefano/Documents/fastEmbedR-results/MetRef/standard/cpu1/20260721_084502_1071174/stability_pairwise.csv"
"MetRef","Rtsne_neighbors","cpu",1,4,42,6.7904960731162e-18,1,1,"standard","cpu1","/Users/stefano/Documents/fastEmbedR-results/MetRef/standard/cpu1/20260721_084502_1071174/stability_pairwise.csv"
"MetRef","Rtsne_neighbors","cpu",1,17,42,6.7904960731162e-18,1,1,"standard","cpu1","/Users/stefano/Documents/fastEmbedR-results/MetRef/standard/cpu1/20260721_084502_1071174/stability_pairwise.csv"
"MetRef","umap_package","cpu",1,4,17,0.0114279676830215,0.942993778598534,0.594043528064147,"standard","cpu1","/Users/stefano/Documents/fastEmbedR-results/MetRef/standard/cpu1/20260721_084502_1071174/stability_pairwise.csv"
"MetRef","umap_package","cpu",1,4,42,0.0122419746014072,0.934583516255235,0.587323405880107,"standard","cpu1","/Users/stefano/Documents/fastEmbedR-results/MetRef/standard/cpu1/20260721_084502_1071174/stability_pairwise.csv"
"MetRef","umap_package","cpu",1,17,42,0.0114254651143705,0.943018743030712,0.605651011836579,"standard","cpu1","/Users/stefano/Documents/fastEmbedR-results/MetRef/standard/cpu1/20260721_084502_1071174/stability_pairwise.csv"
"MetRef","umap_package_knn","cpu",1,4,17,0.01299179035749,0.926324641813518,0.569683085147003,"standard","cpu1","/Users/stefano/Documents/fastEmbedR-results/MetRef/standard/cpu1/20260721_084502_1071174/stability_pairwise.csv"
"MetRef","umap_package_knn","cpu",1,4,42,0.0118765176614194,0.938430945275884,0.583734249713631,"standard","cpu1","/Users/stefano/Documents/fastEmbedR-results/MetRef/standard/cpu1/20260721_084502_1071174/stability_pairwise.csv"
"MetRef","umap_package_knn","cpu",1,17,42,0.00897502986422454,0.964839418195685,0.596410843833524,"standard","cpu1","/Users/stefano/Documents/fastEmbedR-results/MetRef/standard/cpu1/20260721_084502_1071174/stability_pairwise.csv"
"MetRef","uwot_default","cpu",1,4,17,0.00501818766124942,0.989007966468365,0.714394807178312,"standard","cpu1","/Users/stefano/Documents/fastEmbedR-results/MetRef/standard/cpu1/20260721_084502_1071174/stability_pairwise.csv"
"MetRef","uwot_default","cpu",1,4,42,0.00673503876202729,0.980200033879497,0.703398243604429,"standard","cpu1","/Users/stefano/Documents/fastEmbedR-results/MetRef/standard/cpu1/20260721_084502_1071174/stability_pairwise.csv"
"MetRef","uwot_default","cpu",1,17,42,0.00663178190390332,0.98080249812206,0.698205421916762,"standard","cpu1","/Users/stefano/Documents/fastEmbedR-results/MetRef/standard/cpu1/20260721_084502_1071174/stability_pairwise.csv"
"MetRef","uwot_fast_sgd","cpu",1,4,17,0.012043140412557,0.93669124867,0.68545246277205,"standard","cpu1","/Users/stefano/Documents/fastEmbedR-results/MetRef/standard/cpu1/20260721_084502_1071174/stability_pairwise.csv"
"MetRef","uwot_fast_sgd","cpu",1,4,42,0.0119089207021341,0.938094525765538,0.689194348988163,"standard","cpu1","/Users/stefano/Documents/fastEmbedR-results/MetRef/standard/cpu1/20260721_084502_1071174/stability_pairwise.csv"
"MetRef","uwot_fast_sgd","cpu",1,17,42,0.0122850421386281,0.934122433358155,0.654371897670867,"standard","cpu1","/Users/stefano/Documents/fastEmbedR-results/MetRef/standard/cpu1/20260721_084502_1071174/stability_pairwise.csv"
"MetRef","uwot_knn","cpu",1,4,17,0.012748856901637,0.929054191721741,0.634516991218022,"standard","cpu1","/Users/stefano/Documents/fastEmbedR-results/MetRef/standard/cpu1/20260721_084502_1071174/stability_pairwise.csv"
"MetRef","uwot_knn","cpu",1,4,42,0.0126081955728037,0.930611081019698,0.631156930126002,"standard","cpu1","/Users/stefano/Documents/fastEmbedR-results/MetRef/standard/cpu1/20260721_084502_1071174/stability_pairwise.csv"
"MetRef","uwot_knn","cpu",1,17,42,0.00615418915017218,0.983467979752054,0.703016418480336,"standard","cpu1","/Users/stefano/Documents/fastEmbedR-results/MetRef/standard/cpu1/20260721_084502_1071174/stability_pairwise.csv"
"MetRef","fastEmbedR_opentsne_cpu_full","cpu",4,4,17,0.0342657895664838,0.487485997940748,0.593432607865598,"standard","cpu4","/Users/stefano/Documents/fastEmbedR-results/MetRef/standard/cpu4/20260721_084502_1071185/stability_pairwise.csv"
"MetRef","fastEmbedR_opentsne_cpu_full","cpu",4,4,42,0.0227993090032541,0.773103593667211,0.617945780832379,"standard","cpu4","/Users/stefano/Documents/fastEmbedR-results/MetRef/standard/cpu4/20260721_084502_1071185/stability_pairwise.csv"
"MetRef","fastEmbedR_opentsne_cpu_full","cpu",4,17,42,0.0244771731570907,0.7384788794848,0.613211149293624,"standard","cpu4","/Users/stefano/Documents/fastEmbedR-results/MetRef/standard/cpu4/20260721_084502_1071185/stability_pairwise.csv"
"MetRef","fastEmbedR_opentsne_cpu_knn","cpu",4,4,17,7.93175404826577e-18,1,1,"standard","cpu4","/Users/stefano/Documents/fastEmbedR-results/MetRef/standard/cpu4/20260721_084502_1071185/stability_pairwise.csv"
"MetRef","fastEmbedR_opentsne_cpu_knn","cpu",4,4,42,7.93175404826577e-18,1,1,"standard","cpu4","/Users/stefano/Documents/fastEmbedR-results/MetRef/standard/cpu4/20260721_084502_1071185/stability_pairwise.csv"
"MetRef","fastEmbedR_opentsne_cpu_knn","cpu",4,17,42,7.93175404826577e-18,1,1,"standard","cpu4","/Users/stefano/Documents/fastEmbedR-results/MetRef/standard/cpu4/20260721_084502_1071185/stability_pairwise.csv"
"MetRef","fastEmbedR_umap_cpu_binary_full","cpu",4,4,17,0.00414104146178471,0.992514800054542,0.622985872470409,"standard","cpu4","/Users/stefano/Documents/fastEmbedR-results/MetRef/standard/cpu4/20260721_084502_1071185/stability_pairwise.csv"
"MetRef","fastEmbedR_umap_cpu_binary_full","cpu",4,4,42,0.00423352899217173,0.992176711886921,0.630011454753723,"standard","cpu4","/Users/stefano/Documents/fastEmbedR-results/MetRef/standard/cpu4/20260721_084502_1071185/stability_pairwise.csv"
"MetRef","fastEmbedR_umap_cpu_binary_full","cpu",4,17,42,0.00407925400024094,0.992736503288863,0.634440626193204,"standard","cpu4","/Users/stefano/Documents/fastEmbedR-results/MetRef/standard/cpu4/20260721_084502_1071185/stability_pairwise.csv"
"MetRef","fastEmbedR_umap_cpu_binary_knn","cpu",4,4,17,0.00414104146178471,0.992514800054542,0.622985872470409,"standard","cpu4","/Users/stefano/Documents/fastEmbedR-results/MetRef/standard/cpu4/20260721_084502_1071185/stability_pairwise.csv"
"MetRef","fastEmbedR_umap_cpu_binary_knn","cpu",4,4,42,0.00423352899217173,0.992176711886921,0.630011454753723,"standard","cpu4","/Users/stefano/Documents/fastEmbedR-results/MetRef/standard/cpu4/20260721_084502_1071185/stability_pairwise.csv"
"MetRef","fastEmbedR_umap_cpu_binary_knn","cpu",4,17,42,0.00407925400024094,0.992736503288863,0.634440626193204,"standard","cpu4","/Users/stefano/Documents/fastEmbedR-results/MetRef/standard/cpu4/20260721_084502_1071185/stability_pairwise.csv"
"MetRef","fastEmbedR_umap_cpu_fuzzy_full","cpu",4,4,17,0.00795608102020431,0.972369888200176,0.657044673539519,"standard","cpu4","/Users/stefano/Documents/fastEmbedR-results/MetRef/standard/cpu4/20260721_084502_1071185/stability_pairwise.csv"
"MetRef","fastEmbedR_umap_cpu_fuzzy_full","cpu",4,4,42,0.00673772893148675,0.980184213361195,0.690645284459717,"standard","cpu4","/Users/stefano/Documents/fastEmbedR-results/MetRef/standard/cpu4/20260721_084502_1071185/stability_pairwise.csv"
"MetRef","fastEmbedR_umap_cpu_fuzzy_full","cpu",4,17,42,0.0071703105902944,0.977558070995898,0.662619320351279,"standard","cpu4","/Users/stefano/Documents/fastEmbedR-results/MetRef/standard/cpu4/20260721_084502_1071185/stability_pairwise.csv"
"MetRef","fastEmbedR_umap_cpu_fuzzy_knn","cpu",4,4,17,0.00795608102020431,0.972369888200176,0.657044673539519,"standard","cpu4","/Users/stefano/Documents/fastEmbedR-results/MetRef/standard/cpu4/20260721_084502_1071185/stability_pairwise.csv"
"MetRef","fastEmbedR_umap_cpu_fuzzy_knn","cpu",4,4,42,0.00673772893148675,0.980184213361195,0.690645284459717,"standard","cpu4","/Users/stefano/Documents/fastEmbedR-results/MetRef/standard/cpu4/20260721_084502_1071185/stability_pairwise.csv"
"MetRef","fastEmbedR_umap_cpu_fuzzy_knn","cpu",4,17,42,0.0071703105902944,0.977558070995898,0.662619320351279,"standard","cpu4","/Users/stefano/Documents/fastEmbedR-results/MetRef/standard/cpu4/20260721_084502_1071185/stability_pairwise.csv"
"MetRef","KlugerLab_FItSNE","cpu",4,4,17,0.0260203400369115,0.704464141254667,0.603283696067201,"standard","cpu4","/Users/stefano/Documents/fastEmbedR-results/MetRef/standard/cpu4/20260721_084502_1071185/stability_pairwise.csv"
"MetRef","KlugerLab_FItSNE","cpu",4,4,42,0.0213208804328938,0.801575855127667,0.615807560137457,"standard","cpu4","/Users/stefano/Documents/fastEmbedR-results/MetRef/standard/cpu4/20260721_084502_1071185/stability_pairwise.csv"
"MetRef","KlugerLab_FItSNE","cpu",4,17,42,0.0232091653232103,0.764872572542454,0.618098510882016,"standard","cpu4","/Users/stefano/Documents/fastEmbedR-results/MetRef/standard/cpu4/20260721_084502_1071185/stability_pairwise.csv"
"MetRef","Rtsne_full","cpu",4,4,17,0.0273746242754484,0.67289997133211,0.665826651393662,"standard","cpu4","/Users/stefano/Documents/fastEmbedR-results/MetRef/standard/cpu4/20260721_084502_1071185/stability_pairwise.csv"
"MetRef","Rtsne_full","cpu",4,4,42,0.0267554180549142,0.687530429454506,0.666361206567392,"standard","cpu4","/Users/stefano/Documents/fastEmbedR-results/MetRef/standard/cpu4/20260721_084502_1071185/stability_pairwise.csv"
"MetRef","Rtsne_full","cpu",4,17,42,0.0238965428082712,0.750738963051139,0.633295150820924,"standard","cpu4","/Users/stefano/Documents/fastEmbedR-results/MetRef/standard/cpu4/20260721_084502_1071185/stability_pairwise.csv"
"MetRef","Rtsne_neighbors","cpu",4,4,17,1.17300260095773e-17,1,1,"standard","cpu4","/Users/stefano/Documents/fastEmbedR-results/MetRef/standard/cpu4/20260721_084502_1071185/stability_pairwise.csv"
"MetRef","Rtsne_neighbors","cpu",4,4,42,1.17300260095773e-17,1,1,"standard","cpu4","/Users/stefano/Documents/fastEmbedR-results/MetRef/standard/cpu4/20260721_084502_1071185/stability_pairwise.csv"
"MetRef","Rtsne_neighbors","cpu",4,17,42,1.17300260095773e-17,1,1,"standard","cpu4","/Users/stefano/Documents/fastEmbedR-results/MetRef/standard/cpu4/20260721_084502_1071185/stability_pairwise.csv"
"MetRef","umap_package","cpu",4,4,17,0.0114279676830215,0.942993778598534,0.594043528064147,"standard","cpu4","/Users/stefano/Documents/fastEmbedR-results/MetRef/standard/cpu4/20260721_084502_1071185/stability_pairwise.csv"
"MetRef","umap_package","cpu",4,4,42,0.0122419746014072,0.934583516255235,0.587323405880107,"standard","cpu4","/Users/stefano/Documents/fastEmbedR-results/MetRef/standard/cpu4/20260721_084502_1071185/stability_pairwise.csv"
"MetRef","umap_package","cpu",4,17,42,0.0114254651143705,0.943018743030712,0.605651011836579,"standard","cpu4","/Users/stefano/Documents/fastEmbedR-results/MetRef/standard/cpu4/20260721_084502_1071185/stability_pairwise.csv"
"MetRef","umap_package_knn","cpu",4,4,17,0.01299179035749,0.926324641813518,0.569683085147003,"standard","cpu4","/Users/stefano/Documents/fastEmbedR-results/MetRef/standard/cpu4/20260721_084502_1071185/stability_pairwise.csv"
"MetRef","umap_package_knn","cpu",4,4,42,0.0118765176614194,0.938430945275884,0.583734249713631,"standard","cpu4","/Users/stefano/Documents/fastEmbedR-results/MetRef/standard/cpu4/20260721_084502_1071185/stability_pairwise.csv"
"MetRef","umap_package_knn","cpu",4,17,42,0.00897502986422454,0.964839418195685,0.596410843833524,"standard","cpu4","/Users/stefano/Documents/fastEmbedR-results/MetRef/standard/cpu4/20260721_084502_1071185/stability_pairwise.csv"
"MetRef","uwot_default","cpu",4,4,17,0.00501818766124942,0.989007966468365,0.714394807178312,"standard","cpu4","/Users/stefano/Documents/fastEmbedR-results/MetRef/standard/cpu4/20260721_084502_1071185/stability_pairwise.csv"
"MetRef","uwot_default","cpu",4,4,42,0.00673503876202729,0.980200033879497,0.703398243604429,"standard","cpu4","/Users/stefano/Documents/fastEmbedR-results/MetRef/standard/cpu4/20260721_084502_1071185/stability_pairwise.csv"
"MetRef","uwot_default","cpu",4,17,42,0.00663178190390332,0.98080249812206,0.698205421916762,"standard","cpu4","/Users/stefano/Documents/fastEmbedR-results/MetRef/standard/cpu4/20260721_084502_1071185/stability_pairwise.csv"
"MetRef","uwot_fast_sgd","cpu",4,4,17,0.00582530300959133,0.985187741275474,0.693776250477281,"standard","cpu4","/Users/stefano/Documents/fastEmbedR-results/MetRef/standard/cpu4/20260721_084502_1071185/stability_pairwise.csv"
"MetRef","uwot_fast_sgd","cpu",4,4,42,0.00755708097269776,0.975071715110617,0.687743413516609,"standard","cpu4","/Users/stefano/Documents/fastEmbedR-results/MetRef/standard/cpu4/20260721_084502_1071185/stability_pairwise.csv"
"MetRef","uwot_fast_sgd","cpu",4,17,42,0.00724824553225044,0.977067571871388,0.686292478045055,"standard","cpu4","/Users/stefano/Documents/fastEmbedR-results/MetRef/standard/cpu4/20260721_084502_1071185/stability_pairwise.csv"
"MetRef","uwot_knn","cpu",4,4,17,0.00715491650262741,0.977654329635348,0.668270332187858,"standard","cpu4","/Users/stefano/Documents/fastEmbedR-results/MetRef/standard/cpu4/20260721_084502_1071185/stability_pairwise.csv"
"MetRef","uwot_knn","cpu",4,4,42,0.00701394973056196,0.978526168255826,0.685910652920962,"standard","cpu4","/Users/stefano/Documents/fastEmbedR-results/MetRef/standard/cpu4/20260721_084502_1071185/stability_pairwise.csv"
"MetRef","uwot_knn","cpu",4,17,42,0.00610007344215995,0.983757443896111,0.680183276059565,"standard","cpu4","/Users/stefano/Documents/fastEmbedR-results/MetRef/standard/cpu4/20260721_084502_1071185/stability_pairwise.csv"
"MetRef","fastEmbedR_opentsne_cuda_full","cuda",1,4,17,7.23973552066755e-05,0.999997712138922,0.998014509354716,"standard","cuda","/Users/stefano/Documents/fastEmbedR-results/MetRef/standard/cuda/20260722_125527_1071196/stability_pairwise.csv"
"MetRef","fastEmbedR_opentsne_cuda_full","cuda",1,4,42,0.000122036483941063,0.99999349924766,0.997709049255441,"standard","cuda","/Users/stefano/Documents/fastEmbedR-results/MetRef/standard/cuda/20260722_125527_1071196/stability_pairwise.csv"
"MetRef","fastEmbedR_opentsne_cuda_full","cuda",1,17,42,5.75419885754329e-05,0.999998554713384,0.996716303932799,"standard","cuda","/Users/stefano/Documents/fastEmbedR-results/MetRef/standard/cuda/20260722_125527_1071196/stability_pairwise.csv"
"MetRef","fastEmbedR_opentsne_cuda_knn","cuda",1,4,17,0.00729654415073686,0.976760933568696,0.809927453226422,"standard","cuda","/Users/stefano/Documents/fastEmbedR-results/MetRef/standard/cuda/20260722_125527_1071196/stability_pairwise.csv"
"MetRef","fastEmbedR_opentsne_cuda_knn","cuda",1,4,42,0.00729654441151205,0.976760931907588,0.810003818251241,"standard","cuda","/Users/stefano/Documents/fastEmbedR-results/MetRef/standard/cuda/20260722_125527_1071196/stability_pairwise.csv"
"MetRef","fastEmbedR_opentsne_cuda_knn","cuda",1,17,42,2.60450888530792e-06,0.999999997039017,0.999770904925544,"standard","cuda","/Users/stefano/Documents/fastEmbedR-results/MetRef/standard/cuda/20260722_125527_1071196/stability_pairwise.csv"
"MetRef","fastEmbedR_umap_cuda_binary_full","cuda",1,4,17,0.00425401724747675,0.992100806713191,0.666819396716304,"standard","cuda","/Users/stefano/Documents/fastEmbedR-results/MetRef/standard/cuda/20260722_125527_1071196/stability_pairwise.csv"
"MetRef","fastEmbedR_umap_cuda_binary_full","cuda",1,4,42,0.00605309463563096,0.98400665978746,0.645360824742268,"standard","cuda","/Users/stefano/Documents/fastEmbedR-results/MetRef/standard/cuda/20260722_125527_1071196/stability_pairwise.csv"
"MetRef","fastEmbedR_umap_cuda_binary_full","cuda",1,17,42,0.00603347109704297,0.984110189376481,0.651088201603666,"standard","cuda","/Users/stefano/Documents/fastEmbedR-results/MetRef/standard/cuda/20260722_125527_1071196/stability_pairwise.csv"
"MetRef","fastEmbedR_umap_cuda_binary_knn","cuda",1,4,17,0.00423330355414614,0.992177545054555,0.667430316914853,"standard","cuda","/Users/stefano/Documents/fastEmbedR-results/MetRef/standard/cuda/20260722_125527_1071196/stability_pairwise.csv"
"MetRef","fastEmbedR_umap_cuda_binary_knn","cuda",1,4,42,0.00480520524009153,0.989921216135161,0.673310423825888,"standard","cuda","/Users/stefano/Documents/fastEmbedR-results/MetRef/standard/cuda/20260722_125527_1071196/stability_pairwise.csv"
"MetRef","fastEmbedR_umap_cuda_binary_knn","cuda",1,17,42,0.00465705340391821,0.990533124093368,0.671630393279878,"standard","cuda","/Users/stefano/Documents/fastEmbedR-results/MetRef/standard/cuda/20260722_125527_1071196/stability_pairwise.csv"
"MetRef","fastEmbedR_umap_cuda_fuzzy_full","cuda",1,4,17,0.00908821883000467,0.963946967564355,0.681252386407026,"standard","cuda","/Users/stefano/Documents/fastEmbedR-results/MetRef/standard/cuda/20260722_125527_1071196/stability_pairwise.csv"
"MetRef","fastEmbedR_umap_cuda_fuzzy_full","cuda",1,4,42,0.00890715872072242,0.965369191518164,0.668881252386407,"standard","cuda","/Users/stefano/Documents/fastEmbedR-results/MetRef/standard/cuda/20260722_125527_1071196/stability_pairwise.csv"
"MetRef","fastEmbedR_umap_cuda_fuzzy_full","cuda",1,17,42,0.0062865074309838,0.982749443315761,0.700954562810233,"standard","cuda","/Users/stefano/Documents/fastEmbedR-results/MetRef/standard/cuda/20260722_125527_1071196/stability_pairwise.csv"
"MetRef","fastEmbedR_umap_cuda_fuzzy_knn","cuda",1,4,17,0.00513912048639668,0.988471790833379,0.728369606720122,"standard","cuda","/Users/stefano/Documents/fastEmbedR-results/MetRef/standard/cuda/20260722_125527_1071196/stability_pairwise.csv"
"MetRef","fastEmbedR_umap_cuda_fuzzy_knn","cuda",1,4,42,0.00577809166286615,0.985426861165053,0.711263841160748,"standard","cuda","/Users/stefano/Documents/fastEmbedR-results/MetRef/standard/cuda/20260722_125527_1071196/stability_pairwise.csv"
"MetRef","fastEmbedR_umap_cuda_fuzzy_knn","cuda",1,17,42,0.00695097996017009,0.978910012569481,0.707598319969454,"standard","cuda","/Users/stefano/Documents/fastEmbedR-results/MetRef/standard/cuda/20260722_125527_1071196/stability_pairwise.csv"
"TabulaMuris","fastEmbedR_opentsne_cpu_full","cpu",1,4,17,0.00204556361892403,0.995815669480934,0.903933333333333,"landmark","cpu1","/Users/stefano/Documents/fastEmbedR-results/TabulaMuris/landmark/cpu1/20260726_110549_1117506/stability_pairwise.csv"
"TabulaMuris","fastEmbedR_opentsne_cpu_full","cpu",1,4,42,0.00135271142032125,0.998170171813332,0.933133333333333,"landmark","cpu1","/Users/stefano/Documents/fastEmbedR-results/TabulaMuris/landmark/cpu1/20260726_110549_1117506/stability_pairwise.csv"
"TabulaMuris","fastEmbedR_opentsne_cpu_full","cpu",1,17,42,0.00169994553052696,0.997110185193241,0.907766666666667,"landmark","cpu1","/Users/stefano/Documents/fastEmbedR-results/TabulaMuris/landmark/cpu1/20260726_110549_1117506/stability_pairwise.csv"
"TabulaMuris","fastEmbedR_opentsne_cpu_landmark","cpu",1,4,17,0.0051891569840856,0.973072649794516,0.716066666666667,"landmark","cpu1","/Users/stefano/Documents/fastEmbedR-results/TabulaMuris/landmark/cpu1/20260726_110549_1117506/stability_pairwise.csv"
"TabulaMuris","fastEmbedR_opentsne_cpu_landmark","cpu",1,4,42,0.00591579162505473,0.965003409448932,0.714366666666667,"landmark","cpu1","/Users/stefano/Documents/fastEmbedR-results/TabulaMuris/landmark/cpu1/20260726_110549_1117506/stability_pairwise.csv"
"TabulaMuris","fastEmbedR_opentsne_cpu_landmark","cpu",1,17,42,0.00619554992183164,0.961615161166092,0.7289,"landmark","cpu1","/Users/stefano/Documents/fastEmbedR-results/TabulaMuris/landmark/cpu1/20260726_110549_1117506/stability_pairwise.csv"
"TabulaMuris","fastEmbedR_umap_cpu_binary_full","cpu",1,4,17,0.0262429459107462,0.311307789925651,0.887833333333333,"landmark","cpu1","/Users/stefano/Documents/fastEmbedR-results/TabulaMuris/landmark/cpu1/20260726_110549_1117506/stability_pairwise.csv"
"TabulaMuris","fastEmbedR_umap_cpu_binary_full","cpu",1,4,42,0.0268564606839185,0.278730519533142,0.889366666666667,"landmark","cpu1","/Users/stefano/Documents/fastEmbedR-results/TabulaMuris/landmark/cpu1/20260726_110549_1117506/stability_pairwise.csv"
"TabulaMuris","fastEmbedR_umap_cpu_binary_full","cpu",1,17,42,0.0265174183270386,0.296826525268836,0.898166666666667,"landmark","cpu1","/Users/stefano/Documents/fastEmbedR-results/TabulaMuris/landmark/cpu1/20260726_110549_1117506/stability_pairwise.csv"
"TabulaMuris","fastEmbedR_umap_cpu_binary_landmark","cpu",1,4,17,0.0254349336585586,0.353064149784721,0.6881,"landmark","cpu1","/Users/stefano/Documents/fastEmbedR-results/TabulaMuris/landmark/cpu1/20260726_110549_1117506/stability_pairwise.csv"
"TabulaMuris","fastEmbedR_umap_cpu_binary_landmark","cpu",1,4,42,0.0276388074489479,0.236096322799983,0.691733333333333,"landmark","cpu1","/Users/stefano/Documents/fastEmbedR-results/TabulaMuris/landmark/cpu1/20260726_110549_1117506/stability_pairwise.csv"
"TabulaMuris","fastEmbedR_umap_cpu_binary_landmark","cpu",1,17,42,0.0284016497933916,0.193346289013536,0.691533333333333,"landmark","cpu1","/Users/stefano/Documents/fastEmbedR-results/TabulaMuris/landmark/cpu1/20260726_110549_1117506/stability_pairwise.csv"
"TabulaMuris","fastEmbedR_opentsne_cpu_full","cpu",4,4,17,0.00181977605186922,0.996688415121043,0.906366666666667,"landmark","cpu4","/Users/stefano/Documents/fastEmbedR-results/TabulaMuris/landmark/cpu4/20260726_110110_1117517/stability_pairwise.csv"
"TabulaMuris","fastEmbedR_opentsne_cpu_full","cpu",4,4,42,0.00115567925514964,0.998664405459217,0.9215,"landmark","cpu4","/Users/stefano/Documents/fastEmbedR-results/TabulaMuris/landmark/cpu4/20260726_110110_1117517/stability_pairwise.csv"
"TabulaMuris","fastEmbedR_opentsne_cpu_full","cpu",4,17,42,0.00183598112552165,0.996629173306728,0.8942,"landmark","cpu4","/Users/stefano/Documents/fastEmbedR-results/TabulaMuris/landmark/cpu4/20260726_110110_1117517/stability_pairwise.csv"
"TabulaMuris","fastEmbedR_opentsne_cpu_landmark","cpu",4,4,17,0.0050738804186447,0.974255737497294,0.7257,"landmark","cpu4","/Users/stefano/Documents/fastEmbedR-results/TabulaMuris/landmark/cpu4/20260726_110110_1117517/stability_pairwise.csv"
"TabulaMuris","fastEmbedR_opentsne_cpu_landmark","cpu",4,4,42,0.00591244481441061,0.965042996316549,0.7143,"landmark","cpu4","/Users/stefano/Documents/fastEmbedR-results/TabulaMuris/landmark/cpu4/20260726_110110_1117517/stability_pairwise.csv"
"TabulaMuris","fastEmbedR_opentsne_cpu_landmark","cpu",4,17,42,0.00619227364413595,0.961655747116139,0.723033333333333,"landmark","cpu4","/Users/stefano/Documents/fastEmbedR-results/TabulaMuris/landmark/cpu4/20260726_110110_1117517/stability_pairwise.csv"
"TabulaMuris","fastEmbedR_umap_cpu_binary_full","cpu",4,4,17,0.0268992191147472,0.276432011016822,0.867566666666667,"landmark","cpu4","/Users/stefano/Documents/fastEmbedR-results/TabulaMuris/landmark/cpu4/20260726_110110_1117517/stability_pairwise.csv"
"TabulaMuris","fastEmbedR_umap_cpu_binary_full","cpu",4,4,42,0.027156380477786,0.262530999345721,0.8534,"landmark","cpu4","/Users/stefano/Documents/fastEmbedR-results/TabulaMuris/landmark/cpu4/20260726_110110_1117517/stability_pairwise.csv"
"TabulaMuris","fastEmbedR_umap_cpu_binary_full","cpu",4,17,42,0.02779431253887,0.227476190491612,0.876033333333333,"landmark","cpu4","/Users/stefano/Documents/fastEmbedR-results/TabulaMuris/landmark/cpu4/20260726_110110_1117517/stability_pairwise.csv"
"TabulaMuris","fastEmbedR_umap_cpu_binary_landmark","cpu",4,4,17,0.0237648309964035,0.435232807712378,0.686233333333333,"landmark","cpu4","/Users/stefano/Documents/fastEmbedR-results/TabulaMuris/landmark/cpu4/20260726_110110_1117517/stability_pairwise.csv"
"TabulaMuris","fastEmbedR_umap_cpu_binary_landmark","cpu",4,4,42,0.0255283452270567,0.348303589968209,0.683466666666667,"landmark","cpu4","/Users/stefano/Documents/fastEmbedR-results/TabulaMuris/landmark/cpu4/20260726_110110_1117517/stability_pairwise.csv"
"TabulaMuris","fastEmbedR_umap_cpu_binary_landmark","cpu",4,17,42,0.02460933307445,0.394380725630781,0.657666666666667,"landmark","cpu4","/Users/stefano/Documents/fastEmbedR-results/TabulaMuris/landmark/cpu4/20260726_110110_1117517/stability_pairwise.csv"
"TabulaMuris","fastEmbedR_opentsne_cuda_full","cuda",1,4,17,0.000948326815006517,0.99910067625194,0.9565,"landmark","cuda","/Users/stefano/Documents/fastEmbedR-results/TabulaMuris/landmark/cuda/20260726_111519_1117528/stability_pairwise.csv"
"TabulaMuris","fastEmbedR_opentsne_cuda_full","cuda",1,4,42,0.00113828024288556,0.998704318088656,0.947966666666667,"landmark","cuda","/Users/stefano/Documents/fastEmbedR-results/TabulaMuris/landmark/cuda/20260726_111519_1117528/stability_pairwise.csv"
"TabulaMuris","fastEmbedR_opentsne_cuda_full","cuda",1,17,42,0.000632045311986039,0.999600518723596,0.953733333333333,"landmark","cuda","/Users/stefano/Documents/fastEmbedR-results/TabulaMuris/landmark/cuda/20260726_111519_1117528/stability_pairwise.csv"
"TabulaMuris","fastEmbedR_opentsne_cuda_landmark","cuda",1,4,17,0.00462591633782285,0.978600898035463,0.7635,"landmark","cuda","/Users/stefano/Documents/fastEmbedR-results/TabulaMuris/landmark/cuda/20260726_111519_1117528/stability_pairwise.csv"
"TabulaMuris","fastEmbedR_opentsne_cuda_landmark","cuda",1,4,42,0.00569460582797821,0.967571464463957,0.752766666666667,"landmark","cuda","/Users/stefano/Documents/fastEmbedR-results/TabulaMuris/landmark/cuda/20260726_111519_1117528/stability_pairwise.csv"
"TabulaMuris","fastEmbedR_opentsne_cuda_landmark","cuda",1,17,42,0.00469848409516781,0.977924247207455,0.758233333333333,"landmark","cuda","/Users/stefano/Documents/fastEmbedR-results/TabulaMuris/landmark/cuda/20260726_111519_1117528/stability_pairwise.csv"
"TabulaMuris","fastEmbedR_umap_cuda_binary_full","cuda",1,4,17,0.0262778174776819,0.309476308609633,0.870733333333333,"landmark","cuda","/Users/stefano/Documents/fastEmbedR-results/TabulaMuris/landmark/cuda/20260726_111519_1117528/stability_pairwise.csv"
"TabulaMuris","fastEmbedR_umap_cuda_binary_full","cuda",1,4,42,0.0283592729062814,0.195751640227054,0.8795,"landmark","cuda","/Users/stefano/Documents/fastEmbedR-results/TabulaMuris/landmark/cuda/20260726_111519_1117528/stability_pairwise.csv"
"TabulaMuris","fastEmbedR_umap_cuda_binary_full","cuda",1,17,42,0.0291002930964899,0.153172941698385,0.8623,"landmark","cuda","/Users/stefano/Documents/fastEmbedR-results/TabulaMuris/landmark/cuda/20260726_111519_1117528/stability_pairwise.csv"
"TabulaMuris","fastEmbedR_umap_cuda_binary_landmark","cuda",1,4,17,0.0255816271997138,0.345580349814863,0.691433333333333,"landmark","cuda","/Users/stefano/Documents/fastEmbedR-results/TabulaMuris/landmark/cuda/20260726_111519_1117528/stability_pairwise.csv"
"TabulaMuris","fastEmbedR_umap_cuda_binary_landmark","cuda",1,4,42,0.0295401444786126,0.127379864182691,0.694833333333333,"landmark","cuda","/Users/stefano/Documents/fastEmbedR-results/TabulaMuris/landmark/cuda/20260726_111519_1117528/stability_pairwise.csv"
"TabulaMuris","fastEmbedR_umap_cuda_binary_landmark","cuda",1,17,42,0.0254691311172913,0.351323360130224,0.688933333333333,"landmark","cuda","/Users/stefano/Documents/fastEmbedR-results/TabulaMuris/landmark/cuda/20260726_111519_1117528/stability_pairwise.csv"
"TabulaMuris","fastEmbedR_opentsne_cpu_full","cpu",1,4,17,0.00204556361892403,0.995815669480934,0.903933333333333,"standard","cpu1","/Users/stefano/Documents/fastEmbedR-results/TabulaMuris/standard/cpu1/20260721_084502_1071176/stability_pairwise.csv"
"TabulaMuris","fastEmbedR_opentsne_cpu_full","cpu",1,4,42,0.00135271142032125,0.998170171813332,0.933133333333333,"standard","cpu1","/Users/stefano/Documents/fastEmbedR-results/TabulaMuris/standard/cpu1/20260721_084502_1071176/stability_pairwise.csv"
"TabulaMuris","fastEmbedR_opentsne_cpu_full","cpu",1,17,42,0.00169994553052696,0.997110185193241,0.907766666666667,"standard","cpu1","/Users/stefano/Documents/fastEmbedR-results/TabulaMuris/standard/cpu1/20260721_084502_1071176/stability_pairwise.csv"
"TabulaMuris","fastEmbedR_opentsne_cpu_knn","cpu",1,4,17,4.31662644139861e-18,1,1,"standard","cpu1","/Users/stefano/Documents/fastEmbedR-results/TabulaMuris/standard/cpu1/20260721_084502_1071176/stability_pairwise.csv"
"TabulaMuris","fastEmbedR_opentsne_cpu_knn","cpu",1,4,42,4.31662644139861e-18,1,1,"standard","cpu1","/Users/stefano/Documents/fastEmbedR-results/TabulaMuris/standard/cpu1/20260721_084502_1071176/stability_pairwise.csv"
"TabulaMuris","fastEmbedR_opentsne_cpu_knn","cpu",1,17,42,4.31662644139861e-18,1,1,"standard","cpu1","/Users/stefano/Documents/fastEmbedR-results/TabulaMuris/standard/cpu1/20260721_084502_1071176/stability_pairwise.csv"
"TabulaMuris","fastEmbedR_umap_cpu_binary_full","cpu",1,4,17,0.0262429459107462,0.311307789925651,0.887833333333333,"standard","cpu1","/Users/stefano/Documents/fastEmbedR-results/TabulaMuris/standard/cpu1/20260721_084502_1071176/stability_pairwise.csv"
"TabulaMuris","fastEmbedR_umap_cpu_binary_full","cpu",1,4,42,0.0268564606839185,0.278730519533142,0.889366666666667,"standard","cpu1","/Users/stefano/Documents/fastEmbedR-results/TabulaMuris/standard/cpu1/20260721_084502_1071176/stability_pairwise.csv"
"TabulaMuris","fastEmbedR_umap_cpu_binary_full","cpu",1,17,42,0.0265174183270386,0.296826525268836,0.898166666666667,"standard","cpu1","/Users/stefano/Documents/fastEmbedR-results/TabulaMuris/standard/cpu1/20260721_084502_1071176/stability_pairwise.csv"
"TabulaMuris","fastEmbedR_umap_cpu_binary_knn","cpu",1,4,17,0.0262429459107462,0.311307789925651,0.887833333333333,"standard","cpu1","/Users/stefano/Documents/fastEmbedR-results/TabulaMuris/standard/cpu1/20260721_084502_1071176/stability_pairwise.csv"
"TabulaMuris","fastEmbedR_umap_cpu_binary_knn","cpu",1,4,42,0.0268564606839185,0.278730519533142,0.889366666666667,"standard","cpu1","/Users/stefano/Documents/fastEmbedR-results/TabulaMuris/standard/cpu1/20260721_084502_1071176/stability_pairwise.csv"
"TabulaMuris","fastEmbedR_umap_cpu_binary_knn","cpu",1,17,42,0.0265174183270386,0.296826525268836,0.898166666666667,"standard","cpu1","/Users/stefano/Documents/fastEmbedR-results/TabulaMuris/standard/cpu1/20260721_084502_1071176/stability_pairwise.csv"
"TabulaMuris","fastEmbedR_umap_cpu_fuzzy_full","cpu",1,4,17,0.0274248242102041,0.247879017039403,0.812266666666667,"standard","cpu1","/Users/stefano/Documents/fastEmbedR-results/TabulaMuris/standard/cpu1/20260721_084502_1071176/stability_pairwise.csv"
"TabulaMuris","fastEmbedR_umap_cpu_fuzzy_full","cpu",1,4,42,0.0284443865452493,0.19091687406444,0.8044,"standard","cpu1","/Users/stefano/Documents/fastEmbedR-results/TabulaMuris/standard/cpu1/20260721_084502_1071176/stability_pairwise.csv"
"TabulaMuris","fastEmbedR_umap_cpu_fuzzy_full","cpu",1,17,42,0.0276026112543961,0.238095851938687,0.826366666666667,"standard","cpu1","/Users/stefano/Documents/fastEmbedR-results/TabulaMuris/standard/cpu1/20260721_084502_1071176/stability_pairwise.csv"
"TabulaMuris","fastEmbedR_umap_cpu_fuzzy_knn","cpu",1,4,17,0.0274248242102041,0.247879017039403,0.812266666666667,"standard","cpu1","/Users/stefano/Documents/fastEmbedR-results/TabulaMuris/standard/cpu1/20260721_084502_1071176/stability_pairwise.csv"
"TabulaMuris","fastEmbedR_umap_cpu_fuzzy_knn","cpu",1,4,42,0.0284443865452493,0.19091687406444,0.8044,"standard","cpu1","/Users/stefano/Documents/fastEmbedR-results/TabulaMuris/standard/cpu1/20260721_084502_1071176/stability_pairwise.csv"
"TabulaMuris","fastEmbedR_umap_cpu_fuzzy_knn","cpu",1,17,42,0.0276026112543961,0.238095851938687,0.826366666666667,"standard","cpu1","/Users/stefano/Documents/fastEmbedR-results/TabulaMuris/standard/cpu1/20260721_084502_1071176/stability_pairwise.csv"
"TabulaMuris","KlugerLab_FItSNE","cpu",1,4,17,0.00217597129132061,0.995265148939349,0.875866666666667,"standard","cpu1","/Users/stefano/Documents/fastEmbedR-results/TabulaMuris/standard/cpu1/20260721_084502_1071176/stability_pairwise.csv"
"TabulaMuris","KlugerLab_FItSNE","cpu",1,4,42,0.00264363281705487,0.99301120552859,0.863666666666667,"standard","cpu1","/Users/stefano/Documents/fastEmbedR-results/TabulaMuris/standard/cpu1/20260721_084502_1071176/stability_pairwise.csv"
"TabulaMuris","KlugerLab_FItSNE","cpu",1,17,42,0.00209462754411692,0.995612535451427,0.8717,"standard","cpu1","/Users/stefano/Documents/fastEmbedR-results/TabulaMuris/standard/cpu1/20260721_084502_1071176/stability_pairwise.csv"
"TabulaMuris","Rtsne_full","cpu",1,4,17,0.0288355730234199,0.168509728411019,0.710533333333333,"standard","cpu1","/Users/stefano/Documents/fastEmbedR-results/TabulaMuris/standard/cpu1/20260721_084502_1071176/stability_pairwise.csv"
"TabulaMuris","Rtsne_full","cpu",1,4,42,0.0275078035839053,0.243320741989285,0.708233333333333,"standard","cpu1","/Users/stefano/Documents/fastEmbedR-results/TabulaMuris/standard/cpu1/20260721_084502_1071176/stability_pairwise.csv"
"TabulaMuris","Rtsne_full","cpu",1,17,42,0.0269265261641028,0.274962188733888,0.7199,"standard","cpu1","/Users/stefano/Documents/fastEmbedR-results/TabulaMuris/standard/cpu1/20260721_084502_1071176/stability_pairwise.csv"
"TabulaMuris","Rtsne_neighbors","cpu",1,4,17,5.1558558757187e-18,1,1,"standard","cpu1","/Users/stefano/Documents/fastEmbedR-results/TabulaMuris/standard/cpu1/20260721_084502_1071176/stability_pairwise.csv"
"TabulaMuris","Rtsne_neighbors","cpu",1,4,42,5.1558558757187e-18,1,1,"standard","cpu1","/Users/stefano/Documents/fastEmbedR-results/TabulaMuris/standard/cpu1/20260721_084502_1071176/stability_pairwise.csv"
"TabulaMuris","Rtsne_neighbors","cpu",1,17,42,5.1558558757187e-18,1,1,"standard","cpu1","/Users/stefano/Documents/fastEmbedR-results/TabulaMuris/standard/cpu1/20260721_084502_1071176/stability_pairwise.csv"
"TabulaMuris","umap_package","cpu",1,4,17,0.00728346958258715,0.946951070839528,0.851866666666667,"standard","cpu1","/Users/stefano/Documents/fastEmbedR-results/TabulaMuris/standard/cpu1/20260721_084502_1071176/stability_pairwise.csv"
"TabulaMuris","umap_package","cpu",1,4,42,0.00853290597076983,0.927189515694001,0.846166666666667,"standard","cpu1","/Users/stefano/Documents/fastEmbedR-results/TabulaMuris/standard/cpu1/20260721_084502_1071176/stability_pairwise.csv"
"TabulaMuris","umap_package","cpu",1,17,42,0.00908661508895593,0.917433426225158,0.850766666666667,"standard","cpu1","/Users/stefano/Documents/fastEmbedR-results/TabulaMuris/standard/cpu1/20260721_084502_1071176/stability_pairwise.csv"
"TabulaMuris","umap_package_knn","cpu",1,4,17,0.0057304077253842,0.967162427300857,0.887266666666667,"standard","cpu1","/Users/stefano/Documents/fastEmbedR-results/TabulaMuris/standard/cpu1/20260721_084502_1071176/stability_pairwise.csv"
"TabulaMuris","umap_package_knn","cpu",1,4,42,0.00488608430708499,0.976126180144058,0.867866666666667,"standard","cpu1","/Users/stefano/Documents/fastEmbedR-results/TabulaMuris/standard/cpu1/20260721_084502_1071176/stability_pairwise.csv"
"TabulaMuris","umap_package_knn","cpu",1,17,42,0.00509511989158637,0.974039753290361,0.8711,"standard","cpu1","/Users/stefano/Documents/fastEmbedR-results/TabulaMuris/standard/cpu1/20260721_084502_1071176/stability_pairwise.csv"
"TabulaMuris","uwot_default","cpu",1,4,17,0.00959955099601437,0.90784862067492,0.844966666666667,"standard","cpu1","/Users/stefano/Documents/fastEmbedR-results/TabulaMuris/standard/cpu1/20260721_084502_1071176/stability_pairwise.csv"
"TabulaMuris","uwot_default","cpu",1,4,42,0.00887662532868955,0.921205522774067,0.846533333333333,"standard","cpu1","/Users/stefano/Documents/fastEmbedR-results/TabulaMuris/standard/cpu1/20260721_084502_1071176/stability_pairwise.csv"
"TabulaMuris","uwot_default","cpu",1,17,42,0.00919502108178231,0.915451587305579,0.848566666666667,"standard","cpu1","/Users/stefano/Documents/fastEmbedR-results/TabulaMuris/standard/cpu1/20260721_084502_1071176/stability_pairwise.csv"
"TabulaMuris","uwot_fast_sgd","cpu",1,4,17,0.0108652617173209,0.881946087814122,0.846433333333333,"standard","cpu1","/Users/stefano/Documents/fastEmbedR-results/TabulaMuris/standard/cpu1/20260721_084502_1071176/stability_pairwise.csv"
"TabulaMuris","uwot_fast_sgd","cpu",1,4,42,0.011325289393083,0.871737820162921,0.8459,"standard","cpu1","/Users/stefano/Documents/fastEmbedR-results/TabulaMuris/standard/cpu1/20260721_084502_1071176/stability_pairwise.csv"
"TabulaMuris","uwot_fast_sgd","cpu",1,17,42,0.0103474482754311,0.892930314187278,0.833966666666667,"standard","cpu1","/Users/stefano/Documents/fastEmbedR-results/TabulaMuris/standard/cpu1/20260721_084502_1071176/stability_pairwise.csv"
"TabulaMuris","uwot_knn","cpu",1,4,17,0.00964418416998631,0.906989711695385,0.848133333333333,"standard","cpu1","/Users/stefano/Documents/fastEmbedR-results/TabulaMuris/standard/cpu1/20260721_084502_1071176/stability_pairwise.csv"
"TabulaMuris","uwot_knn","cpu",1,4,42,0.0108606635692287,0.882045986836028,0.8403,"standard","cpu1","/Users/stefano/Documents/fastEmbedR-results/TabulaMuris/standard/cpu1/20260721_084502_1071176/stability_pairwise.csv"
"TabulaMuris","uwot_knn","cpu",1,17,42,0.0103240545734906,0.893413897163587,0.835533333333333,"standard","cpu1","/Users/stefano/Documents/fastEmbedR-results/TabulaMuris/standard/cpu1/20260721_084502_1071176/stability_pairwise.csv"
"TabulaMuris","fastEmbedR_opentsne_cpu_full","cpu",4,4,17,0.00181977605186922,0.996688415121043,0.906366666666667,"standard","cpu4","/Users/stefano/Documents/fastEmbedR-results/TabulaMuris/standard/cpu4/20260721_084502_1071187/stability_pairwise.csv"
"TabulaMuris","fastEmbedR_opentsne_cpu_full","cpu",4,4,42,0.00115567925514964,0.998664405459217,0.9215,"standard","cpu4","/Users/stefano/Documents/fastEmbedR-results/TabulaMuris/standard/cpu4/20260721_084502_1071187/stability_pairwise.csv"
"TabulaMuris","fastEmbedR_opentsne_cpu_full","cpu",4,17,42,0.00183598112552165,0.996629173306728,0.8942,"standard","cpu4","/Users/stefano/Documents/fastEmbedR-results/TabulaMuris/standard/cpu4/20260721_084502_1071187/stability_pairwise.csv"
"TabulaMuris","fastEmbedR_opentsne_cpu_knn","cpu",4,4,17,4.31662644139861e-18,1,1,"standard","cpu4","/Users/stefano/Documents/fastEmbedR-results/TabulaMuris/standard/cpu4/20260721_084502_1071187/stability_pairwise.csv"
"TabulaMuris","fastEmbedR_opentsne_cpu_knn","cpu",4,4,42,4.31662644139861e-18,1,1,"standard","cpu4","/Users/stefano/Documents/fastEmbedR-results/TabulaMuris/standard/cpu4/20260721_084502_1071187/stability_pairwise.csv"
"TabulaMuris","fastEmbedR_opentsne_cpu_knn","cpu",4,17,42,4.31662644139861e-18,1,1,"standard","cpu4","/Users/stefano/Documents/fastEmbedR-results/TabulaMuris/standard/cpu4/20260721_084502_1071187/stability_pairwise.csv"
"TabulaMuris","fastEmbedR_umap_cpu_binary_full","cpu",4,4,17,0.0264990111460837,0.297802408279731,0.877433333333333,"standard","cpu4","/Users/stefano/Documents/fastEmbedR-results/TabulaMuris/standard/cpu4/20260721_084502_1071187/stability_pairwise.csv"
"TabulaMuris","fastEmbedR_umap_cpu_binary_full","cpu",4,4,42,0.0274433063861493,0.246864934595935,0.8552,"standard","cpu4","/Users/stefano/Documents/fastEmbedR-results/TabulaMuris/standard/cpu4/20260721_084502_1071187/stability_pairwise.csv"
"TabulaMuris","fastEmbedR_umap_cpu_binary_full","cpu",4,17,42,0.0279096027747881,0.221054072953538,0.867866666666667,"standard","cpu4","/Users/stefano/Documents/fastEmbedR-results/TabulaMuris/standard/cpu4/20260721_084502_1071187/stability_pairwise.csv"
"TabulaMuris","fastEmbedR_umap_cpu_binary_knn","cpu",4,4,17,0.0272679317923726,0.256459895766515,0.846933333333333,"standard","cpu4","/Users/stefano/Documents/fastEmbedR-results/TabulaMuris/standard/cpu4/20260721_084502_1071187/stability_pairwise.csv"
"TabulaMuris","fastEmbedR_umap_cpu_binary_knn","cpu",4,4,42,0.0263769824638002,0.304254796104378,0.836933333333333,"standard","cpu4","/Users/stefano/Documents/fastEmbedR-results/TabulaMuris/standard/cpu4/20260721_084502_1071187/stability_pairwise.csv"
"TabulaMuris","fastEmbedR_umap_cpu_binary_knn","cpu",4,17,42,0.0264520757904595,0.300287686375789,0.853533333333333,"standard","cpu4","/Users/stefano/Documents/fastEmbedR-results/TabulaMuris/standard/cpu4/20260721_084502_1071187/stability_pairwise.csv"
"TabulaMuris","fastEmbedR_umap_cpu_fuzzy_full","cpu",4,4,17,0.0278270612015654,0.225654664884333,0.788366666666667,"standard","cpu4","/Users/stefano/Documents/fastEmbedR-results/TabulaMuris/standard/cpu4/20260721_084502_1071187/stability_pairwise.csv"
"TabulaMuris","fastEmbedR_umap_cpu_fuzzy_full","cpu",4,4,42,0.0287319499430016,0.174475052472853,0.7854,"standard","cpu4","/Users/stefano/Documents/fastEmbedR-results/TabulaMuris/standard/cpu4/20260721_084502_1071187/stability_pairwise.csv"
"TabulaMuris","fastEmbedR_umap_cpu_fuzzy_full","cpu",4,17,42,0.0278404217711722,0.224910915603242,0.8264,"standard","cpu4","/Users/stefano/Documents/fastEmbedR-results/TabulaMuris/standard/cpu4/20260721_084502_1071187/stability_pairwise.csv"
"TabulaMuris","fastEmbedR_umap_cpu_fuzzy_knn","cpu",4,4,17,0.0279761124680526,0.217337131174872,0.8175,"standard","cpu4","/Users/stefano/Documents/fastEmbedR-results/TabulaMuris/standard/cpu4/20260721_084502_1071187/stability_pairwise.csv"
"TabulaMuris","fastEmbedR_umap_cpu_fuzzy_knn","cpu",4,4,42,0.0291385887609275,0.150942645021548,0.801866666666667,"standard","cpu4","/Users/stefano/Documents/fastEmbedR-results/TabulaMuris/standard/cpu4/20260721_084502_1071187/stability_pairwise.csv"
"TabulaMuris","fastEmbedR_umap_cpu_fuzzy_knn","cpu",4,17,42,0.0280090201237721,0.215494791706129,0.8273,"standard","cpu4","/Users/stefano/Documents/fastEmbedR-results/TabulaMuris/standard/cpu4/20260721_084502_1071187/stability_pairwise.csv"
"TabulaMuris","KlugerLab_FItSNE","cpu",4,4,17,0.00214652964443054,0.995392410485581,0.8792,"standard","cpu4","/Users/stefano/Documents/fastEmbedR-results/TabulaMuris/standard/cpu4/20260721_084502_1071187/stability_pairwise.csv"
"TabulaMuris","KlugerLab_FItSNE","cpu",4,4,42,0.00256245357540437,0.993433831673897,0.875333333333333,"standard","cpu4","/Users/stefano/Documents/fastEmbedR-results/TabulaMuris/standard/cpu4/20260721_084502_1071187/stability_pairwise.csv"
"TabulaMuris","KlugerLab_FItSNE","cpu",4,17,42,0.00208804754034824,0.995640057469246,0.8709,"standard","cpu4","/Users/stefano/Documents/fastEmbedR-results/TabulaMuris/standard/cpu4/20260721_084502_1071187/stability_pairwise.csv"
"TabulaMuris","Rtsne_full","cpu",4,4,17,0.0282519382485976,0.20182798519743,0.712233333333333,"standard","cpu4","/Users/stefano/Documents/fastEmbedR-results/TabulaMuris/standard/cpu4/20260721_084502_1071187/stability_pairwise.csv"
"TabulaMuris","Rtsne_full","cpu",4,4,42,0.0282093027254978,0.204235239741222,0.703966666666667,"standard","cpu4","/Users/stefano/Documents/fastEmbedR-results/TabulaMuris/standard/cpu4/20260721_084502_1071187/stability_pairwise.csv"
"TabulaMuris","Rtsne_full","cpu",4,17,42,0.0292465818141131,0.144637452190387,0.7285,"standard","cpu4","/Users/stefano/Documents/fastEmbedR-results/TabulaMuris/standard/cpu4/20260721_084502_1071187/stability_pairwise.csv"
"TabulaMuris","Rtsne_neighbors","cpu",4,4,17,4.8439265395186e-19,1,1,"standard","cpu4","/Users/stefano/Documents/fastEmbedR-results/TabulaMuris/standard/cpu4/20260721_084502_1071187/stability_pairwise.csv"
"TabulaMuris","Rtsne_neighbors","cpu",4,4,42,4.8439265395186e-19,1,1,"standard","cpu4","/Users/stefano/Documents/fastEmbedR-results/TabulaMuris/standard/cpu4/20260721_084502_1071187/stability_pairwise.csv"
"TabulaMuris","Rtsne_neighbors","cpu",4,17,42,4.8439265395186e-19,1,1,"standard","cpu4","/Users/stefano/Documents/fastEmbedR-results/TabulaMuris/standard/cpu4/20260721_084502_1071187/stability_pairwise.csv"
"TabulaMuris","umap_package","cpu",4,4,17,0.00728346958258715,0.946951070839528,0.851866666666667,"standard","cpu4","/Users/stefano/Documents/fastEmbedR-results/TabulaMuris/standard/cpu4/20260721_084502_1071187/stability_pairwise.csv"
"TabulaMuris","umap_package","cpu",4,4,42,0.00853290597076983,0.927189515694001,0.846166666666667,"standard","cpu4","/Users/stefano/Documents/fastEmbedR-results/TabulaMuris/standard/cpu4/20260721_084502_1071187/stability_pairwise.csv"
"TabulaMuris","umap_package","cpu",4,17,42,0.00908661508895593,0.917433426225158,0.850766666666667,"standard","cpu4","/Users/stefano/Documents/fastEmbedR-results/TabulaMuris/standard/cpu4/20260721_084502_1071187/stability_pairwise.csv"
"TabulaMuris","umap_package_knn","cpu",4,4,17,0.0057304077253842,0.967162427300857,0.887266666666667,"standard","cpu4","/Users/stefano/Documents/fastEmbedR-results/TabulaMuris/standard/cpu4/20260721_084502_1071187/stability_pairwise.csv"
"TabulaMuris","umap_package_knn","cpu",4,4,42,0.00488608430708499,0.976126180144058,0.867866666666667,"standard","cpu4","/Users/stefano/Documents/fastEmbedR-results/TabulaMuris/standard/cpu4/20260721_084502_1071187/stability_pairwise.csv"
"TabulaMuris","umap_package_knn","cpu",4,17,42,0.00509511989158637,0.974039753290361,0.8711,"standard","cpu4","/Users/stefano/Documents/fastEmbedR-results/TabulaMuris/standard/cpu4/20260721_084502_1071187/stability_pairwise.csv"
"TabulaMuris","uwot_default","cpu",4,4,17,0.00959955099601437,0.90784862067492,0.844966666666667,"standard","cpu4","/Users/stefano/Documents/fastEmbedR-results/TabulaMuris/standard/cpu4/20260721_084502_1071187/stability_pairwise.csv"
"TabulaMuris","uwot_default","cpu",4,4,42,0.00887662532868955,0.921205522774067,0.846533333333333,"standard","cpu4","/Users/stefano/Documents/fastEmbedR-results/TabulaMuris/standard/cpu4/20260721_084502_1071187/stability_pairwise.csv"
"TabulaMuris","uwot_default","cpu",4,17,42,0.00919502108178231,0.915451587305579,0.848566666666667,"standard","cpu4","/Users/stefano/Documents/fastEmbedR-results/TabulaMuris/standard/cpu4/20260721_084502_1071187/stability_pairwise.csv"
"TabulaMuris","uwot_fast_sgd","cpu",4,4,17,0.0124488231290598,0.845026802701385,0.858966666666667,"standard","cpu4","/Users/stefano/Documents/fastEmbedR-results/TabulaMuris/standard/cpu4/20260721_084502_1071187/stability_pairwise.csv"
"TabulaMuris","uwot_fast_sgd","cpu",4,4,42,0.0174358850900244,0.695989911127466,0.836666666666667,"standard","cpu4","/Users/stefano/Documents/fastEmbedR-results/TabulaMuris/standard/cpu4/20260721_084502_1071187/stability_pairwise.csv"
"TabulaMuris","uwot_fast_sgd","cpu",4,17,42,0.014074717660244,0.801902322784416,0.847266666666667,"standard","cpu4","/Users/stefano/Documents/fastEmbedR-results/TabulaMuris/standard/cpu4/20260721_084502_1071187/stability_pairwise.csv"
"TabulaMuris","uwot_knn","cpu",4,4,17,0.0112507247438688,0.873421192737699,0.825666666666667,"standard","cpu4","/Users/stefano/Documents/fastEmbedR-results/TabulaMuris/standard/cpu4/20260721_084502_1071187/stability_pairwise.csv"
"TabulaMuris","uwot_knn","cpu",4,4,42,0.00980904902777247,0.903782557170756,0.848233333333333,"standard","cpu4","/Users/stefano/Documents/fastEmbedR-results/TabulaMuris/standard/cpu4/20260721_084502_1071187/stability_pairwise.csv"
"TabulaMuris","uwot_knn","cpu",4,17,42,0.0121618613158193,0.852089129334777,0.836166666666667,"standard","cpu4","/Users/stefano/Documents/fastEmbedR-results/TabulaMuris/standard/cpu4/20260721_084502_1071187/stability_pairwise.csv"
"TabulaMuris","fastEmbedR_opentsne_cuda_full","cuda",1,4,17,0.000864842646606431,0.999252047196611,0.951466666666667,"standard","cuda","/Users/stefano/Documents/fastEmbedR-results/TabulaMuris/standard/cuda/20260722_155959_1071198/stability_pairwise.csv"
"TabulaMuris","fastEmbedR_opentsne_cuda_full","cuda",1,4,42,0.00114393856397476,0.998691404561851,0.942366666666667,"standard","cuda","/Users/stefano/Documents/fastEmbedR-results/TabulaMuris/standard/cuda/20260722_155959_1071198/stability_pairwise.csv"
"TabulaMuris","fastEmbedR_opentsne_cuda_full","cuda",1,17,42,0.00122838517705371,0.998491069856795,0.941566666666667,"standard","cuda","/Users/stefano/Documents/fastEmbedR-results/TabulaMuris/standard/cuda/20260722_155959_1071198/stability_pairwise.csv"
"TabulaMuris","fastEmbedR_opentsne_cuda_knn","cuda",1,4,17,0.00208579651251069,0.995649452908398,0.9253,"standard","cuda","/Users/stefano/Documents/fastEmbedR-results/TabulaMuris/standard/cuda/20260722_155959_1071198/stability_pairwise.csv"
"TabulaMuris","fastEmbedR_opentsne_cuda_knn","cuda",1,4,42,0.00202220796716149,0.995910674937549,0.9388,"standard","cuda","/Users/stefano/Documents/fastEmbedR-results/TabulaMuris/standard/cuda/20260722_155959_1071198/stability_pairwise.csv"
"TabulaMuris","fastEmbedR_opentsne_cuda_knn","cuda",1,17,42,0.00101826527106494,0.998963135837743,0.935233333333333,"standard","cuda","/Users/stefano/Documents/fastEmbedR-results/TabulaMuris/standard/cuda/20260722_155959_1071198/stability_pairwise.csv"
"TabulaMuris","fastEmbedR_umap_cuda_binary_full","cuda",1,4,17,0.0255002816659153,0.349735634958983,0.874833333333333,"standard","cuda","/Users/stefano/Documents/fastEmbedR-results/TabulaMuris/standard/cuda/20260722_155959_1071198/stability_pairwise.csv"
"TabulaMuris","fastEmbedR_umap_cuda_binary_full","cuda",1,4,42,0.0295485714337635,0.126881926223778,0.875733333333333,"standard","cuda","/Users/stefano/Documents/fastEmbedR-results/TabulaMuris/standard/cuda/20260722_155959_1071198/stability_pairwise.csv"
"TabulaMuris","fastEmbedR_umap_cuda_binary_full","cuda",1,17,42,0.0285634971804226,0.184126628823991,0.8733,"standard","cuda","/Users/stefano/Documents/fastEmbedR-results/TabulaMuris/standard/cuda/20260722_155959_1071198/stability_pairwise.csv"
"TabulaMuris","fastEmbedR_umap_cuda_binary_knn","cuda",1,4,17,0.0249261052976095,0.378689274692484,0.7599,"standard","cuda","/Users/stefano/Documents/fastEmbedR-results/TabulaMuris/standard/cuda/20260722_155959_1071198/stability_pairwise.csv"
"TabulaMuris","fastEmbedR_umap_cuda_binary_knn","cuda",1,4,42,0.0273545472677808,0.251728743774745,0.742633333333333,"standard","cuda","/Users/stefano/Documents/fastEmbedR-results/TabulaMuris/standard/cuda/20260722_155959_1071198/stability_pairwise.csv"
"TabulaMuris","fastEmbedR_umap_cuda_binary_knn","cuda",1,17,42,0.0260007064847685,0.323963262292918,0.729866666666667,"standard","cuda","/Users/stefano/Documents/fastEmbedR-results/TabulaMuris/standard/cuda/20260722_155959_1071198/stability_pairwise.csv"
"TabulaMuris","fastEmbedR_umap_cuda_fuzzy_full","cuda",1,4,17,0.0277170723671669,0.231763899393234,0.8111,"standard","cuda","/Users/stefano/Documents/fastEmbedR-results/TabulaMuris/standard/cuda/20260722_155959_1071198/stability_pairwise.csv"
"TabulaMuris","fastEmbedR_umap_cuda_fuzzy_full","cuda",1,4,42,0.0297522411326094,0.114804147587065,0.818633333333333,"standard","cuda","/Users/stefano/Documents/fastEmbedR-results/TabulaMuris/standard/cuda/20260722_155959_1071198/stability_pairwise.csv"
"TabulaMuris","fastEmbedR_umap_cuda_fuzzy_full","cuda",1,17,42,0.027776136702047,0.228486229909198,0.8024,"standard","cuda","/Users/stefano/Documents/fastEmbedR-results/TabulaMuris/standard/cuda/20260722_155959_1071198/stability_pairwise.csv"
"TabulaMuris","fastEmbedR_umap_cuda_fuzzy_knn","cuda",1,4,17,0.0276763304548686,0.234020732552912,0.7834,"standard","cuda","/Users/stefano/Documents/fastEmbedR-results/TabulaMuris/standard/cuda/20260722_155959_1071198/stability_pairwise.csv"
"TabulaMuris","fastEmbedR_umap_cuda_fuzzy_knn","cuda",1,4,42,0.0274499439474288,0.246500577283017,0.783966666666667,"standard","cuda","/Users/stefano/Documents/fastEmbedR-results/TabulaMuris/standard/cuda/20260722_155959_1071198/stability_pairwise.csv"
"TabulaMuris","fastEmbedR_umap_cuda_fuzzy_knn","cuda",1,17,42,0.0272051009112693,0.259882484407655,0.783466666666667,"standard","cuda","/Users/stefano/Documents/fastEmbedR-results/TabulaMuris/standard/cuda/20260722_155959_1071198/stability_pairwise.csv"
"USPS","fastEmbedR_opentsne_cpu_full","cpu",1,4,17,0.00100691047906299,0.998986131287153,0.898133333333333,"landmark","cpu1","/Users/stefano/Documents/fastEmbedR-results/USPS/landmark/cpu1/20260726_110711_1117507/stability_pairwise.csv"
"USPS","fastEmbedR_opentsne_cpu_full","cpu",1,4,42,0.0016057857486769,0.997421452129346,0.866966666666667,"landmark","cpu1","/Users/stefano/Documents/fastEmbedR-results/USPS/landmark/cpu1/20260726_110711_1117507/stability_pairwise.csv"
"USPS","fastEmbedR_opentsne_cpu_full","cpu",1,17,42,0.00160460945109107,0.997425228509469,0.869533333333333,"landmark","cpu1","/Users/stefano/Documents/fastEmbedR-results/USPS/landmark/cpu1/20260726_110711_1117507/stability_pairwise.csv"
"USPS","fastEmbedR_opentsne_cpu_landmark","cpu",1,4,17,0.00676791205253038,0.954195366449214,0.413166666666667,"landmark","cpu1","/Users/stefano/Documents/fastEmbedR-results/USPS/landmark/cpu1/20260726_110711_1117507/stability_pairwise.csv"
"USPS","fastEmbedR_opentsne_cpu_landmark","cpu",1,4,42,0.00710947169024567,0.949455412285595,0.4302,"landmark","cpu1","/Users/stefano/Documents/fastEmbedR-results/USPS/landmark/cpu1/20260726_110711_1117507/stability_pairwise.csv"
"USPS","fastEmbedR_opentsne_cpu_landmark","cpu",1,17,42,0.0084447663535392,0.928685921234132,0.4123,"landmark","cpu1","/Users/stefano/Documents/fastEmbedR-results/USPS/landmark/cpu1/20260726_110711_1117507/stability_pairwise.csv"
"USPS","fastEmbedR_umap_cpu_binary_full","cpu",1,4,17,0.00211067249991633,0.995545061598097,0.8452,"landmark","cpu1","/Users/stefano/Documents/fastEmbedR-results/USPS/landmark/cpu1/20260726_110711_1117507/stability_pairwise.csv"
"USPS","fastEmbedR_umap_cpu_binary_full","cpu",1,4,42,0.00974635652238906,0.905008534538484,0.8314,"landmark","cpu1","/Users/stefano/Documents/fastEmbedR-results/USPS/landmark/cpu1/20260726_110711_1117507/stability_pairwise.csv"
"USPS","fastEmbedR_umap_cpu_binary_full","cpu",1,17,42,0.0100969542376991,0.898051515121809,0.8337,"landmark","cpu1","/Users/stefano/Documents/fastEmbedR-results/USPS/landmark/cpu1/20260726_110711_1117507/stability_pairwise.csv"
"USPS","fastEmbedR_umap_cpu_binary_landmark","cpu",1,4,17,0.0116955445860319,0.863214236836139,0.244566666666667,"landmark","cpu1","/Users/stefano/Documents/fastEmbedR-results/USPS/landmark/cpu1/20260726_110711_1117507/stability_pairwise.csv"
"USPS","fastEmbedR_umap_cpu_binary_landmark","cpu",1,4,42,0.0151403532266545,0.770769704172132,0.253866666666667,"landmark","cpu1","/Users/stefano/Documents/fastEmbedR-results/USPS/landmark/cpu1/20260726_110711_1117507/stability_pairwise.csv"
"USPS","fastEmbedR_umap_cpu_binary_landmark","cpu",1,17,42,0.0136876784798135,0.81264745783325,0.238433333333333,"landmark","cpu1","/Users/stefano/Documents/fastEmbedR-results/USPS/landmark/cpu1/20260726_110711_1117507/stability_pairwise.csv"
"USPS","fastEmbedR_opentsne_cpu_full","cpu",4,4,17,0.00083812298084316,0.999297549868982,0.9155,"landmark","cpu4","/Users/stefano/Documents/fastEmbedR-results/USPS/landmark/cpu4/20260726_110212_1117518/stability_pairwise.csv"
"USPS","fastEmbedR_opentsne_cpu_full","cpu",4,4,42,0.00174165224774289,0.996966647447932,0.858966666666667,"landmark","cpu4","/Users/stefano/Documents/fastEmbedR-results/USPS/landmark/cpu4/20260726_110212_1117518/stability_pairwise.csv"
"USPS","fastEmbedR_opentsne_cpu_full","cpu",4,17,42,0.00144455006656381,0.99791327510519,0.8708,"landmark","cpu4","/Users/stefano/Documents/fastEmbedR-results/USPS/landmark/cpu4/20260726_110212_1117518/stability_pairwise.csv"
"USPS","fastEmbedR_opentsne_cpu_landmark","cpu",4,4,17,0.00678548809970163,0.953957151248808,0.412966666666667,"landmark","cpu4","/Users/stefano/Documents/fastEmbedR-results/USPS/landmark/cpu4/20260726_110212_1117518/stability_pairwise.csv"
"USPS","fastEmbedR_opentsne_cpu_landmark","cpu",4,4,42,0.0068902101353768,0.952525004290351,0.432366666666667,"landmark","cpu4","/Users/stefano/Documents/fastEmbedR-results/USPS/landmark/cpu4/20260726_110212_1117518/stability_pairwise.csv"
"USPS","fastEmbedR_opentsne_cpu_landmark","cpu",4,17,42,0.00715206820560118,0.948847920382429,0.412033333333333,"landmark","cpu4","/Users/stefano/Documents/fastEmbedR-results/USPS/landmark/cpu4/20260726_110212_1117518/stability_pairwise.csv"
"USPS","fastEmbedR_umap_cpu_binary_full","cpu",4,4,17,0.00278282915287497,0.992255861905909,0.754066666666667,"landmark","cpu4","/Users/stefano/Documents/fastEmbedR-results/USPS/landmark/cpu4/20260726_110212_1117518/stability_pairwise.csv"
"USPS","fastEmbedR_umap_cpu_binary_full","cpu",4,4,42,0.0102997387435877,0.893915381813838,0.781733333333333,"landmark","cpu4","/Users/stefano/Documents/fastEmbedR-results/USPS/landmark/cpu4/20260726_110212_1117518/stability_pairwise.csv"
"USPS","fastEmbedR_umap_cpu_binary_full","cpu",4,17,42,0.00985072681123607,0.902963181290395,0.703633333333333,"landmark","cpu4","/Users/stefano/Documents/fastEmbedR-results/USPS/landmark/cpu4/20260726_110212_1117518/stability_pairwise.csv"
"USPS","fastEmbedR_umap_cpu_binary_landmark","cpu",4,4,17,0.0164025670127757,0.730955795391401,0.248866666666667,"landmark","cpu4","/Users/stefano/Documents/fastEmbedR-results/USPS/landmark/cpu4/20260726_110212_1117518/stability_pairwise.csv"
"USPS","fastEmbedR_umap_cpu_binary_landmark","cpu",4,4,42,0.00855312699386584,0.926844018626804,0.254266666666667,"landmark","cpu4","/Users/stefano/Documents/fastEmbedR-results/USPS/landmark/cpu4/20260726_110212_1117518/stability_pairwise.csv"
"USPS","fastEmbedR_umap_cpu_binary_landmark","cpu",4,17,42,0.0176444112551965,0.688674751457495,0.247333333333333,"landmark","cpu4","/Users/stefano/Documents/fastEmbedR-results/USPS/landmark/cpu4/20260726_110212_1117518/stability_pairwise.csv"
"USPS","fastEmbedR_opentsne_cuda_full","cuda",1,4,17,0.000974022200506088,0.999051280752921,0.9157,"landmark","cuda","/Users/stefano/Documents/fastEmbedR-results/USPS/landmark/cuda/20260726_111548_1117529/stability_pairwise.csv"
"USPS","fastEmbedR_opentsne_cuda_full","cuda",1,4,42,0.00083289190788028,0.999306291069787,0.933033333333333,"landmark","cuda","/Users/stefano/Documents/fastEmbedR-results/USPS/landmark/cuda/20260726_111548_1117529/stability_pairwise.csv"
"USPS","fastEmbedR_opentsne_cuda_full","cuda",1,17,42,0.000862240258523105,0.999256541736582,0.924666666666667,"landmark","cuda","/Users/stefano/Documents/fastEmbedR-results/USPS/landmark/cuda/20260726_111548_1117529/stability_pairwise.csv"
"USPS","fastEmbedR_opentsne_cuda_landmark","cuda",1,4,17,0.00634152591455158,0.959785049075071,0.4127,"landmark","cuda","/Users/stefano/Documents/fastEmbedR-results/USPS/landmark/cuda/20260726_111548_1117529/stability_pairwise.csv"
"USPS","fastEmbedR_opentsne_cuda_landmark","cuda",1,4,42,0.00729159480654084,0.946832645177227,0.417866666666667,"landmark","cuda","/Users/stefano/Documents/fastEmbedR-results/USPS/landmark/cuda/20260726_111548_1117529/stability_pairwise.csv"
"USPS","fastEmbedR_opentsne_cuda_landmark","cuda",1,17,42,0.00803542621631726,0.935431925522121,0.408233333333333,"landmark","cuda","/Users/stefano/Documents/fastEmbedR-results/USPS/landmark/cuda/20260726_111548_1117529/stability_pairwise.csv"
"USPS","fastEmbedR_umap_cuda_binary_full","cuda",1,4,17,0.0116014926473167,0.865405368354257,0.624133333333333,"landmark","cuda","/Users/stefano/Documents/fastEmbedR-results/USPS/landmark/cuda/20260726_111548_1117529/stability_pairwise.csv"
"USPS","fastEmbedR_umap_cuda_binary_full","cuda",1,4,42,0.0143932079839645,0.79283556393034,0.5986,"landmark","cuda","/Users/stefano/Documents/fastEmbedR-results/USPS/landmark/cuda/20260726_111548_1117529/stability_pairwise.csv"
"USPS","fastEmbedR_umap_cuda_binary_full","cuda",1,17,42,0.0166923349635274,0.7213659534654,0.604733333333333,"landmark","cuda","/Users/stefano/Documents/fastEmbedR-results/USPS/landmark/cuda/20260726_111548_1117529/stability_pairwise.csv"
"USPS","fastEmbedR_umap_cuda_binary_landmark","cuda",1,4,17,0.00556966952721006,0.968978781357668,0.2924,"landmark","cuda","/Users/stefano/Documents/fastEmbedR-results/USPS/landmark/cuda/20260726_111548_1117529/stability_pairwise.csv"
"USPS","fastEmbedR_umap_cuda_binary_landmark","cuda",1,4,42,0.016950504654979,0.712680391941535,0.2797,"landmark","cuda","/Users/stefano/Documents/fastEmbedR-results/USPS/landmark/cuda/20260726_111548_1117529/stability_pairwise.csv"
"USPS","fastEmbedR_umap_cuda_binary_landmark","cuda",1,17,42,0.0174854756240883,0.694258142199415,0.277666666666667,"landmark","cuda","/Users/stefano/Documents/fastEmbedR-results/USPS/landmark/cuda/20260726_111548_1117529/stability_pairwise.csv"
"USPS","fastEmbedR_opentsne_cpu_full","cpu",1,4,17,0.00100691047906299,0.998986131287153,0.898133333333333,"standard","cpu1","/Users/stefano/Documents/fastEmbedR-results/USPS/standard/cpu1/20260721_084502_1071177/stability_pairwise.csv"
"USPS","fastEmbedR_opentsne_cpu_full","cpu",1,4,42,0.0016057857486769,0.997421452129346,0.866966666666667,"standard","cpu1","/Users/stefano/Documents/fastEmbedR-results/USPS/standard/cpu1/20260721_084502_1071177/stability_pairwise.csv"
"USPS","fastEmbedR_opentsne_cpu_full","cpu",1,17,42,0.00160460945109107,0.997425228509469,0.869533333333333,"standard","cpu1","/Users/stefano/Documents/fastEmbedR-results/USPS/standard/cpu1/20260721_084502_1071177/stability_pairwise.csv"
"USPS","fastEmbedR_opentsne_cpu_knn","cpu",1,4,17,3.89566710241062e-18,1,1,"standard","cpu1","/Users/stefano/Documents/fastEmbedR-results/USPS/standard/cpu1/20260721_084502_1071177/stability_pairwise.csv"
"USPS","fastEmbedR_opentsne_cpu_knn","cpu",1,4,42,3.89566710241062e-18,1,1,"standard","cpu1","/Users/stefano/Documents/fastEmbedR-results/USPS/standard/cpu1/20260721_084502_1071177/stability_pairwise.csv"
"USPS","fastEmbedR_opentsne_cpu_knn","cpu",1,17,42,3.89566710241062e-18,1,1,"standard","cpu1","/Users/stefano/Documents/fastEmbedR-results/USPS/standard/cpu1/20260721_084502_1071177/stability_pairwise.csv"
"USPS","fastEmbedR_umap_cpu_binary_full","cpu",1,4,17,0.00211067249991633,0.995545061598097,0.8452,"standard","cpu1","/Users/stefano/Documents/fastEmbedR-results/USPS/standard/cpu1/20260721_084502_1071177/stability_pairwise.csv"
"USPS","fastEmbedR_umap_cpu_binary_full","cpu",1,4,42,0.00974635652238906,0.905008534538484,0.8314,"standard","cpu1","/Users/stefano/Documents/fastEmbedR-results/USPS/standard/cpu1/20260721_084502_1071177/stability_pairwise.csv"
"USPS","fastEmbedR_umap_cpu_binary_full","cpu",1,17,42,0.0100969542376991,0.898051515121809,0.8337,"standard","cpu1","/Users/stefano/Documents/fastEmbedR-results/USPS/standard/cpu1/20260721_084502_1071177/stability_pairwise.csv"
"USPS","fastEmbedR_umap_cpu_binary_knn","cpu",1,4,17,0.00211067249991633,0.995545061598097,0.8452,"standard","cpu1","/Users/stefano/Documents/fastEmbedR-results/USPS/standard/cpu1/20260721_084502_1071177/stability_pairwise.csv"
"USPS","fastEmbedR_umap_cpu_binary_knn","cpu",1,4,42,0.00974635652238906,0.905008534538484,0.8314,"standard","cpu1","/Users/stefano/Documents/fastEmbedR-results/USPS/standard/cpu1/20260721_084502_1071177/stability_pairwise.csv"
"USPS","fastEmbedR_umap_cpu_binary_knn","cpu",1,17,42,0.0100969542376991,0.898051515121809,0.8337,"standard","cpu1","/Users/stefano/Documents/fastEmbedR-results/USPS/standard/cpu1/20260721_084502_1071177/stability_pairwise.csv"
"USPS","fastEmbedR_umap_cpu_fuzzy_full","cpu",1,4,17,0.0281457932065622,0.20781432477344,0.653133333333333,"standard","cpu1","/Users/stefano/Documents/fastEmbedR-results/USPS/standard/cpu1/20260721_084502_1071177/stability_pairwise.csv"
"USPS","fastEmbedR_umap_cpu_fuzzy_full","cpu",1,4,42,0.0277921892446707,0.227594216988413,0.625266666666667,"standard","cpu1","/Users/stefano/Documents/fastEmbedR-results/USPS/standard/cpu1/20260721_084502_1071177/stability_pairwise.csv"
"USPS","fastEmbedR_umap_cpu_fuzzy_full","cpu",1,17,42,0.0300598449758147,0.0964057200299857,0.620433333333333,"standard","cpu1","/Users/stefano/Documents/fastEmbedR-results/USPS/standard/cpu1/20260721_084502_1071177/stability_pairwise.csv"
"USPS","fastEmbedR_umap_cpu_fuzzy_knn","cpu",1,4,17,0.0281457932065622,0.20781432477344,0.653133333333333,"standard","cpu1","/Users/stefano/Documents/fastEmbedR-results/USPS/standard/cpu1/20260721_084502_1071177/stability_pairwise.csv"
"USPS","fastEmbedR_umap_cpu_fuzzy_knn","cpu",1,4,42,0.0277921892446707,0.227594216988413,0.625266666666667,"standard","cpu1","/Users/stefano/Documents/fastEmbedR-results/USPS/standard/cpu1/20260721_084502_1071177/stability_pairwise.csv"
"USPS","fastEmbedR_umap_cpu_fuzzy_knn","cpu",1,17,42,0.0300598449758147,0.0964057200299857,0.620433333333333,"standard","cpu1","/Users/stefano/Documents/fastEmbedR-results/USPS/standard/cpu1/20260721_084502_1071177/stability_pairwise.csv"
"USPS","KlugerLab_FItSNE","cpu",1,4,17,0.00227945437025129,0.994804087773942,0.845733333333333,"standard","cpu1","/Users/stefano/Documents/fastEmbedR-results/USPS/standard/cpu1/20260721_084502_1071177/stability_pairwise.csv"
"USPS","KlugerLab_FItSNE","cpu",1,4,42,0.00233810621853995,0.994533259310824,0.846233333333333,"standard","cpu1","/Users/stefano/Documents/fastEmbedR-results/USPS/standard/cpu1/20260721_084502_1071177/stability_pairwise.csv"
"USPS","KlugerLab_FItSNE","cpu",1,17,42,0.00232006315336923,0.994617306964378,0.8242,"standard","cpu1","/Users/stefano/Documents/fastEmbedR-results/USPS/standard/cpu1/20260721_084502_1071177/stability_pairwise.csv"
"USPS","Rtsne_full","cpu",1,4,17,0.00550140350027575,0.969734559527154,0.8047,"standard","cpu1","/Users/stefano/Documents/fastEmbedR-results/USPS/standard/cpu1/20260721_084502_1071177/stability_pairwise.csv"
"USPS","Rtsne_full","cpu",1,4,42,0.00717500052290528,0.948519367496309,0.770466666666667,"standard","cpu1","/Users/stefano/Documents/fastEmbedR-results/USPS/standard/cpu1/20260721_084502_1071177/stability_pairwise.csv"
"USPS","Rtsne_full","cpu",1,17,42,0.00326687731468487,0.989327512610797,0.811033333333333,"standard","cpu1","/Users/stefano/Documents/fastEmbedR-results/USPS/standard/cpu1/20260721_084502_1071177/stability_pairwise.csv"
"USPS","Rtsne_neighbors","cpu",1,4,17,2.80646655307117e-18,1,1,"standard","cpu1","/Users/stefano/Documents/fastEmbedR-results/USPS/standard/cpu1/20260721_084502_1071177/stability_pairwise.csv"
"USPS","Rtsne_neighbors","cpu",1,4,42,2.80646655307117e-18,1,1,"standard","cpu1","/Users/stefano/Documents/fastEmbedR-results/USPS/standard/cpu1/20260721_084502_1071177/stability_pairwise.csv"
"USPS","Rtsne_neighbors","cpu",1,17,42,2.80646655307117e-18,1,1,"standard","cpu1","/Users/stefano/Documents/fastEmbedR-results/USPS/standard/cpu1/20260721_084502_1071177/stability_pairwise.csv"
"USPS","umap_package","cpu",1,4,17,0.030858836762908,0.0477321936401991,0.647966666666667,"standard","cpu1","/Users/stefano/Documents/fastEmbedR-results/USPS/standard/cpu1/20260721_084502_1071177/stability_pairwise.csv"
"USPS","umap_package","cpu",1,4,42,0.0285270006443823,0.186210234235409,0.66,"standard","cpu1","/Users/stefano/Documents/fastEmbedR-results/USPS/standard/cpu1/20260721_084502_1071177/stability_pairwise.csv"
"USPS","umap_package","cpu",1,17,42,0.0204143412084348,0.583254673025599,0.666366666666667,"standard","cpu1","/Users/stefano/Documents/fastEmbedR-results/USPS/standard/cpu1/20260721_084502_1071177/stability_pairwise.csv"
"USPS","umap_package_knn","cpu",1,4,17,0.00209878386379053,0.995595106293092,0.808866666666667,"standard","cpu1","/Users/stefano/Documents/fastEmbedR-results/USPS/standard/cpu1/20260721_084502_1071177/stability_pairwise.csv"
"USPS","umap_package_knn","cpu",1,4,42,0.00399767632804699,0.984018583976173,0.791,"standard","cpu1","/Users/stefano/Documents/fastEmbedR-results/USPS/standard/cpu1/20260721_084502_1071177/stability_pairwise.csv"
"USPS","umap_package_knn","cpu",1,17,42,0.00487194656915479,0.976264136627301,0.775633333333333,"standard","cpu1","/Users/stefano/Documents/fastEmbedR-results/USPS/standard/cpu1/20260721_084502_1071177/stability_pairwise.csv"
"USPS","uwot_default","cpu",1,4,17,0.0259856716908612,0.324744866774775,0.654933333333333,"standard","cpu1","/Users/stefano/Documents/fastEmbedR-results/USPS/standard/cpu1/20260721_084502_1071177/stability_pairwise.csv"
"USPS","uwot_default","cpu",1,4,42,0.0249669702896761,0.376650394554429,0.656766666666667,"standard","cpu1","/Users/stefano/Documents/fastEmbedR-results/USPS/standard/cpu1/20260721_084502_1071177/stability_pairwise.csv"
"USPS","uwot_default","cpu",1,17,42,0.025616632640917,0.343788132140306,0.630166666666667,"standard","cpu1","/Users/stefano/Documents/fastEmbedR-results/USPS/standard/cpu1/20260721_084502_1071177/stability_pairwise.csv"
"USPS","uwot_fast_sgd","cpu",1,4,17,0.0248539099850441,0.382283158455327,0.6439,"standard","cpu1","/Users/stefano/Documents/fastEmbedR-results/USPS/standard/cpu1/20260721_084502_1071177/stability_pairwise.csv"
"USPS","uwot_fast_sgd","cpu",1,4,42,0.0232691454427509,0.458546870364105,0.632833333333333,"standard","cpu1","/Users/stefano/Documents/fastEmbedR-results/USPS/standard/cpu1/20260721_084502_1071177/stability_pairwise.csv"
"USPS","uwot_fast_sgd","cpu",1,17,42,0.024834404430276,0.383252356593489,0.6394,"standard","cpu1","/Users/stefano/Documents/fastEmbedR-results/USPS/standard/cpu1/20260721_084502_1071177/stability_pairwise.csv"
"USPS","uwot_knn","cpu",1,4,17,0.0264881087069323,0.298380097129737,0.611833333333333,"standard","cpu1","/Users/stefano/Documents/fastEmbedR-results/USPS/standard/cpu1/20260721_084502_1071177/stability_pairwise.csv"
"USPS","uwot_knn","cpu",1,4,42,0.0260013721748697,0.323928645023913,0.6286,"standard","cpu1","/Users/stefano/Documents/fastEmbedR-results/USPS/standard/cpu1/20260721_084502_1071177/stability_pairwise.csv"
"USPS","uwot_knn","cpu",1,17,42,0.0270044616822075,0.270759049254187,0.6407,"standard","cpu1","/Users/stefano/Documents/fastEmbedR-results/USPS/standard/cpu1/20260721_084502_1071177/stability_pairwise.csv"
"USPS","fastEmbedR_opentsne_cpu_full","cpu",4,4,17,0.00083812298084316,0.999297549868982,0.9155,"standard","cpu4","/Users/stefano/Documents/fastEmbedR-results/USPS/standard/cpu4/20260721_084502_1071188/stability_pairwise.csv"
"USPS","fastEmbedR_opentsne_cpu_full","cpu",4,4,42,0.00174165224774289,0.996966647447932,0.858966666666667,"standard","cpu4","/Users/stefano/Documents/fastEmbedR-results/USPS/standard/cpu4/20260721_084502_1071188/stability_pairwise.csv"
"USPS","fastEmbedR_opentsne_cpu_full","cpu",4,17,42,0.00144455006656381,0.99791327510519,0.8708,"standard","cpu4","/Users/stefano/Documents/fastEmbedR-results/USPS/standard/cpu4/20260721_084502_1071188/stability_pairwise.csv"
"USPS","fastEmbedR_opentsne_cpu_knn","cpu",4,4,17,3.89566710241062e-18,1,1,"standard","cpu4","/Users/stefano/Documents/fastEmbedR-results/USPS/standard/cpu4/20260721_084502_1071188/stability_pairwise.csv"
"USPS","fastEmbedR_opentsne_cpu_knn","cpu",4,4,42,3.89566710241062e-18,1,1,"standard","cpu4","/Users/stefano/Documents/fastEmbedR-results/USPS/standard/cpu4/20260721_084502_1071188/stability_pairwise.csv"
"USPS","fastEmbedR_opentsne_cpu_knn","cpu",4,17,42,3.89566710241062e-18,1,1,"standard","cpu4","/Users/stefano/Documents/fastEmbedR-results/USPS/standard/cpu4/20260721_084502_1071188/stability_pairwise.csv"
"USPS","fastEmbedR_umap_cpu_binary_full","cpu",4,4,17,0.00950847248677249,0.90958895096829,0.3594,"standard","cpu4","/Users/stefano/Documents/fastEmbedR-results/USPS/standard/cpu4/20260721_084502_1071188/stability_pairwise.csv"
"USPS","fastEmbedR_umap_cpu_binary_full","cpu",4,4,42,0.0177851039164817,0.683690078679948,0.4232,"standard","cpu4","/Users/stefano/Documents/fastEmbedR-results/USPS/standard/cpu4/20260721_084502_1071188/stability_pairwise.csv"
"USPS","fastEmbedR_umap_cpu_binary_full","cpu",4,17,42,0.0188747369392583,0.643744305473797,0.323233333333333,"standard","cpu4","/Users/stefano/Documents/fastEmbedR-results/USPS/standard/cpu4/20260721_084502_1071188/stability_pairwise.csv"
"USPS","fastEmbedR_umap_cpu_binary_knn","cpu",4,4,17,0.0114846841034595,0.868102031043746,0.390333333333333,"standard","cpu4","/Users/stefano/Documents/fastEmbedR-results/USPS/standard/cpu4/20260721_084502_1071188/stability_pairwise.csv"
"USPS","fastEmbedR_umap_cpu_binary_knn","cpu",4,4,42,0.0116787337454331,0.863607178103282,0.3939,"standard","cpu4","/Users/stefano/Documents/fastEmbedR-results/USPS/standard/cpu4/20260721_084502_1071188/stability_pairwise.csv"
"USPS","fastEmbedR_umap_cpu_binary_knn","cpu",4,17,42,0.00223838199603151,0.994989646039842,0.802266666666667,"standard","cpu4","/Users/stefano/Documents/fastEmbedR-results/USPS/standard/cpu4/20260721_084502_1071188/stability_pairwise.csv"
"USPS","fastEmbedR_umap_cpu_fuzzy_full","cpu",4,4,17,0.0266386680795441,0.290381362947878,0.5579,"standard","cpu4","/Users/stefano/Documents/fastEmbedR-results/USPS/standard/cpu4/20260721_084502_1071188/stability_pairwise.csv"
"USPS","fastEmbedR_umap_cpu_fuzzy_full","cpu",4,4,42,0.0272891379102095,0.255302952117568,0.561466666666667,"standard","cpu4","/Users/stefano/Documents/fastEmbedR-results/USPS/standard/cpu4/20260721_084502_1071188/stability_pairwise.csv"
"USPS","fastEmbedR_umap_cpu_fuzzy_full","cpu",4,17,42,0.0274538065899078,0.246288503723934,0.538233333333333,"standard","cpu4","/Users/stefano/Documents/fastEmbedR-results/USPS/standard/cpu4/20260721_084502_1071188/stability_pairwise.csv"
"USPS","fastEmbedR_umap_cpu_fuzzy_knn","cpu",4,4,17,0.0263434585210061,0.306022193152029,0.645033333333333,"standard","cpu4","/Users/stefano/Documents/fastEmbedR-results/USPS/standard/cpu4/20260721_084502_1071188/stability_pairwise.csv"
"USPS","fastEmbedR_umap_cpu_fuzzy_knn","cpu",4,4,42,0.0279585762953767,0.218318011535602,0.5462,"standard","cpu4","/Users/stefano/Documents/fastEmbedR-results/USPS/standard/cpu4/20260721_084502_1071188/stability_pairwise.csv"
"USPS","fastEmbedR_umap_cpu_fuzzy_knn","cpu",4,17,42,0.0284700354395415,0.189457082071248,0.535466666666667,"standard","cpu4","/Users/stefano/Documents/fastEmbedR-results/USPS/standard/cpu4/20260721_084502_1071188/stability_pairwise.csv"
"USPS","KlugerLab_FItSNE","cpu",4,4,17,0.00252728742745726,0.993612818259016,0.804266666666667,"standard","cpu4","/Users/stefano/Documents/fastEmbedR-results/USPS/standard/cpu4/20260721_084502_1071188/stability_pairwise.csv"
"USPS","KlugerLab_FItSNE","cpu",4,4,42,0.00236873857655668,0.994389077555932,0.847833333333333,"standard","cpu4","/Users/stefano/Documents/fastEmbedR-results/USPS/standard/cpu4/20260721_084502_1071188/stability_pairwise.csv"
"USPS","KlugerLab_FItSNE","cpu",4,17,42,0.00247749080268533,0.99386203932261,0.8091,"standard","cpu4","/Users/stefano/Documents/fastEmbedR-results/USPS/standard/cpu4/20260721_084502_1071188/stability_pairwise.csv"
"USPS","Rtsne_full","cpu",4,4,17,0.0048250819274637,0.976718584393263,0.8051,"standard","cpu4","/Users/stefano/Documents/fastEmbedR-results/USPS/standard/cpu4/20260721_084502_1071188/stability_pairwise.csv"
"USPS","Rtsne_full","cpu",4,4,42,0.016425760775805,0.730194382936028,0.733033333333333,"standard","cpu4","/Users/stefano/Documents/fastEmbedR-results/USPS/standard/cpu4/20260721_084502_1071188/stability_pairwise.csv"
"USPS","Rtsne_full","cpu",4,17,42,0.0159632064320611,0.745176040407402,0.7703,"standard","cpu4","/Users/stefano/Documents/fastEmbedR-results/USPS/standard/cpu4/20260721_084502_1071188/stability_pairwise.csv"
"USPS","Rtsne_neighbors","cpu",4,4,17,3.45031871238354e-18,1,1,"standard","cpu4","/Users/stefano/Documents/fastEmbedR-results/USPS/standard/cpu4/20260721_084502_1071188/stability_pairwise.csv"
"USPS","Rtsne_neighbors","cpu",4,4,42,3.45031871238354e-18,1,1,"standard","cpu4","/Users/stefano/Documents/fastEmbedR-results/USPS/standard/cpu4/20260721_084502_1071188/stability_pairwise.csv"
"USPS","Rtsne_neighbors","cpu",4,17,42,3.45031871238354e-18,1,1,"standard","cpu4","/Users/stefano/Documents/fastEmbedR-results/USPS/standard/cpu4/20260721_084502_1071188/stability_pairwise.csv"
"USPS","umap_package","cpu",4,4,17,0.030858836762908,0.0477321936401991,0.647966666666667,"standard","cpu4","/Users/stefano/Documents/fastEmbedR-results/USPS/standard/cpu4/20260721_084502_1071188/stability_pairwise.csv"
"USPS","umap_package","cpu",4,4,42,0.0285270006443823,0.186210234235409,0.66,"standard","cpu4","/Users/stefano/Documents/fastEmbedR-results/USPS/standard/cpu4/20260721_084502_1071188/stability_pairwise.csv"
"USPS","umap_package","cpu",4,17,42,0.0204143412084348,0.583254673025599,0.666366666666667,"standard","cpu4","/Users/stefano/Documents/fastEmbedR-results/USPS/standard/cpu4/20260721_084502_1071188/stability_pairwise.csv"
"USPS","umap_package_knn","cpu",4,4,17,0.00209878386379053,0.995595106293092,0.808866666666667,"standard","cpu4","/Users/stefano/Documents/fastEmbedR-results/USPS/standard/cpu4/20260721_084502_1071188/stability_pairwise.csv"
"USPS","umap_package_knn","cpu",4,4,42,0.00399767632804699,0.984018583976173,0.791,"standard","cpu4","/Users/stefano/Documents/fastEmbedR-results/USPS/standard/cpu4/20260721_084502_1071188/stability_pairwise.csv"
"USPS","umap_package_knn","cpu",4,17,42,0.00487194656915479,0.976264136627301,0.775633333333333,"standard","cpu4","/Users/stefano/Documents/fastEmbedR-results/USPS/standard/cpu4/20260721_084502_1071188/stability_pairwise.csv"
"USPS","uwot_default","cpu",4,4,17,0.0259856716908612,0.324744866774775,0.654933333333333,"standard","cpu4","/Users/stefano/Documents/fastEmbedR-results/USPS/standard/cpu4/20260721_084502_1071188/stability_pairwise.csv"
"USPS","uwot_default","cpu",4,4,42,0.0249669702896761,0.376650394554429,0.656766666666667,"standard","cpu4","/Users/stefano/Documents/fastEmbedR-results/USPS/standard/cpu4/20260721_084502_1071188/stability_pairwise.csv"
"USPS","uwot_default","cpu",4,17,42,0.025616632640917,0.343788132140306,0.630166666666667,"standard","cpu4","/Users/stefano/Documents/fastEmbedR-results/USPS/standard/cpu4/20260721_084502_1071188/stability_pairwise.csv"
"USPS","uwot_fast_sgd","cpu",4,4,17,0.0256473769419916,0.3422120559954,0.6238,"standard","cpu4","/Users/stefano/Documents/fastEmbedR-results/USPS/standard/cpu4/20260721_084502_1071188/stability_pairwise.csv"
"USPS","uwot_fast_sgd","cpu",4,4,42,0.0296332503727106,0.121870472348246,0.638566666666667,"standard","cpu4","/Users/stefano/Documents/fastEmbedR-results/USPS/standard/cpu4/20260721_084502_1071188/stability_pairwise.csv"
"USPS","uwot_fast_sgd","cpu",4,17,42,0.0280663628658829,0.212279275480591,0.6273,"standard","cpu4","/Users/stefano/Documents/fastEmbedR-results/USPS/standard/cpu4/20260721_084502_1071188/stability_pairwise.csv"
"USPS","uwot_knn","cpu",4,4,17,0.0247953750387439,0.385189376688035,0.642666666666667,"standard","cpu4","/Users/stefano/Documents/fastEmbedR-results/USPS/standard/cpu4/20260721_084502_1071188/stability_pairwise.csv"
"USPS","uwot_knn","cpu",4,4,42,0.024144057654885,0.417064479957587,0.646266666666667,"standard","cpu4","/Users/stefano/Documents/fastEmbedR-results/USPS/standard/cpu4/20260721_084502_1071188/stability_pairwise.csv"
"USPS","uwot_knn","cpu",4,17,42,0.0238388205209892,0.431710636168065,0.644933333333333,"standard","cpu4","/Users/stefano/Documents/fastEmbedR-results/USPS/standard/cpu4/20260721_084502_1071188/stability_pairwise.csv"
"USPS","fastEmbedR_opentsne_cuda_full","cuda",1,4,17,0.00188751446179621,0.99643728915651,0.905866666666667,"standard","cuda","/Users/stefano/Documents/fastEmbedR-results/USPS/standard/cuda/20260722_160038_1071199/stability_pairwise.csv"
"USPS","fastEmbedR_opentsne_cuda_full","cuda",1,4,42,0.000900863798367766,0.99918844441679,0.930833333333333,"standard","cuda","/Users/stefano/Documents/fastEmbedR-results/USPS/standard/cuda/20260722_160038_1071199/stability_pairwise.csv"
"USPS","fastEmbedR_opentsne_cuda_full","cuda",1,17,42,0.00176394879272667,0.996888484656638,0.9203,"standard","cuda","/Users/stefano/Documents/fastEmbedR-results/USPS/standard/cuda/20260722_160038_1071199/stability_pairwise.csv"
"USPS","fastEmbedR_opentsne_cuda_knn","cuda",1,4,17,0.00174772364602992,0.996945462057108,0.866066666666667,"standard","cuda","/Users/stefano/Documents/fastEmbedR-results/USPS/standard/cuda/20260722_160038_1071199/stability_pairwise.csv"
"USPS","fastEmbedR_opentsne_cuda_knn","cuda",1,4,42,0.00157693772091244,0.997513267424363,0.8665,"standard","cuda","/Users/stefano/Documents/fastEmbedR-results/USPS/standard/cuda/20260722_160038_1071199/stability_pairwise.csv"
"USPS","fastEmbedR_opentsne_cuda_knn","cuda",1,17,42,0.00105887491270333,0.998878783919247,0.914033333333333,"standard","cuda","/Users/stefano/Documents/fastEmbedR-results/USPS/standard/cuda/20260722_160038_1071199/stability_pairwise.csv"
"USPS","fastEmbedR_umap_cuda_binary_full","cuda",1,4,17,0.00734476244247134,0.946054464663662,0.640566666666667,"standard","cuda","/Users/stefano/Documents/fastEmbedR-results/USPS/standard/cuda/20260722_160038_1071199/stability_pairwise.csv"
"USPS","fastEmbedR_umap_cuda_binary_full","cuda",1,4,42,0.0157156586280554,0.753018073886429,0.594666666666667,"standard","cuda","/Users/stefano/Documents/fastEmbedR-results/USPS/standard/cuda/20260722_160038_1071199/stability_pairwise.csv"
"USPS","fastEmbedR_umap_cuda_binary_full","cuda",1,17,42,0.0154795916708292,0.760382241704395,0.5894,"standard","cuda","/Users/stefano/Documents/fastEmbedR-results/USPS/standard/cuda/20260722_160038_1071199/stability_pairwise.csv"
"USPS","fastEmbedR_umap_cuda_binary_knn","cuda",1,4,17,0.00405059931979431,0.983592645150482,0.729033333333333,"standard","cuda","/Users/stefano/Documents/fastEmbedR-results/USPS/standard/cuda/20260722_160038_1071199/stability_pairwise.csv"
"USPS","fastEmbedR_umap_cuda_binary_knn","cuda",1,4,42,0.0143425651039423,0.794290826239177,0.6649,"standard","cuda","/Users/stefano/Documents/fastEmbedR-results/USPS/standard/cuda/20260722_160038_1071199/stability_pairwise.csv"
"USPS","fastEmbedR_umap_cuda_binary_knn","cuda",1,17,42,0.0127797468738033,0.836678069841515,0.6481,"standard","cuda","/Users/stefano/Documents/fastEmbedR-results/USPS/standard/cuda/20260722_160038_1071199/stability_pairwise.csv"
"USPS","fastEmbedR_umap_cuda_fuzzy_full","cuda",1,4,17,0.0229558621313633,0.473028393805839,0.615,"standard","cuda","/Users/stefano/Documents/fastEmbedR-results/USPS/standard/cuda/20260722_160038_1071199/stability_pairwise.csv"
"USPS","fastEmbedR_umap_cuda_fuzzy_full","cuda",1,4,42,0.0251924862243453,0.365338637836171,0.629266666666667,"standard","cuda","/Users/stefano/Documents/fastEmbedR-results/USPS/standard/cuda/20260722_160038_1071199/stability_pairwise.csv"
"USPS","fastEmbedR_umap_cuda_fuzzy_full","cuda",1,17,42,0.0254954859970211,0.349980193775703,0.6185,"standard","cuda","/Users/stefano/Documents/fastEmbedR-results/USPS/standard/cuda/20260722_160038_1071199/stability_pairwise.csv"
"USPS","fastEmbedR_umap_cuda_fuzzy_knn","cuda",1,4,17,0.0271077064531238,0.265172250851271,0.584766666666667,"standard","cuda","/Users/stefano/Documents/fastEmbedR-results/USPS/standard/cuda/20260722_160038_1071199/stability_pairwise.csv"
"USPS","fastEmbedR_umap_cuda_fuzzy_knn","cuda",1,4,42,0.0270199355507153,0.269923082835193,0.603866666666667,"standard","cuda","/Users/stefano/Documents/fastEmbedR-results/USPS/standard/cuda/20260722_160038_1071199/stability_pairwise.csv"
"USPS","fastEmbedR_umap_cuda_fuzzy_knn","cuda",1,17,42,0.0245316383718467,0.398198718792938,0.6202,"standard","cuda","/Users/stefano/Documents/fastEmbedR-results/USPS/standard/cuda/20260722_160038_1071199/stability_pairwise.csv"
"flow18","fastEmbedR_opentsne_cpu_full","cpu",1,4,17,2.53830957742862e-18,1,1,"landmark","cpu1","/Users/stefano/Documents/fastEmbedR-results/flow18/landmark/cpu1/20260726_110400_1117499/stability_pairwise.csv"
"flow18","fastEmbedR_opentsne_cpu_full","cpu",1,4,42,2.53830957742862e-18,1,1,"landmark","cpu1","/Users/stefano/Documents/fastEmbedR-results/flow18/landmark/cpu1/20260726_110400_1117499/stability_pairwise.csv"
"flow18","fastEmbedR_opentsne_cpu_full","cpu",1,17,42,2.53830957742862e-18,1,1,"landmark","cpu1","/Users/stefano/Documents/fastEmbedR-results/flow18/landmark/cpu1/20260726_110400_1117499/stability_pairwise.csv"
"flow18","fastEmbedR_opentsne_cpu_landmark","cpu",1,4,17,0.00419876587644602,0.982370365114792,0.431866666666667,"landmark","cpu1","/Users/stefano/Documents/fastEmbedR-results/flow18/landmark/cpu1/20260726_110400_1117499/stability_pairwise.csv"
"flow18","fastEmbedR_opentsne_cpu_landmark","cpu",1,4,42,0.00441137583868006,0.98053976320991,0.4287,"landmark","cpu1","/Users/stefano/Documents/fastEmbedR-results/flow18/landmark/cpu1/20260726_110400_1117499/stability_pairwise.csv"
"flow18","fastEmbedR_opentsne_cpu_landmark","cpu",1,17,42,0.00470266798548537,0.977884913818291,0.419866666666667,"landmark","cpu1","/Users/stefano/Documents/fastEmbedR-results/flow18/landmark/cpu1/20260726_110400_1117499/stability_pairwise.csv"
"flow18","fastEmbedR_umap_cpu_binary_full","cpu",1,4,17,0.024898507218702,0.380064338280243,0.837633333333333,"landmark","cpu1","/Users/stefano/Documents/fastEmbedR-results/flow18/landmark/cpu1/20260726_110400_1117499/stability_pairwise.csv"
"flow18","fastEmbedR_umap_cpu_binary_full","cpu",1,4,42,0.0119270339600185,0.857745860916564,0.9062,"landmark","cpu1","/Users/stefano/Documents/fastEmbedR-results/flow18/landmark/cpu1/20260726_110400_1117499/stability_pairwise.csv"
"flow18","fastEmbedR_umap_cpu_binary_full","cpu",1,17,42,0.0240746717966734,0.420410177882459,0.8273,"landmark","cpu1","/Users/stefano/Documents/fastEmbedR-results/flow18/landmark/cpu1/20260726_110400_1117499/stability_pairwise.csv"
"flow18","fastEmbedR_umap_cpu_binary_landmark","cpu",1,4,17,0.00741864220571795,0.94496374782354,0.5027,"landmark","cpu1","/Users/stefano/Documents/fastEmbedR-results/flow18/landmark/cpu1/20260726_110400_1117499/stability_pairwise.csv"
"flow18","fastEmbedR_umap_cpu_binary_landmark","cpu",1,4,42,0.0201286848422352,0.594836046521972,0.5878,"landmark","cpu1","/Users/stefano/Documents/fastEmbedR-results/flow18/landmark/cpu1/20260726_110400_1117499/stability_pairwise.csv"
"flow18","fastEmbedR_umap_cpu_binary_landmark","cpu",1,17,42,0.0229431163347311,0.473613412850997,0.522133333333333,"landmark","cpu1","/Users/stefano/Documents/fastEmbedR-results/flow18/landmark/cpu1/20260726_110400_1117499/stability_pairwise.csv"
"flow18","fastEmbedR_opentsne_cpu_full","cpu",4,4,17,2.53830957742862e-18,1,1,"landmark","cpu4","/Users/stefano/Documents/fastEmbedR-results/flow18/landmark/cpu4/20260726_105406_1117510/stability_pairwise.csv"
"flow18","fastEmbedR_opentsne_cpu_full","cpu",4,4,42,2.53830957742862e-18,1,1,"landmark","cpu4","/Users/stefano/Documents/fastEmbedR-results/flow18/landmark/cpu4/20260726_105406_1117510/stability_pairwise.csv"
"flow18","fastEmbedR_opentsne_cpu_full","cpu",4,17,42,2.53830957742862e-18,1,1,"landmark","cpu4","/Users/stefano/Documents/fastEmbedR-results/flow18/landmark/cpu4/20260726_105406_1117510/stability_pairwise.csv"
"flow18","fastEmbedR_opentsne_cpu_landmark","cpu",4,4,17,0.00419876587644602,0.982370365114792,0.431866666666667,"landmark","cpu4","/Users/stefano/Documents/fastEmbedR-results/flow18/landmark/cpu4/20260726_105406_1117510/stability_pairwise.csv"
"flow18","fastEmbedR_opentsne_cpu_landmark","cpu",4,4,42,0.00441137583868006,0.98053976320991,0.4287,"landmark","cpu4","/Users/stefano/Documents/fastEmbedR-results/flow18/landmark/cpu4/20260726_105406_1117510/stability_pairwise.csv"
"flow18","fastEmbedR_opentsne_cpu_landmark","cpu",4,17,42,0.00470266798548537,0.977884913818291,0.419866666666667,"landmark","cpu4","/Users/stefano/Documents/fastEmbedR-results/flow18/landmark/cpu4/20260726_105406_1117510/stability_pairwise.csv"
"flow18","fastEmbedR_umap_cpu_binary_full","cpu",4,4,17,0.020275994781589,0.588884035616977,0.7783,"landmark","cpu4","/Users/stefano/Documents/fastEmbedR-results/flow18/landmark/cpu4/20260726_105406_1117510/stability_pairwise.csv"
"flow18","fastEmbedR_umap_cpu_binary_full","cpu",4,4,42,0.0122154247783205,0.850783397485194,0.737633333333333,"landmark","cpu4","/Users/stefano/Documents/fastEmbedR-results/flow18/landmark/cpu4/20260726_105406_1117510/stability_pairwise.csv"
"flow18","fastEmbedR_umap_cpu_binary_full","cpu",4,17,42,0.0220313592685612,0.514619208779582,0.839366666666667,"landmark","cpu4","/Users/stefano/Documents/fastEmbedR-results/flow18/landmark/cpu4/20260726_105406_1117510/stability_pairwise.csv"
"flow18","fastEmbedR_umap_cpu_binary_landmark","cpu",4,4,17,0.00802814050843444,0.935548959976834,0.498766666666667,"landmark","cpu4","/Users/stefano/Documents/fastEmbedR-results/flow18/landmark/cpu4/20260726_105406_1117510/stability_pairwise.csv"
"flow18","fastEmbedR_umap_cpu_binary_landmark","cpu",4,4,42,0.0204544355271174,0.581616067266997,0.593766666666667,"landmark","cpu4","/Users/stefano/Documents/fastEmbedR-results/flow18/landmark/cpu4/20260726_105406_1117510/stability_pairwise.csv"
"flow18","fastEmbedR_umap_cpu_binary_landmark","cpu",4,17,42,0.0232445207081203,0.459692257049766,0.5263,"landmark","cpu4","/Users/stefano/Documents/fastEmbedR-results/flow18/landmark/cpu4/20260726_105406_1117510/stability_pairwise.csv"
"flow18","fastEmbedR_opentsne_cuda_full","cuda",1,4,17,0.000542321756105791,0.999705887112854,0.927,"landmark","cuda","/Users/stefano/Documents/fastEmbedR-results/flow18/landmark/cuda/20260726_111014_1117521/stability_pairwise.csv"
"flow18","fastEmbedR_opentsne_cuda_full","cuda",1,4,42,0.000505500591202424,0.999744469152294,0.930633333333333,"landmark","cuda","/Users/stefano/Documents/fastEmbedR-results/flow18/landmark/cuda/20260726_111014_1117521/stability_pairwise.csv"
"flow18","fastEmbedR_opentsne_cuda_full","cuda",1,17,42,0.000516877193140749,0.999732837967211,0.929433333333333,"landmark","cuda","/Users/stefano/Documents/fastEmbedR-results/flow18/landmark/cuda/20260726_111014_1117521/stability_pairwise.csv"
"flow18","fastEmbedR_opentsne_cuda_landmark","cuda",1,4,17,0.00419163382634681,0.982430205865825,0.438266666666667,"landmark","cuda","/Users/stefano/Documents/fastEmbedR-results/flow18/landmark/cuda/20260726_111014_1117521/stability_pairwise.csv"
"flow18","fastEmbedR_opentsne_cuda_landmark","cuda",1,4,42,0.00405802718978802,0.983532415326941,0.429833333333333,"landmark","cuda","/Users/stefano/Documents/fastEmbedR-results/flow18/landmark/cuda/20260726_111014_1117521/stability_pairwise.csv"
"flow18","fastEmbedR_opentsne_cuda_landmark","cuda",1,17,42,0.0043076334352772,0.981444294187282,0.427933333333333,"landmark","cuda","/Users/stefano/Documents/fastEmbedR-results/flow18/landmark/cuda/20260726_111014_1117521/stability_pairwise.csv"
"flow18","fastEmbedR_umap_cuda_binary_full","cuda",1,4,17,0.0111957068544735,0.874656148028695,0.658033333333333,"landmark","cuda","/Users/stefano/Documents/fastEmbedR-results/flow18/landmark/cuda/20260726_111014_1117521/stability_pairwise.csv"
"flow18","fastEmbedR_umap_cuda_binary_full","cuda",1,4,42,0.0164311787980699,0.73001636330586,0.831566666666667,"landmark","cuda","/Users/stefano/Documents/fastEmbedR-results/flow18/landmark/cuda/20260726_111014_1117521/stability_pairwise.csv"
"flow18","fastEmbedR_umap_cuda_binary_full","cuda",1,17,42,0.00998576557299196,0.900284485921249,0.713633333333333,"landmark","cuda","/Users/stefano/Documents/fastEmbedR-results/flow18/landmark/cuda/20260726_111014_1117521/stability_pairwise.csv"
"flow18","fastEmbedR_umap_cuda_binary_landmark","cuda",1,4,17,0.00751301402397205,0.943554620275599,0.5884,"landmark","cuda","/Users/stefano/Documents/fastEmbedR-results/flow18/landmark/cuda/20260726_111014_1117521/stability_pairwise.csv"
"flow18","fastEmbedR_umap_cuda_binary_landmark","cuda",1,4,42,0.0123350155174342,0.847847392184656,0.616333333333333,"landmark","cuda","/Users/stefano/Documents/fastEmbedR-results/flow18/landmark/cuda/20260726_111014_1117521/stability_pairwise.csv"
"flow18","fastEmbedR_umap_cuda_binary_landmark","cuda",1,17,42,0.0104053819686342,0.891728026086822,0.585966666666667,"landmark","cuda","/Users/stefano/Documents/fastEmbedR-results/flow18/landmark/cuda/20260726_111014_1117521/stability_pairwise.csv"
"flow18","fastEmbedR_opentsne_cpu_full","cpu",1,4,17,2.53830957742862e-18,1,1,"standard","cpu1","/Users/stefano/Documents/fastEmbedR-results/flow18/standard/cpu1/20260721_084502_1071169/stability_pairwise.csv"
"flow18","fastEmbedR_opentsne_cpu_full","cpu",1,4,42,2.53830957742862e-18,1,1,"standard","cpu1","/Users/stefano/Documents/fastEmbedR-results/flow18/standard/cpu1/20260721_084502_1071169/stability_pairwise.csv"
"flow18","fastEmbedR_opentsne_cpu_full","cpu",1,17,42,2.53830957742862e-18,1,1,"standard","cpu1","/Users/stefano/Documents/fastEmbedR-results/flow18/standard/cpu1/20260721_084502_1071169/stability_pairwise.csv"
"flow18","fastEmbedR_opentsne_cpu_knn","cpu",1,4,17,7.91386963989103e-18,1,1,"standard","cpu1","/Users/stefano/Documents/fastEmbedR-results/flow18/standard/cpu1/20260721_084502_1071169/stability_pairwise.csv"
"flow18","fastEmbedR_opentsne_cpu_knn","cpu",1,4,42,7.91386963989103e-18,1,1,"standard","cpu1","/Users/stefano/Documents/fastEmbedR-results/flow18/standard/cpu1/20260721_084502_1071169/stability_pairwise.csv"
"flow18","fastEmbedR_opentsne_cpu_knn","cpu",1,17,42,7.91386963989103e-18,1,1,"standard","cpu1","/Users/stefano/Documents/fastEmbedR-results/flow18/standard/cpu1/20260721_084502_1071169/stability_pairwise.csv"
"flow18","fastEmbedR_umap_cpu_binary_full","cpu",1,4,17,0.024898507218702,0.380064338280243,0.837633333333333,"standard","cpu1","/Users/stefano/Documents/fastEmbedR-results/flow18/standard/cpu1/20260721_084502_1071169/stability_pairwise.csv"
"flow18","fastEmbedR_umap_cpu_binary_full","cpu",1,4,42,0.0119270339600185,0.857745860916564,0.9062,"standard","cpu1","/Users/stefano/Documents/fastEmbedR-results/flow18/standard/cpu1/20260721_084502_1071169/stability_pairwise.csv"
"flow18","fastEmbedR_umap_cpu_binary_full","cpu",1,17,42,0.0240746717966734,0.420410177882459,0.8273,"standard","cpu1","/Users/stefano/Documents/fastEmbedR-results/flow18/standard/cpu1/20260721_084502_1071169/stability_pairwise.csv"
"flow18","fastEmbedR_umap_cpu_binary_knn","cpu",1,4,17,0.024898507218702,0.380064338280243,0.837633333333333,"standard","cpu1","/Users/stefano/Documents/fastEmbedR-results/flow18/standard/cpu1/20260721_084502_1071169/stability_pairwise.csv"
"flow18","fastEmbedR_umap_cpu_binary_knn","cpu",1,4,42,0.0119270339600185,0.857745860916564,0.9062,"standard","cpu1","/Users/stefano/Documents/fastEmbedR-results/flow18/standard/cpu1/20260721_084502_1071169/stability_pairwise.csv"
"flow18","fastEmbedR_umap_cpu_binary_knn","cpu",1,17,42,0.0240746717966734,0.420410177882459,0.8273,"standard","cpu1","/Users/stefano/Documents/fastEmbedR-results/flow18/standard/cpu1/20260721_084502_1071169/stability_pairwise.csv"
"flow18","fastEmbedR_umap_cpu_fuzzy_full","cpu",1,4,17,0.0215471996465399,0.53571818739215,0.6518,"standard","cpu1","/Users/stefano/Documents/fastEmbedR-results/flow18/standard/cpu1/20260721_084502_1071169/stability_pairwise.csv"
"flow18","fastEmbedR_umap_cpu_fuzzy_full","cpu",1,4,42,0.0186424576532445,0.652458772646987,0.719733333333333,"standard","cpu1","/Users/stefano/Documents/fastEmbedR-results/flow18/standard/cpu1/20260721_084502_1071169/stability_pairwise.csv"
"flow18","fastEmbedR_umap_cpu_fuzzy_full","cpu",1,17,42,0.0249964344529051,0.37517826464162,0.749066666666667,"standard","cpu1","/Users/stefano/Documents/fastEmbedR-results/flow18/standard/cpu1/20260721_084502_1071169/stability_pairwise.csv"
"flow18","fastEmbedR_umap_cpu_fuzzy_knn","cpu",1,4,17,0.0215471996465399,0.53571818739215,0.6518,"standard","cpu1","/Users/stefano/Documents/fastEmbedR-results/flow18/standard/cpu1/20260721_084502_1071169/stability_pairwise.csv"
"flow18","fastEmbedR_umap_cpu_fuzzy_knn","cpu",1,4,42,0.0186424576532445,0.652458772646987,0.719733333333333,"standard","cpu1","/Users/stefano/Documents/fastEmbedR-results/flow18/standard/cpu1/20260721_084502_1071169/stability_pairwise.csv"
"flow18","fastEmbedR_umap_cpu_fuzzy_knn","cpu",1,17,42,0.0249964344529051,0.37517826464162,0.749066666666667,"standard","cpu1","/Users/stefano/Documents/fastEmbedR-results/flow18/standard/cpu1/20260721_084502_1071169/stability_pairwise.csv"
"flow18","KlugerLab_FItSNE","cpu",1,4,17,0.00078571826804816,0.999382646803255,0.9101,"standard","cpu1","/Users/stefano/Documents/fastEmbedR-results/flow18/standard/cpu1/20260721_084502_1071169/stability_pairwise.csv"
"flow18","KlugerLab_FItSNE","cpu",1,4,42,0.000952302977284592,0.999093119039455,0.880666666666667,"standard","cpu1","/Users/stefano/Documents/fastEmbedR-results/flow18/standard/cpu1/20260721_084502_1071169/stability_pairwise.csv"
"flow18","KlugerLab_FItSNE","cpu",1,17,42,0.00108610842509038,0.998820368488948,0.863866666666667,"standard","cpu1","/Users/stefano/Documents/fastEmbedR-results/flow18/standard/cpu1/20260721_084502_1071169/stability_pairwise.csv"
"flow18","Rtsne_full","cpu",1,4,17,0.0232183694366507,0.460907320703205,0.0900333333333333,"standard","cpu1","/Users/stefano/Documents/fastEmbedR-results/flow18/standard/cpu1/20260721_084502_1071169/stability_pairwise.csv"
"flow18","Rtsne_full","cpu",1,4,42,0.0264346493369721,0.301209314431319,0.105866666666667,"standard","cpu1","/Users/stefano/Documents/fastEmbedR-results/flow18/standard/cpu1/20260721_084502_1071169/stability_pairwise.csv"
"flow18","Rtsne_full","cpu",1,17,42,0.0276008375955034,0.238193764026646,0.0858666666666667,"standard","cpu1","/Users/stefano/Documents/fastEmbedR-results/flow18/standard/cpu1/20260721_084502_1071169/stability_pairwise.csv"
"flow18","Rtsne_neighbors","cpu",1,4,17,5.6135136414536e-18,1,1,"standard","cpu1","/Users/stefano/Documents/fastEmbedR-results/flow18/standard/cpu1/20260721_084502_1071169/stability_pairwise.csv"
"flow18","Rtsne_neighbors","cpu",1,4,42,5.6135136414536e-18,1,1,"standard","cpu1","/Users/stefano/Documents/fastEmbedR-results/flow18/standard/cpu1/20260721_084502_1071169/stability_pairwise.csv"
"flow18","Rtsne_neighbors","cpu",1,17,42,5.6135136414536e-18,1,1,"standard","cpu1","/Users/stefano/Documents/fastEmbedR-results/flow18/standard/cpu1/20260721_084502_1071169/stability_pairwise.csv"
"flow18","uwot_default","cpu",1,4,17,0.00304986427058597,0.990698327931003,0.760666666666667,"standard","cpu1","/Users/stefano/Documents/fastEmbedR-results/flow18/standard/cpu1/20260721_084502_1071169/stability_pairwise.csv"
"flow18","uwot_default","cpu",1,4,42,0.00668422718630173,0.955321106921905,0.715866666666667,"standard","cpu1","/Users/stefano/Documents/fastEmbedR-results/flow18/standard/cpu1/20260721_084502_1071169/stability_pairwise.csv"
"flow18","uwot_default","cpu",1,17,42,0.00663284218086087,0.956005404603793,0.816166666666667,"standard","cpu1","/Users/stefano/Documents/fastEmbedR-results/flow18/standard/cpu1/20260721_084502_1071169/stability_pairwise.csv"
"flow18","uwot_fast_sgd","cpu",1,4,17,0.00634825129931424,0.959699705440755,0.720066666666667,"standard","cpu1","/Users/stefano/Documents/fastEmbedR-results/flow18/standard/cpu1/20260721_084502_1071169/stability_pairwise.csv"
"flow18","uwot_fast_sgd","cpu",1,4,42,0.00538049268921902,0.971050298421261,0.5656,"standard","cpu1","/Users/stefano/Documents/fastEmbedR-results/flow18/standard/cpu1/20260721_084502_1071169/stability_pairwise.csv"
"flow18","uwot_fast_sgd","cpu",1,17,42,0.00494551659906811,0.975541865568342,0.652133333333333,"standard","cpu1","/Users/stefano/Documents/fastEmbedR-results/flow18/standard/cpu1/20260721_084502_1071169/stability_pairwise.csv"
"flow18","uwot_knn","cpu",1,4,17,0.000570367843179404,0.999674680523467,0.902766666666667,"standard","cpu1","/Users/stefano/Documents/fastEmbedR-results/flow18/standard/cpu1/20260721_084502_1071169/stability_pairwise.csv"
"flow18","uwot_knn","cpu",1,4,42,0.00225597455952547,0.994910578786774,0.863033333333333,"standard","cpu1","/Users/stefano/Documents/fastEmbedR-results/flow18/standard/cpu1/20260721_084502_1071169/stability_pairwise.csv"
"flow18","uwot_knn","cpu",1,17,42,0.00228897603763883,0.994760588699115,0.860033333333333,"standard","cpu1","/Users/stefano/Documents/fastEmbedR-results/flow18/standard/cpu1/20260721_084502_1071169/stability_pairwise.csv"
"flow18","fastEmbedR_opentsne_cpu_full","cpu",4,4,17,2.53830957742862e-18,1,1,"standard","cpu4","/Users/stefano/Documents/fastEmbedR-results/flow18/standard/cpu4/20260721_084502_1071180/stability_pairwise.csv"
"flow18","fastEmbedR_opentsne_cpu_full","cpu",4,4,42,2.53830957742862e-18,1,1,"standard","cpu4","/Users/stefano/Documents/fastEmbedR-results/flow18/standard/cpu4/20260721_084502_1071180/stability_pairwise.csv"
"flow18","fastEmbedR_opentsne_cpu_full","cpu",4,17,42,2.53830957742862e-18,1,1,"standard","cpu4","/Users/stefano/Documents/fastEmbedR-results/flow18/standard/cpu4/20260721_084502_1071180/stability_pairwise.csv"
"flow18","fastEmbedR_opentsne_cpu_knn","cpu",4,4,17,7.91386963989103e-18,1,1,"standard","cpu4","/Users/stefano/Documents/fastEmbedR-results/flow18/standard/cpu4/20260721_084502_1071180/stability_pairwise.csv"
"flow18","fastEmbedR_opentsne_cpu_knn","cpu",4,4,42,7.91386963989103e-18,1,1,"standard","cpu4","/Users/stefano/Documents/fastEmbedR-results/flow18/standard/cpu4/20260721_084502_1071180/stability_pairwise.csv"
"flow18","fastEmbedR_opentsne_cpu_knn","cpu",4,17,42,7.91386963989103e-18,1,1,"standard","cpu4","/Users/stefano/Documents/fastEmbedR-results/flow18/standard/cpu4/20260721_084502_1071180/stability_pairwise.csv"
"flow18","fastEmbedR_umap_cpu_binary_full","cpu",4,4,17,0.0194118760536586,0.623179068077395,0.8348,"standard","cpu4","/Users/stefano/Documents/fastEmbedR-results/flow18/standard/cpu4/20260721_084502_1071180/stability_pairwise.csv"
"flow18","fastEmbedR_umap_cpu_binary_full","cpu",4,4,42,0.0125093042966759,0.843517306013167,0.856066666666667,"standard","cpu4","/Users/stefano/Documents/fastEmbedR-results/flow18/standard/cpu4/20260721_084502_1071180/stability_pairwise.csv"
"flow18","fastEmbedR_umap_cpu_binary_full","cpu",4,17,42,0.0228227023790097,0.479124256119146,0.881866666666667,"standard","cpu4","/Users/stefano/Documents/fastEmbedR-results/flow18/standard/cpu4/20260721_084502_1071180/stability_pairwise.csv"
"flow18","fastEmbedR_umap_cpu_binary_knn","cpu",4,4,17,0.0196854117948636,0.612484562466644,0.836266666666667,"standard","cpu4","/Users/stefano/Documents/fastEmbedR-results/flow18/standard/cpu4/20260721_084502_1071180/stability_pairwise.csv"
"flow18","fastEmbedR_umap_cpu_binary_knn","cpu",4,4,42,0.0123897664376061,0.84649368762157,0.855333333333333,"standard","cpu4","/Users/stefano/Documents/fastEmbedR-results/flow18/standard/cpu4/20260721_084502_1071180/stability_pairwise.csv"
"flow18","fastEmbedR_umap_cpu_binary_knn","cpu",4,17,42,0.0225260978215731,0.492574916932921,0.8858,"standard","cpu4","/Users/stefano/Documents/fastEmbedR-results/flow18/standard/cpu4/20260721_084502_1071180/stability_pairwise.csv"
"flow18","fastEmbedR_umap_cpu_fuzzy_full","cpu",4,4,17,0.0202438897181494,0.590184929079404,0.647866666666667,"standard","cpu4","/Users/stefano/Documents/fastEmbedR-results/flow18/standard/cpu4/20260721_084502_1071180/stability_pairwise.csv"
"flow18","fastEmbedR_umap_cpu_fuzzy_full","cpu",4,4,42,0.0179862584033839,0.676494508646703,0.6958,"standard","cpu4","/Users/stefano/Documents/fastEmbedR-results/flow18/standard/cpu4/20260721_084502_1071180/stability_pairwise.csv"
"flow18","fastEmbedR_umap_cpu_fuzzy_full","cpu",4,17,42,0.0255954780423491,0.344871503783623,0.7725,"standard","cpu4","/Users/stefano/Documents/fastEmbedR-results/flow18/standard/cpu4/20260721_084502_1071180/stability_pairwise.csv"
"flow18","fastEmbedR_umap_cpu_fuzzy_knn","cpu",4,4,17,0.0203284506200975,0.586754095386258,0.6534,"standard","cpu4","/Users/stefano/Documents/fastEmbedR-results/flow18/standard/cpu4/20260721_084502_1071180/stability_pairwise.csv"
"flow18","fastEmbedR_umap_cpu_fuzzy_knn","cpu",4,4,42,0.018237625479374,0.66738901687409,0.6957,"standard","cpu4","/Users/stefano/Documents/fastEmbedR-results/flow18/standard/cpu4/20260721_084502_1071180/stability_pairwise.csv"
"flow18","fastEmbedR_umap_cpu_fuzzy_knn","cpu",4,17,42,0.02584828050484,0.33186639494311,0.7749,"standard","cpu4","/Users/stefano/Documents/fastEmbedR-results/flow18/standard/cpu4/20260721_084502_1071180/stability_pairwise.csv"
"flow18","KlugerLab_FItSNE","cpu",4,4,17,0.000791192202652247,0.999374014898462,0.900533333333333,"standard","cpu4","/Users/stefano/Documents/fastEmbedR-results/flow18/standard/cpu4/20260721_084502_1071180/stability_pairwise.csv"
"flow18","KlugerLab_FItSNE","cpu",4,4,42,0.000828157312064884,0.999314155466473,0.904033333333333,"standard","cpu4","/Users/stefano/Documents/fastEmbedR-results/flow18/standard/cpu4/20260721_084502_1071180/stability_pairwise.csv"
"flow18","KlugerLab_FItSNE","cpu",4,17,42,0.00103996079453593,0.998918481545828,0.877466666666667,"standard","cpu4","/Users/stefano/Documents/fastEmbedR-results/flow18/standard/cpu4/20260721_084502_1071180/stability_pairwise.csv"
"flow18","Rtsne_full","cpu",4,4,17,0.0263855146480042,0.303804616759956,0.092,"standard","cpu4","/Users/stefano/Documents/fastEmbedR-results/flow18/standard/cpu4/20260721_084502_1071180/stability_pairwise.csv"
"flow18","Rtsne_full","cpu",4,4,42,0.0257108587101907,0.338951744384611,0.121366666666667,"standard","cpu4","/Users/stefano/Documents/fastEmbedR-results/flow18/standard/cpu4/20260721_084502_1071180/stability_pairwise.csv"
"flow18","Rtsne_full","cpu",4,17,42,0.0305406557940401,0.0672683436699646,0.0891666666666667,"standard","cpu4","/Users/stefano/Documents/fastEmbedR-results/flow18/standard/cpu4/20260721_084502_1071180/stability_pairwise.csv"
"flow18","Rtsne_neighbors","cpu",4,4,17,6.76531211934985e-18,1,1,"standard","cpu4","/Users/stefano/Documents/fastEmbedR-results/flow18/standard/cpu4/20260721_084502_1071180/stability_pairwise.csv"
"flow18","Rtsne_neighbors","cpu",4,4,42,6.76531211934985e-18,1,1,"standard","cpu4","/Users/stefano/Documents/fastEmbedR-results/flow18/standard/cpu4/20260721_084502_1071180/stability_pairwise.csv"
"flow18","Rtsne_neighbors","cpu",4,17,42,6.76531211934985e-18,1,1,"standard","cpu4","/Users/stefano/Documents/fastEmbedR-results/flow18/standard/cpu4/20260721_084502_1071180/stability_pairwise.csv"
"flow18","umap_package_knn","cpu",4,4,17,0.000445365413001949,0.999801649648902,0.913966666666667,"standard","cpu4","/Users/stefano/Documents/fastEmbedR-results/flow18/standard/cpu4/20260721_084502_1071180/stability_pairwise.csv"
"flow18","umap_package_knn","cpu",4,4,42,0.000621755780976705,0.999613419748822,0.907866666666667,"standard","cpu4","/Users/stefano/Documents/fastEmbedR-results/flow18/standard/cpu4/20260721_084502_1071180/stability_pairwise.csv"
"flow18","umap_package_knn","cpu",4,17,42,0.000518800161342825,0.999730846392591,0.916333333333333,"standard","cpu4","/Users/stefano/Documents/fastEmbedR-results/flow18/standard/cpu4/20260721_084502_1071180/stability_pairwise.csv"
"flow18","uwot_default","cpu",4,4,17,0.00304986427058597,0.990698327931003,0.760666666666667,"standard","cpu4","/Users/stefano/Documents/fastEmbedR-results/flow18/standard/cpu4/20260721_084502_1071180/stability_pairwise.csv"
"flow18","uwot_default","cpu",4,4,42,0.00668422718630173,0.955321106921905,0.715866666666667,"standard","cpu4","/Users/stefano/Documents/fastEmbedR-results/flow18/standard/cpu4/20260721_084502_1071180/stability_pairwise.csv"
"flow18","uwot_default","cpu",4,17,42,0.00663284218086087,0.956005404603793,0.816166666666667,"standard","cpu4","/Users/stefano/Documents/fastEmbedR-results/flow18/standard/cpu4/20260721_084502_1071180/stability_pairwise.csv"
"flow18","uwot_fast_sgd","cpu",4,4,17,0.00508691405148066,0.974123305432848,0.697066666666667,"standard","cpu4","/Users/stefano/Documents/fastEmbedR-results/flow18/standard/cpu4/20260721_084502_1071180/stability_pairwise.csv"
"flow18","uwot_fast_sgd","cpu",4,4,42,0.00522821083488063,0.972665811466037,0.771933333333333,"standard","cpu4","/Users/stefano/Documents/fastEmbedR-results/flow18/standard/cpu4/20260721_084502_1071180/stability_pairwise.csv"
"flow18","uwot_fast_sgd","cpu",4,17,42,0.00349991620762464,0.987750586539607,0.7176,"standard","cpu4","/Users/stefano/Documents/fastEmbedR-results/flow18/standard/cpu4/20260721_084502_1071180/stability_pairwise.csv"
"flow18","uwot_knn","cpu",4,4,17,0.000981793156577218,0.999036082197698,0.8975,"standard","cpu4","/Users/stefano/Documents/fastEmbedR-results/flow18/standard/cpu4/20260721_084502_1071180/stability_pairwise.csv"
"flow18","uwot_knn","cpu",4,4,42,0.000710062320464252,0.999495811501057,0.9003,"standard","cpu4","/Users/stefano/Documents/fastEmbedR-results/flow18/standard/cpu4/20260721_084502_1071180/stability_pairwise.csv"
"flow18","uwot_knn","cpu",4,17,42,0.000717422199055187,0.999485305388303,0.9005,"standard","cpu4","/Users/stefano/Documents/fastEmbedR-results/flow18/standard/cpu4/20260721_084502_1071180/stability_pairwise.csv"
"flow18","fastEmbedR_opentsne_cuda_full","cuda",1,4,17,0.000506506079671519,0.999743451591256,0.926166666666667,"standard","cuda","/Users/stefano/Documents/fastEmbedR-results/flow18/standard/cuda/20260721_193325_1071191/stability_pairwise.csv"
"flow18","fastEmbedR_opentsne_cuda_full","cuda",1,4,42,0.000517875830687126,0.99973180462399,0.931133333333333,"standard","cuda","/Users/stefano/Documents/fastEmbedR-results/flow18/standard/cuda/20260721_193325_1071191/stability_pairwise.csv"
"flow18","fastEmbedR_opentsne_cuda_full","cuda",1,17,42,0.000474719695064733,0.999774641211117,0.9331,"standard","cuda","/Users/stefano/Documents/fastEmbedR-results/flow18/standard/cuda/20260721_193325_1071191/stability_pairwise.csv"
"flow18","fastEmbedR_opentsne_cuda_knn","cuda",1,4,17,0.000479704072031707,0.999769884003276,0.937233333333333,"standard","cuda","/Users/stefano/Documents/fastEmbedR-results/flow18/standard/cuda/20260721_193325_1071191/stability_pairwise.csv"
"flow18","fastEmbedR_opentsne_cuda_knn","cuda",1,4,42,0.000432382275937994,0.999813045567455,0.945666666666667,"standard","cuda","/Users/stefano/Documents/fastEmbedR-results/flow18/standard/cuda/20260721_193325_1071191/stability_pairwise.csv"
"flow18","fastEmbedR_opentsne_cuda_knn","cuda",1,17,42,0.000369664901307819,0.999863347860741,0.945566666666667,"standard","cuda","/Users/stefano/Documents/fastEmbedR-results/flow18/standard/cuda/20260721_193325_1071191/stability_pairwise.csv"
"flow18","fastEmbedR_umap_cuda_binary_full","cuda",1,4,17,0.0219166472747426,0.519660572234518,0.895633333333333,"standard","cuda","/Users/stefano/Documents/fastEmbedR-results/flow18/standard/cuda/20260721_193325_1071191/stability_pairwise.csv"
"flow18","fastEmbedR_umap_cuda_binary_full","cuda",1,4,42,0.0187519174726463,0.648365591099062,0.891133333333333,"standard","cuda","/Users/stefano/Documents/fastEmbedR-results/flow18/standard/cuda/20260721_193325_1071191/stability_pairwise.csv"
"flow18","fastEmbedR_umap_cuda_binary_full","cuda",1,17,42,0.0128730802657835,0.834283804470695,0.880533333333333,"standard","cuda","/Users/stefano/Documents/fastEmbedR-results/flow18/standard/cuda/20260721_193325_1071191/stability_pairwise.csv"
"flow18","fastEmbedR_umap_cuda_binary_knn","cuda",1,4,17,0.0236869795152992,0.438927001441795,0.760433333333333,"standard","cuda","/Users/stefano/Documents/fastEmbedR-results/flow18/standard/cuda/20260721_193325_1071191/stability_pairwise.csv"
"flow18","fastEmbedR_umap_cuda_binary_knn","cuda",1,4,42,0.00906402823506278,0.917843392153985,0.7674,"standard","cuda","/Users/stefano/Documents/fastEmbedR-results/flow18/standard/cuda/20260721_193325_1071191/stability_pairwise.csv"
"flow18","fastEmbedR_umap_cuda_binary_knn","cuda",1,17,42,0.0215019653063484,0.53766548796459,0.816166666666667,"standard","cuda","/Users/stefano/Documents/fastEmbedR-results/flow18/standard/cuda/20260721_193325_1071191/stability_pairwise.csv"
"flow18","fastEmbedR_umap_cuda_fuzzy_full","cuda",1,4,17,0.0164102934669601,0.730702268328247,0.720566666666667,"standard","cuda","/Users/stefano/Documents/fastEmbedR-results/flow18/standard/cuda/20260721_193325_1071191/stability_pairwise.csv"
"flow18","fastEmbedR_umap_cuda_fuzzy_full","cuda",1,4,42,0.0187053660285266,0.650109281738842,0.718,"standard","cuda","/Users/stefano/Documents/fastEmbedR-results/flow18/standard/cuda/20260721_193325_1071191/stability_pairwise.csv"
"flow18","fastEmbedR_umap_cuda_fuzzy_full","cuda",1,17,42,0.0186801304611353,0.651052725954964,0.771966666666667,"standard","cuda","/Users/stefano/Documents/fastEmbedR-results/flow18/standard/cuda/20260721_193325_1071191/stability_pairwise.csv"
"flow18","fastEmbedR_umap_cuda_fuzzy_knn","cuda",1,4,17,0.0198453034665593,0.606163930320168,0.8182,"standard","cuda","/Users/stefano/Documents/fastEmbedR-results/flow18/standard/cuda/20260721_193325_1071191/stability_pairwise.csv"
"flow18","fastEmbedR_umap_cuda_fuzzy_knn","cuda",1,4,42,0.0183754682768131,0.662342165607837,0.7828,"standard","cuda","/Users/stefano/Documents/fastEmbedR-results/flow18/standard/cuda/20260721_193325_1071191/stability_pairwise.csv"
"flow18","fastEmbedR_umap_cuda_fuzzy_knn","cuda",1,17,42,0.0246569150975731,0.39203653787107,0.8103,"standard","cuda","/Users/stefano/Documents/fastEmbedR-results/flow18/standard/cuda/20260721_193325_1071191/stability_pairwise.csv"
"imagenet","fastEmbedR_opentsne_cpu_full","cpu",4,4,17,0.017379716651301,0.69794544912049,0.3201,"landmark","cpu4","/Users/stefano/Documents/fastEmbedR-results/imagenet/landmark/cpu4/20260726_105436_1117512/stability_pairwise.csv"
"imagenet","fastEmbedR_opentsne_cpu_full","cpu",4,4,42,0.0176773010201039,0.687513028644634,0.3252,"landmark","cpu4","/Users/stefano/Documents/fastEmbedR-results/imagenet/landmark/cpu4/20260726_105436_1117512/stability_pairwise.csv"
"imagenet","fastEmbedR_opentsne_cpu_full","cpu",4,17,42,0.0187872491469433,0.647039269490679,0.333966666666667,"landmark","cpu4","/Users/stefano/Documents/fastEmbedR-results/imagenet/landmark/cpu4/20260726_105436_1117512/stability_pairwise.csv"
"imagenet","fastEmbedR_opentsne_cpu_landmark","cpu",4,4,17,0.0219473748375351,0.518312737740732,0.200333333333333,"landmark","cpu4","/Users/stefano/Documents/fastEmbedR-results/imagenet/landmark/cpu4/20260726_105436_1117512/stability_pairwise.csv"
"imagenet","fastEmbedR_opentsne_cpu_landmark","cpu",4,4,42,0.0193834202442354,0.624283019635365,0.204266666666667,"landmark","cpu4","/Users/stefano/Documents/fastEmbedR-results/imagenet/landmark/cpu4/20260726_105436_1117512/stability_pairwise.csv"
"imagenet","fastEmbedR_opentsne_cpu_landmark","cpu",4,17,42,0.0223032154529742,0.502566580458212,0.1944,"landmark","cpu4","/Users/stefano/Documents/fastEmbedR-results/imagenet/landmark/cpu4/20260726_105436_1117512/stability_pairwise.csv"
"imagenet","fastEmbedR_umap_cpu_binary_full","cpu",4,4,17,0.0264716254256026,0.299253047326588,0.329233333333333,"landmark","cpu4","/Users/stefano/Documents/fastEmbedR-results/imagenet/landmark/cpu4/20260726_105436_1117512/stability_pairwise.csv"
"imagenet","fastEmbedR_umap_cpu_binary_full","cpu",4,4,42,0.0272724002342835,0.256216185461054,0.3249,"landmark","cpu4","/Users/stefano/Documents/fastEmbedR-results/imagenet/landmark/cpu4/20260726_105436_1117512/stability_pairwise.csv"
"imagenet","fastEmbedR_umap_cpu_binary_full","cpu",4,17,42,0.0258370433914236,0.332447188789696,0.352266666666667,"landmark","cpu4","/Users/stefano/Documents/fastEmbedR-results/imagenet/landmark/cpu4/20260726_105436_1117512/stability_pairwise.csv"
"imagenet","fastEmbedR_umap_cpu_binary_landmark","cpu",4,4,17,0.0261615762127068,0.315571930066734,0.255933333333333,"landmark","cpu4","/Users/stefano/Documents/fastEmbedR-results/imagenet/landmark/cpu4/20260726_105436_1117512/stability_pairwise.csv"
"imagenet","fastEmbedR_umap_cpu_binary_landmark","cpu",4,4,42,0.027175955525583,0.261467441271533,0.2624,"landmark","cpu4","/Users/stefano/Documents/fastEmbedR-results/imagenet/landmark/cpu4/20260726_105436_1117512/stability_pairwise.csv"
"imagenet","fastEmbedR_umap_cpu_binary_landmark","cpu",4,17,42,0.0267521565168659,0.284322121697111,0.250966666666667,"landmark","cpu4","/Users/stefano/Documents/fastEmbedR-results/imagenet/landmark/cpu4/20260726_105436_1117512/stability_pairwise.csv"
"imagenet","fastEmbedR_opentsne_cuda_full","cuda",1,4,17,0.00175536379572072,0.996918697944673,0.747033333333333,"landmark","cuda","/Users/stefano/Documents/fastEmbedR-results/imagenet/landmark/cuda/20260726_111223_1117523/stability_pairwise.csv"
"imagenet","fastEmbedR_opentsne_cuda_full","cuda",1,4,42,0.00240451536462321,0.994218305861291,0.668733333333333,"landmark","cuda","/Users/stefano/Documents/fastEmbedR-results/imagenet/landmark/cuda/20260726_111223_1117523/stability_pairwise.csv"
"imagenet","fastEmbedR_opentsne_cuda_full","cuda",1,17,42,0.0024335818765755,0.994077679250003,0.649133333333333,"landmark","cuda","/Users/stefano/Documents/fastEmbedR-results/imagenet/landmark/cuda/20260726_111223_1117523/stability_pairwise.csv"
"imagenet","fastEmbedR_opentsne_cuda_landmark","cuda",1,4,17,0.00569555135760236,0.967560694732914,0.4613,"landmark","cuda","/Users/stefano/Documents/fastEmbedR-results/imagenet/landmark/cuda/20260726_111223_1117523/stability_pairwise.csv"
"imagenet","fastEmbedR_opentsne_cuda_landmark","cuda",1,4,42,0.00605734790064064,0.963308536410604,0.463266666666667,"landmark","cuda","/Users/stefano/Documents/fastEmbedR-results/imagenet/landmark/cuda/20260726_111223_1117523/stability_pairwise.csv"
"imagenet","fastEmbedR_opentsne_cuda_landmark","cuda",1,17,42,0.0059450258336607,0.964656667837107,0.4723,"landmark","cuda","/Users/stefano/Documents/fastEmbedR-results/imagenet/landmark/cuda/20260726_111223_1117523/stability_pairwise.csv"
"imagenet","fastEmbedR_umap_cuda_binary_full","cuda",1,4,17,0.0305157442886378,0.0687893505104674,0.414966666666667,"landmark","cuda","/Users/stefano/Documents/fastEmbedR-results/imagenet/landmark/cuda/20260726_111223_1117523/stability_pairwise.csv"
"imagenet","fastEmbedR_umap_cuda_binary_full","cuda",1,4,42,0.031054987678727,0.0355877402741153,0.406533333333333,"landmark","cuda","/Users/stefano/Documents/fastEmbedR-results/imagenet/landmark/cuda/20260726_111223_1117523/stability_pairwise.csv"
"imagenet","fastEmbedR_umap_cuda_binary_full","cuda",1,17,42,0.0291536270896455,0.150066027517888,0.427566666666667,"landmark","cuda","/Users/stefano/Documents/fastEmbedR-results/imagenet/landmark/cuda/20260726_111223_1117523/stability_pairwise.csv"
"imagenet","fastEmbedR_umap_cuda_binary_landmark","cuda",1,4,17,0.0305859131428652,0.0645019172171047,0.429466666666667,"landmark","cuda","/Users/stefano/Documents/fastEmbedR-results/imagenet/landmark/cuda/20260726_111223_1117523/stability_pairwise.csv"
"imagenet","fastEmbedR_umap_cuda_binary_landmark","cuda",1,4,42,0.0300725152418148,0.0956438270308188,0.417166666666667,"landmark","cuda","/Users/stefano/Documents/fastEmbedR-results/imagenet/landmark/cuda/20260726_111223_1117523/stability_pairwise.csv"
"imagenet","fastEmbedR_umap_cuda_binary_landmark","cuda",1,17,42,0.0296690971935823,0.119744671717765,0.421833333333333,"landmark","cuda","/Users/stefano/Documents/fastEmbedR-results/imagenet/landmark/cuda/20260726_111223_1117523/stability_pairwise.csv"
"imagenet","fastEmbedR_opentsne_cpu_full","cpu",4,4,17,0.017379716651301,0.69794544912049,0.3201,"standard","cpu4","/Users/stefano/Documents/fastEmbedR-results/imagenet/standard/cpu4/20260721_084502_1071182/stability_pairwise.csv"
"imagenet","fastEmbedR_opentsne_cpu_full","cpu",4,4,42,0.0176773010201039,0.687513028644634,0.3252,"standard","cpu4","/Users/stefano/Documents/fastEmbedR-results/imagenet/standard/cpu4/20260721_084502_1071182/stability_pairwise.csv"
"imagenet","fastEmbedR_opentsne_cpu_full","cpu",4,17,42,0.0187872491469433,0.647039269490679,0.333966666666667,"standard","cpu4","/Users/stefano/Documents/fastEmbedR-results/imagenet/standard/cpu4/20260721_084502_1071182/stability_pairwise.csv"
"imagenet","fastEmbedR_opentsne_cpu_knn","cpu",4,4,17,5.61306023437914e-19,1,1,"standard","cpu4","/Users/stefano/Documents/fastEmbedR-results/imagenet/standard/cpu4/20260721_084502_1071182/stability_pairwise.csv"
"imagenet","fastEmbedR_opentsne_cpu_knn","cpu",4,4,42,5.61306023437914e-19,1,1,"standard","cpu4","/Users/stefano/Documents/fastEmbedR-results/imagenet/standard/cpu4/20260721_084502_1071182/stability_pairwise.csv"
"imagenet","fastEmbedR_opentsne_cpu_knn","cpu",4,17,42,5.61306023437914e-19,1,1,"standard","cpu4","/Users/stefano/Documents/fastEmbedR-results/imagenet/standard/cpu4/20260721_084502_1071182/stability_pairwise.csv"
"imagenet","fastEmbedR_umap_cpu_binary_full","cpu",4,4,17,0.0260461726841973,0.321596888504974,0.383066666666667,"standard","cpu4","/Users/stefano/Documents/fastEmbedR-results/imagenet/standard/cpu4/20260721_084502_1071182/stability_pairwise.csv"
"imagenet","fastEmbedR_umap_cpu_binary_full","cpu",4,4,42,0.0272760783765538,0.256015548396093,0.396033333333333,"standard","cpu4","/Users/stefano/Documents/fastEmbedR-results/imagenet/standard/cpu4/20260721_084502_1071182/stability_pairwise.csv"
"imagenet","fastEmbedR_umap_cpu_binary_full","cpu",4,17,42,0.0256161496307748,0.343812878093753,0.3983,"standard","cpu4","/Users/stefano/Documents/fastEmbedR-results/imagenet/standard/cpu4/20260721_084502_1071182/stability_pairwise.csv"
"imagenet","fastEmbedR_umap_cpu_binary_knn","cpu",4,4,17,0.027111215931499,0.264981970715632,0.3931,"standard","cpu4","/Users/stefano/Documents/fastEmbedR-results/imagenet/standard/cpu4/20260721_084502_1071182/stability_pairwise.csv"
"imagenet","fastEmbedR_umap_cpu_binary_knn","cpu",4,4,42,0.0263772072808143,0.304242936064955,0.394733333333333,"standard","cpu4","/Users/stefano/Documents/fastEmbedR-results/imagenet/standard/cpu4/20260721_084502_1071182/stability_pairwise.csv"
"imagenet","fastEmbedR_umap_cpu_binary_knn","cpu",4,17,42,0.0264297736901618,0.301467062686829,0.396166666666667,"standard","cpu4","/Users/stefano/Documents/fastEmbedR-results/imagenet/standard/cpu4/20260721_084502_1071182/stability_pairwise.csv"
"imagenet","fastEmbedR_umap_cpu_fuzzy_full","cpu",4,4,17,0.0297070394316733,0.117491808205009,0.285866666666667,"standard","cpu4","/Users/stefano/Documents/fastEmbedR-results/imagenet/standard/cpu4/20260721_084502_1071182/stability_pairwise.csv"
"imagenet","fastEmbedR_umap_cpu_fuzzy_full","cpu",4,4,42,0.0293645073659896,0.13772570715274,0.279466666666667,"standard","cpu4","/Users/stefano/Documents/fastEmbedR-results/imagenet/standard/cpu4/20260721_084502_1071182/stability_pairwise.csv"
"imagenet","fastEmbedR_umap_cpu_fuzzy_full","cpu",4,17,42,0.0298331291305669,0.109984406278921,0.2899,"standard","cpu4","/Users/stefano/Documents/fastEmbedR-results/imagenet/standard/cpu4/20260721_084502_1071182/stability_pairwise.csv"
"imagenet","fastEmbedR_umap_cpu_fuzzy_knn","cpu",4,4,17,0.0295000619405993,0.129746345500805,0.2983,"standard","cpu4","/Users/stefano/Documents/fastEmbedR-results/imagenet/standard/cpu4/20260721_084502_1071182/stability_pairwise.csv"
"imagenet","fastEmbedR_umap_cpu_fuzzy_knn","cpu",4,4,42,0.0299358317857506,0.103845975295246,0.279966666666667,"standard","cpu4","/Users/stefano/Documents/fastEmbedR-results/imagenet/standard/cpu4/20260721_084502_1071182/stability_pairwise.csv"
"imagenet","fastEmbedR_umap_cpu_fuzzy_knn","cpu",4,17,42,0.0297691940211914,0.113795087328664,0.298733333333333,"standard","cpu4","/Users/stefano/Documents/fastEmbedR-results/imagenet/standard/cpu4/20260721_084502_1071182/stability_pairwise.csv"
"imagenet","Rtsne_neighbors","cpu",4,4,17,4.27617802005137e-18,1,1,"standard","cpu4","/Users/stefano/Documents/fastEmbedR-results/imagenet/standard/cpu4/20260721_084502_1071182/stability_pairwise.csv"
"imagenet","Rtsne_neighbors","cpu",4,4,42,4.27617802005137e-18,1,1,"standard","cpu4","/Users/stefano/Documents/fastEmbedR-results/imagenet/standard/cpu4/20260721_084502_1071182/stability_pairwise.csv"
"imagenet","Rtsne_neighbors","cpu",4,17,42,4.27617802005137e-18,1,1,"standard","cpu4","/Users/stefano/Documents/fastEmbedR-results/imagenet/standard/cpu4/20260721_084502_1071182/stability_pairwise.csv"
"mass41","fastEmbedR_opentsne_cpu_full","cpu",1,4,17,0.00144820821070391,0.99790269297845,0.830566666666667,"landmark","cpu1","/Users/stefano/Documents/fastEmbedR-results/mass41/landmark/cpu1/20260726_110549_1117503/stability_pairwise.csv"
"mass41","fastEmbedR_opentsne_cpu_full","cpu",1,4,42,0.000842615703699366,0.999289998775879,0.878066666666667,"landmark","cpu1","/Users/stefano/Documents/fastEmbedR-results/mass41/landmark/cpu1/20260726_110549_1117503/stability_pairwise.csv"
"mass41","fastEmbedR_opentsne_cpu_full","cpu",1,17,42,0.00127230085626504,0.998381250531147,0.8578,"landmark","cpu1","/Users/stefano/Documents/fastEmbedR-results/mass41/landmark/cpu1/20260726_110549_1117503/stability_pairwise.csv"
"mass41","fastEmbedR_opentsne_cpu_landmark","cpu",1,4,17,0.00734482230141004,0.946053585360709,0.395866666666667,"landmark","cpu1","/Users/stefano/Documents/fastEmbedR-results/mass41/landmark/cpu1/20260726_110549_1117503/stability_pairwise.csv"
"mass41","fastEmbedR_opentsne_cpu_landmark","cpu",1,4,42,0.00834093587301346,0.930428788762277,0.396466666666667,"landmark","cpu1","/Users/stefano/Documents/fastEmbedR-results/mass41/landmark/cpu1/20260726_110549_1117503/stability_pairwise.csv"
"mass41","fastEmbedR_opentsne_cpu_landmark","cpu",1,17,42,0.00453123164533572,0.979467939776308,0.403333333333333,"landmark","cpu1","/Users/stefano/Documents/fastEmbedR-results/mass41/landmark/cpu1/20260726_110549_1117503/stability_pairwise.csv"
"mass41","fastEmbedR_umap_cpu_binary_full","cpu",1,4,17,0.0169490966962569,0.712728121180932,0.847166666666667,"landmark","cpu1","/Users/stefano/Documents/fastEmbedR-results/mass41/landmark/cpu1/20260726_110549_1117503/stability_pairwise.csv"
"mass41","fastEmbedR_umap_cpu_binary_full","cpu",1,4,42,0.0160188380307947,0.743396828143166,0.8504,"landmark","cpu1","/Users/stefano/Documents/fastEmbedR-results/mass41/landmark/cpu1/20260726_110549_1117503/stability_pairwise.csv"
"mass41","fastEmbedR_umap_cpu_binary_full","cpu",1,17,42,0.019829303079333,0.606798739387955,0.875966666666667,"landmark","cpu1","/Users/stefano/Documents/fastEmbedR-results/mass41/landmark/cpu1/20260726_110549_1117503/stability_pairwise.csv"
"mass41","fastEmbedR_umap_cpu_binary_landmark","cpu",1,4,17,0.0214465404894523,0.540045901034284,0.4898,"landmark","cpu1","/Users/stefano/Documents/fastEmbedR-results/mass41/landmark/cpu1/20260726_110549_1117503/stability_pairwise.csv"
"mass41","fastEmbedR_umap_cpu_binary_landmark","cpu",1,4,42,0.0187828957429481,0.647202827509543,0.4859,"landmark","cpu1","/Users/stefano/Documents/fastEmbedR-results/mass41/landmark/cpu1/20260726_110549_1117503/stability_pairwise.csv"
"mass41","fastEmbedR_umap_cpu_binary_landmark","cpu",1,17,42,0.0137250843871178,0.811622058566495,0.496433333333333,"landmark","cpu1","/Users/stefano/Documents/fastEmbedR-results/mass41/landmark/cpu1/20260726_110549_1117503/stability_pairwise.csv"
"mass41","fastEmbedR_opentsne_cpu_full","cpu",4,4,17,0.00144820821070391,0.99790269297845,0.830566666666667,"landmark","cpu4","/Users/stefano/Documents/fastEmbedR-results/mass41/landmark/cpu4/20260726_110110_1117514/stability_pairwise.csv"
"mass41","fastEmbedR_opentsne_cpu_full","cpu",4,4,42,0.000842615703699366,0.999289998775879,0.878066666666667,"landmark","cpu4","/Users/stefano/Documents/fastEmbedR-results/mass41/landmark/cpu4/20260726_110110_1117514/stability_pairwise.csv"
"mass41","fastEmbedR_opentsne_cpu_full","cpu",4,17,42,0.00127230085626504,0.998381250531147,0.8578,"landmark","cpu4","/Users/stefano/Documents/fastEmbedR-results/mass41/landmark/cpu4/20260726_110110_1117514/stability_pairwise.csv"
"mass41","fastEmbedR_opentsne_cpu_landmark","cpu",4,4,17,0.00734482230141004,0.946053585360709,0.395866666666667,"landmark","cpu4","/Users/stefano/Documents/fastEmbedR-results/mass41/landmark/cpu4/20260726_110110_1117514/stability_pairwise.csv"
"mass41","fastEmbedR_opentsne_cpu_landmark","cpu",4,4,42,0.00834093587301346,0.930428788762277,0.396466666666667,"landmark","cpu4","/Users/stefano/Documents/fastEmbedR-results/mass41/landmark/cpu4/20260726_110110_1117514/stability_pairwise.csv"
"mass41","fastEmbedR_opentsne_cpu_landmark","cpu",4,17,42,0.00453123164533572,0.979467939776308,0.403333333333333,"landmark","cpu4","/Users/stefano/Documents/fastEmbedR-results/mass41/landmark/cpu4/20260726_110110_1117514/stability_pairwise.csv"
"mass41","fastEmbedR_umap_cpu_binary_full","cpu",4,4,17,0.0135966468997384,0.815131193083833,0.702066666666667,"landmark","cpu4","/Users/stefano/Documents/fastEmbedR-results/mass41/landmark/cpu4/20260726_110110_1117514/stability_pairwise.csv"
"mass41","fastEmbedR_umap_cpu_binary_full","cpu",4,4,42,0.012761087404669,0.837154648250398,0.756133333333333,"landmark","cpu4","/Users/stefano/Documents/fastEmbedR-results/mass41/landmark/cpu4/20260726_110110_1117514/stability_pairwise.csv"
"mass41","fastEmbedR_umap_cpu_binary_full","cpu",4,17,42,0.0143843846043031,0.793089479555487,0.6981,"landmark","cpu4","/Users/stefano/Documents/fastEmbedR-results/mass41/landmark/cpu4/20260726_110110_1117514/stability_pairwise.csv"
"mass41","fastEmbedR_umap_cpu_binary_landmark","cpu",4,4,17,0.0138215701561877,0.808964198417582,0.437066666666667,"landmark","cpu4","/Users/stefano/Documents/fastEmbedR-results/mass41/landmark/cpu4/20260726_110110_1117514/stability_pairwise.csv"
"mass41","fastEmbedR_umap_cpu_binary_landmark","cpu",4,4,42,0.0199174883132889,0.60329365929,0.452666666666667,"landmark","cpu4","/Users/stefano/Documents/fastEmbedR-results/mass41/landmark/cpu4/20260726_110110_1117514/stability_pairwise.csv"
"mass41","fastEmbedR_umap_cpu_binary_landmark","cpu",4,17,42,0.0174305316190741,0.696176567476457,0.423466666666667,"landmark","cpu4","/Users/stefano/Documents/fastEmbedR-results/mass41/landmark/cpu4/20260726_110110_1117514/stability_pairwise.csv"
"mass41","fastEmbedR_opentsne_cuda_full","cuda",1,4,17,0.000726749519529316,0.999471835135864,0.9044,"landmark","cuda","/Users/stefano/Documents/fastEmbedR-results/mass41/landmark/cuda/20260726_111301_1117525/stability_pairwise.csv"
"mass41","fastEmbedR_opentsne_cuda_full","cuda",1,4,42,0.00102653539097319,0.998946225091079,0.8721,"landmark","cuda","/Users/stefano/Documents/fastEmbedR-results/mass41/landmark/cuda/20260726_111301_1117525/stability_pairwise.csv"
"mass41","fastEmbedR_opentsne_cuda_full","cuda",1,17,42,0.000857086150249227,0.999265403331051,0.888066666666667,"landmark","cuda","/Users/stefano/Documents/fastEmbedR-results/mass41/landmark/cuda/20260726_111301_1117525/stability_pairwise.csv"
"mass41","fastEmbedR_opentsne_cuda_landmark","cuda",1,4,17,0.0152889650254969,0.766247548449132,0.403533333333333,"landmark","cuda","/Users/stefano/Documents/fastEmbedR-results/mass41/landmark/cuda/20260726_111301_1117525/stability_pairwise.csv"
"mass41","fastEmbedR_opentsne_cuda_landmark","cuda",1,4,42,0.0154949329633197,0.759907052462228,0.401133333333333,"landmark","cuda","/Users/stefano/Documents/fastEmbedR-results/mass41/landmark/cuda/20260726_111301_1117525/stability_pairwise.csv"
"mass41","fastEmbedR_opentsne_cuda_landmark","cuda",1,17,42,0.00444527745514155,0.98023950834681,0.414633333333333,"landmark","cuda","/Users/stefano/Documents/fastEmbedR-results/mass41/landmark/cuda/20260726_111301_1117525/stability_pairwise.csv"
"mass41","fastEmbedR_umap_cuda_binary_full","cuda",1,4,17,0.0145033794136183,0.789651985584634,0.827933333333333,"landmark","cuda","/Users/stefano/Documents/fastEmbedR-results/mass41/landmark/cuda/20260726_111301_1117525/stability_pairwise.csv"
"mass41","fastEmbedR_umap_cuda_binary_full","cuda",1,4,42,0.0112618876086686,0.873169887489716,0.7745,"landmark","cuda","/Users/stefano/Documents/fastEmbedR-results/mass41/landmark/cuda/20260726_111301_1117525/stability_pairwise.csv"
"mass41","fastEmbedR_umap_cuda_binary_full","cuda",1,17,42,0.0154578100395628,0.761056108780792,0.7766,"landmark","cuda","/Users/stefano/Documents/fastEmbedR-results/mass41/landmark/cuda/20260726_111301_1117525/stability_pairwise.csv"
"mass41","fastEmbedR_umap_cuda_binary_landmark","cuda",1,4,17,0.0172502876778993,0.702427575029717,0.4931,"landmark","cuda","/Users/stefano/Documents/fastEmbedR-results/mass41/landmark/cuda/20260726_111301_1117525/stability_pairwise.csv"
"mass41","fastEmbedR_umap_cuda_binary_landmark","cuda",1,4,42,0.0216434497871737,0.53156108131009,0.487733333333333,"landmark","cuda","/Users/stefano/Documents/fastEmbedR-results/mass41/landmark/cuda/20260726_111301_1117525/stability_pairwise.csv"
"mass41","fastEmbedR_umap_cuda_binary_landmark","cuda",1,17,42,0.0174264437602075,0.696319057872327,0.464433333333333,"landmark","cuda","/Users/stefano/Documents/fastEmbedR-results/mass41/landmark/cuda/20260726_111301_1117525/stability_pairwise.csv"
"mass41","fastEmbedR_opentsne_cpu_full","cpu",1,4,17,0.00144820821070391,0.99790269297845,0.830566666666667,"standard","cpu1","/Users/stefano/Documents/fastEmbedR-results/mass41/standard/cpu1/20260721_084502_1071173/stability_pairwise.csv"
"mass41","fastEmbedR_opentsne_cpu_full","cpu",1,4,42,0.000842615703699366,0.999289998775879,0.878066666666667,"standard","cpu1","/Users/stefano/Documents/fastEmbedR-results/mass41/standard/cpu1/20260721_084502_1071173/stability_pairwise.csv"
"mass41","fastEmbedR_opentsne_cpu_full","cpu",1,17,42,0.00127230085626504,0.998381250531147,0.8578,"standard","cpu1","/Users/stefano/Documents/fastEmbedR-results/mass41/standard/cpu1/20260721_084502_1071173/stability_pairwise.csv"
"mass41","fastEmbedR_opentsne_cpu_knn","cpu",1,4,17,2.68419436271701e-18,1,1,"standard","cpu1","/Users/stefano/Documents/fastEmbedR-results/mass41/standard/cpu1/20260721_084502_1071173/stability_pairwise.csv"
"mass41","fastEmbedR_opentsne_cpu_knn","cpu",1,4,42,2.68419436271701e-18,1,1,"standard","cpu1","/Users/stefano/Documents/fastEmbedR-results/mass41/standard/cpu1/20260721_084502_1071173/stability_pairwise.csv"
"mass41","fastEmbedR_opentsne_cpu_knn","cpu",1,17,42,2.68419436271701e-18,1,1,"standard","cpu1","/Users/stefano/Documents/fastEmbedR-results/mass41/standard/cpu1/20260721_084502_1071173/stability_pairwise.csv"
"mass41","fastEmbedR_umap_cpu_binary_full","cpu",1,4,17,0.0169490966962569,0.712728121180932,0.847166666666667,"standard","cpu1","/Users/stefano/Documents/fastEmbedR-results/mass41/standard/cpu1/20260721_084502_1071173/stability_pairwise.csv"
"mass41","fastEmbedR_umap_cpu_binary_full","cpu",1,4,42,0.0160188380307947,0.743396828143166,0.8504,"standard","cpu1","/Users/stefano/Documents/fastEmbedR-results/mass41/standard/cpu1/20260721_084502_1071173/stability_pairwise.csv"
"mass41","fastEmbedR_umap_cpu_binary_full","cpu",1,17,42,0.019829303079333,0.606798739387955,0.875966666666667,"standard","cpu1","/Users/stefano/Documents/fastEmbedR-results/mass41/standard/cpu1/20260721_084502_1071173/stability_pairwise.csv"
"mass41","fastEmbedR_umap_cpu_binary_knn","cpu",1,4,17,0.0169490966962569,0.712728121180932,0.847166666666667,"standard","cpu1","/Users/stefano/Documents/fastEmbedR-results/mass41/standard/cpu1/20260721_084502_1071173/stability_pairwise.csv"
"mass41","fastEmbedR_umap_cpu_binary_knn","cpu",1,4,42,0.0160188380307947,0.743396828143166,0.8504,"standard","cpu1","/Users/stefano/Documents/fastEmbedR-results/mass41/standard/cpu1/20260721_084502_1071173/stability_pairwise.csv"
"mass41","fastEmbedR_umap_cpu_binary_knn","cpu",1,17,42,0.019829303079333,0.606798739387955,0.875966666666667,"standard","cpu1","/Users/stefano/Documents/fastEmbedR-results/mass41/standard/cpu1/20260721_084502_1071173/stability_pairwise.csv"
"mass41","fastEmbedR_umap_cpu_fuzzy_full","cpu",1,4,17,0.0203936783817272,0.584097882062673,0.734166666666667,"standard","cpu1","/Users/stefano/Documents/fastEmbedR-results/mass41/standard/cpu1/20260721_084502_1071173/stability_pairwise.csv"
"mass41","fastEmbedR_umap_cpu_fuzzy_full","cpu",1,4,42,0.0215636169440809,0.535010424288949,0.729066666666667,"standard","cpu1","/Users/stefano/Documents/fastEmbedR-results/mass41/standard/cpu1/20260721_084502_1071173/stability_pairwise.csv"
"mass41","fastEmbedR_umap_cpu_fuzzy_full","cpu",1,17,42,0.020813044400371,0.566817182788185,0.796533333333333,"standard","cpu1","/Users/stefano/Documents/fastEmbedR-results/mass41/standard/cpu1/20260721_084502_1071173/stability_pairwise.csv"
"mass41","fastEmbedR_umap_cpu_fuzzy_knn","cpu",1,4,17,0.0203936783817272,0.584097882062673,0.734166666666667,"standard","cpu1","/Users/stefano/Documents/fastEmbedR-results/mass41/standard/cpu1/20260721_084502_1071173/stability_pairwise.csv"
"mass41","fastEmbedR_umap_cpu_fuzzy_knn","cpu",1,4,42,0.0215636169440809,0.535010424288949,0.729066666666667,"standard","cpu1","/Users/stefano/Documents/fastEmbedR-results/mass41/standard/cpu1/20260721_084502_1071173/stability_pairwise.csv"
"mass41","fastEmbedR_umap_cpu_fuzzy_knn","cpu",1,17,42,0.020813044400371,0.566817182788185,0.796533333333333,"standard","cpu1","/Users/stefano/Documents/fastEmbedR-results/mass41/standard/cpu1/20260721_084502_1071173/stability_pairwise.csv"
"mass41","KlugerLab_FItSNE","cpu",1,4,17,0.000927992386491084,0.999138830130614,0.8896,"standard","cpu1","/Users/stefano/Documents/fastEmbedR-results/mass41/standard/cpu1/20260721_084502_1071173/stability_pairwise.csv"
"mass41","KlugerLab_FItSNE","cpu",1,4,42,0.000820112853567294,0.999327414907414,0.885233333333333,"standard","cpu1","/Users/stefano/Documents/fastEmbedR-results/mass41/standard/cpu1/20260721_084502_1071173/stability_pairwise.csv"
"mass41","KlugerLab_FItSNE","cpu",1,17,42,0.000874972172555409,0.999234423697253,0.881266666666667,"standard","cpu1","/Users/stefano/Documents/fastEmbedR-results/mass41/standard/cpu1/20260721_084502_1071173/stability_pairwise.csv"
"mass41","Rtsne_full","cpu",1,4,17,0.0221279766829409,0.510352647919224,0.208866666666667,"standard","cpu1","/Users/stefano/Documents/fastEmbedR-results/mass41/standard/cpu1/20260721_084502_1071173/stability_pairwise.csv"
"mass41","Rtsne_full","cpu",1,4,42,0.0246036452043686,0.394660642657551,0.240333333333333,"standard","cpu1","/Users/stefano/Documents/fastEmbedR-results/mass41/standard/cpu1/20260721_084502_1071173/stability_pairwise.csv"
"mass41","Rtsne_full","cpu",1,17,42,0.0299910954540537,0.100534193465842,0.220633333333333,"standard","cpu1","/Users/stefano/Documents/fastEmbedR-results/mass41/standard/cpu1/20260721_084502_1071173/stability_pairwise.csv"
"mass41","Rtsne_neighbors","cpu",1,4,17,3.47593630430334e-18,1,1,"standard","cpu1","/Users/stefano/Documents/fastEmbedR-results/mass41/standard/cpu1/20260721_084502_1071173/stability_pairwise.csv"
"mass41","Rtsne_neighbors","cpu",1,4,42,3.47593630430334e-18,1,1,"standard","cpu1","/Users/stefano/Documents/fastEmbedR-results/mass41/standard/cpu1/20260721_084502_1071173/stability_pairwise.csv"
"mass41","Rtsne_neighbors","cpu",1,17,42,3.47593630430334e-18,1,1,"standard","cpu1","/Users/stefano/Documents/fastEmbedR-results/mass41/standard/cpu1/20260721_084502_1071173/stability_pairwise.csv"
"mass41","uwot_default","cpu",1,4,17,0.003012944329422,0.990922166467804,0.849766666666667,"standard","cpu1","/Users/stefano/Documents/fastEmbedR-results/mass41/standard/cpu1/20260721_084502_1071173/stability_pairwise.csv"
"mass41","uwot_default","cpu",1,4,42,0.00286940508242341,0.991766514472963,0.852433333333333,"standard","cpu1","/Users/stefano/Documents/fastEmbedR-results/mass41/standard/cpu1/20260721_084502_1071173/stability_pairwise.csv"
"mass41","uwot_default","cpu",1,17,42,0.00158572533863756,0.997485475150403,0.8545,"standard","cpu1","/Users/stefano/Documents/fastEmbedR-results/mass41/standard/cpu1/20260721_084502_1071173/stability_pairwise.csv"
"mass41","uwot_fast_sgd","cpu",1,4,17,0.000541483647549527,0.999706795459436,0.861833333333333,"standard","cpu1","/Users/stefano/Documents/fastEmbedR-results/mass41/standard/cpu1/20260721_084502_1071173/stability_pairwise.csv"
"mass41","uwot_fast_sgd","cpu",1,4,42,0.00105509677913818,0.998886770786652,0.8564,"standard","cpu1","/Users/stefano/Documents/fastEmbedR-results/mass41/standard/cpu1/20260721_084502_1071173/stability_pairwise.csv"
"mass41","uwot_fast_sgd","cpu",1,17,42,0.000933453717837847,0.999128664156654,0.862266666666667,"standard","cpu1","/Users/stefano/Documents/fastEmbedR-results/mass41/standard/cpu1/20260721_084502_1071173/stability_pairwise.csv"
"mass41","uwot_knn","cpu",1,4,17,0.00264817952387527,0.992987145209328,0.856866666666667,"standard","cpu1","/Users/stefano/Documents/fastEmbedR-results/mass41/standard/cpu1/20260721_084502_1071173/stability_pairwise.csv"
"mass41","uwot_knn","cpu",1,4,42,0.0008226778743121,0.999323201115117,0.860433333333333,"standard","cpu1","/Users/stefano/Documents/fastEmbedR-results/mass41/standard/cpu1/20260721_084502_1071173/stability_pairwise.csv"
"mass41","uwot_knn","cpu",1,17,42,0.00276698741188413,0.992343780662475,0.8525,"standard","cpu1","/Users/stefano/Documents/fastEmbedR-results/mass41/standard/cpu1/20260721_084502_1071173/stability_pairwise.csv"
"mass41","fastEmbedR_opentsne_cpu_full","cpu",4,4,17,0.00144820821070391,0.99790269297845,0.830566666666667,"standard","cpu4","/Users/stefano/Documents/fastEmbedR-results/mass41/standard/cpu4/20260721_084502_1071184/stability_pairwise.csv"
"mass41","fastEmbedR_opentsne_cpu_full","cpu",4,4,42,0.000842615703699366,0.999289998775879,0.878066666666667,"standard","cpu4","/Users/stefano/Documents/fastEmbedR-results/mass41/standard/cpu4/20260721_084502_1071184/stability_pairwise.csv"
"mass41","fastEmbedR_opentsne_cpu_full","cpu",4,17,42,0.00127230085626504,0.998381250531147,0.8578,"standard","cpu4","/Users/stefano/Documents/fastEmbedR-results/mass41/standard/cpu4/20260721_084502_1071184/stability_pairwise.csv"
"mass41","fastEmbedR_opentsne_cpu_knn","cpu",4,4,17,2.68419436271701e-18,1,1,"standard","cpu4","/Users/stefano/Documents/fastEmbedR-results/mass41/standard/cpu4/20260721_084502_1071184/stability_pairwise.csv"
"mass41","fastEmbedR_opentsne_cpu_knn","cpu",4,4,42,2.68419436271701e-18,1,1,"standard","cpu4","/Users/stefano/Documents/fastEmbedR-results/mass41/standard/cpu4/20260721_084502_1071184/stability_pairwise.csv"
"mass41","fastEmbedR_opentsne_cpu_knn","cpu",4,17,42,2.68419436271701e-18,1,1,"standard","cpu4","/Users/stefano/Documents/fastEmbedR-results/mass41/standard/cpu4/20260721_084502_1071184/stability_pairwise.csv"
"mass41","fastEmbedR_umap_cpu_binary_full","cpu",4,4,17,0.0129232384120779,0.832989908944593,0.736333333333333,"standard","cpu4","/Users/stefano/Documents/fastEmbedR-results/mass41/standard/cpu4/20260721_084502_1071184/stability_pairwise.csv"
"mass41","fastEmbedR_umap_cpu_binary_full","cpu",4,4,42,0.0132906700795385,0.823358088836861,0.775166666666667,"standard","cpu4","/Users/stefano/Documents/fastEmbedR-results/mass41/standard/cpu4/20260721_084502_1071184/stability_pairwise.csv"
"mass41","fastEmbedR_umap_cpu_binary_full","cpu",4,17,42,0.0146103630972186,0.786537290167433,0.799933333333333,"standard","cpu4","/Users/stefano/Documents/fastEmbedR-results/mass41/standard/cpu4/20260721_084502_1071184/stability_pairwise.csv"
"mass41","fastEmbedR_umap_cpu_binary_knn","cpu",4,4,17,0.0124521186884401,0.844944740169002,0.752866666666667,"standard","cpu4","/Users/stefano/Documents/fastEmbedR-results/mass41/standard/cpu4/20260721_084502_1071184/stability_pairwise.csv"
"mass41","fastEmbedR_umap_cpu_binary_knn","cpu",4,4,42,0.0130781827390234,0.828961136244709,0.787866666666667,"standard","cpu4","/Users/stefano/Documents/fastEmbedR-results/mass41/standard/cpu4/20260721_084502_1071184/stability_pairwise.csv"
"mass41","fastEmbedR_umap_cpu_binary_knn","cpu",4,17,42,0.0149054157142136,0.777828582386473,0.815266666666667,"standard","cpu4","/Users/stefano/Documents/fastEmbedR-results/mass41/standard/cpu4/20260721_084502_1071184/stability_pairwise.csv"
"mass41","fastEmbedR_umap_cpu_fuzzy_full","cpu",4,4,17,0.0146006919426743,0.786819794795124,0.7364,"standard","cpu4","/Users/stefano/Documents/fastEmbedR-results/mass41/standard/cpu4/20260721_084502_1071184/stability_pairwise.csv"
"mass41","fastEmbedR_umap_cpu_fuzzy_full","cpu",4,4,42,0.0184733875470785,0.658733952535446,0.711133333333333,"standard","cpu4","/Users/stefano/Documents/fastEmbedR-results/mass41/standard/cpu4/20260721_084502_1071184/stability_pairwise.csv"
"mass41","fastEmbedR_umap_cpu_fuzzy_full","cpu",4,17,42,0.0188173193430335,0.645908492742296,0.774733333333333,"standard","cpu4","/Users/stefano/Documents/fastEmbedR-results/mass41/standard/cpu4/20260721_084502_1071184/stability_pairwise.csv"
"mass41","fastEmbedR_umap_cpu_fuzzy_knn","cpu",4,4,17,0.0148745009118233,0.778749222624169,0.7246,"standard","cpu4","/Users/stefano/Documents/fastEmbedR-results/mass41/standard/cpu4/20260721_084502_1071184/stability_pairwise.csv"
"mass41","fastEmbedR_umap_cpu_fuzzy_knn","cpu",4,4,42,0.0188030378358576,0.646445768143308,0.7089,"standard","cpu4","/Users/stefano/Documents/fastEmbedR-results/mass41/standard/cpu4/20260721_084502_1071184/stability_pairwise.csv"
"mass41","fastEmbedR_umap_cpu_fuzzy_knn","cpu",4,17,42,0.0188591375826321,0.644332929639353,0.7662,"standard","cpu4","/Users/stefano/Documents/fastEmbedR-results/mass41/standard/cpu4/20260721_084502_1071184/stability_pairwise.csv"
"mass41","KlugerLab_FItSNE","cpu",4,4,17,0.000880764064985513,0.99922425466183,0.884833333333333,"standard","cpu4","/Users/stefano/Documents/fastEmbedR-results/mass41/standard/cpu4/20260721_084502_1071184/stability_pairwise.csv"
"mass41","KlugerLab_FItSNE","cpu",4,4,42,0.000944438200714642,0.999108036485031,0.885966666666667,"standard","cpu4","/Users/stefano/Documents/fastEmbedR-results/mass41/standard/cpu4/20260721_084502_1071184/stability_pairwise.csv"
"mass41","KlugerLab_FItSNE","cpu",4,17,42,0.000808359159821034,0.999346555468734,0.8744,"standard","cpu4","/Users/stefano/Documents/fastEmbedR-results/mass41/standard/cpu4/20260721_084502_1071184/stability_pairwise.csv"
"mass41","Rtsne_full","cpu",4,4,17,0.0216756123778448,0.53016782804542,0.214666666666667,"standard","cpu4","/Users/stefano/Documents/fastEmbedR-results/mass41/standard/cpu4/20260721_084502_1071184/stability_pairwise.csv"
"mass41","Rtsne_full","cpu",4,4,42,0.026732534531892,0.285371597501203,0.26,"standard","cpu4","/Users/stefano/Documents/fastEmbedR-results/mass41/standard/cpu4/20260721_084502_1071184/stability_pairwise.csv"
"mass41","Rtsne_full","cpu",4,17,42,0.0228903827542476,0.476030377364042,0.2469,"standard","cpu4","/Users/stefano/Documents/fastEmbedR-results/mass41/standard/cpu4/20260721_084502_1071184/stability_pairwise.csv"
"mass41","Rtsne_neighbors","cpu",4,4,17,7.90905769023388e-18,1,1,"standard","cpu4","/Users/stefano/Documents/fastEmbedR-results/mass41/standard/cpu4/20260721_084502_1071184/stability_pairwise.csv"
"mass41","Rtsne_neighbors","cpu",4,4,42,7.90905769023388e-18,1,1,"standard","cpu4","/Users/stefano/Documents/fastEmbedR-results/mass41/standard/cpu4/20260721_084502_1071184/stability_pairwise.csv"
"mass41","Rtsne_neighbors","cpu",4,17,42,7.90905769023388e-18,1,1,"standard","cpu4","/Users/stefano/Documents/fastEmbedR-results/mass41/standard/cpu4/20260721_084502_1071184/stability_pairwise.csv"
"mass41","umap_package_knn","cpu",4,4,17,0.00127288204028198,0.998379771311528,0.8749,"standard","cpu4","/Users/stefano/Documents/fastEmbedR-results/mass41/standard/cpu4/20260721_084502_1071184/stability_pairwise.csv"
"mass41","umap_package_knn","cpu",4,4,42,0.001020768228004,0.998958032224697,0.878233333333333,"standard","cpu4","/Users/stefano/Documents/fastEmbedR-results/mass41/standard/cpu4/20260721_084502_1071184/stability_pairwise.csv"
"mass41","umap_package_knn","cpu",4,17,42,0.00134240007774689,0.998197962031265,0.878466666666667,"standard","cpu4","/Users/stefano/Documents/fastEmbedR-results/mass41/standard/cpu4/20260721_084502_1071184/stability_pairwise.csv"
"mass41","uwot_default","cpu",4,4,17,0.003012944329422,0.990922166467804,0.849766666666667,"standard","cpu4","/Users/stefano/Documents/fastEmbedR-results/mass41/standard/cpu4/20260721_084502_1071184/stability_pairwise.csv"
"mass41","uwot_default","cpu",4,4,42,0.00286940508242341,0.991766514472963,0.852433333333333,"standard","cpu4","/Users/stefano/Documents/fastEmbedR-results/mass41/standard/cpu4/20260721_084502_1071184/stability_pairwise.csv"
"mass41","uwot_default","cpu",4,17,42,0.00158572533863756,0.997485475150403,0.8545,"standard","cpu4","/Users/stefano/Documents/fastEmbedR-results/mass41/standard/cpu4/20260721_084502_1071184/stability_pairwise.csv"
"mass41","uwot_fast_sgd","cpu",4,4,17,0.000578728510896372,0.999665073310675,0.859866666666667,"standard","cpu4","/Users/stefano/Documents/fastEmbedR-results/mass41/standard/cpu4/20260721_084502_1071184/stability_pairwise.csv"
"mass41","uwot_fast_sgd","cpu",4,4,42,0.00152769273818255,0.997666154897704,0.859133333333333,"standard","cpu4","/Users/stefano/Documents/fastEmbedR-results/mass41/standard/cpu4/20260721_084502_1071184/stability_pairwise.csv"
"mass41","uwot_fast_sgd","cpu",4,17,42,0.00145915154484658,0.997870876769172,0.858766666666667,"standard","cpu4","/Users/stefano/Documents/fastEmbedR-results/mass41/standard/cpu4/20260721_084502_1071184/stability_pairwise.csv"
"mass41","uwot_knn","cpu",4,4,17,0.00115660516103013,0.998662264501478,0.8567,"standard","cpu4","/Users/stefano/Documents/fastEmbedR-results/mass41/standard/cpu4/20260721_084502_1071184/stability_pairwise.csv"
"mass41","uwot_knn","cpu",4,4,42,0.00116364084118068,0.998645939992736,0.853766666666667,"standard","cpu4","/Users/stefano/Documents/fastEmbedR-results/mass41/standard/cpu4/20260721_084502_1071184/stability_pairwise.csv"
"mass41","uwot_knn","cpu",4,17,42,0.000205044328372421,0.999957956823402,0.860333333333333,"standard","cpu4","/Users/stefano/Documents/fastEmbedR-results/mass41/standard/cpu4/20260721_084502_1071184/stability_pairwise.csv"
"mass41","fastEmbedR_opentsne_cuda_full","cuda",1,4,17,0.00100833156955422,0.99898326744584,0.888833333333333,"standard","cuda","/Users/stefano/Documents/fastEmbedR-results/mass41/standard/cuda/20260722_125342_1071195/stability_pairwise.csv"
"mass41","fastEmbedR_opentsne_cuda_full","cuda",1,4,42,0.00103329817976435,0.998932294871696,0.864166666666667,"standard","cuda","/Users/stefano/Documents/fastEmbedR-results/mass41/standard/cuda/20260722_125342_1071195/stability_pairwise.csv"
"mass41","fastEmbedR_opentsne_cuda_full","cuda",1,17,42,0.00114624567874228,0.998686120843965,0.8619,"standard","cuda","/Users/stefano/Documents/fastEmbedR-results/mass41/standard/cuda/20260722_125342_1071195/stability_pairwise.csv"
"mass41","fastEmbedR_opentsne_cuda_knn","cuda",1,4,17,0.0012163584722583,0.998520472066965,0.861733333333333,"standard","cuda","/Users/stefano/Documents/fastEmbedR-results/mass41/standard/cuda/20260722_125342_1071195/stability_pairwise.csv"
"mass41","fastEmbedR_opentsne_cuda_knn","cuda",1,4,42,0.00111366347724546,0.998759753659449,0.8862,"standard","cuda","/Users/stefano/Documents/fastEmbedR-results/mass41/standard/cuda/20260722_125342_1071195/stability_pairwise.csv"
"mass41","fastEmbedR_opentsne_cuda_knn","cuda",1,17,42,0.000764972843667383,0.999414816548451,0.9083,"standard","cuda","/Users/stefano/Documents/fastEmbedR-results/mass41/standard/cuda/20260722_125342_1071195/stability_pairwise.csv"
"mass41","fastEmbedR_umap_cuda_binary_full","cuda",1,4,17,0.0148125492487753,0.780588384752607,0.745133333333333,"standard","cuda","/Users/stefano/Documents/fastEmbedR-results/mass41/standard/cuda/20260722_125342_1071195/stability_pairwise.csv"
"mass41","fastEmbedR_umap_cuda_binary_full","cuda",1,4,42,0.0100106571805803,0.899786742812896,0.755266666666667,"standard","cuda","/Users/stefano/Documents/fastEmbedR-results/mass41/standard/cuda/20260722_125342_1071195/stability_pairwise.csv"
"mass41","fastEmbedR_umap_cuda_binary_full","cuda",1,17,42,0.0145009747449474,0.789721731446398,0.757566666666667,"standard","cuda","/Users/stefano/Documents/fastEmbedR-results/mass41/standard/cuda/20260722_125342_1071195/stability_pairwise.csv"
"mass41","fastEmbedR_umap_cuda_binary_knn","cuda",1,4,17,0.00971458199330424,0.905626896695369,0.79,"standard","cuda","/Users/stefano/Documents/fastEmbedR-results/mass41/standard/cuda/20260722_125342_1071195/stability_pairwise.csv"
"mass41","fastEmbedR_umap_cuda_binary_knn","cuda",1,4,42,0.0116248623765412,0.864862574726476,0.829633333333333,"standard","cuda","/Users/stefano/Documents/fastEmbedR-results/mass41/standard/cuda/20260722_125342_1071195/stability_pairwise.csv"
"mass41","fastEmbedR_umap_cuda_binary_knn","cuda",1,17,42,0.0152559093926588,0.767257228602984,0.7759,"standard","cuda","/Users/stefano/Documents/fastEmbedR-results/mass41/standard/cuda/20260722_125342_1071195/stability_pairwise.csv"
"mass41","fastEmbedR_umap_cuda_fuzzy_full","cuda",1,4,17,0.0197726098953609,0.609043897925878,0.764366666666667,"standard","cuda","/Users/stefano/Documents/fastEmbedR-results/mass41/standard/cuda/20260722_125342_1071195/stability_pairwise.csv"
"mass41","fastEmbedR_umap_cuda_fuzzy_full","cuda",1,4,42,0.0196504127660336,0.613861278124505,0.7375,"standard","cuda","/Users/stefano/Documents/fastEmbedR-results/mass41/standard/cuda/20260722_125342_1071195/stability_pairwise.csv"
"mass41","fastEmbedR_umap_cuda_fuzzy_full","cuda",1,17,42,0.025772453493901,0.335780640904712,0.740566666666667,"standard","cuda","/Users/stefano/Documents/fastEmbedR-results/mass41/standard/cuda/20260722_125342_1071195/stability_pairwise.csv"
"mass41","fastEmbedR_umap_cuda_fuzzy_knn","cuda",1,4,17,0.0197672918390944,0.609254173348072,0.686266666666667,"standard","cuda","/Users/stefano/Documents/fastEmbedR-results/mass41/standard/cuda/20260722_125342_1071195/stability_pairwise.csv"
"mass41","fastEmbedR_umap_cuda_fuzzy_knn","cuda",1,4,42,0.0205518280645715,0.577622363204292,0.7182,"standard","cuda","/Users/stefano/Documents/fastEmbedR-results/mass41/standard/cuda/20260722_125342_1071195/stability_pairwise.csv"
"mass41","fastEmbedR_umap_cuda_fuzzy_knn","cuda",1,17,42,0.0201671410030467,0.593286423763232,0.758933333333333,"standard","cuda","/Users/stefano/Documents/fastEmbedR-results/mass41/standard/cuda/20260722_125342_1071195/stability_pairwise.csv"
