"dataset","method","family","backend","timing_scope","requested_threads","effective_threads","n","p","k","perplexity","input_type","landmark_fraction","n_runs","n_success","status","total_runtime_sec_median","total_runtime_sec_q1","total_runtime_sec_q3","total_runtime_sec_iqr","total_runtime_sec_sd","total_runtime_sec_min","total_runtime_sec_max","preprocess_sec_median","preprocess_sec_q1","preprocess_sec_q3","preprocess_sec_iqr","preprocess_sec_sd","preprocess_sec_min","preprocess_sec_max","knn_sec_median","knn_sec_q1","knn_sec_q3","knn_sec_iqr","knn_sec_sd","knn_sec_min","knn_sec_max","init_sec_median","init_sec_q1","init_sec_q3","init_sec_iqr","init_sec_sd","init_sec_min","init_sec_max","graph_or_affinity_sec_median","graph_or_affinity_sec_q1","graph_or_affinity_sec_q3","graph_or_affinity_sec_iqr","graph_or_affinity_sec_sd","graph_or_affinity_sec_min","graph_or_affinity_sec_max","embedding_sec_median","embedding_sec_q1","embedding_sec_q3","embedding_sec_iqr","embedding_sec_sd","embedding_sec_min","embedding_sec_max","peak_ram_gb_median","peak_ram_gb_q1","peak_ram_gb_q3","peak_ram_gb_iqr","peak_ram_gb_sd","peak_ram_gb_min","peak_ram_gb_max","peak_gpu_mb_median","peak_gpu_mb_q1","peak_gpu_mb_q3","peak_gpu_mb_iqr","peak_gpu_mb_sd","peak_gpu_mb_min","peak_gpu_mb_max","peak_gpu_delta_mb_median","peak_gpu_delta_mb_q1","peak_gpu_delta_mb_q3","peak_gpu_delta_mb_iqr","peak_gpu_delta_mb_sd","peak_gpu_delta_mb_min","peak_gpu_delta_mb_max","trustworthiness_median","trustworthiness_q1","trustworthiness_q3","trustworthiness_iqr","trustworthiness_sd","trustworthiness_min","trustworthiness_max","knn_preservation_15_median","knn_preservation_15_q1","knn_preservation_15_q3","knn_preservation_15_iqr","knn_preservation_15_sd","knn_preservation_15_min","knn_preservation_15_max","knn_preservation_30_median","knn_preservation_30_q1","knn_preservation_30_q3","knn_preservation_30_iqr","knn_preservation_30_sd","knn_preservation_30_min","knn_preservation_30_max","knn_preservation_50_median","knn_preservation_50_q1","knn_preservation_50_q3","knn_preservation_50_iqr","knn_preservation_50_sd","knn_preservation_50_min","knn_preservation_50_max","silhouette_median","silhouette_q1","silhouette_q3","silhouette_iqr","silhouette_sd","silhouette_min","silhouette_max","label_knn_accuracy_median","label_knn_accuracy_q1","label_knn_accuracy_q3","label_knn_accuracy_iqr","label_knn_accuracy_sd","label_knn_accuracy_min","label_knn_accuracy_max","tsne_kl_median","tsne_kl_q1","tsne_kl_q3","tsne_kl_iqr","tsne_kl_sd","tsne_kl_min","tsne_kl_max","n_landmarks_median","n_landmarks_q1","n_landmarks_q3","n_landmarks_iqr","n_landmarks_sd","n_landmarks_min","n_landmarks_max","reference_embedding_sec_median","reference_embedding_sec_q1","reference_embedding_sec_q3","reference_embedding_sec_iqr","reference_embedding_sec_sd","reference_embedding_sec_min","reference_embedding_sec_max","landmark_projection_knn_sec_median","landmark_projection_knn_sec_q1","landmark_projection_knn_sec_q3","landmark_projection_knn_sec_iqr","landmark_projection_knn_sec_sd","landmark_projection_knn_sec_min","landmark_projection_knn_sec_max","landmark_refinement_sec_median","landmark_refinement_sec_q1","landmark_refinement_sec_q3","landmark_refinement_sec_iqr","landmark_refinement_sec_sd","landmark_refinement_sec_min","landmark_refinement_sec_max","landmark_transform_sec_median","landmark_transform_sec_q1","landmark_transform_sec_q3","landmark_transform_sec_iqr","landmark_transform_sec_sd","landmark_transform_sec_min","landmark_transform_sec_max","kodama_core_sec_median","kodama_core_sec_q1","kodama_core_sec_q3","kodama_core_sec_iqr","kodama_core_sec_sd","kodama_core_sec_min","kodama_core_sec_max","kodama_visualization_sec_median","kodama_visualization_sec_q1","kodama_visualization_sec_q3","kodama_visualization_sec_iqr","kodama_visualization_sec_sd","kodama_visualization_sec_min","kodama_visualization_sec_max","kodama_core_peak_ram_gb_median","kodama_core_peak_ram_gb_q1","kodama_core_peak_ram_gb_q3","kodama_core_peak_ram_gb_iqr","kodama_core_peak_ram_gb_sd","kodama_core_peak_ram_gb_min","kodama_core_peak_ram_gb_max","kodama_visualization_peak_ram_gb_median","kodama_visualization_peak_ram_gb_q1","kodama_visualization_peak_ram_gb_q3","kodama_visualization_peak_ram_gb_iqr","kodama_visualization_peak_ram_gb_sd","kodama_visualization_peak_ram_gb_min","kodama_visualization_peak_ram_gb_max","kodama_core_peak_gpu_delta_mb_median","kodama_core_peak_gpu_delta_mb_q1","kodama_core_peak_gpu_delta_mb_q3","kodama_core_peak_gpu_delta_mb_iqr","kodama_core_peak_gpu_delta_mb_sd","kodama_core_peak_gpu_delta_mb_min","kodama_core_peak_gpu_delta_mb_max","kodama_visualization_peak_gpu_delta_mb_median","kodama_visualization_peak_gpu_delta_mb_q1","kodama_visualization_peak_gpu_delta_mb_q3","kodama_visualization_peak_gpu_delta_mb_iqr","kodama_visualization_peak_gpu_delta_mb_sd","kodama_visualization_peak_gpu_delta_mb_min","kodama_visualization_peak_gpu_delta_mb_max","suite","profile","source_file"
"COIL20","fastEmbedR_pca_cpu","PCA","cpu","pca_only",1,1,1440,16384,,,"float32",,3,3,"success",1.73,1.696,1.7325,0.0365,0.0407798970082074,1.662,1.735,,,,,,,,,,,,,,,1.73,1.696,1.7325,0.0365,0.0407798970082074,1.662,1.735,,,,,,,,,,,,,,,0.994487762451172,0.991851806640625,1.00078392028809,0.00893211364746094,0.00917868983946504,0.989215850830078,1.007080078125,,,,,,,,,,,,,,,,,,,,,,,,,,,,,,,,,,,,,,,,,,,,,,,,,,,,,,,,,,,,,,,,,,,,,,,,,,,,,,,,,,,,,,,,,,,,,,,,,,,,,,,,,,,,,,,,,,,,,,,,,,,,,,,,,,,,,,,,,,,,,"standard","cpu1","/Users/stefano/Documents/fastEmbedR-results/COIL20/standard/cpu1/20260721_084502_1071167/benchmark_summary_median_variability.csv"
"COIL20","irlba_pca","PCA","cpu","pca_only",1,1,1440,16384,,,"standard_R_double",,3,3,"success",1.197,1.126,1.203,0.0770000000000002,0.0856582356421923,1.055,1.209,,,,,,,,,,,,,,,1.197,1.126,1.203,0.0770000000000002,0.0856582356421923,1.055,1.209,,,,,,,,,,,,,,,0.58990478515625,0.587121963500977,0.589933395385742,0.00281143188476562,0.0032299705006875,0.584339141845703,0.589962005615234,,,,,,,,,,,,,,,,,,,,,,,,,,,,,,,,,,,,,,,,,,,,,,,,,,,,,,,,,,,,,,,,,,,,,,,,,,,,,,,,,,,,,,,,,,,,,,,,,,,,,,,,,,,,,,,,,,,,,,,,,,,,,,,,,,,,,,,,,,,,,"standard","cpu1","/Users/stefano/Documents/fastEmbedR-results/COIL20/standard/cpu1/20260721_084502_1071167/benchmark_summary_median_variability.csv"
"COIL20","fastEmbedR_opentsne_cpu_full","t-SNE","cpu","full_pipeline",1,1,1440,16384,,30,"float32",,3,3,"success",20.541,20.4215,20.6675,0.245999999999999,0.246033195592248,20.302,20.794,0.0189999999999999,0.0184999999999999,0.0204999999999999,0.002,0.00208166599946615,0.018,0.022,14.414,14.2335,14.618,0.384499999999999,0.384739305677666,14.053,14.822,,,,,,,,,,,,,,,4.302,4.162,4.309,0.146999999999999,0.165847319343224,4.022,4.316,0.992893218994141,0.992813110351562,0.992895126342773,8.20159912109375e-05,9.36221320302326e-05,0.992733001708984,0.992897033691406,,,,,,,,,,,,,,,0.903145684724632,0.898101021785233,0.91265664160401,0.0145556198187775,0.0147822639953499,0.893056358845833,0.922167598483388,0.517948717948718,0.514316239316239,0.538247863247864,0.0239316239316241,0.0257937049800387,0.510683760683761,0.558547008547009,0.57008547008547,0.564850427350427,0.588782051282051,0.0239316239316235,0.0251620142924836,0.559615384615385,0.607478632478632,0.663076923076923,0.656346153846154,0.664102564102564,0.00775641025640994,0.00842682597490841,0.649615384615385,0.665128205128205,0.459246366379979,0.455857266957171,0.479909884897346,0.024052617940174,0.0260383745292879,0.452468167534364,0.500573403414712,0.608974358974359,0.57051282051282,0.615384615384616,0.044871794871795,0.0485376781692332,0.532051282051282,0.621794871794872,0.722843849773679,0.720667971812106,0.724422412407517,0.00375444059541086,0.00377024571056745,0.718492093850533,0.726000975041355,,,,,,,,,,,,,,,,,,,,,,,,,,,,,,,,,,,,,,,,,,,,,,,,,,,,,,,,,,,,,,,,,,,,,,,,,,,,,,"standard","cpu1","/Users/stefano/Documents/fastEmbedR-results/COIL20/standard/cpu1/20260721_084502_1071167/benchmark_summary_median_variability.csv"
"COIL20","fastEmbedR_opentsne_cpu_knn","t-SNE","cpu","embedding_from_precomputed_knn",1,1,1440,16384,,30,"float32",,3,3,"success",4.418,4.277,4.476,0.199,0.204688381041361,4.136,4.534,,,,,,,,,,,,,,,,,,,,,,,,,,,,,4.418,4.277,4.476,0.199,0.204688381041361,4.136,4.534,0.673019409179688,0.673017501831055,0.677507400512695,0.00448989868164062,0.0051833875676389,0.673015594482422,0.681995391845703,,,,,,,,,,,,,,,0.90068761647709,0.89685110211426,0.909419381787803,0.0125682796735429,0.0128821380691759,0.89301458775143,0.918151147098516,0.521794871794872,0.521581196581197,0.537179487179487,0.015598290598291,0.017889265258216,0.521367521367521,0.552564102564103,0.568803418803419,0.568696581196582,0.589316239316239,0.0206196581196579,0.0237480879319719,0.568589743589744,0.60982905982906,0.667820512820513,0.658333333333333,0.668589743589743,0.01025641025641,0.011424892178808,0.648846153846154,0.669358974358974,0.448877789695157,0.446279626794943,0.452346543452563,0.00606691665761994,0.00608770240271722,0.443681463894729,0.455815297209969,0.576923076923077,0.557692307692307,0.592948717948718,0.0352564102564106,0.0353049394056804,0.538461538461538,0.608974358974359,0.724691241457762,0.724691241457762,0.724691241457762,0,0,0.724691241457762,0.724691241457762,,,,,,,,,,,,,,,,,,,,,,,,,,,,,,,,,,,,,,,,,,,,,,,,,,,,,,,,,,,,,,,,,,,,,,,,,,,,,,"standard","cpu1","/Users/stefano/Documents/fastEmbedR-results/COIL20/standard/cpu1/20260721_084502_1071167/benchmark_summary_median_variability.csv"
"COIL20","KlugerLab_FItSNE","t-SNE","cpu","full_pipeline",1,1,1440,16384,,30,"standard_R_double",,3,3,"success",45.329,45.13,45.919,0.789000000000001,0.820659084719919,44.931,46.509,,,,,,,,,,,,,,,,,,,,,,,,,,,,,,,,,,,,1.31518936157227,1.31516265869141,1.31521606445312,5.340576171875e-05,5.340576171875e-05,1.31513595581055,1.31524276733398,,,,,,,,,,,,,,,0.870143306985412,0.866430499325236,0.872665638455112,0.00623513912987594,0.00627290771138932,0.86271769166506,0.875187969924812,0.57948717948718,0.578632478632479,0.583974358974359,0.00534188034187999,0.00573881398247358,0.577777777777778,0.588461538461538,0.626282051282051,0.622542735042735,0.627777777777778,0.00523504273504249,0.00539291857441168,0.618803418803419,0.629273504273504,0.639871794871795,0.635448717948718,0.643076923076923,0.00762820512820495,0.00766054696727488,0.631025641025641,0.646282051282051,0.39408073810194,0.381748334324119,0.396559092206128,0.014810757882009,0.0158658747220662,0.369415930546298,0.399037446310316,0.621794871794872,0.605769230769231,0.628205128205129,0.0224358974358975,0.0231125081760513,0.58974358974359,0.634615384615385,1.01821545469563,1.01673240992864,1.0184228782591,0.00169046833045994,0.0018439323002493,1.01524936516166,1.01863030182258,,,,,,,,,,,,,,,,,,,,,,,,,,,,,,,,,,,,,,,,,,,,,,,,,,,,,,,,,,,,,,,,,,,,,,,,,,,,,,"standard","cpu1","/Users/stefano/Documents/fastEmbedR-results/COIL20/standard/cpu1/20260721_084502_1071167/benchmark_summary_median_variability.csv"
"COIL20","Rtsne_full","t-SNE","cpu","full_pipeline",1,1,1440,16384,,30,"standard_R_double",,3,3,"success",9.168,9.001,9.2495,0.2485,0.253355481487968,8.834,9.331,,,,,,,,,,,,,,,,,,,,,,,,,,,,,,,,,,,,1.5308723449707,1.53066062927246,1.5687198638916,0.0380592346191406,0.0438252959815024,1.53044891357422,1.6065673828125,,,,,,,,,,,,,,,0.835132703553756,0.83039489750016,0.839777327935223,0.00938243043506204,0.00938258467286344,0.825657091446565,0.844421952316689,0.523931623931624,0.522649572649572,0.532905982905983,0.0102564102564106,0.0111766639577968,0.521367521367521,0.541880341880342,0.522435897435897,0.520192307692308,0.534829059829059,0.014636752136752,0.0157661807286684,0.517948717948718,0.547222222222222,0.55025641025641,0.537948717948718,0.55775641025641,0.0198076923076921,0.0200012327036281,0.525641025641026,0.56525641025641,0.475419973574701,0.457507532856344,0.485928310919395,0.028420778063051,0.0287404629045038,0.439595092137988,0.49643664826409,0.634615384615385,0.596153846153846,0.685897435897436,0.0897435897435895,0.0900483226739548,0.557692307692308,0.737179487179487,0.945392892258825,0.937725214522802,0.951149645776083,0.013424431253281,0.013469690602634,0.930057536786779,0.956906399293341,,,,,,,,,,,,,,,,,,,,,,,,,,,,,,,,,,,,,,,,,,,,,,,,,,,,,,,,,,,,,,,,,,,,,,,,,,,,,,"standard","cpu1","/Users/stefano/Documents/fastEmbedR-results/COIL20/standard/cpu1/20260721_084502_1071167/benchmark_summary_median_variability.csv"
"COIL20","Rtsne_neighbors","t-SNE","cpu","embedding_from_precomputed_knn",1,1,1440,16384,,30,"standard_R_double",,3,3,"success",1.376,1.3555,1.3985,0.0429999999999999,0.0430155010819744,1.335,1.421,,,,,,,,,,,,,,,,,,,,,,,,,,,,,1.376,1.3555,1.3985,0.0429999999999999,0.0430155010819744,1.335,1.421,0.774425506591797,0.774351119995117,0.774465560913086,0.00011444091796875,0.000116144846707446,0.774276733398438,0.774505615234375,,,,,,,,,,,,,,,0.86001221001221,0.852414690572585,0.864152368099737,0.011737677527151,0.0119061968278867,0.844817171132961,0.868292526187263,0.544871794871795,0.539102564102564,0.550641025641025,0.0115384615384615,0.0115384615384615,0.533333333333333,0.556410256410256,0.587393162393162,0.585363247863248,0.5875,0.00213675213675235,0.00240799736529603,0.583333333333333,0.587606837606838,0.644102564102564,0.642820512820513,0.645064102564102,0.00224358974358951,0.00225120806684863,0.641538461538462,0.646025641025641,0.430796861989329,0.430106716015397,0.434011149597915,0.00390443358251846,0.00416753707412767,0.429416570041464,0.437225437206501,0.647435897435897,0.621794871794872,0.682692307692307,0.0608974358974359,0.0611499488087786,0.596153846153846,0.717948717948718,0.963946530037469,0.963946530037469,0.963946530037469,0,0,0.963946530037469,0.963946530037469,,,,,,,,,,,,,,,,,,,,,,,,,,,,,,,,,,,,,,,,,,,,,,,,,,,,,,,,,,,,,,,,,,,,,,,,,,,,,,"standard","cpu1","/Users/stefano/Documents/fastEmbedR-results/COIL20/standard/cpu1/20260721_084502_1071167/benchmark_summary_median_variability.csv"
"COIL20","fastEmbedR_umap_cpu_binary_full","UMAP","cpu","full_pipeline",1,1,1440,16384,30,,"float32",,3,3,"success",18.91,18.8125,19.442,0.6295,0.677643219794409,18.715,19.974,0.018,0.0174999999999999,0.0184999999999999,0.000999999999999997,0.000999999999999999,0.0169999999999999,0.0189999999999999,13.618,13.6015,14.119,0.517499999999998,0.588262696420569,13.585,14.62,,,,,,,,,,,,,,,5.021,4.939,5.0485,0.1095,0.113931265828715,4.857,5.076,0.536182403564453,0.536136627197266,0.539360046386719,0.00322341918945312,0.00369593837003304,0.536090850830078,0.542537689208984,,,,,,,,,,,,,,,0.891022427864533,0.875454662296767,0.892460317460318,0.01700565516355,0.0188611621912003,0.859886896729002,0.893898207056102,0.515811965811966,0.510470085470085,0.529487179487179,0.0190170940170941,0.0196162690897923,0.505128205128205,0.543162393162393,0.541880341880342,0.522435897435897,0.556517094017094,0.0340811965811966,0.0341940432753227,0.502991452991453,0.571153846153846,0.599230769230769,0.581923076923077,0.599294871794872,0.0173717948717945,0.02002231387268,0.564615384615385,0.599358974358974,0.43345569911569,0.424533697337476,0.445347998577383,0.020814301239907,0.0208848276399022,0.415611695559262,0.457240298039076,0.538461538461538,0.525641025641026,0.567307692307692,0.0416666666666665,0.0426815905030729,0.512820512820513,0.596153846153846,,,,,,,,,,,,,,,,,,,,,,,,,,,,,,,,,,,,,,,,,,,,,,,,,,,,,,,,,,,,,,,,,,,,,,,,,,,,,,,,,,,,,"standard","cpu1","/Users/stefano/Documents/fastEmbedR-results/COIL20/standard/cpu1/20260721_084502_1071167/benchmark_summary_median_variability.csv"
"COIL20","fastEmbedR_umap_cpu_binary_knn","UMAP","cpu","embedding_from_precomputed_knn",1,1,1440,16384,30,,"float32",,3,3,"success",5.133,5.0845,5.1595,0.0749999999999993,0.0760679520779504,5.036,5.186,,,,,,,,,,,,,,,,,,,,,,,,,,,,,5.133,5.0845,5.1595,0.0749999999999993,0.0760679520779504,5.036,5.186,0.542007446289062,0.541994094848633,0.542118072509766,0.000123977661132812,0.000136105062674799,0.541980743408203,0.542228698730469,,,,,,,,,,,,,,,0.891022427864533,0.875454662296767,0.892460317460318,0.01700565516355,0.0188611621912003,0.859886896729002,0.893898207056102,0.515811965811966,0.510470085470085,0.529487179487179,0.0190170940170941,0.0196162690897923,0.505128205128205,0.543162393162393,0.541880341880342,0.522435897435897,0.556517094017094,0.0340811965811966,0.0341940432753227,0.502991452991453,0.571153846153846,0.599230769230769,0.581923076923077,0.599294871794872,0.0173717948717945,0.02002231387268,0.564615384615385,0.599358974358974,0.43345569911569,0.424533697337476,0.445347998577383,0.020814301239907,0.0208848276399022,0.415611695559262,0.457240298039076,0.538461538461538,0.525641025641026,0.567307692307692,0.0416666666666665,0.0426815905030729,0.512820512820513,0.596153846153846,,,,,,,,,,,,,,,,,,,,,,,,,,,,,,,,,,,,,,,,,,,,,,,,,,,,,,,,,,,,,,,,,,,,,,,,,,,,,,,,,,,,,"standard","cpu1","/Users/stefano/Documents/fastEmbedR-results/COIL20/standard/cpu1/20260721_084502_1071167/benchmark_summary_median_variability.csv"
"COIL20","fastEmbedR_umap_cpu_fuzzy_full","UMAP","cpu","full_pipeline",1,1,1440,16384,30,,"float32",,3,3,"success",14.755,14.637,14.8585,0.221499999999999,0.221658145199614,14.519,14.962,0.018,0.017,0.0185000000000001,0.00150000000000005,0.00152752523165199,0.016,0.0190000000000001,13.501,13.406,13.593,0.187000000000001,0.187008021218343,13.311,13.685,,,,,,,,,,,,,,,0.998999999999999,0.981,1.0055,0.0244999999999996,0.0253837218179939,0.963000000000001,1.012,0.536342620849609,0.536285400390625,0.536344528198242,5.91278076171875e-05,6.72007764776805e-05,0.536228179931641,0.536346435546875,,,,,,,,,,,,,,,0.851057130004498,0.836755349913245,0.861374590321959,0.024619240408714,0.0247264756820566,0.822453569821991,0.871692050639419,0.49957264957265,0.488675213675214,0.513675213675214,0.025,0.0250683920958333,0.477777777777778,0.527777777777778,0.49017094017094,0.462606837606838,0.496474358974359,0.0338675213675215,0.0360233428242964,0.435042735042735,0.502777777777778,0.536923076923077,0.503525641025641,0.544807692307693,0.0412820512820515,0.0438312190289113,0.470128205128205,0.552692307692308,0.531104081420008,0.529610192250619,0.538745041307248,0.00913484905662898,0.00980004898410288,0.52811630308123,0.546386001194488,0.602564102564103,0.586538461538461,0.644230769230769,0.057692307692308,0.0595613669434462,0.57051282051282,0.685897435897436,,,,,,,,,,,,,,,,,,,,,,,,,,,,,,,,,,,,,,,,,,,,,,,,,,,,,,,,,,,,,,,,,,,,,,,,,,,,,,,,,,,,,"standard","cpu1","/Users/stefano/Documents/fastEmbedR-results/COIL20/standard/cpu1/20260721_084502_1071167/benchmark_summary_median_variability.csv"
"COIL20","fastEmbedR_umap_cpu_fuzzy_knn","UMAP","cpu","embedding_from_precomputed_knn",1,1,1440,16384,30,,"float32",,3,3,"success",1.082,1.0525,1.102,0.0495000000000001,0.0498029450267084,1.023,1.122,,,,,,,,,,,,,,,,,,,,,,,,,,,,,1.082,1.0525,1.102,0.0495000000000001,0.0498029450267084,1.023,1.122,0.537460327148438,0.537307739257812,0.537578582763672,0.000270843505859375,0.000271567866982387,0.537155151367188,0.537696838378906,,,,,,,,,,,,,,,0.851057130004498,0.836755349913245,0.861374590321959,0.024619240408714,0.0247264756820566,0.822453569821991,0.871692050639419,0.49957264957265,0.488675213675214,0.513675213675214,0.025,0.0250683920958333,0.477777777777778,0.527777777777778,0.49017094017094,0.462606837606838,0.496474358974359,0.0338675213675215,0.0360233428242964,0.435042735042735,0.502777777777778,0.536923076923077,0.503525641025641,0.544807692307693,0.0412820512820515,0.0438312190289113,0.470128205128205,0.552692307692308,0.531104081420008,0.529610192250619,0.538745041307248,0.00913484905662898,0.00980004898410288,0.52811630308123,0.546386001194488,0.602564102564103,0.586538461538461,0.644230769230769,0.057692307692308,0.0595613669434462,0.57051282051282,0.685897435897436,,,,,,,,,,,,,,,,,,,,,,,,,,,,,,,,,,,,,,,,,,,,,,,,,,,,,,,,,,,,,,,,,,,,,,,,,,,,,,,,,,,,,"standard","cpu1","/Users/stefano/Documents/fastEmbedR-results/COIL20/standard/cpu1/20260721_084502_1071167/benchmark_summary_median_variability.csv"
"COIL20","umap_package","UMAP","cpu","full_pipeline",1,1,1440,16384,30,,"standard_R_double",,3,3,"success",40.868,40.521,41.055,0.533999999999999,0.541931114933746,40.174,41.242,,,,,,,,,,,,,,,,,,,,,,,,,,,,,,,,,,,,1.41562652587891,1.41547775268555,1.41572952270508,0.00025177001953125,0.000253153381699174,1.41532897949219,1.41583251953125,,,,,,,,,,,,,,,0.831418289313026,0.830859199280252,0.843470856628751,0.0126116573484994,0.0142508680821159,0.830300109247478,0.855523423944477,0.511538461538461,0.509188034188034,0.521794871794871,0.0126068376068375,0.0134077294752594,0.506837606837607,0.532051282051282,0.536538461538462,0.528632478632479,0.552564102564103,0.0239316239316241,0.0243864492426577,0.520726495726496,0.568589743589744,0.58,0.57301282051282,0.586538461538461,0.013525641025641,0.0135281218610346,0.566025641025641,0.593076923076923,0.466870046319513,0.464460650286424,0.484648433823244,0.0201877835368195,0.0220518004647625,0.462051254253335,0.502426821326974,0.557692307692308,0.509615384615385,0.628205128205129,0.118589743589744,0.119295084206905,0.461538461538462,0.698717948717949,,,,,,,,,,,,,,,,,,,,,,,,,,,,,,,,,,,,,,,,,,,,,,,,,,,,,,,,,,,,,,,,,,,,,,,,,,,,,,,,,,,,,"standard","cpu1","/Users/stefano/Documents/fastEmbedR-results/COIL20/standard/cpu1/20260721_084502_1071167/benchmark_summary_median_variability.csv"
"COIL20","umap_package_knn","UMAP","cpu","embedding_from_precomputed_knn",1,1,1440,16384,30,,"standard_R_double",,3,3,"success",5.805,5.781,5.919,0.138000000000001,0.147458468729334,5.757,6.033,,,,,,,,,,,,,,,,,,,,,,,,,,,,,5.805,5.781,5.919,0.138000000000001,0.147458468729334,5.757,6.033,1.0464973449707,1.04646492004395,1.04661750793457,0.000152587890625,0.000160776404002543,1.04643249511719,1.04673767089844,,,,,,,,,,,,,,,0.813334618597777,0.803876678876679,0.823552470920892,0.019675792044213,0.0196806829561718,0.794418739155581,0.833770323244007,0.505128205128205,0.499786324786325,0.509615384615385,0.00982905982906007,0.00984143900251636,0.494444444444444,0.514102564102564,0.492307692307692,0.459508547008547,0.506517094017094,0.047008547008547,0.0482182159295866,0.426709401709402,0.520726495726496,0.567564102564103,0.540576923076924,0.570128205128206,0.029551282051282,0.0327430476030857,0.513589743589744,0.572692307692308,0.496371752305045,0.489866833521082,0.512135585190136,0.0222687516690541,0.0229013783648209,0.483361914737119,0.527899418075227,0.602564102564103,0.580128205128206,0.647435897435897,0.067307692307692,0.0685427988561767,0.557692307692308,0.692307692307692,,,,,,,,,,,,,,,,,,,,,,,,,,,,,,,,,,,,,,,,,,,,,,,,,,,,,,,,,,,,,,,,,,,,,,,,,,,,,,,,,,,,,"standard","cpu1","/Users/stefano/Documents/fastEmbedR-results/COIL20/standard/cpu1/20260721_084502_1071167/benchmark_summary_median_variability.csv"
"COIL20","uwot_default","UMAP","cpu","full_pipeline",1,1,1440,16384,30,,"standard_R_double",,3,3,"success",23.346,23.2835,23.627,0.343500000000002,0.365932143072092,23.221,23.908,,,,,,,,,,,,,,,,,,,,,,,,,,,,,,,,,,,,1.05645751953125,1.05586242675781,1.0566520690918,0.000789642333984375,0.000822808181828875,1.05526733398438,1.05684661865234,,,,,,,,,,,,,,,0.855378831694621,0.84628558575927,0.862303193882141,0.016017608122871,0.0160664802891526,0.837192339823919,0.869227556069661,0.527350427350427,0.526495726495727,0.533760683760684,0.00726495726495702,0.00794151559245933,0.525641025641026,0.54017094017094,0.555555555555556,0.550747863247864,0.571153846153847,0.0204059829059831,0.0213358026686512,0.545940170940171,0.586752136752137,0.575128205128205,0.571217948717949,0.590576923076923,0.0193589743589745,0.0204731186304453,0.567307692307692,0.606025641025641,0.495440052977097,0.48786935835239,0.511009658344191,0.0231402999918005,0.0235966312863811,0.480298663727684,0.526579263711285,0.596153846153846,0.528846153846154,0.634615384615385,0.105769230769231,0.107072391592885,0.461538461538462,0.673076923076923,,,,,,,,,,,,,,,,,,,,,,,,,,,,,,,,,,,,,,,,,,,,,,,,,,,,,,,,,,,,,,,,,,,,,,,,,,,,,,,,,,,,,"standard","cpu1","/Users/stefano/Documents/fastEmbedR-results/COIL20/standard/cpu1/20260721_084502_1071167/benchmark_summary_median_variability.csv"
"COIL20","uwot_fast_sgd","UMAP","cpu","full_pipeline",1,1,1440,16384,30,,"standard_R_double",,3,3,"success",22.474,22.4725,23.04,0.567499999999999,0.65442824918652,22.471,23.606,,,,,,,,,,,,,,,,,,,,,,,,,,,,,,,,,,,,1.0566520690918,1.05595970153809,1.05668830871582,0.000728607177734375,0.000821200162050268,1.05526733398438,1.05672454833984,,,,,,,,,,,,,,,0.854189962084699,0.852167277167277,0.863573999100315,0.011406721933038,0.0121727759157685,0.850144592249855,0.872958036115931,0.533333333333333,0.526709401709402,0.539102564102564,0.0123931623931625,0.0124029826501655,0.52008547008547,0.544871794871795,0.559401709401709,0.544551282051282,0.572329059829059,0.0277777777777775,0.0277999582713526,0.529700854700855,0.58525641025641,0.591538461538462,0.588589743589744,0.59724358974359,0.0086538461538459,0.00879895746220247,0.585641025641026,0.602948717948718,0.493758780549461,0.4849277109258,0.496218330180152,0.011290619254353,0.0118747704042522,0.476096641302138,0.498677879810844,0.576923076923077,0.53525641025641,0.612179487179487,0.0769230769230765,0.0770120567988889,0.493589743589744,0.647435897435897,,,,,,,,,,,,,,,,,,,,,,,,,,,,,,,,,,,,,,,,,,,,,,,,,,,,,,,,,,,,,,,,,,,,,,,,,,,,,,,,,,,,,"standard","cpu1","/Users/stefano/Documents/fastEmbedR-results/COIL20/standard/cpu1/20260721_084502_1071167/benchmark_summary_median_variability.csv"
"COIL20","uwot_knn","UMAP","cpu","embedding_from_precomputed_knn",1,1,1440,16384,30,,"standard_R_double",,3,3,"success",2.333,2.2525,2.377,0.124499999999999,0.126270872862008,2.172,2.421,,,,,,,,,,,,,,,,,,,,,,,,,,,,,2.333,2.2525,2.377,0.124499999999999,0.126270872862008,2.172,2.421,0.746421813964844,0.746271133422852,0.74650764465332,0.00023651123046875,0.000239456460840327,0.746120452880859,0.746593475341797,,,,,,,,,,,,,,,0.840517961570593,0.830933101985734,0.844065291433713,0.013132189447979,0.0135869418221287,0.821348242400874,0.847612621296832,0.50042735042735,0.496153846153846,0.504487179487179,0.00833333333333347,0.00833424642524804,0.491880341880342,0.508547008547009,0.427136752136752,0.414209401709402,0.463247863247863,0.0490384615384615,0.0508324007224374,0.401282051282051,0.499358974358974,0.469487179487179,0.444551282051282,0.512820512820513,0.0682692307692305,0.0690905909104552,0.419615384615385,0.556153846153846,0.52928939818924,0.527644895887268,0.537285557802837,0.009640661915569,0.0103145631207406,0.526000393585296,0.545281717416434,0.532051282051282,0.522435897435898,0.621794871794872,0.0993589743589745,0.109601013702839,0.512820512820513,0.711538461538462,,,,,,,,,,,,,,,,,,,,,,,,,,,,,,,,,,,,,,,,,,,,,,,,,,,,,,,,,,,,,,,,,,,,,,,,,,,,,,,,,,,,,"standard","cpu1","/Users/stefano/Documents/fastEmbedR-results/COIL20/standard/cpu1/20260721_084502_1071167/benchmark_summary_median_variability.csv"
"COIL20","fastEmbedR_pca_cpu","PCA","cpu","pca_only",4,4,1440,16384,,,"float32",,3,3,"success",1.786,1.7275,1.79,0.0625,0.0699738046223966,1.669,1.794,,,,,,,,,,,,,,,1.786,1.7275,1.79,0.0625,0.0699738046223966,1.669,1.794,,,,,,,,,,,,,,,1.01764297485352,1.01754379272461,1.02369499206543,0.00615119934082031,0.00704622843600304,1.0174446105957,1.02974700927734,,,,,,,,,,,,,,,,,,,,,,,,,,,,,,,,,,,,,,,,,,,,,,,,,,,,,,,,,,,,,,,,,,,,,,,,,,,,,,,,,,,,,,,,,,,,,,,,,,,,,,,,,,,,,,,,,,,,,,,,,,,,,,,,,,,,,,,,,,,,,"standard","cpu4","/Users/stefano/Documents/fastEmbedR-results/COIL20/standard/cpu4/20260721_084502_1071178/benchmark_summary_median_variability.csv"
"COIL20","irlba_pca","PCA","cpu","pca_only",4,4,1440,16384,,,"standard_R_double",,3,3,"success",1.115,1.0955,1.3945,0.299,0.334565887880599,1.076,1.674,,,,,,,,,,,,,,,1.115,1.0955,1.3945,0.299,0.334565887880599,1.076,1.674,,,,,,,,,,,,,,,0.596408843994141,0.596345901489258,0.59648323059082,0.0001373291015625,0.000137487955405732,0.596282958984375,0.5965576171875,,,,,,,,,,,,,,,,,,,,,,,,,,,,,,,,,,,,,,,,,,,,,,,,,,,,,,,,,,,,,,,,,,,,,,,,,,,,,,,,,,,,,,,,,,,,,,,,,,,,,,,,,,,,,,,,,,,,,,,,,,,,,,,,,,,,,,,,,,,,,"standard","cpu4","/Users/stefano/Documents/fastEmbedR-results/COIL20/standard/cpu4/20260721_084502_1071178/benchmark_summary_median_variability.csv"
"COIL20","fastEmbedR_opentsne_cpu_full","t-SNE","cpu","full_pipeline",4,4,1440,16384,,30,"float32",,3,3,"success",16.438,16.356,17.3255,0.969499999999996,1.07527066360057,16.274,18.213,0.01,0.00950000000000006,0.0135000000000001,0.00399999999999999,0.00435889894354069,0.00900000000000012,0.0170000000000001,12.435,12.389,13.1495,0.7605,0.852833121620715,12.343,13.864,,,,,,,,,,,,,,,2.149,2.1175,2.2635,0.146,0.153663051295142,2.086,2.378,1.01515197753906,1.01513290405273,1.01566696166992,0.0005340576171875,0.000605964790722852,1.01511383056641,1.01618194580078,,,,,,,,,,,,,,,0.905713000449843,0.899063363537048,0.911104684788896,0.0120413212518475,0.0120632043441805,0.892413726624253,0.916496369127948,0.521794871794872,0.520299145299145,0.535470085470086,0.0151709401709401,0.0167213654243706,0.518803418803419,0.549145299145299,0.574358974358974,0.568055555555556,0.581410256410256,0.0133547008547005,0.0133616790885118,0.561752136752137,0.588461538461538,0.656153846153846,0.654487179487179,0.661474358974359,0.00698717948717953,0.00729868991153352,0.652820512820513,0.666794871794872,0.457890075855963,0.453099458953909,0.458473505971879,0.00537404701796995,0.00589750129878496,0.448308842051855,0.459056936087795,0.576923076923077,0.548076923076923,0.592948717948718,0.044871794871795,0.0454781979781898,0.519230769230769,0.608974358974359,0.721785448278456,0.71973609968086,0.722870143995916,0.00313404431505604,0.00318314605829725,0.717686751083264,0.723954839713376,,,,,,,,,,,,,,,,,,,,,,,,,,,,,,,,,,,,,,,,,,,,,,,,,,,,,,,,,,,,,,,,,,,,,,,,,,,,,,"standard","cpu4","/Users/stefano/Documents/fastEmbedR-results/COIL20/standard/cpu4/20260721_084502_1071178/benchmark_summary_median_variability.csv"
"COIL20","fastEmbedR_opentsne_cpu_knn","t-SNE","cpu","embedding_from_precomputed_knn",4,4,1440,16384,,30,"float32",,3,3,"success",1.598,1.5765,1.675,0.0985,0.103580886267689,1.555,1.752,,,,,,,,,,,,,,,,,,,,,,,,,,,,,1.598,1.5765,1.675,0.0985,0.103580886267689,1.555,1.752,0.681556701660156,0.678050994873047,0.681753158569336,0.00370216369628906,0.00416610060916039,0.674545288085938,0.681949615478516,,,,,,,,,,,,,,,0.90050446629394,0.896500867553499,0.909449906818328,0.0129490392648289,0.0132596462228298,0.892497268813058,0.918395347342716,0.522649572649573,0.521794871794872,0.537820512820513,0.0160256410256411,0.0180316223988854,0.520940170940171,0.552991452991453,0.57008547008547,0.569017094017094,0.589957264957265,0.020940170940171,0.0235870079754902,0.567948717948718,0.60982905982906,0.667692307692308,0.660512820512821,0.668205128205128,0.00769230769230789,0.00860153547036558,0.653333333333333,0.668717948717949,0.448066927852898,0.44786451757847,0.449488865224284,0.00162434764581354,0.00177038245995941,0.447662107304043,0.45091080259567,0.576923076923077,0.560897435897436,0.596153846153846,0.03525641025641,0.0353049394056798,0.544871794871795,0.615384615384615,0.723870538443995,0.723870538443995,0.723870538443995,0,0,0.723870538443995,0.723870538443995,,,,,,,,,,,,,,,,,,,,,,,,,,,,,,,,,,,,,,,,,,,,,,,,,,,,,,,,,,,,,,,,,,,,,,,,,,,,,,"standard","cpu4","/Users/stefano/Documents/fastEmbedR-results/COIL20/standard/cpu4/20260721_084502_1071178/benchmark_summary_median_variability.csv"
"COIL20","KlugerLab_FItSNE","t-SNE","cpu","full_pipeline",4,4,1440,16384,,30,"standard_R_double",,3,3,"success",21.694,21.5315,21.754,0.222499999999997,0.230235386796499,21.369,21.814,,,,,,,,,,,,,,,,,,,,,,,,,,,,,,,,,,,,1.32224655151367,1.32222366333008,1.32228469848633,6.103515625e-05,6.16676618091946e-05,1.32220077514648,1.32232284545898,,,,,,,,,,,,,,,0.870143306985412,0.866430499325236,0.872665638455112,0.00623513912987594,0.00627290771138932,0.86271769166506,0.875187969924812,0.57948717948718,0.578632478632479,0.583974358974359,0.00534188034187999,0.00573881398247358,0.577777777777778,0.588461538461538,0.626282051282051,0.622542735042735,0.627777777777778,0.00523504273504249,0.00539291857441168,0.618803418803419,0.629273504273504,0.639871794871795,0.635448717948718,0.643076923076923,0.00762820512820495,0.00766054696727488,0.631025641025641,0.646282051282051,0.39408073810194,0.381748334324119,0.396559092206128,0.014810757882009,0.0158658747220662,0.369415930546298,0.399037446310316,0.621794871794872,0.605769230769231,0.628205128205129,0.0224358974358975,0.0231125081760513,0.58974358974359,0.634615384615385,1.01821545469563,1.01673240992864,1.0184228782591,0.00169046833045994,0.0018439323002493,1.01524936516166,1.01863030182258,,,,,,,,,,,,,,,,,,,,,,,,,,,,,,,,,,,,,,,,,,,,,,,,,,,,,,,,,,,,,,,,,,,,,,,,,,,,,,"standard","cpu4","/Users/stefano/Documents/fastEmbedR-results/COIL20/standard/cpu4/20260721_084502_1071178/benchmark_summary_median_variability.csv"
"COIL20","Rtsne_full","t-SNE","cpu","full_pipeline",4,4,1440,16384,,30,"standard_R_double",,3,3,"success",8.238,8.194,8.609,0.415000000000001,0.455925432499658,8.15,8.98,,,,,,,,,,,,,,,,,,,,,,,,,,,,,,,,,,,,1.58675765991211,1.56815528869629,1.60047912597656,0.0323238372802734,0.0324464410203514,1.54955291748047,1.61420059204102,,,,,,,,,,,,,,,0.844871794871795,0.836157701947176,0.847370027633185,0.0112123256860099,0.0117726471030138,0.827443609022556,0.849868260394576,0.530769230769231,0.513247863247864,0.533547008547008,0.0202991452991449,0.0220116585635483,0.495726495726496,0.536324786324786,0.527991452991453,0.526282051282052,0.53525641025641,0.0089743589743585,0.00953032973428885,0.52457264957265,0.542521367521367,0.540384615384615,0.533974358974359,0.573205128205128,0.039230769230769,0.0420898301531739,0.527564102564103,0.606025641025641,0.464582856357673,0.456883214041169,0.466295457874944,0.00941224383377454,0.0100268915005427,0.449183571724665,0.468008059392214,0.58974358974359,0.58974358974359,0.641025641025641,0.051282051282051,0.0592154122245767,0.58974358974359,0.692307692307692,0.962016725852954,0.951283180566607,0.964680069023754,0.0133968884571475,0.0141840053485787,0.94054963528026,0.967343412194555,,,,,,,,,,,,,,,,,,,,,,,,,,,,,,,,,,,,,,,,,,,,,,,,,,,,,,,,,,,,,,,,,,,,,,,,,,,,,,"standard","cpu4","/Users/stefano/Documents/fastEmbedR-results/COIL20/standard/cpu4/20260721_084502_1071178/benchmark_summary_median_variability.csv"
"COIL20","Rtsne_neighbors","t-SNE","cpu","embedding_from_precomputed_knn",4,4,1440,16384,,30,"standard_R_double",,3,3,"success",1.055,1.04,1.077,0.0369999999999999,0.0372200662725543,1.025,1.099,,,,,,,,,,,,,,,,,,,,,,,,,,,,,1.055,1.04,1.077,0.0369999999999999,0.0372200662725543,1.025,1.099,0.775569915771484,0.775527954101562,0.775785446166992,0.000257492065429688,0.000276304538374638,0.775485992431641,0.7760009765625,,,,,,,,,,,,,,,0.86001221001221,0.852414690572585,0.864152368099737,0.011737677527151,0.0119061968278867,0.844817171132961,0.868292526187263,0.544871794871795,0.539102564102564,0.550641025641025,0.0115384615384615,0.0115384615384615,0.533333333333333,0.556410256410256,0.587393162393162,0.585363247863248,0.5875,0.00213675213675235,0.00240799736529603,0.583333333333333,0.587606837606838,0.644102564102564,0.642820512820513,0.645064102564102,0.00224358974358951,0.00225120806684863,0.641538461538462,0.646025641025641,0.430796861989329,0.430106716015397,0.434011149597915,0.00390443358251846,0.00416753707412767,0.429416570041464,0.437225437206501,0.647435897435897,0.621794871794872,0.682692307692307,0.0608974358974359,0.0611499488087786,0.596153846153846,0.717948717948718,0.963946530037469,0.963946530037469,0.963946530037469,0,0,0.963946530037469,0.963946530037469,,,,,,,,,,,,,,,,,,,,,,,,,,,,,,,,,,,,,,,,,,,,,,,,,,,,,,,,,,,,,,,,,,,,,,,,,,,,,,"standard","cpu4","/Users/stefano/Documents/fastEmbedR-results/COIL20/standard/cpu4/20260721_084502_1071178/benchmark_summary_median_variability.csv"
"COIL20","fastEmbedR_umap_cpu_binary_full","UMAP","cpu","full_pipeline",4,4,1440,16384,30,,"float32",,3,3,"success",13.705,13.4485,14.0435,0.595000000000001,0.596880501719844,13.192,14.382,0.0149999999999999,0.0125,0.0155,0.003,0.0032145502536643,0.01,0.016,12.705,12.4945,13.0375,0.542999999999999,0.547549388944351,12.284,13.37,,,,,,,,,,,,,,,0.706,0.662,0.715,0.053,0.0567215420570821,0.618,0.724,0.542892456054688,0.542732238769531,0.543251037597656,0.000518798828125,0.000531289328260075,0.542572021484375,0.543609619140625,,,,,,,,,,,,,,,0.804771544245228,0.803505558768717,0.807838506522717,0.00433294775400039,0.00445596327611861,0.802239573292205,0.810905468800206,0.447008547008547,0.445299145299145,0.449358974358974,0.00405982905982899,0.00407666325391852,0.443589743589744,0.451709401709402,0.438034188034188,0.410042735042735,0.444017094017094,0.033974358974359,0.0362727967150005,0.382051282051282,0.45,0.439230769230769,0.421474358974359,0.450641025641025,0.0291666666666665,0.0293959010859924,0.403717948717949,0.462051282051282,0.238511512701319,0.177022946580853,0.277377828695637,0.100354882114784,0.101201240594482,0.115534380460387,0.316244144689955,0.493589743589744,0.448717948717949,0.512820512820513,0.064102564102564,0.0657897620441908,0.403846153846154,0.532051282051282,,,,,,,,,,,,,,,,,,,,,,,,,,,,,,,,,,,,,,,,,,,,,,,,,,,,,,,,,,,,,,,,,,,,,,,,,,,,,,,,,,,,,"standard","cpu4","/Users/stefano/Documents/fastEmbedR-results/COIL20/standard/cpu4/20260721_084502_1071178/benchmark_summary_median_variability.csv"
"COIL20","fastEmbedR_umap_cpu_binary_knn","UMAP","cpu","embedding_from_precomputed_knn",4,4,1440,16384,30,,"float32",,3,3,"success",0.718,0.713,0.732,0.019,0.0196977156035922,0.708,0.746,,,,,,,,,,,,,,,,,,,,,,,,,,,,,0.718,0.713,0.732,0.019,0.0196977156035922,0.708,0.746,0.543182373046875,0.540773391723633,0.549182891845703,0.00840950012207031,0.00866137437800414,0.538364410400391,0.555183410644531,,,,,,,,,,,,,,,0.804771544245228,0.803505558768717,0.807838506522717,0.00433294775400039,0.00445596327611861,0.802239573292205,0.810905468800206,0.447008547008547,0.445299145299145,0.449358974358974,0.00405982905982899,0.00407666325391852,0.443589743589744,0.451709401709402,0.438034188034188,0.410042735042735,0.444017094017094,0.033974358974359,0.0362727967150005,0.382051282051282,0.45,0.439230769230769,0.421474358974359,0.450641025641025,0.0291666666666665,0.0293959010859924,0.403717948717949,0.462051282051282,0.238511512701319,0.177022946580853,0.277377828695637,0.100354882114784,0.101201240594482,0.115534380460387,0.316244144689955,0.493589743589744,0.448717948717949,0.512820512820513,0.064102564102564,0.0657897620441908,0.403846153846154,0.532051282051282,,,,,,,,,,,,,,,,,,,,,,,,,,,,,,,,,,,,,,,,,,,,,,,,,,,,,,,,,,,,,,,,,,,,,,,,,,,,,,,,,,,,,"standard","cpu4","/Users/stefano/Documents/fastEmbedR-results/COIL20/standard/cpu4/20260721_084502_1071178/benchmark_summary_median_variability.csv"
"COIL20","fastEmbedR_umap_cpu_fuzzy_full","UMAP","cpu","full_pipeline",4,4,1440,16384,30,,"float32",,3,3,"success",13.469,13.447,13.8275,0.380500000000001,0.42722866632909,13.425,14.186,0.01,0.00949999999999995,0.0164999999999999,0.007,0.00781024967590663,0.0089999999999999,0.0229999999999999,12.882,12.864,13.237,0.372999999999999,0.42069624829957,12.846,13.592,,,,,,,,,,,,,,,0.282,0.281,0.288999999999999,0.00799999999999901,0.00871779788708042,0.280000000000001,0.295999999999999,0.543449401855469,0.54002571105957,0.543609619140625,0.00358390808105469,0.00404901019821154,0.536602020263672,0.543769836425781,,,,,,,,,,,,,,,0.826791337317653,0.825875586401902,0.839901034637876,0.0140254482359744,0.0156932249030714,0.824959835486151,0.8530107319581,0.495299145299145,0.490811965811966,0.511324786324786,0.0205128205128206,0.0215674408221291,0.486324786324786,0.527350427350427,0.48482905982906,0.469551282051282,0.496047008547009,0.0264957264957265,0.0265992028677808,0.454273504273504,0.507264957264957,0.531153846153846,0.511730769230769,0.549935897435897,0.0382051282051284,0.0382069207403727,0.492307692307692,0.568717948717949,0.543671330318049,0.539682981129534,0.548830919019833,0.0091479378903,0.00917289676041692,0.535694631941018,0.553990507721618,0.628205128205128,0.592948717948718,0.631410256410256,0.0384615384615384,0.0426815905030729,0.557692307692308,0.634615384615385,,,,,,,,,,,,,,,,,,,,,,,,,,,,,,,,,,,,,,,,,,,,,,,,,,,,,,,,,,,,,,,,,,,,,,,,,,,,,,,,,,,,,"standard","cpu4","/Users/stefano/Documents/fastEmbedR-results/COIL20/standard/cpu4/20260721_084502_1071178/benchmark_summary_median_variability.csv"
"COIL20","fastEmbedR_umap_cpu_fuzzy_knn","UMAP","cpu","embedding_from_precomputed_knn",4,4,1440,16384,30,,"float32",,3,3,"success",0.418,0.394,0.4305,0.0365,0.0370989667421255,0.37,0.443,,,,,,,,,,,,,,,,,,,,,,,,,,,,,0.418,0.394,0.4305,0.0365,0.0370989667421255,0.37,0.443,0.543327331542969,0.543210983276367,0.543386459350586,0.00017547607421875,0.000178558803382392,0.543094635009766,0.543445587158203,,,,,,,,,,,,,,,0.826791337317653,0.825875586401902,0.839901034637876,0.0140254482359744,0.0156932249030714,0.824959835486151,0.8530107319581,0.495299145299145,0.490811965811966,0.511324786324786,0.0205128205128206,0.0215674408221291,0.486324786324786,0.527350427350427,0.48482905982906,0.469551282051282,0.496047008547009,0.0264957264957265,0.0265992028677808,0.454273504273504,0.507264957264957,0.531153846153846,0.511730769230769,0.549935897435897,0.0382051282051284,0.0382069207403727,0.492307692307692,0.568717948717949,0.543671330318049,0.539682981129534,0.548830919019833,0.0091479378903,0.00917289676041692,0.535694631941018,0.553990507721618,0.628205128205128,0.592948717948718,0.631410256410256,0.0384615384615384,0.0426815905030729,0.557692307692308,0.634615384615385,,,,,,,,,,,,,,,,,,,,,,,,,,,,,,,,,,,,,,,,,,,,,,,,,,,,,,,,,,,,,,,,,,,,,,,,,,,,,,,,,,,,,"standard","cpu4","/Users/stefano/Documents/fastEmbedR-results/COIL20/standard/cpu4/20260721_084502_1071178/benchmark_summary_median_variability.csv"
"COIL20","umap_package","UMAP","cpu","full_pipeline",4,4,1440,16384,30,,"standard_R_double",,3,3,"success",40.474,39.704,41.0005,1.29650000000001,1.30409981724304,38.934,41.527,,,,,,,,,,,,,,,,,,,,,,,,,,,,,,,,,,,,1.41672897338867,1.41670417785645,1.42606544494629,0.00936126708984375,0.0107951729179297,1.41667938232422,1.43540191650391,,,,,,,,,,,,,,,0.831418289313026,0.830859199280252,0.843470856628751,0.0126116573484994,0.0142508680821159,0.830300109247478,0.855523423944477,0.511538461538461,0.509188034188034,0.521794871794871,0.0126068376068375,0.0134077294752594,0.506837606837607,0.532051282051282,0.536538461538462,0.528632478632479,0.552564102564103,0.0239316239316241,0.0243864492426577,0.520726495726496,0.568589743589744,0.58,0.57301282051282,0.586538461538461,0.013525641025641,0.0135281218610346,0.566025641025641,0.593076923076923,0.466870046319513,0.464460650286424,0.484648433823244,0.0201877835368195,0.0220518004647625,0.462051254253335,0.502426821326974,0.557692307692308,0.509615384615385,0.628205128205129,0.118589743589744,0.119295084206905,0.461538461538462,0.698717948717949,,,,,,,,,,,,,,,,,,,,,,,,,,,,,,,,,,,,,,,,,,,,,,,,,,,,,,,,,,,,,,,,,,,,,,,,,,,,,,,,,,,,,"standard","cpu4","/Users/stefano/Documents/fastEmbedR-results/COIL20/standard/cpu4/20260721_084502_1071178/benchmark_summary_median_variability.csv"
"COIL20","umap_package_knn","UMAP","cpu","embedding_from_precomputed_knn",4,4,1440,16384,30,,"standard_R_double",,3,3,"success",5.663,5.4005,5.8445,0.444,0.446456044868921,5.138,6.026,,,,,,,,,,,,,,,,,,,,,,,,,,,,,5.663,5.4005,5.8445,0.444,0.446456044868921,5.138,6.026,1.0474967956543,1.04730796813965,1.04752540588379,0.000217437744140625,0.000236295786528756,1.047119140625,1.04755401611328,,,,,,,,,,,,,,,0.813334618597777,0.803876678876679,0.823552470920892,0.019675792044213,0.0196806829561718,0.794418739155581,0.833770323244007,0.505128205128205,0.499786324786325,0.509615384615385,0.00982905982906007,0.00984143900251636,0.494444444444444,0.514102564102564,0.492307692307692,0.459508547008547,0.506517094017094,0.047008547008547,0.0482182159295866,0.426709401709402,0.520726495726496,0.567564102564103,0.540576923076924,0.570128205128206,0.029551282051282,0.0327430476030857,0.513589743589744,0.572692307692308,0.496371752305045,0.489866833521082,0.512135585190136,0.0222687516690541,0.0229013783648209,0.483361914737119,0.527899418075227,0.602564102564103,0.580128205128206,0.647435897435897,0.067307692307692,0.0685427988561767,0.557692307692308,0.692307692307692,,,,,,,,,,,,,,,,,,,,,,,,,,,,,,,,,,,,,,,,,,,,,,,,,,,,,,,,,,,,,,,,,,,,,,,,,,,,,,,,,,,,,"standard","cpu4","/Users/stefano/Documents/fastEmbedR-results/COIL20/standard/cpu4/20260721_084502_1071178/benchmark_summary_median_variability.csv"
"COIL20","uwot_default","UMAP","cpu","full_pipeline",4,4,1440,16384,30,,"standard_R_double",,3,3,"success",22.766,22.738,22.9155,0.177500000000002,0.190858586393173,22.71,23.065,,,,,,,,,,,,,,,,,,,,,,,,,,,,,,,,,,,,1.07488250732422,1.06919097900391,1.10369873046875,0.0345077514648438,0.0370004785743443,1.06349945068359,1.13251495361328,,,,,,,,,,,,,,,0.855378831694621,0.84628558575927,0.862303193882141,0.016017608122871,0.0160664802891526,0.837192339823919,0.869227556069661,0.527350427350427,0.526495726495727,0.533760683760684,0.00726495726495702,0.00794151559245933,0.525641025641026,0.54017094017094,0.555555555555556,0.550747863247864,0.571153846153847,0.0204059829059831,0.0213358026686512,0.545940170940171,0.586752136752137,0.575128205128205,0.571217948717949,0.590576923076923,0.0193589743589745,0.0204731186304453,0.567307692307692,0.606025641025641,0.495440052977097,0.48786935835239,0.511009658344191,0.0231402999918005,0.0235966312863811,0.480298663727684,0.526579263711285,0.596153846153846,0.528846153846154,0.634615384615385,0.105769230769231,0.107072391592885,0.461538461538462,0.673076923076923,,,,,,,,,,,,,,,,,,,,,,,,,,,,,,,,,,,,,,,,,,,,,,,,,,,,,,,,,,,,,,,,,,,,,,,,,,,,,,,,,,,,,"standard","cpu4","/Users/stefano/Documents/fastEmbedR-results/COIL20/standard/cpu4/20260721_084502_1071178/benchmark_summary_median_variability.csv"
"COIL20","uwot_fast_sgd","UMAP","cpu","full_pipeline",4,4,1440,16384,30,,"standard_R_double",,3,3,"success",23.495,23.383,24.4705,1.0875,1.19632785361427,23.271,25.446,,,,,,,,,,,,,,,,,,,,,,,,,,,,,,,,,,,,1.06206512451172,1.05854225158691,1.06279373168945,0.00425148010253906,0.00454727648349746,1.05501937866211,1.06352233886719,,,,,,,,,,,,,,,0.860404215667374,0.853841334104492,0.869237195552985,0.0153958614484929,0.0154515478795107,0.84727845254161,0.878070175438596,0.539316239316239,0.529273504273504,0.548076923076923,0.018803418803419,0.0188179819284651,0.519230769230769,0.556837606837607,0.581623931623932,0.558653846153847,0.589957264957265,0.0313034188034186,0.0324239962551368,0.535683760683761,0.598290598290598,0.585897435897436,0.576987179487179,0.589038461538462,0.012051282051282,0.0125031225554165,0.568076923076923,0.592179487179487,0.485856242279451,0.485030293498321,0.504145461629594,0.019115168131273,0.021611222216147,0.484204344717191,0.522434680979737,0.647435897435897,0.548076923076923,0.657051282051282,0.108974358974359,0.120665024816201,0.448717948717949,0.666666666666667,,,,,,,,,,,,,,,,,,,,,,,,,,,,,,,,,,,,,,,,,,,,,,,,,,,,,,,,,,,,,,,,,,,,,,,,,,,,,,,,,,,,,"standard","cpu4","/Users/stefano/Documents/fastEmbedR-results/COIL20/standard/cpu4/20260721_084502_1071178/benchmark_summary_median_variability.csv"
"COIL20","uwot_knn","UMAP","cpu","embedding_from_precomputed_knn",4,4,1440,16384,30,,"standard_R_double",,3,3,"success",1.88,1.851,1.8965,0.0455000000000001,0.0460687891455086,1.822,1.913,,,,,,,,,,,,,,,,,,,,,,,,,,,,,1.88,1.851,1.8965,0.0455000000000001,0.0460687891455086,1.822,1.913,0.747314453125,0.743049621582031,0.751567840576172,0.00851821899414062,0.00851822155663281,0.738784790039062,0.755821228027344,,,,,,,,,,,,,,,0.803685495790759,0.80170458196774,0.810193753614806,0.00848917164706653,0.00888247243102436,0.799723668144721,0.816702011438854,0.489316239316239,0.488675213675213,0.492948717948718,0.00427350427350448,0.00460931330124344,0.488034188034188,0.496581196581197,0.458760683760684,0.436431623931624,0.483867521367522,0.0474358974358975,0.047463000137053,0.414102564102564,0.508974358974359,0.47025641025641,0.457948717948718,0.485576923076923,0.027628205128205,0.0276829083446868,0.445641025641026,0.500897435897436,0.529085191827196,0.523940661857778,0.53282434406495,0.00888368220717251,0.00892065982691775,0.51879613188836,0.536563496302705,0.58974358974359,0.557692307692308,0.625,0.0673076923076921,0.0673331250281567,0.525641025641026,0.66025641025641,,,,,,,,,,,,,,,,,,,,,,,,,,,,,,,,,,,,,,,,,,,,,,,,,,,,,,,,,,,,,,,,,,,,,,,,,,,,,,,,,,,,,"standard","cpu4","/Users/stefano/Documents/fastEmbedR-results/COIL20/standard/cpu4/20260721_084502_1071178/benchmark_summary_median_variability.csv"
"COIL20","fastEmbedR_pca_cuda","PCA","cuda","pca_only",1,,1440,16384,,,"float32",,3,3,"success",1.846,1.8405,1.8795,0.0390000000000001,0.0422176898152106,1.835,1.913,,,,,,,,,,,,,,,1.846,1.8405,1.8795,0.0390000000000001,0.0422176898152106,1.835,1.913,,,,,,,,,,,,,,,1.16511154174805,1.16242980957031,1.17116355895996,0.00873374938964844,0.00894788534450401,1.15974807739258,1.17721557617188,437,437,487,50,57.7350269189626,437,537,437,437,487,50,57.7350269189626,437,537,,,,,,,,,,,,,,,,,,,,,,,,,,,,,,,,,,,,,,,,,,,,,,,,,,,,,,,,,,,,,,,,,,,,,,,,,,,,,,,,,,,,,,,,,,,,,,,,,,,,,,,,,,,,,,,,,,,,,,,,,,,,,,,"standard","cuda","/Users/stefano/Documents/fastEmbedR-results/COIL20/standard/cuda/20260721_192838_1071189/benchmark_summary_median_variability.csv"
"COIL20","fastEmbedR_opentsne_cuda_full","t-SNE","cuda","full_pipeline",1,,1440,16384,,30,"float32",,3,3,"success",6.42,6.41,6.541,0.131,0.145835523793073,6.4,6.662,0.02,0.02,0.0205,0.000500000000000049,0.000577350269189682,0.02,0.0210000000000001,0.327,0.3265,0.339,0.0125,0.0141539158303747,0.326,0.351,,,,,,,,,,,,,,,5.818,5.81,5.9305,0.120500000000001,0.134760280993078,5.802,6.043,1.24110412597656,1.24102210998535,1.24840927124023,0.00738716125488281,0.00848300360924925,1.24094009399414,1.25571441650391,8285,8285,8285,0,0,8285,8285,8285,8285,8285,0,0,8285,8285,0.9052888631836,0.898484994537626,0.910773729194782,0.0122887346571559,0.0123123077497349,0.891681125891652,0.916258595205964,0.528205128205128,0.523931623931624,0.539529914529915,0.0155982905982904,0.0161208000973162,0.51965811965812,0.550854700854701,0.572222222222222,0.556196581196581,0.572649572649573,0.0164529914529915,0.0187564162608013,0.54017094017094,0.573076923076923,0.659871794871795,0.657884615384616,0.664807692307693,0.00692307692307703,0.00712932721906765,0.655897435897436,0.66974358974359,0.4454442476872,0.445432523968637,0.445561192679595,0.000128668710958013,0.000142288940780844,0.445420800250074,0.44567813767199,0.576923076923077,0.544871794871795,0.580128205128205,0.0352564102564101,0.0389920675019115,0.512820512820513,0.583333333333333,0.724022479489211,0.723709352945872,0.726794079801875,0.00308472685600347,0.00339562034601976,0.723396226402533,0.72956568011454,,,,,,,,,,,,,,,,,,,,,,,,,,,,,,,,,,,,,,,,,,,,,,,,,,,,,,,,,,,,,,,,,,,,,,,,,,,,,,"standard","cuda","/Users/stefano/Documents/fastEmbedR-results/COIL20/standard/cuda/20260721_192838_1071189/benchmark_summary_median_variability.csv"
"COIL20","fastEmbedR_opentsne_cuda_knn","t-SNE","cuda","embedding_from_precomputed_knn",1,,1440,16384,,30,"float32",,3,3,"success",0.377,0.37,0.38,0.01,0.0102632028788938,0.363,0.383,,,,,,,,,,,,,,,,,,,,,,,,,,,,,0.377,0.37,0.38,0.01,0.0102632028788938,0.363,0.383,0.808860778808594,0.808815002441406,0.808929443359375,0.00011444091796875,0.000115201331104595,0.808769226074219,0.808998107910156,453,453,453,0,0,453,453,453,453,453,0,0,453,453,0.903894351262772,0.899540517961571,0.909792108476319,0.0102515905147484,0.0102902708952576,0.895186684660369,0.915689865689866,0.527350427350427,0.526068376068376,0.538461538461539,0.0123931623931626,0.0136306253149924,0.524786324786325,0.54957264957265,0.551709401709402,0.547863247863248,0.568269230769231,0.0204059829059831,0.0216860166352777,0.544017094017094,0.58482905982906,0.657564102564103,0.647307692307693,0.661858974358974,0.0145512820512819,0.0149528076386598,0.637051282051282,0.666153846153846,0.443957969664586,0.44090242490654,0.452593513885965,0.0116910889794255,0.0121268445825138,0.437846880148494,0.461229058107345,0.596153846153846,0.53525641025641,0.605769230769231,0.0705128205128205,0.0764766246503132,0.474358974358974,0.615384615384615,0.728398963669393,0.728253492815358,0.72848992832432,0.000236435508962463,0.000238520561962171,0.728108021961323,0.728580892979248,,,,,,,,,,,,,,,,,,,,,,,,,,,,,,,,,,,,,,,,,,,,,,,,,,,,,,,,,,,,,,,,,,,,,,,,,,,,,,"standard","cuda","/Users/stefano/Documents/fastEmbedR-results/COIL20/standard/cuda/20260721_192838_1071189/benchmark_summary_median_variability.csv"
"COIL20","fastEmbedR_umap_cuda_binary_full","UMAP","cuda","full_pipeline",1,,1440,16384,30,,"float32",,3,3,"success",0.615,0.608,0.6265,0.0185000000000001,0.0186815416922694,0.601,0.638,0.02,0.0195000000000001,0.0225,0.003,0.00321455025366434,0.0190000000000001,0.0250000000000001,0.342,0.3295,0.3495,0.02,0.0202072594216369,0.317,0.357,,,,,,,,,,,,,,,0.0289999999999999,0.0284999999999999,0.029,0.000500000000000049,0.000577350269189625,0.028,0.0290000000000001,1.03459167480469,1.03457260131836,1.03471374511719,0.000141143798828125,0.00015315902633579,1.03455352783203,1.03483581542969,2265,2265,2265,0,0,2265,2265,2265,2265,2265,0,0,2265,2265,0.870066191118823,0.869977829188356,0.884960799434484,0.0149829702461285,0.01725005434009,0.869889467257888,0.899855407750145,0.524358974358974,0.517735042735042,0.544017094017094,0.0262820512820516,0.0273381828004212,0.511111111111111,0.563675213675214,0.544017094017094,0.543482905982906,0.57275641025641,0.0292735042735039,0.0334979771250956,0.542948717948718,0.601495726495726,0.602435897435897,0.584871794871795,0.613717948717948,0.028846153846154,0.0290732749184899,0.567307692307692,0.625,0.409742826935423,0.40879055839792,0.418208503226092,0.00941794482817299,0.0103689335746236,0.407838289860416,0.426674179516762,0.557692307692308,0.506410256410256,0.57051282051282,0.064102564102564,0.0678397772067844,0.455128205128205,0.583333333333333,,,,,,,,,,,,,,,,,,,,,,,,,,,,,,,,,,,,,,,,,,,,,,,,,,,,,,,,,,,,,,,,,,,,,,,,,,,,,,,,,,,,,"standard","cuda","/Users/stefano/Documents/fastEmbedR-results/COIL20/standard/cuda/20260721_192838_1071189/benchmark_summary_median_variability.csv"
"COIL20","fastEmbedR_umap_cuda_binary_knn","UMAP","cuda","embedding_from_precomputed_knn",1,,1440,16384,30,,"float32",,3,3,"success",0.368,0.358,0.371,0.013,0.0136137185711081,0.348,0.374,,,,,,,,,,,,,,,,,,,,,,,,,,,,,0.368,0.358,0.371,0.013,0.0136137185711081,0.348,0.374,0.667339324951172,0.667232513427734,0.668373107910156,0.00114059448242188,0.00125991314016926,0.667125701904297,0.669406890869141,437,437,437,0,0,437,437,437,437,437,0,0,437,437,0.86247349142086,0.857639290534028,0.8769118308592,0.019272540325172,0.0200543587038885,0.852805089647195,0.891350170297539,0.51965811965812,0.514316239316239,0.539529914529915,0.025213675213675,0.0265725840519175,0.508974358974359,0.559401709401709,0.53034188034188,0.53034188034188,0.568910256410256,0.0385683760683759,0.0445349246105672,0.53034188034188,0.607478632478632,0.6,0.59301282051282,0.620256410256411,0.0272435897435901,0.0283002475345961,0.586025641025641,0.640512820512821,0.410474004753515,0.407219607458521,0.412124368853879,0.004904761395358,0.00499142516474194,0.403965210163527,0.413774732954243,0.538461538461538,0.509615384615384,0.538461538461538,0.0288461538461535,0.0333086693763242,0.480769230769231,0.538461538461538,,,,,,,,,,,,,,,,,,,,,,,,,,,,,,,,,,,,,,,,,,,,,,,,,,,,,,,,,,,,,,,,,,,,,,,,,,,,,,,,,,,,,"standard","cuda","/Users/stefano/Documents/fastEmbedR-results/COIL20/standard/cuda/20260721_192838_1071189/benchmark_summary_median_variability.csv"
"COIL20","fastEmbedR_umap_cuda_fuzzy_full","UMAP","cuda","full_pipeline",1,,1440,16384,30,,"float32",,3,3,"success",0.602,0.6,0.6175,0.0175,0.019157244060668,0.598,0.633,0.02,0.02,0.0225,0.00249999999999995,0.00288675134594807,0.02,0.0249999999999999,0.331,0.3245,0.342,0.0175,0.0176918060129541,0.318,0.353,,,,,,,,,,,,,,,0.024,0.024,0.029,0.005,0.00577350269189626,0.024,0.034,1.03472900390625,1.0346508026123,1.03564643859863,0.000995635986328125,0.00110727680201891,1.03457260131836,1.03656387329102,2265,2265,2265,0,0,2265,2265,2265,2265,2265,0,0,2265,2265,0.859902962534541,0.859668401773664,0.874019985862091,0.0143515840884265,0.0164380317602871,0.859433841012788,0.888137009189641,0.518803418803419,0.50491452991453,0.522222222222222,0.0173076923076925,0.0183329514700004,0.491025641025641,0.525641025641026,0.514102564102564,0.5125,0.528846153846154,0.016346153846154,0.0180210690728427,0.510897435897436,0.543589743589744,0.572179487179487,0.563525641025641,0.578974358974359,0.0154487179487179,0.015485955405296,0.554871794871795,0.585769230769231,0.539616151106626,0.538385740745603,0.542223072115463,0.00383733136985953,0.00391876331214615,0.53715533038458,0.544829993124299,0.602564102564103,0.573717948717949,0.641025641025641,0.0673076923076924,0.0675362420054664,0.544871794871795,0.67948717948718,,,,,,,,,,,,,,,,,,,,,,,,,,,,,,,,,,,,,,,,,,,,,,,,,,,,,,,,,,,,,,,,,,,,,,,,,,,,,,,,,,,,,"standard","cuda","/Users/stefano/Documents/fastEmbedR-results/COIL20/standard/cuda/20260721_192838_1071189/benchmark_summary_median_variability.csv"
"COIL20","fastEmbedR_umap_cuda_fuzzy_knn","UMAP","cuda","embedding_from_precomputed_knn",1,,1440,16384,30,,"float32",,3,3,"success",0.359,0.3585,0.3675,0.00900000000000001,0.0101159939369957,0.358,0.376,,,,,,,,,,,,,,,,,,,,,,,,,,,,,0.359,0.3585,0.3675,0.00900000000000001,0.0101159939369957,0.358,0.376,0.662055969238281,0.662046432495117,0.663965225219727,0.00191879272460938,0.00221014552645578,0.662036895751953,0.665874481201172,437,437,437,0,0,437,437,437,437,437,0,0,437,437,0.840325171904119,0.833460253197095,0.857954180322601,0.0244939271255059,0.0252700285279163,0.826595334490071,0.875583188741083,0.500854700854701,0.497222222222222,0.521153846153846,0.0239316239316235,0.0257937049800382,0.493589743589744,0.541452991452991,0.481837606837607,0.469551282051282,0.505235042735043,0.0356837606837609,0.0362558000864746,0.457264957264957,0.528632478632479,0.531153846153846,0.518076923076923,0.551794871794872,0.0337179487179485,0.0339995874721977,0.505,0.572435897435897,0.536582585036498,0.536295222625994,0.54641747486676,0.010122252240766,0.011525844164429,0.53600786021549,0.556252364697022,0.634615384615385,0.618589743589744,0.634615384615385,0.016025641025641,0.0185048163201803,0.602564102564103,0.634615384615385,,,,,,,,,,,,,,,,,,,,,,,,,,,,,,,,,,,,,,,,,,,,,,,,,,,,,,,,,,,,,,,,,,,,,,,,,,,,,,,,,,,,,"standard","cuda","/Users/stefano/Documents/fastEmbedR-results/COIL20/standard/cuda/20260721_192838_1071189/benchmark_summary_median_variability.csv"
"FashionMNIST","fastEmbedR_pca_cpu","PCA","cpu","pca_only",1,1,70000,784,,,"float32",,3,3,"success",2.495,2.4385,2.507,0.0684999999999998,0.0731596427911819,2.382,2.519,,,,,,,,,,,,,,,2.495,2.4385,2.507,0.0684999999999998,0.0731596427911819,2.382,2.519,,,,,,,,,,,,,,,1.68910598754883,1.68904304504395,1.69121932983398,0.00217628479003906,0.00247741705014258,1.68898010253906,1.69333267211914,,,,,,,,,,,,,,,,,,,,,,,,,,,,,,,,,,,,,,,,,,,,,,,,,,,,,,,,,,,,,,,,,,,,,,,,,,,,,,,,,,,,,,,,,,,,,,,,,,,,,,,,,,,,,,,,,,,,,,,,,,,,,,,,,,,,,,,,,,,,,"standard","cpu1","/Users/stefano/Documents/fastEmbedR-results/FashionMNIST/standard/cpu1/20260721_084502_1071168/benchmark_summary_median_variability.csv"
"FashionMNIST","irlba_pca","PCA","cpu","pca_only",1,1,70000,784,,,"standard_R_double",,3,3,"success",1.963,1.9475,1.967,0.0195000000000001,0.0205993527406406,1.932,1.971,,,,,,,,,,,,,,,1.963,1.9475,1.967,0.0195000000000001,0.0205993527406406,1.932,1.971,,,,,,,,,,,,,,,1.15192794799805,1.15182304382324,1.15202331542969,0.000200271606445312,0.000200347280586099,1.15171813964844,1.15211868286133,,,,,,,,,,,,,,,,,,,,,,,,,,,,,,,,,,,,,,,,,,,,,,,,,,,,,,,,,,,,,,,,,,,,,,,,,,,,,,,,,,,,,,,,,,,,,,,,,,,,,,,,,,,,,,,,,,,,,,,,,,,,,,,,,,,,,,,,,,,,,"standard","cpu1","/Users/stefano/Documents/fastEmbedR-results/FashionMNIST/standard/cpu1/20260721_084502_1071168/benchmark_summary_median_variability.csv"
"FashionMNIST","fastEmbedR_opentsne_cpu_full","t-SNE","cpu","full_pipeline",1,1,70000,784,,30,"float32",,3,3,"success",126.793,125.378,127.106,1.72799999999999,1.84140851886086,123.963,127.419,0.038,0.0375,0.043,0.00549999999999995,0.00608276253029819,0.0370000000000001,0.048,42.752,42.6845,43.123,0.438500000000005,0.472214287515037,42.617,43.494,,,,,,,,,,,,,,,81.078,79.3425,81.4975,2.155,2.28501867242553,77.607,81.917,1.73391342163086,1.73390197753906,1.73417854309082,0.000276565551757812,0.000312952456653272,1.73389053344727,1.73444366455078,,,,,,,,,,,,,,,0.962653078597575,0.961346767361069,0.964425837870121,0.00307907050905254,0.0030908250985498,0.960040456124563,0.966198597142668,0.499813258636788,0.496825396825397,0.511017740429505,0.014192343604108,0.0149641871908536,0.493837535014006,0.522222222222222,0.552941176470588,0.549509803921568,0.557469654528478,0.00795985060690962,0.00798501316113604,0.546078431372549,0.561998132586368,0.575378151260504,0.574817927170868,0.577731092436975,0.00291316526610652,0.00309157080658447,0.574257703081232,0.580084033613445,0.120558477377342,0.113085237612476,0.128124591564642,0.0150393539521655,0.0150394495417207,0.105611997847611,0.135690705751942,0.7296918767507,0.721288515406163,0.735294117647058,0.0140056022408959,0.0140986637446695,0.712885154061625,0.740896358543417,1.84514026299038,1.84460904285298,1.84545853790612,0.000849495053139915,0.000858345541017788,1.84407782271558,1.84577681282186,,,,,,,,,,,,,,,,,,,,,,,,,,,,,,,,,,,,,,,,,,,,,,,,,,,,,,,,,,,,,,,,,,,,,,,,,,,,,,"standard","cpu1","/Users/stefano/Documents/fastEmbedR-results/FashionMNIST/standard/cpu1/20260721_084502_1071168/benchmark_summary_median_variability.csv"
"FashionMNIST","fastEmbedR_opentsne_cpu_knn","t-SNE","cpu","embedding_from_precomputed_knn",1,1,70000,784,,30,"float32",,3,3,"success",80.377,79.543,81.4995,1.95649999999999,1.96357743247709,78.709,82.622,,,,,,,,,,,,,,,,,,,,,,,,,,,,,80.377,79.543,81.4995,1.95649999999999,1.96357743247709,78.709,82.622,0.731288909912109,0.731218338012695,0.731416702270508,0.0001983642578125,0.000201096425675922,0.731147766113281,0.731544494628906,,,,,,,,,,,,,,,0.963063044803063,0.961809094115215,0.965360017620169,0.00355092350495456,0.00360162317000895,0.960555143427366,0.967656990437275,0.498692810457516,0.495658263305322,0.509757236227824,0.0140989729225024,0.0148416313459811,0.492623716153128,0.520821661998133,0.553408029878618,0.549556489262371,0.557096171802054,0.00753968253968251,0.00754027270794172,0.545704948646125,0.56078431372549,0.575070028011204,0.5743837535014,0.577296918767507,0.00291316526610652,0.00304593138585045,0.573697478991597,0.57952380952381,0.122750106668824,0.113196619251118,0.130065379067995,0.016868759816878,0.0169181833121226,0.103643131833411,0.137380651467167,0.733893557422969,0.72829131652661,0.738095238095238,0.00980392156862753,0.00983721172068423,0.722689075630252,0.742296918767507,1.84748360932667,1.84748360932667,1.84748360932667,0,0,1.84748360932667,1.84748360932667,,,,,,,,,,,,,,,,,,,,,,,,,,,,,,,,,,,,,,,,,,,,,,,,,,,,,,,,,,,,,,,,,,,,,,,,,,,,,,"standard","cpu1","/Users/stefano/Documents/fastEmbedR-results/FashionMNIST/standard/cpu1/20260721_084502_1071168/benchmark_summary_median_variability.csv"
"FashionMNIST","KlugerLab_FItSNE","t-SNE","cpu","full_pipeline",1,1,70000,784,,30,"standard_R_double",,3,3,"success",246.951,240.1775,251.2255,11.048,11.1418118365013,233.404,255.5,,,,,,,,,,,,,,,,,,,,,,,,,,,,,,,,,,,,2.91349792480469,2.9134521484375,2.91359329223633,0.000141143798828125,0.000144018505195798,2.91340637207031,2.91368865966797,,,,,,,,,,,,,,,0.930558156692489,0.928725942861467,0.93270554724543,0.00397960438396305,0.00398376243956272,0.926893729030445,0.934852937798371,0.464239028944911,0.461391223155929,0.46844070961718,0.00704948646125103,0.00709269002334279,0.458543417366947,0.472642390289449,0.517413632119515,0.51451914098973,0.518884220354809,0.00436507936507946,0.00444181843555349,0.511624649859944,0.520354808590103,0.540924369747899,0.5390756302521,0.542801120448179,0.0037254901960786,0.00372552529767312,0.537226890756302,0.544677871148459,0.126919929643289,0.112386075789888,0.129373265539272,0.0169871897493836,0.0183633036321916,0.0978522219364877,0.131826601435255,0.733893557422969,0.733193277310924,0.739495798319328,0.00630252100840312,0.00690879952705329,0.73249299719888,0.745098039215686,1.96290103135083,1.96119062559901,1.96393151717966,0.00274089158065016,0.00276885963724621,1.95948021984719,1.96496200300849,,,,,,,,,,,,,,,,,,,,,,,,,,,,,,,,,,,,,,,,,,,,,,,,,,,,,,,,,,,,,,,,,,,,,,,,,,,,,,"standard","cpu1","/Users/stefano/Documents/fastEmbedR-results/FashionMNIST/standard/cpu1/20260721_084502_1071168/benchmark_summary_median_variability.csv"
"FashionMNIST","Rtsne_full","t-SNE","cpu","full_pipeline",1,1,70000,784,,30,"standard_R_double",,3,3,"success",228.876,212.267,230.275,18.008,20.0350384077496,195.658,231.674,,,,,,,,,,,,,,,,,,,,,,,,,,,,,,,,,,,,2.6268424987793,2.62622261047363,2.62698936462402,0.000766754150390625,0.000813938169227269,2.62560272216797,2.62713623046875,,,,,,,,,,,,,,,0.924001535008601,0.91711737275711,0.928596426510788,0.0114790537536775,0.0115548948618189,0.91023321050562,0.933191318012975,0.464892623716153,0.462464985994397,0.480392156862745,0.0179271708683476,0.0194510052527425,0.460037348272642,0.495891690009337,0.506395891690009,0.503618113912232,0.520704948646125,0.0170868347338935,0.0183380311843897,0.500840336134454,0.535014005602241,0.522549019607843,0.518207282913165,0.534803921568628,0.0165966386554626,0.0172139810281129,0.513865546218487,0.547058823529412,0.132412318407861,0.105042861420953,0.140775515068032,0.0357326536470793,0.0373796091543419,0.0776734044340453,0.149138711728204,0.718487394957983,0.700280112044818,0.722689075630252,0.022408963585434,0.0238232508350568,0.682072829131653,0.726890756302521,1.84315090323158,1.81339175991749,1.84916871313904,0.0357769532215499,0.0383128440490312,1.78363261660339,1.85518652304649,,,,,,,,,,,,,,,,,,,,,,,,,,,,,,,,,,,,,,,,,,,,,,,,,,,,,,,,,,,,,,,,,,,,,,,,,,,,,,"standard","cpu1","/Users/stefano/Documents/fastEmbedR-results/FashionMNIST/standard/cpu1/20260721_084502_1071168/benchmark_summary_median_variability.csv"
"FashionMNIST","Rtsne_neighbors","t-SNE","cpu","embedding_from_precomputed_knn",1,1,70000,784,,30,"standard_R_double",,3,3,"success",151.175,146.9505,155.569,8.61850000000001,8.6190555747135,142.726,159.963,,,,,,,,,,,,,,,,,,,,,,,,,,,,,151.175,146.9505,155.569,8.61850000000001,8.6190555747135,142.726,159.963,0.934680938720703,0.934621810913086,0.934717178344727,9.5367431640625e-05,9.62786061410825e-05,0.934562683105469,0.93475341796875,,,,,,,,,,,,,,,0.932150052495673,0.926661788690392,0.932736085268647,0.00607429657825509,0.00670132091098255,0.921173524885111,0.933322118041621,0.464145658263305,0.459757236227824,0.471615312791783,0.0118580765639585,0.0119907733009734,0.455368814192344,0.479084967320261,0.51624649859944,0.511041083099907,0.518697478991597,0.00765639589169043,0.00781980619776119,0.505835667600373,0.521148459383754,0.541120448179272,0.538473389355743,0.544957983193277,0.00648459383753497,0.00652091775937206,0.535826330532213,0.548795518207283,0.10212941650768,0.0945130272381864,0.106078807296749,0.0115657800585631,0.0117579573473258,0.0868966379686928,0.110028198085819,0.735294117647059,0.719187675070028,0.740196078431372,0.0210084033613445,0.021981806474311,0.703081232492997,0.745098039215686,1.7407521445593,1.7407521445593,1.7407521445593,0,0,1.7407521445593,1.7407521445593,,,,,,,,,,,,,,,,,,,,,,,,,,,,,,,,,,,,,,,,,,,,,,,,,,,,,,,,,,,,,,,,,,,,,,,,,,,,,,"standard","cpu1","/Users/stefano/Documents/fastEmbedR-results/FashionMNIST/standard/cpu1/20260721_084502_1071168/benchmark_summary_median_variability.csv"
"FashionMNIST","fastEmbedR_umap_cpu_binary_full","UMAP","cpu","full_pipeline",1,1,70000,784,30,,"float32",,3,3,"success",169.278,168.7125,169.7495,1.03700000000003,1.03841915108175,168.147,170.221,0.048,0.0444999999999999,0.0505000000000001,0.00600000000000015,0.00602771377334186,0.0409999999999999,0.0530000000000002,43.062,42.908,43.926,1.018,1.09743215431904,42.754,44.79,,,,,,,,,,,,,,,125.066,124.6035,125.979,1.3755,1.39987511347738,124.141,126.892,0.808612823486328,0.808496475219727,0.808645248413086,0.000148773193359375,0.000156464603193574,0.808380126953125,0.808677673339844,,,,,,,,,,,,,,,0.968259643461823,0.967641248491679,0.970458246009451,0.00281699751777198,0.00296105167315799,0.967022853521534,0.972656848557078,0.530345471521942,0.520541549953314,0.530532212885154,0.00999066293183948,0.0114299342744732,0.510737628384687,0.530718954248366,0.595238095238095,0.592156862745098,0.595774976657329,0.00361811391223155,0.00390495271982499,0.589075630252101,0.596311858076564,0.611792717086835,0.609957983193278,0.617843137254902,0.00788515406162449,0.00825225170265162,0.60812324929972,0.623893557422969,0.172861286947742,0.141994746809521,0.193656140094301,0.051661393284781,0.0519876188697285,0.111128206671299,0.214450993240861,0.717086834733894,0.71218487394958,0.730392156862746,0.0182072829131655,0.0188426107101874,0.707282913165266,0.743697478991597,,,,,,,,,,,,,,,,,,,,,,,,,,,,,,,,,,,,,,,,,,,,,,,,,,,,,,,,,,,,,,,,,,,,,,,,,,,,,,,,,,,,,"standard","cpu1","/Users/stefano/Documents/fastEmbedR-results/FashionMNIST/standard/cpu1/20260721_084502_1071168/benchmark_summary_median_variability.csv"
"FashionMNIST","fastEmbedR_umap_cpu_binary_knn","UMAP","cpu","embedding_from_precomputed_knn",1,1,70000,784,30,,"float32",,3,3,"success",122.633,122.5725,123.406,0.833500000000015,0.929484265601093,122.512,124.179,,,,,,,,,,,,,,,,,,,,,,,,,,,,,122.633,122.5725,123.406,0.833500000000015,0.929484265601093,122.512,124.179,0.826652526855469,0.826574325561523,0.826797485351562,0.000223159790039062,0.000226463683409005,0.826496124267578,0.826942443847656,,,,,,,,,,,,,,,0.968259643461823,0.967641248491679,0.970458246009451,0.00281699751777198,0.00296105167315799,0.967022853521534,0.972656848557078,0.530345471521942,0.520541549953314,0.530532212885154,0.00999066293183948,0.0114299342744732,0.510737628384687,0.530718954248366,0.595238095238095,0.592156862745098,0.595774976657329,0.00361811391223155,0.00390495271982499,0.589075630252101,0.596311858076564,0.611792717086835,0.609957983193278,0.617843137254902,0.00788515406162449,0.00825225170265162,0.60812324929972,0.623893557422969,0.172861286947742,0.141994746809521,0.193656140094301,0.051661393284781,0.0519876188697285,0.111128206671299,0.214450993240861,0.717086834733894,0.71218487394958,0.730392156862746,0.0182072829131655,0.0188426107101874,0.707282913165266,0.743697478991597,,,,,,,,,,,,,,,,,,,,,,,,,,,,,,,,,,,,,,,,,,,,,,,,,,,,,,,,,,,,,,,,,,,,,,,,,,,,,,,,,,,,,"standard","cpu1","/Users/stefano/Documents/fastEmbedR-results/FashionMNIST/standard/cpu1/20260721_084502_1071168/benchmark_summary_median_variability.csv"
"FashionMNIST","fastEmbedR_umap_cpu_fuzzy_full","UMAP","cpu","full_pipeline",1,1,70000,784,30,,"float32",,3,3,"success",66.539,66.4355,66.698,0.262500000000017,0.264448482695593,66.332,66.857,0.0410000000000001,0.04,0.0425000000000001,0.00250000000000005,0.00251661147842362,0.0389999999999999,0.044,42.643,42.5985,43.009,0.410499999999999,0.450515630509456,42.554,43.375,,,,,,,,,,,,,,,23.394,23.284,23.541,0.256999999999998,0.257886279847015,23.174,23.688,0.807304382324219,0.807153701782227,0.80743408203125,0.000280380249023438,0.000280641792779213,0.807003021240234,0.807563781738281,,,,,,,,,,,,,,,0.965981047508246,0.965161993403246,0.9681786366259,0.00301664322265349,0.00311987007098362,0.964342939298247,0.970376225743554,0.518767507002801,0.508776844070961,0.522175536881419,0.0133986928104576,0.0139272630118099,0.498786181139122,0.525583566760037,0.577077497665733,0.573459383753502,0.580415499533147,0.00695611577964494,0.00695799547228775,0.56984126984127,0.58375350140056,0.596498599439776,0.591932773109244,0.600728291316526,0.00879551820728297,0.00879765893055189,0.587366946778711,0.604957983193277,0.110674171308314,0.0921127407901645,0.124433449001334,0.0323207082111695,0.0324394061267597,0.0735513102720151,0.138192726694354,0.7296918767507,0.721288515406163,0.735994397759103,0.0147058823529409,0.0147558175810261,0.712885154061625,0.742296918767507,,,,,,,,,,,,,,,,,,,,,,,,,,,,,,,,,,,,,,,,,,,,,,,,,,,,,,,,,,,,,,,,,,,,,,,,,,,,,,,,,,,,,"standard","cpu1","/Users/stefano/Documents/fastEmbedR-results/FashionMNIST/standard/cpu1/20260721_084502_1071168/benchmark_summary_median_variability.csv"
"FashionMNIST","fastEmbedR_umap_cpu_fuzzy_knn","UMAP","cpu","embedding_from_precomputed_knn",1,1,70000,784,30,,"float32",,3,3,"success",23.668,23.6345,23.7965,0.162000000000003,0.171033135191207,23.601,23.925,,,,,,,,,,,,,,,,,,,,,,,,,,,,,23.668,23.6345,23.7965,0.162000000000003,0.171033135191207,23.601,23.925,0.825416564941406,0.825363159179688,0.825445175170898,8.20159912109375e-05,8.32560045108584e-05,0.825309753417969,0.825473785400391,,,,,,,,,,,,,,,0.965981047508246,0.965161993403246,0.9681786366259,0.00301664322265349,0.00311987007098362,0.964342939298247,0.970376225743554,0.518767507002801,0.508776844070961,0.522175536881419,0.0133986928104576,0.0139272630118099,0.498786181139122,0.525583566760037,0.577077497665733,0.573459383753502,0.580415499533147,0.00695611577964494,0.00695799547228775,0.56984126984127,0.58375350140056,0.596498599439776,0.591932773109244,0.600728291316526,0.00879551820728297,0.00879765893055189,0.587366946778711,0.604957983193277,0.110674171308314,0.0921127407901645,0.124433449001334,0.0323207082111695,0.0324394061267597,0.0735513102720151,0.138192726694354,0.7296918767507,0.721288515406163,0.735994397759103,0.0147058823529409,0.0147558175810261,0.712885154061625,0.742296918767507,,,,,,,,,,,,,,,,,,,,,,,,,,,,,,,,,,,,,,,,,,,,,,,,,,,,,,,,,,,,,,,,,,,,,,,,,,,,,,,,,,,,,"standard","cpu1","/Users/stefano/Documents/fastEmbedR-results/FashionMNIST/standard/cpu1/20260721_084502_1071168/benchmark_summary_median_variability.csv"
"FashionMNIST","umap_package_knn","UMAP","cpu","embedding_from_precomputed_knn",1,1,70000,784,30,,"standard_R_double",,3,3,"success",272.525,271.049,274.677,3.62800000000004,3.64893262932237,269.573,276.829,,,,,,,,,,,,,,,,,,,,,,,,,,,,,272.525,271.049,274.677,3.62800000000004,3.64893262932237,269.573,276.829,3.64435195922852,3.64007186889648,3.64450836181641,0.00443649291992188,0.00503495146936977,3.63579177856445,3.6446647644043,,,,,,,,,,,,,,,0.940852308120547,0.938421900356863,0.944241690887643,0.00581979053078041,0.00584606758210606,0.935991492593178,0.947631073654739,0.49281045751634,0.481045751633987,0.495051353874884,0.0140056022408965,0.0150463022061504,0.469281045751634,0.497292250233427,0.55672268907563,0.549019607843137,0.559500466853408,0.010480859010271,0.0108597702692179,0.541316526610644,0.562278244631186,0.58109243697479,0.576974789915967,0.586456582633053,0.00948179271708649,0.0095090647655766,0.572857142857143,0.591820728291316,0.205188821163551,0.186677246371829,0.206836558105764,0.0201593117339355,0.0223873667929967,0.168165671580106,0.208484295047977,0.728291316526611,0.726190476190476,0.746498599439776,0.0203081232492995,0.0223358986254071,0.724089635854342,0.764705882352941,,,,,,,,,,,,,,,,,,,,,,,,,,,,,,,,,,,,,,,,,,,,,,,,,,,,,,,,,,,,,,,,,,,,,,,,,,,,,,,,,,,,,"standard","cpu1","/Users/stefano/Documents/fastEmbedR-results/FashionMNIST/standard/cpu1/20260721_084502_1071168/benchmark_summary_median_variability.csv"
"FashionMNIST","uwot_default","UMAP","cpu","full_pipeline",1,1,70000,784,30,,"standard_R_double",,3,3,"success",149.13,149.0335,149.2425,0.209000000000003,0.20920404712464,148.937,149.355,,,,,,,,,,,,,,,,,,,,,,,,,,,,,,,,,,,,1.40144729614258,1.40143013000488,1.4016056060791,0.00017547607421875,0.000193474485671287,1.40141296386719,1.40176391601562,,,,,,,,,,,,,,,0.943980023268352,0.943197385080419,0.945654209585426,0.00245682450500695,0.00251016719308913,0.942414746892486,0.9473283959025,0.486834733893557,0.483613445378151,0.489775910364145,0.00616246498599449,0.00616458668169721,0.480392156862745,0.492717086834734,0.544491129785247,0.542390289449113,0.54703548085901,0.0046451914098975,0.00465224359774035,0.540289449112978,0.549579831932773,0.567170868347339,0.563389355742297,0.569145658263305,0.00575630252100845,0.0058500513677325,0.559607843137255,0.571120448179272,0.203689817454924,0.194074776340523,0.219871517349245,0.0257967410087225,0.026073847354167,0.184459735226121,0.236053217243566,0.725490196078431,0.718487394957983,0.742296918767507,0.0238095238095239,0.0244730950925888,0.711484593837535,0.759103641456583,,,,,,,,,,,,,,,,,,,,,,,,,,,,,,,,,,,,,,,,,,,,,,,,,,,,,,,,,,,,,,,,,,,,,,,,,,,,,,,,,,,,,"standard","cpu1","/Users/stefano/Documents/fastEmbedR-results/FashionMNIST/standard/cpu1/20260721_084502_1071168/benchmark_summary_median_variability.csv"
"FashionMNIST","uwot_fast_sgd","UMAP","cpu","full_pipeline",1,1,70000,784,30,,"standard_R_double",,3,3,"success",137.288,134.861,138.5165,3.65550000000002,3.72041408985613,132.434,139.745,,,,,,,,,,,,,,,,,,,,,,,,,,,,,,,,,,,,1.40715789794922,1.40438842773438,1.40718841552734,0.00279998779296875,0.00321567289321694,1.40161895751953,1.40721893310547,,,,,,,,,,,,,,,0.945015478453803,0.943548099413426,0.945605024450687,0.00205692503726063,0.00211844382184775,0.94208072037305,0.946194570447571,0.490382819794584,0.485527544351073,0.49140989729225,0.00588235294117651,0.00628387693191265,0.480672268907563,0.492436974789916,0.543977591036415,0.542787114845938,0.548809523809524,0.00602240896358552,0.00637883048887024,0.541596638655462,0.553641456582633,0.566470588235294,0.563445378151261,0.570560224089636,0.00711484593837541,0.00714133741911487,0.560420168067227,0.574649859943978,0.208213742576482,0.196373450898085,0.220157043292611,0.0237835923945265,0.0237836667514269,0.184533159219688,0.232100344008741,0.728291316526611,0.726190476190476,0.741596638655463,0.0154061624649861,0.0167091784950264,0.724089635854342,0.754901960784314,,,,,,,,,,,,,,,,,,,,,,,,,,,,,,,,,,,,,,,,,,,,,,,,,,,,,,,,,,,,,,,,,,,,,,,,,,,,,,,,,,,,,"standard","cpu1","/Users/stefano/Documents/fastEmbedR-results/FashionMNIST/standard/cpu1/20260721_084502_1071168/benchmark_summary_median_variability.csv"
"FashionMNIST","uwot_knn","UMAP","cpu","embedding_from_precomputed_knn",1,1,70000,784,30,,"standard_R_double",,3,3,"success",32.025,31.1955,32.2585,1.063,1.11730673198246,30.366,32.492,,,,,,,,,,,,,,,,,,,,,,,,,,,,,32.025,31.1955,32.2585,1.063,1.11730673198246,30.366,32.492,1.26168060302734,1.26148223876953,1.26176071166992,0.000278472900390625,0.00028672045578133,1.26128387451172,1.2618408203125,,,,,,,,,,,,,,,0.939780774828021,0.937215851125786,0.94236191340984,0.0051460622840549,0.00514607079937171,0.93465092742355,0.94494305199166,0.490289449112979,0.477357609710551,0.491783380018674,0.0144257703081235,0.0158654162433876,0.464425770308123,0.49327731092437,0.552054154995332,0.542296918767508,0.553944911297853,0.0116479925303454,0.0125021157726223,0.532539682539683,0.555835667600374,0.573585434173669,0.563445378151261,0.577058823529412,0.013613445378151,0.0141471095944971,0.553305322128852,0.580532212885154,0.205345137201486,0.186945320022407,0.206606505107197,0.0196611850847905,0.0220107022477018,0.168545502843328,0.207867873012909,0.739495798319328,0.730392156862745,0.746498599439776,0.016106442577031,0.0161520484519201,0.721288515406162,0.753501400560224,,,,,,,,,,,,,,,,,,,,,,,,,,,,,,,,,,,,,,,,,,,,,,,,,,,,,,,,,,,,,,,,,,,,,,,,,,,,,,,,,,,,,"standard","cpu1","/Users/stefano/Documents/fastEmbedR-results/FashionMNIST/standard/cpu1/20260721_084502_1071168/benchmark_summary_median_variability.csv"
"FashionMNIST","fastEmbedR_pca_cpu","PCA","cpu","pca_only",4,4,70000,784,,,"float32",,3,3,"success",2.427,2.4015,2.468,0.0665,0.0670994287109311,2.376,2.509,,,,,,,,,,,,,,,2.427,2.4015,2.468,0.0665,0.0670994287109311,2.376,2.509,,,,,,,,,,,,,,,1.70040130615234,1.69803810119629,1.70161628723145,0.00357818603515625,0.00363907790418429,1.69567489624023,1.70283126831055,,,,,,,,,,,,,,,,,,,,,,,,,,,,,,,,,,,,,,,,,,,,,,,,,,,,,,,,,,,,,,,,,,,,,,,,,,,,,,,,,,,,,,,,,,,,,,,,,,,,,,,,,,,,,,,,,,,,,,,,,,,,,,,,,,,,,,,,,,,,,"standard","cpu4","/Users/stefano/Documents/fastEmbedR-results/FashionMNIST/standard/cpu4/20260721_084502_1071179/benchmark_summary_median_variability.csv"
"FashionMNIST","irlba_pca","PCA","cpu","pca_only",4,4,70000,784,,,"standard_R_double",,3,3,"success",1.472,1.471,1.6025,0.1315,0.15126907593204,1.47,1.733,,,,,,,,,,,,,,,1.472,1.471,1.6025,0.1315,0.15126907593204,1.47,1.733,,,,,,,,,,,,,,,1.15824890136719,1.15820693969727,1.15828704833984,8.0108642578125e-05,8.01389122344397e-05,1.15816497802734,1.1583251953125,,,,,,,,,,,,,,,,,,,,,,,,,,,,,,,,,,,,,,,,,,,,,,,,,,,,,,,,,,,,,,,,,,,,,,,,,,,,,,,,,,,,,,,,,,,,,,,,,,,,,,,,,,,,,,,,,,,,,,,,,,,,,,,,,,,,,,,,,,,,,"standard","cpu4","/Users/stefano/Documents/fastEmbedR-results/FashionMNIST/standard/cpu4/20260721_084502_1071179/benchmark_summary_median_variability.csv"
"FashionMNIST","fastEmbedR_opentsne_cpu_full","t-SNE","cpu","full_pipeline",4,4,70000,784,,30,"float32",,3,3,"success",69.958,69.172,69.9805,0.808500000000009,0.920859924201289,68.386,70.003,0.0279999999999998,0.0239999999999999,0.0284999999999999,0.00450000000000005,0.00493288286231623,0.02,0.0290000000000001,33.779,32.805,34.231,1.426,1.45749922813016,31.831,34.683,,,,,,,,,,,,,,,33.492,32.931,33.516,0.585000000000001,0.662078545189316,32.37,33.54,1.74129486083984,1.74128532409668,1.7415657043457,0.000280380249023438,0.000318392041545031,1.74127578735352,1.74183654785156,,,,,,,,,,,,,,,0.962753205479008,0.961166039015703,0.964913095001628,0.0037470559859254,0.00376161744411678,0.959578872552398,0.967072984524249,0.498225957049486,0.494257703081233,0.509803921568627,0.0155462184873945,0.0161551067513414,0.490289449112979,0.521381886087768,0.553174603174603,0.549579831932773,0.556605975723622,0.00702614379084954,0.00702677709057503,0.545985060690943,0.560037348272642,0.57546218487395,0.574257703081232,0.578067226890757,0.00380952380952404,0.0038943969968529,0.573053221288515,0.580672268907563,0.121039979090181,0.113196227962219,0.12869143538947,0.0154952074272505,0.0154956051505117,0.105352476834258,0.136342891688759,0.736694677871149,0.728291316526611,0.740196078431373,0.0119047619047621,0.0122365475462944,0.719887955182073,0.743697478991597,1.84651607280656,1.84550116977179,1.84661562281602,0.00111445304422508,0.00123340827577918,1.84448626673703,1.84671517282548,,,,,,,,,,,,,,,,,,,,,,,,,,,,,,,,,,,,,,,,,,,,,,,,,,,,,,,,,,,,,,,,,,,,,,,,,,,,,,"standard","cpu4","/Users/stefano/Documents/fastEmbedR-results/FashionMNIST/standard/cpu4/20260721_084502_1071179/benchmark_summary_median_variability.csv"
"FashionMNIST","fastEmbedR_opentsne_cpu_knn","t-SNE","cpu","embedding_from_precomputed_knn",4,4,70000,784,,30,"float32",,3,3,"success",32.007,31.3965,32.502,1.1055,1.1075093679062,30.786,32.997,,,,,,,,,,,,,,,,,,,,,,,,,,,,,32.007,31.3965,32.502,1.1055,1.1075093679062,30.786,32.997,0.755889892578125,0.755744934082031,0.793645858764648,0.0379009246826172,0.0436807668388191,0.755599975585938,0.831401824951172,,,,,,,,,,,,,,,0.963063044803063,0.961809094115215,0.965360017620169,0.00355092350495456,0.00360162317000895,0.960555143427366,0.967656990437275,0.498692810457516,0.495658263305322,0.509757236227824,0.0140989729225024,0.0148416313459811,0.492623716153128,0.520821661998133,0.553408029878618,0.549556489262371,0.557096171802054,0.00753968253968251,0.00754027270794172,0.545704948646125,0.56078431372549,0.575070028011204,0.5743837535014,0.577296918767507,0.00291316526610652,0.00304593138585045,0.573697478991597,0.57952380952381,0.122750106668824,0.113196619251118,0.130065379067995,0.016868759816878,0.0169181833121226,0.103643131833411,0.137380651467167,0.733893557422969,0.72829131652661,0.738095238095238,0.00980392156862753,0.00983721172068423,0.722689075630252,0.742296918767507,1.84748360932667,1.84748360932667,1.84748360932667,0,0,1.84748360932667,1.84748360932667,,,,,,,,,,,,,,,,,,,,,,,,,,,,,,,,,,,,,,,,,,,,,,,,,,,,,,,,,,,,,,,,,,,,,,,,,,,,,,"standard","cpu4","/Users/stefano/Documents/fastEmbedR-results/FashionMNIST/standard/cpu4/20260721_084502_1071179/benchmark_summary_median_variability.csv"
"FashionMNIST","KlugerLab_FItSNE","t-SNE","cpu","full_pipeline",4,4,70000,784,,30,"standard_R_double",,3,3,"success",105.28,104.87,106.3135,1.4435,1.48770841677169,104.46,107.347,,,,,,,,,,,,,,,,,,,,,,,,,,,,,,,,,,,,2.9209098815918,2.9180908203125,2.92097091674805,0.00288009643554688,0.0032909762750871,2.9152717590332,2.9210319519043,,,,,,,,,,,,,,,0.930558156692489,0.928725942861467,0.93270554724543,0.00397960438396305,0.00398376243956272,0.926893729030445,0.934852937798371,0.464239028944911,0.461391223155929,0.46844070961718,0.00704948646125103,0.00709269002334279,0.458543417366947,0.472642390289449,0.517413632119515,0.51451914098973,0.518884220354809,0.00436507936507946,0.00444181843555349,0.511624649859944,0.520354808590103,0.540924369747899,0.5390756302521,0.542801120448179,0.0037254901960786,0.00372552529767312,0.537226890756302,0.544677871148459,0.126919929643289,0.112386075789888,0.129373265539272,0.0169871897493836,0.0183633036321916,0.0978522219364877,0.131826601435255,0.733893557422969,0.733193277310924,0.739495798319328,0.00630252100840312,0.00690879952705329,0.73249299719888,0.745098039215686,1.96290103135083,1.96119062559901,1.96393151717966,0.00274089158065016,0.00276885963724621,1.95948021984719,1.96496200300849,,,,,,,,,,,,,,,,,,,,,,,,,,,,,,,,,,,,,,,,,,,,,,,,,,,,,,,,,,,,,,,,,,,,,,,,,,,,,,"standard","cpu4","/Users/stefano/Documents/fastEmbedR-results/FashionMNIST/standard/cpu4/20260721_084502_1071179/benchmark_summary_median_variability.csv"
"FashionMNIST","Rtsne_full","t-SNE","cpu","full_pipeline",4,4,70000,784,,30,"standard_R_double",,3,3,"success",101.257,98.6605,105.2145,6.554,6.60093601948491,96.064,109.172,,,,,,,,,,,,,,,,,,,,,,,,,,,,,,,,,,,,2.63107681274414,2.62951469421387,2.63146018981934,0.00194549560546875,0.00206109120537434,2.62795257568359,2.63184356689453,,,,,,,,,,,,,,,0.924170169756277,0.920189349256345,0.92586739471476,0.00567804545841499,0.00582910539964201,0.916208528756413,0.927564619673243,0.471148459383753,0.470728291316526,0.481185807656396,0.010457516339869,0.0118401731279477,0.4703081232493,0.491223155929038,0.515686274509804,0.514425770308123,0.518720821661998,0.00429505135387465,0.0044154889041315,0.513165266106443,0.521755368814192,0.522913165266106,0.522843137254902,0.52750700280112,0.00466386554621845,0.00534539609094661,0.522773109243697,0.532100840336134,0.0997006473544386,0.0818881469989911,0.106902751478425,0.0250146044794343,0.0257537817286199,0.0640756466435435,0.114104855602412,0.714285714285714,0.706582633053221,0.735294117647058,0.0287114845938374,0.0297213707607787,0.698879551820728,0.756302521008403,1.84447724119345,1.82845196614675,1.8457064387698,0.0172544726230499,0.0192533493623633,1.81242669110004,1.84693563634614,,,,,,,,,,,,,,,,,,,,,,,,,,,,,,,,,,,,,,,,,,,,,,,,,,,,,,,,,,,,,,,,,,,,,,,,,,,,,,"standard","cpu4","/Users/stefano/Documents/fastEmbedR-results/FashionMNIST/standard/cpu4/20260721_084502_1071179/benchmark_summary_median_variability.csv"
"FashionMNIST","Rtsne_neighbors","t-SNE","cpu","embedding_from_precomputed_knn",4,4,70000,784,,30,"standard_R_double",,3,3,"success",78.391,74.4405,79.163,4.72250000000001,5.0665202062165,70.49,79.935,,,,,,,,,,,,,,,,,,,,,,,,,,,,,78.391,74.4405,79.163,4.72250000000001,5.0665202062165,70.49,79.935,0.935997009277344,0.935888290405273,0.938632965087891,0.00274467468261719,0.0031084103055742,0.935779571533203,0.941268920898438,,,,,,,,,,,,,,,0.932150052495673,0.926661788690392,0.932736085268647,0.00607429657825509,0.00670132091098255,0.921173524885111,0.933322118041621,0.464145658263305,0.459757236227824,0.471615312791783,0.0118580765639585,0.0119907733009734,0.455368814192344,0.479084967320261,0.51624649859944,0.511041083099907,0.518697478991597,0.00765639589169043,0.00781980619776119,0.505835667600373,0.521148459383754,0.541120448179272,0.538473389355743,0.544957983193277,0.00648459383753497,0.00652091775937206,0.535826330532213,0.548795518207283,0.10212941650768,0.0945130272381864,0.106078807296749,0.0115657800585631,0.0117579573473258,0.0868966379686928,0.110028198085819,0.735294117647059,0.719187675070028,0.740196078431372,0.0210084033613445,0.021981806474311,0.703081232492997,0.745098039215686,1.7407521445593,1.7407521445593,1.7407521445593,0,0,1.7407521445593,1.7407521445593,,,,,,,,,,,,,,,,,,,,,,,,,,,,,,,,,,,,,,,,,,,,,,,,,,,,,,,,,,,,,,,,,,,,,,,,,,,,,,"standard","cpu4","/Users/stefano/Documents/fastEmbedR-results/FashionMNIST/standard/cpu4/20260721_084502_1071179/benchmark_summary_median_variability.csv"
"FashionMNIST","fastEmbedR_umap_cpu_binary_full","UMAP","cpu","full_pipeline",4,4,70000,784,30,,"float32",,3,3,"success",121.761,119.985,123.1265,3.14149999999999,3.1504273255121,118.209,124.492,0.024,0.0225,0.0274999999999999,0.0049999999999999,0.00513160143944679,0.0210000000000001,0.0309999999999999,30.428,30.1005,30.978,0.877500000000001,0.886853050585796,29.773,31.528,,,,,,,,,,,,,,,91.06,89.611,91.8615,2.2505,2.28133783849155,88.162,92.663,0.809051513671875,0.809047698974609,0.809181213378906,0.000133514404296875,0.000152014609109278,0.809043884277344,0.809310913085938,,,,,,,,,,,,,,,0.968374228610885,0.967613750758384,0.970421424720395,0.00280767396201154,0.00290429240399974,0.966853272905882,0.972468620829905,0.53015873015873,0.517880485527545,0.53062558356676,0.0127450980392155,0.0144547746980491,0.505602240896359,0.53109243697479,0.593650793650794,0.589939309056956,0.594514472455649,0.00457516339869257,0.00486163066559522,0.586227824463119,0.595378151260504,0.610056022408964,0.60812324929972,0.617254901960784,0.00913165266106453,0.00962450203095423,0.606190476190476,0.624453781512605,0.17216320963768,0.140494783004417,0.207224204168235,0.0667294211638175,0.0667581617070456,0.108826356371154,0.242285198698789,0.718487394957983,0.707983193277311,0.727591036414566,0.0196078431372549,0.0196245093902743,0.697478991596639,0.736694677871149,,,,,,,,,,,,,,,,,,,,,,,,,,,,,,,,,,,,,,,,,,,,,,,,,,,,,,,,,,,,,,,,,,,,,,,,,,,,,,,,,,,,,"standard","cpu4","/Users/stefano/Documents/fastEmbedR-results/FashionMNIST/standard/cpu4/20260721_084502_1071179/benchmark_summary_median_variability.csv"
"FashionMNIST","fastEmbedR_umap_cpu_binary_knn","UMAP","cpu","embedding_from_precomputed_knn",4,4,70000,784,30,,"float32",,3,3,"success",88.851,87.94,89.5615,1.6215,1.62562675092819,87.029,90.272,,,,,,,,,,,,,,,,,,,,,,,,,,,,,88.851,87.94,89.5615,1.6215,1.62562675092819,87.029,90.272,0.82666015625,0.826631546020508,0.826765060424805,0.000133514404296875,0.000140592857281341,0.826602935791016,0.826869964599609,,,,,,,,,,,,,,,0.968075064082555,0.967546594132105,0.970388859837229,0.00284226570512447,0.00302339826700636,0.967018124181655,0.972702655591904,0.528384687208217,0.517927170868347,0.529318394024276,0.011391223155929,0.01264888457283,0.507469654528478,0.530252100840336,0.595704948646125,0.591549953314659,0.596381886087769,0.00483193277310956,0.00523257774767867,0.587394957983193,0.597058823529412,0.611932773109244,0.608963585434174,0.618501400560224,0.00953781512605012,0.00976158659980587,0.605994397759104,0.625070028011204,0.170992612583155,0.143618677491374,0.210122838959143,0.0665041614677685,0.0668496344102499,0.116244742399593,0.24925306533513,0.715686274509804,0.71358543417367,0.724789915966387,0.0112044817927169,0.0119116254175284,0.711484593837535,0.733893557422969,,,,,,,,,,,,,,,,,,,,,,,,,,,,,,,,,,,,,,,,,,,,,,,,,,,,,,,,,,,,,,,,,,,,,,,,,,,,,,,,,,,,,"standard","cpu4","/Users/stefano/Documents/fastEmbedR-results/FashionMNIST/standard/cpu4/20260721_084502_1071179/benchmark_summary_median_variability.csv"
"FashionMNIST","fastEmbedR_umap_cpu_fuzzy_full","UMAP","cpu","full_pipeline",4,4,70000,784,30,,"float32",,3,3,"success",47.722,47.275,49.5005,2.2255,2.35453059723872,46.828,51.279,0.022,0.021,0.023,0.002,0.002,0.02,0.024,30.315,29.8835,31.751,1.8675,1.95547854330681,29.452,33.187,,,,,,,,,,,,,,,17.127,17.1105,17.4565,0.345999999999997,0.390348989153724,17.094,17.786,0.808822631835938,0.808700561523438,0.808832168579102,0.000131607055664062,0.000146770859425134,0.808578491210938,0.808841705322266,,,,,,,,,,,,,,,0.966259267817112,0.965313940337351,0.968628059038376,0.00331411870102594,0.00341449836807909,0.964368612857589,0.970996850259641,0.520821661998133,0.512324929971989,0.524136321195145,0.011811391223156,0.0121844267637802,0.503828197945845,0.527450980392157,0.580999066293184,0.578828197945845,0.582376283846872,0.00354808590102706,0.00357755140962189,0.576657329598506,0.58375350140056,0.601456582633053,0.597983193277311,0.602156862745098,0.00417366946778697,0.00447022316208372,0.594509803921569,0.602857142857143,0.142329104695951,0.126127058935132,0.145579384991116,0.019452326055983,0.0208400831383669,0.109925013174314,0.14882966528628,0.728291316526611,0.724789915966387,0.740896358543418,0.016106442577031,0.0169423410939534,0.721288515406162,0.753501400560224,,,,,,,,,,,,,,,,,,,,,,,,,,,,,,,,,,,,,,,,,,,,,,,,,,,,,,,,,,,,,,,,,,,,,,,,,,,,,,,,,,,,,"standard","cpu4","/Users/stefano/Documents/fastEmbedR-results/FashionMNIST/standard/cpu4/20260721_084502_1071179/benchmark_summary_median_variability.csv"
"FashionMNIST","fastEmbedR_umap_cpu_fuzzy_knn","UMAP","cpu","embedding_from_precomputed_knn",4,4,70000,784,30,,"float32",,3,3,"success",17.763,17.7595,18.0465,0.286999999999999,0.329396923685289,17.756,18.33,,,,,,,,,,,,,,,,,,,,,,,,,,,,,17.763,17.7595,18.0465,0.286999999999999,0.329396923685289,17.756,18.33,0.826656341552734,0.826610565185547,0.826744079589844,0.000133514404296875,0.000135694596068869,0.826564788818359,0.826831817626953,,,,,,,,,,,,,,,0.96600077561174,0.965446699663947,0.968434764161332,0.00298806449738587,0.00317908056477646,0.964892623716153,0.970868752710925,0.511577964519141,0.506535947712418,0.517880485527545,0.011344537815126,0.0113678565197215,0.501493930905696,0.524183006535948,0.577917833800187,0.577591036414566,0.580485527544351,0.00289449112978502,0.0031704812037998,0.577264239028945,0.583053221288515,0.601344537815126,0.59843137254902,0.602450980392157,0.00401960784313737,0.00415274963179246,0.595518207282913,0.603557422969188,0.111717445748756,0.0921901609682456,0.127455239910494,0.0352650789422484,0.0353328818409462,0.0726628761877352,0.143193034072232,0.736694677871149,0.724789915966387,0.738795518207283,0.014005602240896,0.0151061528360067,0.712885154061625,0.740896358543417,,,,,,,,,,,,,,,,,,,,,,,,,,,,,,,,,,,,,,,,,,,,,,,,,,,,,,,,,,,,,,,,,,,,,,,,,,,,,,,,,,,,,"standard","cpu4","/Users/stefano/Documents/fastEmbedR-results/FashionMNIST/standard/cpu4/20260721_084502_1071179/benchmark_summary_median_variability.csv"
"FashionMNIST","umap_package","UMAP","cpu","full_pipeline",4,4,70000,784,30,,"standard_R_double",,3,3,"success",1188.269,1185.6455,1210.619,24.9735000000001,27.4479016137847,1183.022,1232.969,,,,,,,,,,,,,,,,,,,,,,,,,,,,,,,,,,,,8.01639938354492,7.94034957885742,8.37839698791504,0.438047409057617,0.468124891415957,7.86429977416992,8.74039459228516,,,,,,,,,,,,,,,0.942478255170857,0.940700698996434,0.943967794546666,0.00326709555023164,0.00327132458795679,0.938923142822011,0.945457333922474,0.49327731092437,0.484080298786182,0.493370681605976,0.00929038281979444,0.0106741108386133,0.474883286647993,0.493464052287582,0.549766573295985,0.544304388422036,0.552521008403361,0.00821661998132595,0.00836401898114683,0.538842203548086,0.555275443510738,0.571904761904762,0.56609243697479,0.574705882352941,0.00861344537815101,0.00878714356846303,0.560280112044818,0.57750700280112,0.210206905453747,0.196309804718024,0.219334344619988,0.023024539901964,0.023188632161606,0.1824127039823,0.228461783786228,0.736694677871149,0.719887955182073,0.752801120448179,0.0329131652661065,0.0329156484352425,0.703081232492997,0.76890756302521,,,,,,,,,,,,,,,,,,,,,,,,,,,,,,,,,,,,,,,,,,,,,,,,,,,,,,,,,,,,,,,,,,,,,,,,,,,,,,,,,,,,,"standard","cpu4","/Users/stefano/Documents/fastEmbedR-results/FashionMNIST/standard/cpu4/20260721_084502_1071179/benchmark_summary_median_variability.csv"
"FashionMNIST","umap_package_knn","UMAP","cpu","embedding_from_precomputed_knn",4,4,70000,784,30,,"standard_R_double",,3,3,"success",282.545,281.258,287.905,6.64699999999993,7.05070105261407,279.971,293.265,,,,,,,,,,,,,,,,,,,,,,,,,,,,,282.545,281.258,287.905,6.64699999999993,7.05070105261407,279.971,293.265,3.63658905029297,3.63650321960449,3.64099311828613,0.00448989868164062,0.00513565133596475,3.63641738891602,3.6453971862793,,,,,,,,,,,,,,,0.940852308120547,0.938421900356863,0.944241690887643,0.00581979053078041,0.00584606758210606,0.935991492593178,0.947631073654739,0.49281045751634,0.481045751633987,0.495051353874884,0.0140056022408965,0.0150463022061504,0.469281045751634,0.497292250233427,0.55672268907563,0.549019607843137,0.559500466853408,0.010480859010271,0.0108597702692179,0.541316526610644,0.562278244631186,0.58109243697479,0.576974789915967,0.586456582633053,0.00948179271708649,0.0095090647655766,0.572857142857143,0.591820728291316,0.205188821163551,0.186677246371829,0.206836558105764,0.0201593117339355,0.0223873667929967,0.168165671580106,0.208484295047977,0.728291316526611,0.726190476190476,0.746498599439776,0.0203081232492995,0.0223358986254071,0.724089635854342,0.764705882352941,,,,,,,,,,,,,,,,,,,,,,,,,,,,,,,,,,,,,,,,,,,,,,,,,,,,,,,,,,,,,,,,,,,,,,,,,,,,,,,,,,,,,"standard","cpu4","/Users/stefano/Documents/fastEmbedR-results/FashionMNIST/standard/cpu4/20260721_084502_1071179/benchmark_summary_median_variability.csv"
"FashionMNIST","uwot_default","UMAP","cpu","full_pipeline",4,4,70000,784,30,,"standard_R_double",,3,3,"success",78.885,77.2825,79.6105,2.328,2.38242740358092,75.68,80.336,,,,,,,,,,,,,,,,,,,,,,,,,,,,,,,,,,,,1.40271759033203,1.40271186828613,1.4028205871582,0.000108718872070312,0.000122367972811473,1.40270614624023,1.40292358398438,,,,,,,,,,,,,,,0.943980023268352,0.943197385080419,0.945654209585426,0.00245682450500695,0.00251016719308913,0.942414746892486,0.9473283959025,0.486834733893557,0.483613445378151,0.489775910364145,0.00616246498599449,0.00616458668169721,0.480392156862745,0.492717086834734,0.544491129785247,0.542390289449113,0.54703548085901,0.0046451914098975,0.00465224359774035,0.540289449112978,0.549579831932773,0.567170868347339,0.563389355742297,0.569145658263305,0.00575630252100845,0.0058500513677325,0.559607843137255,0.571120448179272,0.203689817454924,0.194074776340523,0.219871517349245,0.0257967410087225,0.026073847354167,0.184459735226121,0.236053217243566,0.725490196078431,0.718487394957983,0.742296918767507,0.0238095238095239,0.0244730950925888,0.711484593837535,0.759103641456583,,,,,,,,,,,,,,,,,,,,,,,,,,,,,,,,,,,,,,,,,,,,,,,,,,,,,,,,,,,,,,,,,,,,,,,,,,,,,,,,,,,,,"standard","cpu4","/Users/stefano/Documents/fastEmbedR-results/FashionMNIST/standard/cpu4/20260721_084502_1071179/benchmark_summary_median_variability.csv"
"FashionMNIST","uwot_fast_sgd","UMAP","cpu","full_pipeline",4,4,70000,784,30,,"standard_R_double",,3,3,"success",61.679,60.8655,62.465,1.59950000000001,1.59957879872588,60.052,63.251,,,,,,,,,,,,,,,,,,,,,,,,,,,,,,,,,,,,1.40840148925781,1.40557479858398,1.40846252441406,0.00288772583007812,0.00329978442987879,1.40274810791016,1.40852355957031,,,,,,,,,,,,,,,0.944238650597721,0.943274878692432,0.945852031116354,0.00257715242392198,0.00260429998265122,0.942311106787143,0.947465411634987,0.489635854341737,0.485574229691877,0.489822595704949,0.00424836601307199,0.00480140819025073,0.481512605042017,0.490009337068161,0.545331465919701,0.543580765639589,0.549439775910364,0.00585901027077496,0.0060150457910816,0.541830065359477,0.553548085901027,0.567871148459384,0.56373949579832,0.571148459383753,0.00740896358543397,0.00742536472805481,0.559607843137255,0.574425770308123,0.205398644480764,0.194995178937814,0.217438697563021,0.022443518625207,0.0224633998882171,0.184591713394864,0.229478750645278,0.717086834733894,0.713585434173669,0.740896358543418,0.027310924369748,0.0297213707607787,0.710084033613445,0.764705882352941,,,,,,,,,,,,,,,,,,,,,,,,,,,,,,,,,,,,,,,,,,,,,,,,,,,,,,,,,,,,,,,,,,,,,,,,,,,,,,,,,,,,,"standard","cpu4","/Users/stefano/Documents/fastEmbedR-results/FashionMNIST/standard/cpu4/20260721_084502_1071179/benchmark_summary_median_variability.csv"
"FashionMNIST","uwot_knn","UMAP","cpu","embedding_from_precomputed_knn",4,4,70000,784,30,,"standard_R_double",,3,3,"success",22.634,22.5025,22.687,0.1845,0.189985087134052,22.371,22.74,,,,,,,,,,,,,,,,,,,,,,,,,,,,,22.634,22.5025,22.687,0.1845,0.189985087134052,22.371,22.74,1.26220703125,1.25808143615723,1.26246452331543,0.00438308715820312,0.00491923368487956,1.25395584106445,1.26272201538086,,,,,,,,,,,,,,,0.940407479923952,0.937662503496334,0.942891261666268,0.00522875816993451,0.00523093231532713,0.934917527068715,0.945375043408584,0.491316526610644,0.47829131652661,0.492483660130719,0.0141923436041085,0.0157573457021156,0.465266106442577,0.493650793650794,0.551727357609711,0.546732026143791,0.554715219421102,0.00798319327731101,0.00806688827083831,0.541736694677871,0.557703081232493,0.574173669467787,0.569859943977591,0.578305322128851,0.00844537815126045,0.00844603234006898,0.565546218487395,0.582436974789916,0.202510213163659,0.183857853912202,0.203545821931171,0.019687968018969,0.022160010166675,0.165205494660745,0.204581430698683,0.722689075630252,0.720588235294118,0.735294117647059,0.0147058823529415,0.0159073062907574,0.718487394957983,0.747899159663866,,,,,,,,,,,,,,,,,,,,,,,,,,,,,,,,,,,,,,,,,,,,,,,,,,,,,,,,,,,,,,,,,,,,,,,,,,,,,,,,,,,,,"standard","cpu4","/Users/stefano/Documents/fastEmbedR-results/FashionMNIST/standard/cpu4/20260721_084502_1071179/benchmark_summary_median_variability.csv"
"FashionMNIST","fastEmbedR_pca_cuda","PCA","cuda","pca_only",1,,70000,784,,,"float32",,3,3,"success",2.766,2.7455,2.7805,0.0350000000000001,0.0351710107901379,2.725,2.795,,,,,,,,,,,,,,,2.766,2.7455,2.7805,0.0350000000000001,0.0351710107901379,2.725,2.795,,,,,,,,,,,,,,,1.87203216552734,1.87198257446289,1.87606811523438,0.00408554077148438,0.00468920694835992,1.87193298339844,1.88010406494141,437,437,437,0,0,437,437,437,437,437,0,0,437,437,,,,,,,,,,,,,,,,,,,,,,,,,,,,,,,,,,,,,,,,,,,,,,,,,,,,,,,,,,,,,,,,,,,,,,,,,,,,,,,,,,,,,,,,,,,,,,,,,,,,,,,,,,,,,,,,,,,,,,,,,,,,,,,"standard","cuda","/Users/stefano/Documents/fastEmbedR-results/FashionMNIST/standard/cuda/20260721_193104_1071190/benchmark_summary_median_variability.csv"
"FashionMNIST","fastEmbedR_opentsne_cuda_full","t-SNE","cuda","full_pipeline",1,,70000,784,,30,"float32",,3,3,"success",1.868,1.8655,1.9165,0.0510000000000002,0.0575007246331152,1.863,1.965,0.0410000000000001,0.041,0.0415000000000001,0.000500000000000056,0.000577350269189628,0.0409999999999999,0.042,0.619,0.6175,0.625,0.00750000000000006,0.00793725393319378,0.616,0.631,,,,,,,,,,,,,,,0.944,0.942,0.9835,0.0415,0.0468081189538738,0.94,1.023,1.45217895507812,1.45205497741699,1.4530029296875,0.000947952270507812,0.0010305073587043,1.45193099975586,1.45382690429688,2807,2807,2807,0,0,2807,2807,2807,2807,2807,0,0,2807,2807,0.965552839563225,0.963278432453541,0.966945832843509,0.00366740038996793,0.00370253819245077,0.961004025343857,0.968338826123793,0.501680672268908,0.496825396825397,0.510504201680672,0.0136788048552755,0.0138693444493324,0.491970121381886,0.519327731092437,0.5562558356676,0.553851540616247,0.559803921568627,0.00595238095238093,0.00598890013593487,0.551447245564893,0.563352007469655,0.58109243697479,0.579971988795518,0.58172268907563,0.00175070028011193,0.00177342856332601,0.578851540616247,0.582352941176471,0.126424444277741,0.119297590556277,0.134239497647399,0.0149419070911215,0.0149471890480551,0.112170736834813,0.142054551017056,0.742296918767507,0.726190476190476,0.744397759103641,0.0182072829131654,0.0199221179209637,0.710084033613445,0.746498599439776,1.82785493496267,1.82715373231231,1.82826231930467,0.00110858699236993,0.00112149075747165,1.82645252966194,1.82866970364668,,,,,,,,,,,,,,,,,,,,,,,,,,,,,,,,,,,,,,,,,,,,,,,,,,,,,,,,,,,,,,,,,,,,,,,,,,,,,,"standard","cuda","/Users/stefano/Documents/fastEmbedR-results/FashionMNIST/standard/cuda/20260721_193104_1071190/benchmark_summary_median_variability.csv"
"FashionMNIST","fastEmbedR_opentsne_cuda_knn","t-SNE","cuda","embedding_from_precomputed_knn",1,,70000,784,,30,"float32",,3,3,"success",0.617,0.614,0.6295,0.0155,0.0164418166068514,0.611,0.642,,,,,,,,,,,,,,,,,,,,,,,,,,,,,0.617,0.614,0.6295,0.0155,0.0164418166068514,0.611,0.642,0.867244720458984,0.867164611816406,0.86729621887207,0.000131607055664062,0.000132639607625684,0.867084503173828,0.867347717285156,553,553,553,0,0,553,553,553,553,553,0,0,553,553,0.964446444279593,0.962749557131102,0.966758550984311,0.00400899385320896,0.00402469834263248,0.96105266998261,0.969070657689028,0.49859943977591,0.496218487394958,0.509430438842204,0.0132119514472455,0.0140839183955504,0.493837535014006,0.520261437908497,0.556489262371615,0.555835667600374,0.560690943043884,0.0048552754435105,0.00526972524451824,0.555182072829132,0.564892623716153,0.57952380952381,0.578837535014006,0.581232492997199,0.002394957983193,0.00246663004337217,0.578151260504202,0.582941176470588,0.12920796109805,0.117872573366064,0.135139530848564,0.017266957482499,0.0175465543710075,0.106537185634079,0.141071100599077,0.728291316526611,0.723389355742297,0.737394957983194,0.0140056022408965,0.0142141338446671,0.718487394957983,0.746498599439776,1.83042989152127,1.82525929481135,1.8312409662838,0.0059816714724501,0.00648964848618307,1.82008869810144,1.83205204104634,,,,,,,,,,,,,,,,,,,,,,,,,,,,,,,,,,,,,,,,,,,,,,,,,,,,,,,,,,,,,,,,,,,,,,,,,,,,,,"standard","cuda","/Users/stefano/Documents/fastEmbedR-results/FashionMNIST/standard/cuda/20260721_193104_1071190/benchmark_summary_median_variability.csv"
"FashionMNIST","fastEmbedR_umap_cuda_binary_full","UMAP","cuda","full_pipeline",1,,70000,784,30,,"float32",,3,3,"success",1.04,1.037,1.0475,0.0105,0.0108166538263919,1.034,1.055,0.042,0.0415,0.042,0.000500000000000049,0.000577350269189686,0.0409999999999999,0.042,0.625,0.624,0.6305,0.00650000000000006,0.00700000000000001,0.623,0.636,,,,,,,,,,,,,,,0.135,0.1345,0.137,0.0025,0.00264575131106459,0.134,0.139,1.12309646606445,1.12082481384277,1.12550926208496,0.0046844482421875,0.00468515697258012,1.11855316162109,1.12792205810547,2807,2807,2807,0,0,2807,2807,2807,2807,2807,0,0,2807,2807,0.968783248948398,0.967031839267304,0.969974366977858,0.00294252771055359,0.00296025532215368,0.96528042958621,0.971165485007317,0.527264239028945,0.517086834733893,0.527450980392157,0.0103641456582635,0.0118611395109512,0.506909430438842,0.527637721755369,0.58608776844071,0.585060690943044,0.586858076563959,0.00179738562091503,0.00180348881545878,0.584033613445378,0.587628384687208,0.605042016806723,0.601386554621849,0.608823529411765,0.00743697478991601,0.00743733085602542,0.597731092436975,0.612605042016807,0.189536921388295,0.161206917184141,0.202541936138622,0.0413350189544805,0.0422713720211907,0.132876912979987,0.215546950888948,0.725490196078431,0.724089635854341,0.726890756302521,0.00280112044817959,0.00280112044817954,0.722689075630252,0.728291316526611,,,,,,,,,,,,,,,,,,,,,,,,,,,,,,,,,,,,,,,,,,,,,,,,,,,,,,,,,,,,,,,,,,,,,,,,,,,,,,,,,,,,,"standard","cuda","/Users/stefano/Documents/fastEmbedR-results/FashionMNIST/standard/cuda/20260721_193104_1071190/benchmark_summary_median_variability.csv"
"FashionMNIST","fastEmbedR_umap_cuda_binary_knn","UMAP","cuda","embedding_from_precomputed_knn",1,,70000,784,30,,"float32",,3,3,"success",1.963,1.9595,2.011,0.0515000000000001,0.0575528742404178,1.956,2.059,,,,,,,,,,,,,,,,,,,,,,,,,,,,,1.963,1.9595,2.011,0.0515000000000001,0.0575528742404178,1.956,2.059,0.846221923828125,0.845550537109375,0.846296310424805,0.000745773315429688,0.000821572204125102,0.844879150390625,0.846370697021484,495,495,495,0,0,495,495,495,495,495,0,0,495,495,0.966750173296526,0.965956522502875,0.969698105966941,0.00374158346406595,0.00394289533466082,0.965162871709224,0.972646038637356,0.519607843137255,0.510550887021476,0.524789915966386,0.0142390289449109,0.0144137036226778,0.501493930905696,0.529971988795518,0.58734827264239,0.583566760037348,0.589682539682539,0.0061157796451915,0.00617259539498897,0.579785247432306,0.592016806722689,0.603305322128852,0.601064425770308,0.60796918767507,0.00690476190476152,0.00704504531730771,0.598823529411765,0.612633053221288,0.199847288191814,0.194944365198939,0.204650630828228,0.0097062656292885,0.00970643590006677,0.190041442206065,0.209453973464642,0.717086834733894,0.716386554621849,0.726890756302522,0.0105042016806725,0.0117457942347425,0.715686274509804,0.736694677871149,,,,,,,,,,,,,,,,,,,,,,,,,,,,,,,,,,,,,,,,,,,,,,,,,,,,,,,,,,,,,,,,,,,,,,,,,,,,,,,,,,,,,"standard","cuda","/Users/stefano/Documents/fastEmbedR-results/FashionMNIST/standard/cuda/20260721_193104_1071190/benchmark_summary_median_variability.csv"
"FashionMNIST","fastEmbedR_umap_cuda_fuzzy_full","UMAP","cuda","full_pipeline",1,,70000,784,30,,"float32",,3,3,"success",0.972,0.968,0.9745,0.00649999999999995,0.00655743852430201,0.964,0.977,0.042,0.0415,0.042,0.000500000000000049,0.000577350269189686,0.0409999999999999,0.042,0.635,0.6315,0.635,0.00350000000000006,0.00404145188432738,0.628,0.635,,,,,,,,,,,,,,,0.0549999999999997,0.0549999999999997,0.0564999999999998,0.00150000000000005,0.00173205080756893,0.0549999999999997,0.0579999999999998,1.12826156616211,1.1280403137207,1.13458251953125,0.00654220581054688,0.00742984347099505,1.1278190612793,1.14090347290039,2807,2807,2807,0,0,2807,2807,2807,2807,2807,0,0,2807,2807,0.964485359990595,0.9636856286171,0.967012786783792,0.0033271581666916,0.00347346493009539,0.962885897243606,0.969540213576989,0.516619981325864,0.504341736694678,0.522829131652661,0.018487394957983,0.0188165283963588,0.492063492063492,0.529038281979458,0.574743230625584,0.567086834733894,0.580485527544351,0.0133986928104575,0.0134441893516017,0.559430438842204,0.586227824463119,0.595518207282913,0.583697478991597,0.596456582633053,0.0127591036414565,0.0142221632524336,0.57187675070028,0.597394957983193,0.0751227127573011,0.0727501847126269,0.156478055510424,0.0837278707977971,0.0953403623240912,0.0703776566679527,0.237833398263547,0.735294117647059,0.727591036414566,0.745098039215687,0.0175070028011205,0.0175489693083217,0.719887955182073,0.754901960784314,,,,,,,,,,,,,,,,,,,,,,,,,,,,,,,,,,,,,,,,,,,,,,,,,,,,,,,,,,,,,,,,,,,,,,,,,,,,,,,,,,,,,"standard","cuda","/Users/stefano/Documents/fastEmbedR-results/FashionMNIST/standard/cuda/20260721_193104_1071190/benchmark_summary_median_variability.csv"
"FashionMNIST","fastEmbedR_umap_cuda_fuzzy_knn","UMAP","cuda","embedding_from_precomputed_knn",1,,70000,784,30,,"float32",,3,3,"success",2.638,2.6355,2.642,0.00649999999999995,0.00655743852430196,2.633,2.646,,,,,,,,,,,,,,,,,,,,,,,,,,,,,2.638,2.6355,2.642,0.00649999999999995,0.00655743852430196,2.633,2.646,0.862083435058594,0.861869812011719,0.869272232055664,0.00740242004394531,0.00842695119159342,0.861656188964844,0.876461029052734,437,437,466,29,33.4863156129983,437,495,437,437,466,29,33.4863156129983,437,495,0.966519922006429,0.965493114756756,0.966804763391126,0.0013116486343695,0.00137982846336287,0.964466307507084,0.967089604775823,0.520634920634921,0.512931839402428,0.522035480859011,0.00910364145658249,0.0098039215686274,0.505228758169935,0.5234360410831,0.578664799253035,0.575957049486462,0.582119514472456,0.00616246498599449,0.00617753676634335,0.573249299719888,0.585574229691877,0.596050420168067,0.595854341736694,0.603011204481792,0.00715686274509797,0.00815318544560458,0.595658263305322,0.609971988795518,0.15540386208024,0.147046730547793,0.190214290505042,0.043167559957249,0.0457897063194453,0.138689599015346,0.225024718929844,0.742296918767507,0.735294117647059,0.743697478991596,0.00840336134453734,0.00900434244723864,0.728291316526611,0.745098039215686,,,,,,,,,,,,,,,,,,,,,,,,,,,,,,,,,,,,,,,,,,,,,,,,,,,,,,,,,,,,,,,,,,,,,,,,,,,,,,,,,,,,,"standard","cuda","/Users/stefano/Documents/fastEmbedR-results/FashionMNIST/standard/cuda/20260721_193104_1071190/benchmark_summary_median_variability.csv"
"FlowRepository_FR-FCM-ZYRM_files","fastEmbedR_pca_cpu","PCA","cpu","pca_only",1,1,5220347,32,,,"float32",,3,3,"success",6.576,6.5595,7.9125,1.353,1.55287121165923,6.543,9.249,,,,,,,,,,,,,,,6.576,6.5595,7.9125,1.353,1.55287121165923,6.543,9.249,,,,,,,,,,,,,,,4.76559066772461,4.75253486633301,4.88894462585449,0.136409759521484,0.150541855595036,4.73947906494141,5.01229858398438,,,,,,,,,,,,,,,,,,,,,,,,,,,,,,,,,,,,,,,,,,,,,,,,,,,,,,,,,,,,,,,,,,,,,,,,,,,,,,,,,,,,,,,,,,,,,,,,,,,,,,,,,,,,,,,,,,,,,,,,,,,,,,,,,,,,,,,,,,,,,"standard","cpu1","/Users/stefano/Documents/fastEmbedR-results/FlowRepository_FR-FCM-ZYRM_files/standard/cpu1/20260721_084502_1071170/benchmark_summary_median_variability.csv"
"FlowRepository_FR-FCM-ZYRM_files","irlba_pca","PCA","cpu","pca_only",1,1,5220347,32,,,"standard_R_double",,3,3,"success",5.004,4.982,5.0215,0.0395000000000003,0.0395853508257788,4.96,5.039,,,,,,,,,,,,,,,5.004,4.982,5.0215,0.0395000000000003,0.0395853508257788,4.96,5.039,,,,,,,,,,,,,,,3.57666778564453,3.55534362792969,3.57687759399414,0.0215339660644531,0.0247450387789299,3.53401947021484,3.57708740234375,,,,,,,,,,,,,,,,,,,,,,,,,,,,,,,,,,,,,,,,,,,,,,,,,,,,,,,,,,,,,,,,,,,,,,,,,,,,,,,,,,,,,,,,,,,,,,,,,,,,,,,,,,,,,,,,,,,,,,,,,,,,,,,,,,,,,,,,,,,,,"standard","cpu1","/Users/stefano/Documents/fastEmbedR-results/FlowRepository_FR-FCM-ZYRM_files/standard/cpu1/20260721_084502_1071170/benchmark_summary_median_variability.csv"
"FlowRepository_FR-FCM-ZYRM_files","fastEmbedR_pca_cuda","PCA","cuda","pca_only",1,,5220347,32,,,"float32",,3,3,"success",6.988,6.9675,7.0035,0.0360000000000005,0.036115555282085,6.947,7.019,,,,,,,,,,,,,,,6.988,6.9675,7.0035,0.0360000000000005,0.036115555282085,6.947,7.019,,,,,,,,,,,,,,,4.9208984375,4.92083549499512,5.09897994995117,0.178144454956055,0.205667167806379,4.92077255249023,5.27706146240234,437,437,881,444,512.687039040388,437,1325,437,437,881,444,512.687039040388,437,1325,,,,,,,,,,,,,,,,,,,,,,,,,,,,,,,,,,,,,,,,,,,,,,,,,,,,,,,,,,,,,,,,,,,,,,,,,,,,,,,,,,,,,,,,,,,,,,,,,,,,,,,,,,,,,,,,,,,,,,,,,,,,,,,"standard","cuda","/Users/stefano/Documents/fastEmbedR-results/FlowRepository_FR-FCM-ZYRM_files/standard/cuda/20260721_193418_1071192/benchmark_summary_median_variability.csv"
"FlowRepository_FR-FCM-ZYRM_files","fastEmbedR_opentsne_cuda_full","t-SNE","cuda","full_pipeline",1,,5220347,32,,30,"float32",,3,3,"success",90.995,90.963,91.162,0.199000000000012,0.213719442260171,90.931,91.329,0.143,0.1335,0.144,0.0105,0.0115902257671425,0.124,0.145,73.85,73.7645,74.0015,0.236999999999995,0.240043746013099,73.679,74.153,,,,,,,,,,,,,,,16.732,16.728,16.7735,0.045499999999997,0.0503884907493773,16.724,16.815,2.60515975952148,2.60513687133789,2.60602760314941,0.000890731811523438,0.00101557195430168,2.6051139831543,2.60689544677734,3513,3512,3519,7,7.57187779440036,3511,3525,3513,3512,3519,7,7.57187779440036,3511,3525,0.973779059180577,0.973320316978587,0.974077786208059,0.000757469229471952,0.000763082292823705,0.972861574776598,0.974376513235542,0.384866666666667,0.38325,0.384966666666667,0.00171666666666703,0.00192709722217257,0.381633333333333,0.385066666666667,0.444666666666667,0.442325,0.445925,0.00360000000000005,0.00365392989857552,0.439983333333333,0.447183333333333,0.4911,0.48939,0.492045,0.00265499999999996,0.00269148657808282,0.48768,0.49299,-0.203624138507501,-0.217942525186634,-0.202717863251542,0.015224661935092,0.0170807467239302,-0.232260911865767,-0.201811587995583,0.4765,0.47525,0.48275,0.00750000000000006,0.0080363756341608,0.474,0.489,1.9983653014892,1.99716435733047,1.99866860900192,0.00150425167144985,0.00159102386546526,1.99596341317174,1.99897191651464,,,,,,,,,,,,,,,,,,,,,,,,,,,,,,,,,,,,,,,,,,,,,,,,,,,,,,,,,,,,,,,,,,,,,,,,,,,,,,"standard","cuda","/Users/stefano/Documents/fastEmbedR-results/FlowRepository_FR-FCM-ZYRM_files/standard/cuda/20260721_193418_1071192/benchmark_summary_median_variability.csv"
"FlowRepository_FR-FCM-ZYRM_files","fastEmbedR_opentsne_cuda_knn","t-SNE","cuda","embedding_from_precomputed_knn",1,,5220347,32,,30,"float32",,3,3,"success",16.575,16.5705,16.581,0.0105000000000004,0.0105356537528531,16.566,16.587,,,,,,,,,,,,,,,,,,,,,,,,,,,,,16.575,16.5705,16.581,0.0105000000000004,0.0105356537528531,16.566,16.587,4.64254379272461,4.64252853393555,4.64262771606445,9.918212890625e-05,0.0001068115234375,4.64251327514648,4.6427116394043,2733,2733,2733,0,0,2733,2733,2733,2733,2733,0,0,2733,2733,0.973853279379531,0.973423385601079,0.974058641038611,0.000635255437531512,0.000648347408254247,0.972993491822627,0.97426400269769,0.385766666666667,0.382166666666667,0.385883333333333,0.00371666666666648,0.0042258902196043,0.378566666666667,0.386,0.4465,0.44245,0.447425,0.00497500000000001,0.00529205379161374,0.4384,0.44835,0.49102,0.48893,0.492895,0.003965,0.0039669425674357,0.48684,0.49477,-0.188430816827938,-0.195393083004701,-0.188251193979338,0.007141889025363,0.00814501866314394,-0.202355349181465,-0.188071571130739,0.4785,0.47075,0.486,0.01525,0.0152506830448125,0.463,0.4935,2.00721869817951,2.00621757025708,2.00887872497122,0.00266115471413997,0.00268820764064748,2.00521644233465,2.01053875176293,,,,,,,,,,,,,,,,,,,,,,,,,,,,,,,,,,,,,,,,,,,,,,,,,,,,,,,,,,,,,,,,,,,,,,,,,,,,,,"standard","cuda","/Users/stefano/Documents/fastEmbedR-results/FlowRepository_FR-FCM-ZYRM_files/standard/cuda/20260721_193418_1071192/benchmark_summary_median_variability.csv"
"FlowRepository_FR-FCM-ZYRM_files","fastEmbedR_umap_cuda_binary_full","UMAP","cuda","full_pipeline",1,,5220347,32,30,,"float32",,3,3,"success",81.348,81.2575,81.718,0.460499999999996,0.487955257511721,81.167,82.088,0.143,0.1345,0.1435,0.00899999999999998,0.0101159939369957,0.126,0.144,73.483,73.4385,73.8665,0.427999999999997,0.470628303441259,73.394,74.25,,,,,,,,,,,,,,,7.43600000000001,7.4065,7.44050000000001,0.0340000000000051,0.0369368831025814,7.377,7.44500000000001,1.94642639160156,1.94377326965332,1.95780181884766,0.0140285491943359,0.0149050236184834,1.94112014770508,1.96917724609375,12887,12887,12887,0,0,12887,12887,12887,12887,12887,0,0,12887,12887,0.968729674591131,0.967812485247007,0.969977120215815,0.00216463496880792,0.00217301655580503,0.966895295902883,0.971224565840499,0.356866666666667,0.354466666666667,0.357216666666667,0.00274999999999992,0.00299388265189756,0.352066666666667,0.357566666666667,0.448783333333333,0.448,0.452183333333333,0.00418333333333304,0.00444776265020859,0.447216666666667,0.455583333333333,0.51353,0.51235,0.51728,0.00492999999999988,0.0051484496048163,0.51117,0.52103,-0.229021858576571,-0.256005975683795,-0.211827523107798,0.044178452575997,0.0445385482496432,-0.282990092791019,-0.194633187639025,0.4725,0.46075,0.48175,0.021,0.0210495447298352,0.449,0.491,,,,,,,,,,,,,,,,,,,,,,,,,,,,,,,,,,,,,,,,,,,,,,,,,,,,,,,,,,,,,,,,,,,,,,,,,,,,,,,,,,,,,"standard","cuda","/Users/stefano/Documents/fastEmbedR-results/FlowRepository_FR-FCM-ZYRM_files/standard/cuda/20260721_193418_1071192/benchmark_summary_median_variability.csv"
"FlowRepository_FR-FCM-ZYRM_files","fastEmbedR_umap_cuda_binary_knn","UMAP","cuda","embedding_from_precomputed_knn",1,,5220347,32,30,,"float32",,3,3,"success",188.275,187.089,248.5895,61.5005,70.339922313008,185.903,308.904,,,,,,,,,,,,,,,,,,,,,,,,,,,,,188.275,187.089,248.5895,61.5005,70.339922313008,185.903,308.904,21.5383224487305,21.5380859375,21.5384082794189,0.000322341918945312,0.000333875008480269,21.5378494262695,21.5384941101074,4429,4429,4429,0,0,4429,4429,4429,4429,4429,0,0,4429,4429,0.970553195076716,0.969964365199798,0.971296391839487,0.00133202663968945,0.00133500487414537,0.96937553532288,0.972039588602259,0.343833333333333,0.3436,0.343966666666667,0.000366666666666515,0.000371184290855139,0.343366666666667,0.3441,0.440766666666667,0.439225,0.441266666666667,0.002041666666667,0.00212840141716598,0.437683333333333,0.441766666666667,0.50588,0.505635,0.509005,0.00336999999999987,0.00375788504347856,0.50539,0.51213,-0.26732261882883,-0.2765177239368,-0.23118150106956,0.04533622286724,0.0479312247197593,-0.28571282904477,-0.19504038331029,0.4575,0.4525,0.47275,0.02025,0.021096998206696,0.4475,0.488,,,,,,,,,,,,,,,,,,,,,,,,,,,,,,,,,,,,,,,,,,,,,,,,,,,,,,,,,,,,,,,,,,,,,,,,,,,,,,,,,,,,,"standard","cuda","/Users/stefano/Documents/fastEmbedR-results/FlowRepository_FR-FCM-ZYRM_files/standard/cuda/20260721_193418_1071192/benchmark_summary_median_variability.csv"
"FlowRepository_FR-FCM-ZYRM_files","fastEmbedR_umap_cuda_fuzzy_full","UMAP","cuda","full_pipeline",1,,5220347,32,30,,"float32",,3,3,"success",76.84,76.797,77.098,0.301000000000002,0.32559074515921,76.754,77.356,0.148,0.146,0.148,0.0020000000000005,0.00230940107675879,0.144,0.148000000000001,73.597,73.5485,73.8425,0.294000000000011,0.315233775686128,73.5,74.088,,,,,,,,,,,,,,,2.85600000000001,2.8545,2.857,0.00250000000000039,0.00251661147842486,2.85299999999999,2.85799999999999,1.96230316162109,1.9509449005127,1.96483039855957,0.013885498046875,0.014791981565689,1.9395866394043,1.96735763549805,12887,12887,12887,0,0,12887,12887,12887,12887,12887,0,0,12887,12887,0.96831298263362,0.966928536503119,0.96856159163716,0.00163305513404144,0.00175980426860865,0.965544090372618,0.968810200640701,0.354266666666667,0.350683333333334,0.35525,0.0045666666666665,0.00480705500049428,0.3471,0.356233333333333,0.442616666666667,0.441866666666667,0.447266666666667,0.00540000000000007,0.00585064099052405,0.441116666666667,0.451916666666667,0.50768,0.50647,0.511965,0.00549500000000003,0.00577467748017148,0.50526,0.51625,-0.191047925705389,-0.216127579200168,-0.170133924444167,0.045993654756001,0.0460564924557279,-0.241207232694946,-0.149219923182944,0.479,0.46475,0.4875,0.02275,0.0229909402446558,0.4505,0.496,,,,,,,,,,,,,,,,,,,,,,,,,,,,,,,,,,,,,,,,,,,,,,,,,,,,,,,,,,,,,,,,,,,,,,,,,,,,,,,,,,,,,"standard","cuda","/Users/stefano/Documents/fastEmbedR-results/FlowRepository_FR-FCM-ZYRM_files/standard/cuda/20260721_193418_1071192/benchmark_summary_median_variability.csv"
"FlowRepository_FR-FCM-ZYRM_files","fastEmbedR_umap_cuda_fuzzy_knn","UMAP","cuda","embedding_from_precomputed_knn",1,,5220347,32,30,,"float32",,3,3,"success",300.347,264.766,330.147,65.381,65.4661374146971,229.185,359.947,,,,,,,,,,,,,,,,,,,,,,,,,,,,,300.347,264.766,330.147,65.381,65.4661374146971,229.185,359.947,19.0515441894531,19.0513172149658,19.0707778930664,0.0194606781005859,0.0223413646887869,19.0510902404785,19.0900115966797,4429,4429,4429,0,0,4429,4429,4429,4429,4429,0,0,4429,4429,0.968108952959029,0.967311692800539,0.968944115663463,0.00163242286292364,0.00163256953023707,0.96651443264205,0.969779278367897,0.352033333333333,0.349883333333333,0.352533333333333,0.00264999999999999,0.00281602556806573,0.347733333333333,0.353033333333333,0.445416666666667,0.443208333333334,0.447341666666667,0.00413333333333343,0.00413656907396758,0.441,0.449266666666667,0.50763,0.50648,0.511345,0.0048649999999999,0.00508540067251342,0.50533,0.51506,-0.229678502449258,-0.241319142648688,-0.203036382907228,0.038282759741461,0.0392502800955345,-0.252959782848119,-0.176394263365197,0.468,0.4555,0.47925,0.02375,0.0237609623823054,0.443,0.4905,,,,,,,,,,,,,,,,,,,,,,,,,,,,,,,,,,,,,,,,,,,,,,,,,,,,,,,,,,,,,,,,,,,,,,,,,,,,,,,,,,,,,"standard","cuda","/Users/stefano/Documents/fastEmbedR-results/FlowRepository_FR-FCM-ZYRM_files/standard/cuda/20260721_193418_1071192/benchmark_summary_median_variability.csv"
"MNIST","fastEmbedR_pca_cpu","PCA","cpu","pca_only",1,1,70000,784,,,"float32",,3,3,"success",2.549,2.542,2.572,0.0300000000000002,0.0313900196453162,2.535,2.595,,,,,,,,,,,,,,,2.549,2.542,2.572,0.0300000000000002,0.0313900196453162,2.535,2.595,,,,,,,,,,,,,,,1.68896484375,1.68888282775879,1.6909294128418,0.00204658508300781,0.00231729279422462,1.68880081176758,1.69289398193359,,,,,,,,,,,,,,,,,,,,,,,,,,,,,,,,,,,,,,,,,,,,,,,,,,,,,,,,,,,,,,,,,,,,,,,,,,,,,,,,,,,,,,,,,,,,,,,,,,,,,,,,,,,,,,,,,,,,,,,,,,,,,,,,,,,,,,,,,,,,,"standard","cpu1","/Users/stefano/Documents/fastEmbedR-results/MNIST/standard/cpu1/20260721_084502_1071175/benchmark_summary_median_variability.csv"
"MNIST","irlba_pca","PCA","cpu","pca_only",1,1,70000,784,,,"standard_R_double",,3,3,"success",2.135,2.1005,2.3435,0.243,0.262946762672599,2.066,2.552,,,,,,,,,,,,,,,2.135,2.1005,2.3435,0.243,0.262946762672599,2.066,2.552,,,,,,,,,,,,,,,1.22177124023438,1.22168350219727,1.22183799743652,0.000154495239257812,0.000154969386542035,1.22159576416016,1.22190475463867,,,,,,,,,,,,,,,,,,,,,,,,,,,,,,,,,,,,,,,,,,,,,,,,,,,,,,,,,,,,,,,,,,,,,,,,,,,,,,,,,,,,,,,,,,,,,,,,,,,,,,,,,,,,,,,,,,,,,,,,,,,,,,,,,,,,,,,,,,,,,"standard","cpu1","/Users/stefano/Documents/fastEmbedR-results/MNIST/standard/cpu1/20260721_084502_1071175/benchmark_summary_median_variability.csv"
"MNIST","fastEmbedR_opentsne_cpu_full","t-SNE","cpu","full_pipeline",1,1,70000,784,,30,"float32",,3,3,"success",119.103,118.6645,120.9855,2.321,2.46618862484874,118.226,122.868,0.04,0.039,0.043,0.004,0.00416333199893227,0.038,0.046,43.308,42.7855,43.8645,1.079,1.07917854562317,42.263,44.421,,,,,,,,,,,,,,,73.065,73.018,74.31,1.292,1.46549149889494,72.971,75.555,1.73441314697266,1.73325347900391,1.73444747924805,0.00119400024414062,0.0013593246082488,1.73209381103516,1.73448181152344,,,,,,,,,,,,,,,0.92283500954651,0.922607258050349,0.92395241743586,0.0013451593855105,0.00143989002071036,0.922379506554189,0.92506982532521,0.454621848739496,0.452987861811392,0.456115779645192,0.00312791783380001,0.00312896285342952,0.451353874883287,0.457609710550887,0.476330532212885,0.471055088702148,0.477147525676938,0.00609243697479001,0.00661390307594917,0.46577964519141,0.47796451914099,0.464453781512605,0.46078431372549,0.466974789915967,0.00619047619047652,0.00622588535472936,0.457114845938375,0.469495798319328,0.356293939689807,0.355947614931338,0.364453008075742,0.00850539314440402,0.00962746246614572,0.355601290172869,0.372612076461677,0.946778711484594,0.946078431372549,0.951680672268908,0.00560224089635852,0.00610490048114928,0.945378151260504,0.956582633053221,2.22360089058108,2.22278105154163,2.2248675844595,0.00208653291787009,0.0021024222616771,2.22196121250219,2.22613427833793,,,,,,,,,,,,,,,,,,,,,,,,,,,,,,,,,,,,,,,,,,,,,,,,,,,,,,,,,,,,,,,,,,,,,,,,,,,,,,"standard","cpu1","/Users/stefano/Documents/fastEmbedR-results/MNIST/standard/cpu1/20260721_084502_1071175/benchmark_summary_median_variability.csv"
"MNIST","fastEmbedR_opentsne_cpu_knn","t-SNE","cpu","embedding_from_precomputed_knn",1,1,70000,784,,30,"float32",,3,3,"success",74.217,74.033,74.836,0.802999999999997,0.841358425405009,73.849,75.455,,,,,,,,,,,,,,,,,,,,,,,,,,,,,74.217,74.033,74.836,0.802999999999997,0.841358425405009,73.849,75.455,0.731273651123047,0.731235504150391,0.731288909912109,5.340576171875e-05,5.50163463663328e-05,0.731197357177734,0.731304168701172,,,,,,,,,,,,,,,0.923268892699386,0.92291770543239,0.924308334042734,0.00139062861034445,0.00144628690898936,0.922566518165394,0.925347775386083,0.454248366013072,0.452147525676938,0.454808590102708,0.00266106442577052,0.00280578509828526,0.450046685340803,0.455368814192344,0.475723622782446,0.470681605975724,0.475746965452848,0.005065359477124,0.00583554310480316,0.465639589169001,0.475770308123249,0.463053221288515,0.46,0.466414565826331,0.00641456582633054,0.00641703213221765,0.456946778711485,0.469775910364146,0.358364832643382,0.356987460170605,0.366656214540208,0.00966875436960302,0.0104603690103009,0.355610087697828,0.374947596437034,0.950980392156863,0.947478991596639,0.956582633053221,0.00910364145658238,0.00918408756905028,0.943977591036415,0.96218487394958,2.22443385671365,2.22443385671365,2.22443385671365,0,0,2.22443385671365,2.22443385671365,,,,,,,,,,,,,,,,,,,,,,,,,,,,,,,,,,,,,,,,,,,,,,,,,,,,,,,,,,,,,,,,,,,,,,,,,,,,,,"standard","cpu1","/Users/stefano/Documents/fastEmbedR-results/MNIST/standard/cpu1/20260721_084502_1071175/benchmark_summary_median_variability.csv"
"MNIST","KlugerLab_FItSNE","t-SNE","cpu","full_pipeline",1,1,70000,784,,30,"standard_R_double",,3,3,"success",275.214,274.9895,275.31,0.320499999999981,0.328974669744252,274.765,275.406,,,,,,,,,,,,,,,,,,,,,,,,,,,,,,,,,,,,3.11920547485352,3.11849784851074,3.11927032470703,0.000772476196289062,0.000856994756234882,3.11779022216797,3.11933517456055,,,,,,,,,,,,,,,0.916664166872731,0.913653942039913,0.917029204349372,0.0033752623094585,0.00370469086079773,0.910643717207095,0.917394241826012,0.437721755368814,0.433566760037348,0.441643323996265,0.00807656395891704,0.00807768828674762,0.429411764705882,0.445564892623716,0.461297852474323,0.458263305322129,0.46171802054155,0.00345471521942098,0.00377006409060507,0.455228758169935,0.462138188608777,0.459383753501401,0.454733893557423,0.461120448179272,0.00638655462184901,0.006604311008254,0.450084033613445,0.462857142857143,0.335344106781681,0.331016701181454,0.339412494907846,0.00839579372639149,0.00839712543950236,0.326689295581228,0.343480883034011,0.950980392156863,0.94467787114846,0.953781512605042,0.00910364145658238,0.00932538952167974,0.938375350140056,0.956582633053221,2.28072091890017,2.28002990719368,2.28073705699663,0.000707149802949836,0.000807390223900801,2.27933889548719,2.28075319509309,,,,,,,,,,,,,,,,,,,,,,,,,,,,,,,,,,,,,,,,,,,,,,,,,,,,,,,,,,,,,,,,,,,,,,,,,,,,,,"standard","cpu1","/Users/stefano/Documents/fastEmbedR-results/MNIST/standard/cpu1/20260721_084502_1071175/benchmark_summary_median_variability.csv"
"MNIST","Rtsne_full","t-SNE","cpu","full_pipeline",1,1,70000,784,,30,"standard_R_double",,3,3,"success",514.15,505.015,515.884,10.869,11.6787596944196,495.88,517.618,,,,,,,,,,,,,,,,,,,,,,,,,,,,,,,,,,,,2.1451416015625,2.14508056640625,2.14545059204102,0.000370025634765625,0.000396752968059035,2.14501953125,2.14575958251953,,,,,,,,,,,,,,,0.905758444236354,0.90525976912714,0.911646337261388,0.00638656813424798,0.00710418720062028,0.904761094017926,0.917534230286422,0.457049486461251,0.452287581699346,0.458356676003735,0.00606909430438807,0.006388447236326,0.447525676937442,0.459663865546218,0.461391223155929,0.456045751633987,0.465873015873016,0.00982726423902902,0.00983990698379224,0.450700280112045,0.470354808590103,0.44859943977591,0.438459383753501,0.45406162464986,0.015602240896359,0.0158342691805425,0.428319327731092,0.45952380952381,0.292812148162357,0.271810756745623,0.296968543444398,0.025157786698775,0.0269721868444824,0.250809365328889,0.301124938726439,0.953781512605042,0.950280112044818,0.953781512605042,0.00350140056022397,0.00404306911197203,0.946778711484594,0.953781512605042,2.10134455157401,2.08588181087597,2.10425771840401,0.0183759075280352,0.0197527528605166,2.07041907017794,2.10717088523401,,,,,,,,,,,,,,,,,,,,,,,,,,,,,,,,,,,,,,,,,,,,,,,,,,,,,,,,,,,,,,,,,,,,,,,,,,,,,,"standard","cpu1","/Users/stefano/Documents/fastEmbedR-results/MNIST/standard/cpu1/20260721_084502_1071175/benchmark_summary_median_variability.csv"
"MNIST","Rtsne_neighbors","t-SNE","cpu","embedding_from_precomputed_knn",1,1,70000,784,,30,"standard_R_double",,3,3,"success",155.207,154.7965,155.217,0.420500000000004,0.479882277230574,154.386,155.227,,,,,,,,,,,,,,,,,,,,,,,,,,,,,155.207,154.7965,155.217,0.420500000000004,0.479882277230574,154.386,155.227,1.19190216064453,1.19185066223145,1.1920223236084,0.000171661376953125,0.000176179553814018,1.19179916381836,1.19214248657227,,,,,,,,,,,,,,,0.905623320239818,0.905050799866498,0.907784358316409,0.00273355844991141,0.00288330908800121,0.904478279493177,0.909945396393,0.440802987861811,0.44047619047619,0.444864612511671,0.00438842203548051,0.00488956980310059,0.44014939309057,0.448926237161531,0.451120448179272,0.447222222222223,0.453688141923436,0.00646591970121346,0.00651139177946744,0.443323996265173,0.4562558356676,0.442072829131653,0.441106442577031,0.444551820728292,0.0034453781512605,0.0035543337785809,0.440140056022409,0.44703081232493,0.198520301612292,0.198455734833279,0.200540355287601,0.00208462045432201,0.00237071412007144,0.198391168054266,0.20256040896291,0.928571428571429,0.920168067226891,0.929271708683474,0.00910364145658249,0.01013190215416,0.911764705882353,0.929971988795518,2.13850368368174,2.13850368368174,2.13850368368174,0,0,2.13850368368174,2.13850368368174,,,,,,,,,,,,,,,,,,,,,,,,,,,,,,,,,,,,,,,,,,,,,,,,,,,,,,,,,,,,,,,,,,,,,,,,,,,,,,"standard","cpu1","/Users/stefano/Documents/fastEmbedR-results/MNIST/standard/cpu1/20260721_084502_1071175/benchmark_summary_median_variability.csv"
"MNIST","fastEmbedR_umap_cpu_binary_full","UMAP","cpu","full_pipeline",1,1,70000,784,30,,"float32",,3,3,"success",142.328,142.175,142.622,0.447000000000003,0.45435228622733,142.022,142.916,0.0390000000000001,0.0385,0.0395,0.000999999999999904,0.0009999999999999,0.038,0.0399999999999998,43.35,43.225,43.612,0.387,0.395000421940703,43.1,43.874,,,,,,,,,,,,,,,98.654,98.6285,98.6845,0.0559999999999974,0.056074355398291,98.603,98.715,0.790470123291016,0.790428161621094,0.790657043457031,0.0002288818359375,0.000243703132284701,0.790386199951172,0.790843963623047,,,,,,,,,,,,,,,0.927860135853666,0.927520771936368,0.930595788725524,0.00307501678915656,0.00337191268740889,0.927181408019069,0.933331441597382,0.471802054154995,0.470354808590102,0.474183006535947,0.00382819794584499,0.00386596719058646,0.46890756302521,0.4765639589169,0.497058823529412,0.493487394957983,0.499206349206349,0.00571895424836599,0.00577773925042342,0.489915966386555,0.501353874883287,0.482072829131653,0.479761904761905,0.484327731092437,0.00456582633053199,0.00456594089434823,0.477450980392157,0.486582633053221,0.511406897498762,0.484953824837155,0.514203250946071,0.0292494261089156,0.0322811975567145,0.458500752175548,0.516999604393379,0.946778711484594,0.938375350140056,0.951680672268908,0.0133053221288515,0.0134580161581695,0.929971988795518,0.956582633053221,,,,,,,,,,,,,,,,,,,,,,,,,,,,,,,,,,,,,,,,,,,,,,,,,,,,,,,,,,,,,,,,,,,,,,,,,,,,,,,,,,,,,"standard","cpu1","/Users/stefano/Documents/fastEmbedR-results/MNIST/standard/cpu1/20260721_084502_1071175/benchmark_summary_median_variability.csv"
"MNIST","fastEmbedR_umap_cpu_binary_knn","UMAP","cpu","embedding_from_precomputed_knn",1,1,70000,784,30,,"float32",,3,3,"success",98.921,98.848,98.9335,0.0854999999999961,0.0923598036665998,98.775,98.946,,,,,,,,,,,,,,,,,,,,,,,,,,,,,98.921,98.848,98.9335,0.0854999999999961,0.0923598036665998,98.775,98.946,0.808368682861328,0.808343887329102,0.808418273925781,7.43865966796875e-05,7.57516022166264e-05,0.808319091796875,0.808467864990234,,,,,,,,,,,,,,,0.927860135853666,0.927520771936368,0.930595788725524,0.00307501678915656,0.00337191268740889,0.927181408019069,0.933331441597382,0.471802054154995,0.470354808590102,0.474183006535947,0.00382819794584499,0.00386596719058646,0.46890756302521,0.4765639589169,0.497058823529412,0.493487394957983,0.499206349206349,0.00571895424836599,0.00577773925042342,0.489915966386555,0.501353874883287,0.482072829131653,0.479761904761905,0.484327731092437,0.00456582633053199,0.00456594089434823,0.477450980392157,0.486582633053221,0.511406897498762,0.484953824837155,0.514203250946071,0.0292494261089156,0.0322811975567145,0.458500752175548,0.516999604393379,0.946778711484594,0.938375350140056,0.951680672268908,0.0133053221288515,0.0134580161581695,0.929971988795518,0.956582633053221,,,,,,,,,,,,,,,,,,,,,,,,,,,,,,,,,,,,,,,,,,,,,,,,,,,,,,,,,,,,,,,,,,,,,,,,,,,,,,,,,,,,,"standard","cpu1","/Users/stefano/Documents/fastEmbedR-results/MNIST/standard/cpu1/20260721_084502_1071175/benchmark_summary_median_variability.csv"
"MNIST","fastEmbedR_umap_cpu_fuzzy_full","UMAP","cpu","full_pipeline",1,1,70000,784,30,,"float32",,3,3,"success",63.945,63.9195,64.0505,0.131,0.138904043617651,63.894,64.156,0.0389999999999999,0.0384999999999999,0.0389999999999999,0.000500000000000049,0.000577350269189686,0.0379999999999998,0.0389999999999999,43.733,43.688,43.7385,0.0504999999999995,0.0554105886391148,43.643,43.744,,,,,,,,,,,,,,,19.933,19.9125,20.0125,0.0999999999999979,0.105642478829935,19.892,20.092,0.787620544433594,0.787612915039062,0.787729263305664,0.000116348266601562,0.000130166354962519,0.787605285644531,0.787837982177734,,,,,,,,,,,,,,,0.927186272482944,0.925744904811901,0.928696823640214,0.00295191882831303,0.00295218905569033,0.924303537140857,0.930207374797483,0.470868347338936,0.465919701213819,0.4734360410831,0.00751633986928102,0.00764100842672821,0.460971055088702,0.476003734827264,0.491363211951447,0.487745098039216,0.495704948646125,0.00795985060690951,0.00797080704789311,0.484126984126984,0.500046685340803,0.476946778711485,0.472717086834734,0.478445378151261,0.00572829131652652,0.0059413474936326,0.468487394957983,0.479943977591036,0.534195094993724,0.513502006965482,0.54622281568621,0.032720808720728,0.0331010702801737,0.49280891893724,0.558250536378696,0.959383753501401,0.956582633053221,0.960784313725491,0.00420168067226911,0.00427878216149019,0.953781512605042,0.96218487394958,,,,,,,,,,,,,,,,,,,,,,,,,,,,,,,,,,,,,,,,,,,,,,,,,,,,,,,,,,,,,,,,,,,,,,,,,,,,,,,,,,,,,"standard","cpu1","/Users/stefano/Documents/fastEmbedR-results/MNIST/standard/cpu1/20260721_084502_1071175/benchmark_summary_median_variability.csv"
"MNIST","fastEmbedR_umap_cpu_fuzzy_knn","UMAP","cpu","embedding_from_precomputed_knn",1,1,70000,784,30,,"float32",,3,3,"success",20.083,20.047,20.1435,0.0965000000000025,0.0975311915918876,20.011,20.204,,,,,,,,,,,,,,,,,,,,,,,,,,,,,20.083,20.047,20.1435,0.0965000000000025,0.0975311915918876,20.011,20.204,0.80596923828125,0.805824279785156,0.806001663208008,0.000177383422851562,0.000188907773207894,0.805679321289062,0.806034088134766,,,,,,,,,,,,,,,0.927186272482944,0.925744904811901,0.928696823640214,0.00295191882831303,0.00295218905569033,0.924303537140857,0.930207374797483,0.470868347338936,0.465919701213819,0.4734360410831,0.00751633986928102,0.00764100842672821,0.460971055088702,0.476003734827264,0.491363211951447,0.487745098039216,0.495704948646125,0.00795985060690951,0.00797080704789311,0.484126984126984,0.500046685340803,0.476946778711485,0.472717086834734,0.478445378151261,0.00572829131652652,0.0059413474936326,0.468487394957983,0.479943977591036,0.534195094993724,0.513502006965482,0.54622281568621,0.032720808720728,0.0331010702801737,0.49280891893724,0.558250536378696,0.959383753501401,0.956582633053221,0.960784313725491,0.00420168067226911,0.00427878216149019,0.953781512605042,0.96218487394958,,,,,,,,,,,,,,,,,,,,,,,,,,,,,,,,,,,,,,,,,,,,,,,,,,,,,,,,,,,,,,,,,,,,,,,,,,,,,,,,,,,,,"standard","cpu1","/Users/stefano/Documents/fastEmbedR-results/MNIST/standard/cpu1/20260721_084502_1071175/benchmark_summary_median_variability.csv"
"MNIST","umap_package","UMAP","cpu","full_pipeline",1,1,70000,784,30,,"standard_R_double",,1,1,"success",1131.905,1131.905,1131.905,0,0,1131.905,1131.905,,,,,,,,,,,,,,,,,,,,,,,,,,,,,,,,,,,,7.33752059936523,7.33752059936523,7.33752059936523,0,0,7.33752059936523,7.33752059936523,,,,,,,,,,,,,,,0.927126682800472,0.927126682800472,0.927126682800472,0,0,0.927126682800472,0.927126682800472,0.479458450046685,0.479458450046685,0.479458450046685,0,0,0.479458450046685,0.479458450046685,0.505835667600373,0.505835667600373,0.505835667600373,0,0,0.505835667600373,0.505835667600373,0.484621848739496,0.484621848739496,0.484621848739496,0,0,0.484621848739496,0.484621848739496,0.530501885035375,0.530501885035375,0.530501885035375,0,0,0.530501885035375,0.530501885035375,0.963585434173669,0.963585434173669,0.963585434173669,0,0,0.963585434173669,0.963585434173669,,,,,,,,,,,,,,,,,,,,,,,,,,,,,,,,,,,,,,,,,,,,,,,,,,,,,,,,,,,,,,,,,,,,,,,,,,,,,,,,,,,,,"standard","cpu1","/Users/stefano/Documents/fastEmbedR-results/MNIST/standard/cpu1/20260721_084502_1071175/benchmark_summary_median_variability.csv"
"MNIST","umap_package_knn","UMAP","cpu","embedding_from_precomputed_knn",1,1,70000,784,30,,"standard_R_double",,3,3,"success",275.095,272.214,276.277,4.06299999999999,4.17973316532686,269.333,277.459,,,,,,,,,,,,,,,,,,,,,,,,,,,,,275.095,272.214,276.277,4.06299999999999,4.17973316532686,269.333,277.459,3.5493278503418,3.54912376403809,3.57475090026855,0.0256271362304688,0.0294745452910675,3.54891967773438,3.60017395019531,,,,,,,,,,,,,,,0.928336042569464,0.926911632959986,0.929459193228666,0.00254756026868042,0.00255349087347752,0.925487223350508,0.930582343887869,0.476844070961718,0.474323062558356,0.478104575163398,0.003781512605042,0.00385090394534106,0.471802054154995,0.479365079365079,0.496685340802988,0.494701213818861,0.50329131652661,0.0085901027077494,0.00899501860957555,0.492717086834734,0.509897292250233,0.482212885154062,0.477422969187676,0.484719887955183,0.00729691876750699,0.00741500197839785,0.472633053221289,0.487226890756303,0.511417908309919,0.5043835091039,0.523121506292366,0.0187379971884656,0.0189309185647766,0.497349109897881,0.534825104274812,0.96078431372549,0.954481792717087,0.961484593837535,0.00700280112044838,0.00771368423989678,0.948179271708683,0.96218487394958,,,,,,,,,,,,,,,,,,,,,,,,,,,,,,,,,,,,,,,,,,,,,,,,,,,,,,,,,,,,,,,,,,,,,,,,,,,,,,,,,,,,,"standard","cpu1","/Users/stefano/Documents/fastEmbedR-results/MNIST/standard/cpu1/20260721_084502_1071175/benchmark_summary_median_variability.csv"
"MNIST","uwot_default","UMAP","cpu","full_pipeline",1,1,70000,784,30,,"standard_R_double",,3,3,"success",151.574,151.5335,151.987,0.45350000000002,0.501910682625241,151.493,152.4,,,,,,,,,,,,,,,,,,,,,,,,,,,,,,,,,,,,1.61594772338867,1.61588668823242,1.61612510681152,0.000238418579101562,0.00024770087856365,1.61582565307617,1.61630249023438,,,,,,,,,,,,,,,0.928699255872151,0.926980748884213,0.929589250075332,0.00260850119111811,0.00265199728674432,0.925262241896276,0.930479244278512,0.472082166199813,0.470448179271709,0.473716153127917,0.00326797385620897,0.003267973856209,0.468814192343604,0.475350140056022,0.490522875816993,0.488795518207283,0.495121381886088,0.006325863678805,0.00653944817560565,0.487068160597572,0.499719887955182,0.475966386554622,0.471358543417367,0.478319327731092,0.00696078431372549,0.00708148142785981,0.466750700280112,0.480672268907563,0.539390589356677,0.518607906049613,0.539659707647783,0.0210518015981696,0.0241546503545383,0.49782522274255,0.539928825938889,0.96218487394958,0.955882352941176,0.962885154061625,0.00700280112044815,0.00771368423989648,0.949579831932773,0.963585434173669,,,,,,,,,,,,,,,,,,,,,,,,,,,,,,,,,,,,,,,,,,,,,,,,,,,,,,,,,,,,,,,,,,,,,,,,,,,,,,,,,,,,,"standard","cpu1","/Users/stefano/Documents/fastEmbedR-results/MNIST/standard/cpu1/20260721_084502_1071175/benchmark_summary_median_variability.csv"
"MNIST","uwot_fast_sgd","UMAP","cpu","full_pipeline",1,1,70000,784,30,,"standard_R_double",,3,3,"success",144.4,144.1635,144.732,0.5685,0.571167517750557,143.927,145.064,,,,,,,,,,,,,,,,,,,,,,,,,,,,,,,,,,,,1.61592102050781,1.61589813232422,1.61594200134277,4.38690185546875e-05,4.38828377449987e-05,1.61587524414062,1.61596298217773,,,,,,,,,,,,,,,0.927779466827734,0.927681299244252,0.929581412883532,0.00190011363928089,0.00213963833464695,0.927583131660769,0.931383358939331,0.474696545284781,0.471988795518207,0.475350140056022,0.003361344537815,0.00356442908240781,0.469281045751634,0.476003734827264,0.491830065359477,0.490079365079365,0.496708683473389,0.00662931839402447,0.00687089167146599,0.488328664799253,0.501587301587302,0.476890756302521,0.472254901960784,0.479719887955182,0.00746498599439754,0.0075375127322142,0.467619047619048,0.482549019607843,0.545802408020769,0.519769708704392,0.555021501076817,0.035251792372425,0.0365639346528015,0.493737009388016,0.564240594132866,0.957983193277311,0.955182072829131,0.961484593837535,0.00630252100840345,0.0063154758442899,0.952380952380952,0.964985994397759,,,,,,,,,,,,,,,,,,,,,,,,,,,,,,,,,,,,,,,,,,,,,,,,,,,,,,,,,,,,,,,,,,,,,,,,,,,,,,,,,,,,,"standard","cpu1","/Users/stefano/Documents/fastEmbedR-results/MNIST/standard/cpu1/20260721_084502_1071175/benchmark_summary_median_variability.csv"
"MNIST","uwot_knn","UMAP","cpu","embedding_from_precomputed_knn",1,1,70000,784,30,,"standard_R_double",,3,3,"success",26.726,26.6625,26.781,0.118499999999997,0.118601573907487,26.599,26.836,,,,,,,,,,,,,,,,,,,,,,,,,,,,,26.726,26.6625,26.781,0.118499999999997,0.118601573907487,26.599,26.836,1.46432113647461,1.46429824829102,1.46440696716309,0.000108718872070312,0.000114631494150671,1.46427536010742,1.46449279785156,,,,,,,,,,,,,,,0.925298184879355,0.924972536047705,0.927445372746301,0.00247283669859644,0.00268717748271814,0.924646887216054,0.929592560613247,0.470401493930906,0.469281045751634,0.473669467787115,0.00438842203548107,0.00456021236411893,0.468160597572362,0.476937441643324,0.492390289449113,0.489612511671335,0.495541549953315,0.00592903828197949,0.00593295806475634,0.486834733893557,0.498692810457516,0.476694677871148,0.471820728291316,0.477156862745098,0.0053361344537815,0.00591288594361399,0.466946778711485,0.477619047619048,0.543770652255127,0.538053826241216,0.556167756645505,0.0181139304042899,0.01851998509054,0.532337000227304,0.568564861035884,0.959383753501401,0.953781512605042,0.961484593837535,0.00770308123249308,0.00796392255332975,0.948179271708683,0.963585434173669,,,,,,,,,,,,,,,,,,,,,,,,,,,,,,,,,,,,,,,,,,,,,,,,,,,,,,,,,,,,,,,,,,,,,,,,,,,,,,,,,,,,,"standard","cpu1","/Users/stefano/Documents/fastEmbedR-results/MNIST/standard/cpu1/20260721_084502_1071175/benchmark_summary_median_variability.csv"
"MNIST","fastEmbedR_pca_cpu","PCA","cpu","pca_only",4,4,70000,784,,,"float32",,3,3,"success",2.47,2.4555,2.508,0.0525000000000002,0.0542248405560895,2.441,2.546,,,,,,,,,,,,,,,2.47,2.4555,2.508,0.0525000000000002,0.0542248405560895,2.441,2.546,,,,,,,,,,,,,,,1.70243835449219,1.70125770568848,1.7049732208252,0.00371551513671875,0.00379688746695735,1.70007705688477,1.7075080871582,,,,,,,,,,,,,,,,,,,,,,,,,,,,,,,,,,,,,,,,,,,,,,,,,,,,,,,,,,,,,,,,,,,,,,,,,,,,,,,,,,,,,,,,,,,,,,,,,,,,,,,,,,,,,,,,,,,,,,,,,,,,,,,,,,,,,,,,,,,,,"standard","cpu4","/Users/stefano/Documents/fastEmbedR-results/MNIST/standard/cpu4/20260721_084502_1071186/benchmark_summary_median_variability.csv"
"MNIST","irlba_pca","PCA","cpu","pca_only",4,4,70000,784,,,"standard_R_double",,3,3,"success",1.286,1.2545,1.3575,0.103,0.105557251448365,1.223,1.429,,,,,,,,,,,,,,,1.286,1.2545,1.3575,0.103,0.105557251448365,1.223,1.429,,,,,,,,,,,,,,,1.22808074951172,1.22806549072266,1.22823333740234,0.0001678466796875,0.000185631180734199,1.22805023193359,1.22838592529297,,,,,,,,,,,,,,,,,,,,,,,,,,,,,,,,,,,,,,,,,,,,,,,,,,,,,,,,,,,,,,,,,,,,,,,,,,,,,,,,,,,,,,,,,,,,,,,,,,,,,,,,,,,,,,,,,,,,,,,,,,,,,,,,,,,,,,,,,,,,,"standard","cpu4","/Users/stefano/Documents/fastEmbedR-results/MNIST/standard/cpu4/20260721_084502_1071186/benchmark_summary_median_variability.csv"
"MNIST","fastEmbedR_opentsne_cpu_full","t-SNE","cpu","full_pipeline",4,4,70000,784,,30,"float32",,3,3,"success",69.556,68.632,69.6135,0.981499999999997,1.10164256151137,67.708,69.671,0.022,0.022,0.0235,0.00149999999999995,0.00173205080756882,0.022,0.0249999999999999,33.546,33.075,33.96,0.884999999999998,0.885611653039865,32.604,34.374,,,,,,,,,,,,,,,32.465,32.3475,32.8705,0.52300000000001,0.54879595479559,32.23,33.276,1.74161148071289,1.74125862121582,1.74172592163086,0.000467300415039062,0.000487152423972842,1.74090576171875,1.74184036254883,,,,,,,,,,,,,,,0.923649266749633,0.923403949133923,0.924872679414265,0.00146873028034156,0.00157354968504343,0.923158631518213,0.926096092078896,0.456769374416433,0.454248366013072,0.457236227824463,0.00298786181139099,0.0032146284055211,0.451727357609711,0.457703081232493,0.477124183006536,0.472152194211018,0.477194211017741,0.00504201680672256,0.00578201291272523,0.4671802054155,0.477264239028945,0.46453781512605,0.461274509803921,0.466960784313726,0.00568627450980402,0.00570693491059803,0.458011204481793,0.469383753501401,0.357363449095772,0.356225627590314,0.367665843166897,0.0114402155765835,0.0126045625023571,0.355087806084855,0.377968237238022,0.952380952380952,0.947478991596639,0.954481792717087,0.00700280112044804,0.0071871168619702,0.942577030812325,0.956582633053221,2.22366443327544,2.22327521895822,2.22404731081723,0.000772091859009727,0.000772100526911498,2.22288600464101,2.22443018835903,,,,,,,,,,,,,,,,,,,,,,,,,,,,,,,,,,,,,,,,,,,,,,,,,,,,,,,,,,,,,,,,,,,,,,,,,,,,,,"standard","cpu4","/Users/stefano/Documents/fastEmbedR-results/MNIST/standard/cpu4/20260721_084502_1071186/benchmark_summary_median_variability.csv"
"MNIST","fastEmbedR_opentsne_cpu_knn","t-SNE","cpu","embedding_from_precomputed_knn",4,4,70000,784,,30,"float32",,3,3,"success",33.457,33.4475,33.893,0.445499999999996,0.50902292024361,33.438,34.329,,,,,,,,,,,,,,,,,,,,,,,,,,,,,33.457,33.4475,33.893,0.445499999999996,0.50902292024361,33.438,34.329,0.755630493164062,0.755535125732422,0.755771636962891,0.00023651123046875,0.000237983306281772,0.755439758300781,0.755912780761719,,,,,,,,,,,,,,,0.923268892699386,0.92291770543239,0.924308334042734,0.00139062861034445,0.00144628690898936,0.922566518165394,0.925347775386083,0.454248366013072,0.452147525676938,0.454808590102708,0.00266106442577052,0.00280578509828526,0.450046685340803,0.455368814192344,0.475723622782446,0.470681605975724,0.475746965452848,0.005065359477124,0.00583554310480316,0.465639589169001,0.475770308123249,0.463053221288515,0.46,0.466414565826331,0.00641456582633054,0.00641703213221765,0.456946778711485,0.469775910364146,0.358364832643382,0.356987460170605,0.366656214540208,0.00966875436960302,0.0104603690103009,0.355610087697828,0.374947596437034,0.950980392156863,0.947478991596639,0.956582633053221,0.00910364145658238,0.00918408756905028,0.943977591036415,0.96218487394958,2.22443385671365,2.22443385671365,2.22443385671365,0,0,2.22443385671365,2.22443385671365,,,,,,,,,,,,,,,,,,,,,,,,,,,,,,,,,,,,,,,,,,,,,,,,,,,,,,,,,,,,,,,,,,,,,,,,,,,,,,"standard","cpu4","/Users/stefano/Documents/fastEmbedR-results/MNIST/standard/cpu4/20260721_084502_1071186/benchmark_summary_median_variability.csv"
"MNIST","KlugerLab_FItSNE","t-SNE","cpu","full_pipeline",4,4,70000,784,,30,"standard_R_double",,3,3,"success",116.486,114.558,116.6355,2.07750000000001,2.31740379160244,112.63,116.785,,,,,,,,,,,,,,,,,,,,,,,,,,,,,,,,,,,,3.1267204284668,3.1267147064209,3.12701797485352,0.000303268432617188,0.000346927789105777,3.126708984375,3.12731552124023,,,,,,,,,,,,,,,0.916664166872731,0.913653942039913,0.917029204349372,0.0033752623094585,0.00370469086079773,0.910643717207095,0.917394241826012,0.437721755368814,0.433566760037348,0.441643323996265,0.00807656395891704,0.00807768828674762,0.429411764705882,0.445564892623716,0.461297852474323,0.458263305322129,0.46171802054155,0.00345471521942098,0.00377006409060507,0.455228758169935,0.462138188608777,0.459383753501401,0.454733893557423,0.461120448179272,0.00638655462184901,0.006604311008254,0.450084033613445,0.462857142857143,0.335344106781681,0.331016701181454,0.339412494907846,0.00839579372639149,0.00839712543950236,0.326689295581228,0.343480883034011,0.950980392156863,0.94467787114846,0.953781512605042,0.00910364145658238,0.00932538952167974,0.938375350140056,0.956582633053221,2.28072091890017,2.28002990719368,2.28073705699663,0.000707149802949836,0.000807390223900801,2.27933889548719,2.28075319509309,,,,,,,,,,,,,,,,,,,,,,,,,,,,,,,,,,,,,,,,,,,,,,,,,,,,,,,,,,,,,,,,,,,,,,,,,,,,,,"standard","cpu4","/Users/stefano/Documents/fastEmbedR-results/MNIST/standard/cpu4/20260721_084502_1071186/benchmark_summary_median_variability.csv"
"MNIST","Rtsne_full","t-SNE","cpu","full_pipeline",4,4,70000,784,,30,"standard_R_double",,3,3,"success",125.833,125.2995,126.935,1.63550000000001,1.66811000836276,124.766,128.037,,,,,,,,,,,,,,,,,,,,,,,,,,,,,,,,,,,,2.14950942993164,2.1494312286377,2.14953231811523,0.000101089477539062,0.00010601381605578,2.14935302734375,2.14955520629883,,,,,,,,,,,,,,,0.906553648955964,0.905884041991133,0.907707810572371,0.00182376858123856,0.00184510060467377,0.905214435026302,0.908861972188779,0.454154995331466,0.4531279178338,0.458450046685341,0.00532212885154099,0.00564667511792206,0.452100840336134,0.462745098039216,0.468534080298786,0.467623716153128,0.470448179271709,0.00282446311858048,0.0028833001536508,0.46671335200747,0.472362278244631,0.455182072829132,0.45155462184874,0.456232492997199,0.00467787114845947,0.00490878543200672,0.447927170868347,0.457282913165266,0.306602406517342,0.301802805532154,0.311197530488468,0.00939472495631399,0.00939546667039742,0.297003204546966,0.315792654459594,0.956582633053221,0.953781512605042,0.960084033613445,0.00630252100840312,0.00631547584428942,0.950980392156863,0.963585434173669,2.08283689222525,2.07875292971939,2.0897982964134,0.0110453666940149,0.011169602303436,2.07466896721353,2.09675970060156,,,,,,,,,,,,,,,,,,,,,,,,,,,,,,,,,,,,,,,,,,,,,,,,,,,,,,,,,,,,,,,,,,,,,,,,,,,,,,"standard","cpu4","/Users/stefano/Documents/fastEmbedR-results/MNIST/standard/cpu4/20260721_084502_1071186/benchmark_summary_median_variability.csv"
"MNIST","Rtsne_neighbors","t-SNE","cpu","embedding_from_precomputed_knn",4,4,70000,784,,30,"standard_R_double",,3,3,"success",71.715,71.675,73.0125,1.33749999999999,1.52184372828925,71.635,74.31,,,,,,,,,,,,,,,,,,,,,,,,,,,,,71.715,71.675,73.0125,1.33749999999999,1.52184372828925,71.635,74.31,1.19348526000977,1.19346809387207,1.19368934631348,0.00022125244140625,0.000246168693479348,1.19345092773438,1.19389343261719,,,,,,,,,,,,,,,0.905623320239818,0.905050799866498,0.907784358316409,0.00273355844991141,0.00288330908800121,0.904478279493177,0.909945396393,0.440802987861811,0.44047619047619,0.444864612511671,0.00438842203548051,0.00488956980310059,0.44014939309057,0.448926237161531,0.451120448179272,0.447222222222223,0.453688141923436,0.00646591970121346,0.00651139177946744,0.443323996265173,0.4562558356676,0.442072829131653,0.441106442577031,0.444551820728292,0.0034453781512605,0.0035543337785809,0.440140056022409,0.44703081232493,0.198520301612292,0.198455734833279,0.200540355287601,0.00208462045432201,0.00237071412007144,0.198391168054266,0.20256040896291,0.928571428571429,0.920168067226891,0.929271708683474,0.00910364145658249,0.01013190215416,0.911764705882353,0.929971988795518,2.13850368368174,2.13850368368174,2.13850368368174,0,0,2.13850368368174,2.13850368368174,,,,,,,,,,,,,,,,,,,,,,,,,,,,,,,,,,,,,,,,,,,,,,,,,,,,,,,,,,,,,,,,,,,,,,,,,,,,,,"standard","cpu4","/Users/stefano/Documents/fastEmbedR-results/MNIST/standard/cpu4/20260721_084502_1071186/benchmark_summary_median_variability.csv"
"MNIST","fastEmbedR_umap_cpu_binary_full","UMAP","cpu","full_pipeline",4,4,70000,784,30,,"float32",,3,3,"success",113.974,113.3575,114.453,1.0955,1.09837258402299,112.741,114.932,0.0229999999999999,0.0225,0.0264999999999999,0.0039999999999999,0.00435889894354058,0.022,0.0299999999999998,31.691,31.6465,32.574,0.927499999999998,1.04623945633875,31.602,33.457,,,,,,,,,,,,,,,81.192,81.029,81.593,0.563999999999993,0.58049748779244,80.866,81.994,0.789382934570312,0.789346694946289,0.790399551391602,0.0010528564453125,0.00119536041039605,0.789310455322266,0.791416168212891,,,,,,,,,,,,,,,0.927699203173792,0.927134992926258,0.930390940746776,0.00325594782051752,0.0034799406676138,0.926570782678725,0.93308267831976,0.470681605975724,0.469187675070028,0.473249299719888,0.00406162464985999,0.00410866365226479,0.467693744164332,0.475816993464052,0.496825396825397,0.493067226890756,0.498646125116713,0.00557889822595697,0.00568993252356138,0.489309056956116,0.50046685340803,0.482212885154062,0.479411764705883,0.485182072829132,0.00577030812324947,0.00577112392590536,0.476610644257703,0.488151260504202,0.506096844476913,0.487066737281178,0.506187074338661,0.019120337057483,0.0220263540711408,0.468036630085442,0.506277304200408,0.945378151260504,0.939075630252101,0.950280112044818,0.0112044817927175,0.01123362223671,0.932773109243697,0.955182072829132,,,,,,,,,,,,,,,,,,,,,,,,,,,,,,,,,,,,,,,,,,,,,,,,,,,,,,,,,,,,,,,,,,,,,,,,,,,,,,,,,,,,,"standard","cpu4","/Users/stefano/Documents/fastEmbedR-results/MNIST/standard/cpu4/20260721_084502_1071186/benchmark_summary_median_variability.csv"
"MNIST","fastEmbedR_umap_cpu_binary_knn","UMAP","cpu","embedding_from_precomputed_knn",4,4,70000,784,30,,"float32",,3,3,"success",81.298,81.181,81.7695,0.588499999999996,0.623074901864404,81.064,82.241,,,,,,,,,,,,,,,,,,,,,,,,,,,,,81.298,81.181,81.7695,0.588499999999996,0.623074901864404,81.064,82.241,0.806915283203125,0.806877136230469,0.806995391845703,0.000118255615234375,0.000120711713524433,0.806838989257812,0.807075500488281,,,,,,,,,,,,,,,0.926404039667,0.926264591702576,0.927690420114017,0.0014258284114419,0.00157209139855721,0.926125143738151,0.928976800561035,0.470028011204482,0.46811391223156,0.470728291316526,0.00261437908496698,0.00270667632757481,0.466199813258637,0.471428571428571,0.493604108309991,0.491666666666667,0.496661998132586,0.00499533146591946,0.00503704322943694,0.489729225023343,0.499719887955182,0.480056022408964,0.478375350140056,0.483067226890757,0.00469187675070054,0.00475434672346669,0.476694677871148,0.486078431372549,0.503743247699517,0.484165115185231,0.510596515571373,0.0264314003861415,0.0274334282660511,0.464586982670946,0.517449783443229,0.949579831932773,0.94047619047619,0.949579831932773,0.00910364145658249,0.0105119796911275,0.931372549019608,0.949579831932773,,,,,,,,,,,,,,,,,,,,,,,,,,,,,,,,,,,,,,,,,,,,,,,,,,,,,,,,,,,,,,,,,,,,,,,,,,,,,,,,,,,,,"standard","cpu4","/Users/stefano/Documents/fastEmbedR-results/MNIST/standard/cpu4/20260721_084502_1071186/benchmark_summary_median_variability.csv"
"MNIST","fastEmbedR_umap_cpu_fuzzy_full","UMAP","cpu","full_pipeline",4,4,70000,784,30,,"float32",,3,3,"success",50.042,49.136,50.1945,1.05850000000001,1.14441091105133,48.23,50.347,0.022,0.0215,0.0259999999999999,0.00449999999999985,0.0049328828623161,0.0210000000000001,0.0299999999999998,33.255,32.3675,33.38,1.0125,1.10406446067851,31.48,33.505,,,,,,,,,,,,,,,16.5,16.4845,16.527,0.0425000000000004,0.043015501081973,16.469,16.554,0.79296875,0.792825698852539,0.79638671875,0.00356101989746094,0.00403185951449032,0.792682647705078,0.7998046875,,,,,,,,,,,,,,,0.925011451758706,0.924387651828701,0.927417266955021,0.0030296151263205,0.00319954589748035,0.923763851898695,0.929823082151336,0.46984126984127,0.464239028944912,0.470261437908497,0.00602240896358547,0.00672463401681826,0.458636788048553,0.470681605975724,0.490056022408964,0.485410830999067,0.493160597572363,0.00774976657329601,0.00780064408111501,0.480765639589169,0.496265172735761,0.474957983193277,0.465224089635854,0.476246498599439,0.0110224089635855,0.01205273012225,0.455490196078431,0.477535014005602,0.534631277350005,0.487714363107144,0.54398464526964,0.056270282162496,0.0603049306340089,0.440797448864283,0.553338013189275,0.959383753501401,0.956582633053221,0.960084033613446,0.00350140056022408,0.00370553404911012,0.953781512605042,0.96078431372549,,,,,,,,,,,,,,,,,,,,,,,,,,,,,,,,,,,,,,,,,,,,,,,,,,,,,,,,,,,,,,,,,,,,,,,,,,,,,,,,,,,,,"standard","cpu4","/Users/stefano/Documents/fastEmbedR-results/MNIST/standard/cpu4/20260721_084502_1071186/benchmark_summary_median_variability.csv"
"MNIST","fastEmbedR_umap_cpu_fuzzy_knn","UMAP","cpu","embedding_from_precomputed_knn",4,4,70000,784,30,,"float32",,3,3,"success",16.578,16.512,16.6035,0.0914999999999999,0.0944404574321828,16.446,16.629,,,,,,,,,,,,,,,,,,,,,,,,,,,,,16.578,16.512,16.6035,0.0914999999999999,0.0944404574321828,16.446,16.629,0.81005859375,0.81001091003418,0.810146331787109,0.000135421752929688,0.000137382073252633,0.809963226318359,0.810234069824219,,,,,,,,,,,,,,,0.924814576095754,0.92440562332024,0.927318829123545,0.00291320580330545,0.00315439309030166,0.923996670544725,0.929823082151336,0.467040149393091,0.462605042016807,0.46764705882353,0.0050420168067225,0.00550517635050236,0.458169934640523,0.468253968253968,0.489355742296919,0.484663865546219,0.493137254901961,0.00847338935574249,0.00848967499181076,0.479971988795518,0.496918767507003,0.473893557422969,0.465168067226891,0.476358543417367,0.0111904761904765,0.0117597361785618,0.456442577030812,0.478823529411765,0.531994860050582,0.49060302820163,0.544926399812079,0.0543233716104485,0.0567540727909576,0.449211196352678,0.557857939573575,0.956582633053221,0.954481792717087,0.9593837535014,0.00490196078431393,0.00491860586034235,0.952380952380952,0.96218487394958,,,,,,,,,,,,,,,,,,,,,,,,,,,,,,,,,,,,,,,,,,,,,,,,,,,,,,,,,,,,,,,,,,,,,,,,,,,,,,,,,,,,,"standard","cpu4","/Users/stefano/Documents/fastEmbedR-results/MNIST/standard/cpu4/20260721_084502_1071186/benchmark_summary_median_variability.csv"
"MNIST","umap_package","UMAP","cpu","full_pipeline",4,4,70000,784,30,,"standard_R_double",,3,3,"success",1038.809,1038.5775,1061.974,23.3965000000001,26.8832913349537,1038.346,1085.139,,,,,,,,,,,,,,,,,,,,,,,,,,,,,,,,,,,,7.1963005065918,7.1628532409668,7.337158203125,0.174304962158203,0.185007801787568,7.1294059753418,7.4780158996582,,,,,,,,,,,,,,,0.927126682800472,0.925843545329371,0.928841541440503,0.0029979961111315,0.00300833980875285,0.924560407858271,0.930556400080534,0.477684407096172,0.474183006535948,0.478571428571429,0.00438842203548051,0.00464075144362017,0.470681605975724,0.479458450046685,0.497525676937442,0.494817927170868,0.501680672268908,0.00686274509803908,0.00691342487645293,0.492110177404295,0.505835667600373,0.480896358543417,0.475560224089635,0.482759103641456,0.00719887955182097,0.00747297428563891,0.470224089635854,0.484621848739496,0.505385828419915,0.503438338627479,0.517943856727645,0.014505518100166,0.0157460438803663,0.501490848835043,0.530501885035375,0.963585434173669,0.956582633053221,0.963585434173669,0.00700280112044804,0.00808613822394418,0.949579831932773,0.963585434173669,,,,,,,,,,,,,,,,,,,,,,,,,,,,,,,,,,,,,,,,,,,,,,,,,,,,,,,,,,,,,,,,,,,,,,,,,,,,,,,,,,,,,"standard","cpu4","/Users/stefano/Documents/fastEmbedR-results/MNIST/standard/cpu4/20260721_084502_1071186/benchmark_summary_median_variability.csv"
"MNIST","umap_package_knn","UMAP","cpu","embedding_from_precomputed_knn",4,4,70000,784,30,,"standard_R_double",,3,3,"success",248.599,245.9105,254.993,9.08249999999998,9.33106190812885,243.222,261.387,,,,,,,,,,,,,,,,,,,,,,,,,,,,,248.599,245.9105,254.993,9.08249999999998,9.33106190812885,243.222,261.387,3.55008697509766,3.54989814758301,3.58370971679688,0.0338115692138672,0.0389336754657353,3.54970932006836,3.61733245849609,,,,,,,,,,,,,,,0.928336042569464,0.926911632959986,0.929459193228666,0.00254756026868042,0.00255349087347752,0.925487223350508,0.930582343887869,0.476844070961718,0.474323062558356,0.478104575163398,0.003781512605042,0.00385090394534106,0.471802054154995,0.479365079365079,0.496685340802988,0.494701213818861,0.50329131652661,0.0085901027077494,0.00899501860957555,0.492717086834734,0.509897292250233,0.482212885154062,0.477422969187676,0.484719887955183,0.00729691876750699,0.00741500197839785,0.472633053221289,0.487226890756303,0.511417908309919,0.5043835091039,0.523121506292366,0.0187379971884656,0.0189309185647766,0.497349109897881,0.534825104274812,0.96078431372549,0.954481792717087,0.961484593837535,0.00700280112044838,0.00771368423989678,0.948179271708683,0.96218487394958,,,,,,,,,,,,,,,,,,,,,,,,,,,,,,,,,,,,,,,,,,,,,,,,,,,,,,,,,,,,,,,,,,,,,,,,,,,,,,,,,,,,,"standard","cpu4","/Users/stefano/Documents/fastEmbedR-results/MNIST/standard/cpu4/20260721_084502_1071186/benchmark_summary_median_variability.csv"
"MNIST","uwot_default","UMAP","cpu","full_pipeline",4,4,70000,784,30,,"standard_R_double",,3,3,"success",80.129,79.4495,81.1455,1.696,1.70712399471548,78.77,82.162,,,,,,,,,,,,,,,,,,,,,,,,,,,,,,,,,,,,1.61701965332031,1.6169605255127,1.62528038024902,0.00831985473632812,0.00957298589162807,1.61690139770508,1.63354110717773,,,,,,,,,,,,,,,0.928699255872151,0.926980748884213,0.929589250075332,0.00260850119111811,0.00265199728674432,0.925262241896276,0.930479244278512,0.472082166199813,0.470448179271709,0.473716153127917,0.00326797385620897,0.003267973856209,0.468814192343604,0.475350140056022,0.490522875816993,0.488795518207283,0.495121381886088,0.006325863678805,0.00653944817560565,0.487068160597572,0.499719887955182,0.475966386554622,0.471358543417367,0.478319327731092,0.00696078431372549,0.00708148142785981,0.466750700280112,0.480672268907563,0.539390589356677,0.518607906049613,0.539659707647783,0.0210518015981696,0.0241546503545383,0.49782522274255,0.539928825938889,0.96218487394958,0.955882352941176,0.962885154061625,0.00700280112044815,0.00771368423989648,0.949579831932773,0.963585434173669,,,,,,,,,,,,,,,,,,,,,,,,,,,,,,,,,,,,,,,,,,,,,,,,,,,,,,,,,,,,,,,,,,,,,,,,,,,,,,,,,,,,,"standard","cpu4","/Users/stefano/Documents/fastEmbedR-results/MNIST/standard/cpu4/20260721_084502_1071186/benchmark_summary_median_variability.csv"
"MNIST","uwot_fast_sgd","UMAP","cpu","full_pipeline",4,4,70000,784,30,,"standard_R_double",,3,3,"success",65.338,65.188,65.371,0.183000000000007,0.195069218484106,65.038,65.404,,,,,,,,,,,,,,,,,,,,,,,,,,,,,,,,,,,,1.61708450317383,1.6170825958252,1.61717224121094,8.96453857421875e-05,0.00010243012681654,1.61708068847656,1.61725997924805,,,,,,,,,,,,,,,0.928768439358377,0.927932629877807,0.929381632054655,0.00144900217684762,0.00145469127975375,0.927096820397238,0.929994824750933,0.472549019607843,0.470261437908497,0.47376283846872,0.00350140056022397,0.00355585827814176,0.46797385620915,0.474976657329598,0.491316526610644,0.490079365079365,0.496918767507002,0.00683940242763748,0.00728894584433543,0.488842203548086,0.502521008403361,0.475658263305322,0.471946778711484,0.479481792717087,0.00753501400560252,0.00753529168281056,0.468235294117647,0.483305322128852,0.533163900955265,0.516139268978056,0.551308704852372,0.035169435874317,0.0351753817524094,0.499114637000846,0.56945350874948,0.96218487394958,0.955882352941176,0.963585434173669,0.00770308123249308,0.00820653400151593,0.949579831932773,0.964985994397759,,,,,,,,,,,,,,,,,,,,,,,,,,,,,,,,,,,,,,,,,,,,,,,,,,,,,,,,,,,,,,,,,,,,,,,,,,,,,,,,,,,,,"standard","cpu4","/Users/stefano/Documents/fastEmbedR-results/MNIST/standard/cpu4/20260721_084502_1071186/benchmark_summary_median_variability.csv"
"MNIST","uwot_knn","UMAP","cpu","embedding_from_precomputed_knn",4,4,70000,784,30,,"standard_R_double",,3,3,"success",20.654,20.605,20.7145,0.109500000000001,0.109701109079777,20.556,20.775,,,,,,,,,,,,,,,,,,,,,,,,,,,,,20.654,20.605,20.7145,0.109500000000001,0.109701109079777,20.556,20.775,1.46523666381836,1.46517372131348,1.46524810791016,7.43865966796875e-05,8.0108642578125e-05,1.46511077880859,1.46525955200195,,,,,,,,,,,,,,,0.926083525547218,0.924864369288477,0.927729741197009,0.00286537190853198,0.00287596060740856,0.923645213029737,0.929375956846801,0.473482726423903,0.468627450980392,0.474183006535948,0.00555555555555604,0.00605135188193822,0.463772175536881,0.474883286647993,0.490709617180205,0.489309056956115,0.496428571428571,0.00711951447245551,0.00754345159546601,0.487908496732026,0.502147525676937,0.475966386554622,0.471498599439776,0.47796918767507,0.00647058823529401,0.0066252469711137,0.46703081232493,0.479971988795518,0.549370364319026,0.541209315125136,0.562637933542742,0.021428618417606,0.0216304847277872,0.533048265931246,0.575905502766458,0.957983193277311,0.953081232492997,0.961484593837535,0.00840336134453801,0.00844217615313986,0.948179271708683,0.964985994397759,,,,,,,,,,,,,,,,,,,,,,,,,,,,,,,,,,,,,,,,,,,,,,,,,,,,,,,,,,,,,,,,,,,,,,,,,,,,,,,,,,,,,"standard","cpu4","/Users/stefano/Documents/fastEmbedR-results/MNIST/standard/cpu4/20260721_084502_1071186/benchmark_summary_median_variability.csv"
"MNIST","fastEmbedR_pca_cuda","PCA","cuda","pca_only",1,,70000,784,,,"float32",,3,3,"success",2.829,2.8255,2.8445,0.0190000000000001,0.0202237484161566,2.822,2.86,,,,,,,,,,,,,,,2.829,2.8255,2.8445,0.0190000000000001,0.0202237484161566,2.822,2.86,,,,,,,,,,,,,,,1.87801361083984,1.8779468536377,1.8789005279541,0.00095367431640625,0.00106476075352636,1.87788009643555,1.87978744506836,437,437,437,0,0,437,437,437,437,437,0,0,437,437,,,,,,,,,,,,,,,,,,,,,,,,,,,,,,,,,,,,,,,,,,,,,,,,,,,,,,,,,,,,,,,,,,,,,,,,,,,,,,,,,,,,,,,,,,,,,,,,,,,,,,,,,,,,,,,,,,,,,,,,,,,,,,,"standard","cuda","/Users/stefano/Documents/fastEmbedR-results/MNIST/standard/cuda/20260722_125640_1071197/benchmark_summary_median_variability.csv"
"MNIST","fastEmbedR_opentsne_cuda_full","t-SNE","cuda","full_pipeline",1,,70000,784,,30,"float32",,3,3,"success",1.938,1.912,1.9645,0.0525000000000002,0.052500793644795,1.886,1.991,0.0619999999999998,0.0569999999999998,0.0619999999999998,0.005,0.00577350269189625,0.0519999999999998,0.0619999999999998,0.609,0.6085,0.613,0.00449999999999995,0.00493288286231625,0.608,0.617,,,,,,,,,,,,,,,0.981,0.962,1.004,0.042,0.0420634441449263,0.943,1.027,1.45226669311523,1.45224952697754,1.46939659118652,0.0171470642089844,0.0197898208446677,1.45223236083984,1.48652648925781,2807,2807,2807,0,0,2807,2807,2807,2807,2807,0,0,2807,2807,0.924249082170254,0.924106323667914,0.925821857927928,0.00171553426001403,0.00190386648187301,0.923963565165574,0.927394633685602,0.457609710550887,0.453548085901027,0.457936507936508,0.00438842203548095,0.00488956980310092,0.449486461251167,0.458263305322129,0.474276377217554,0.469677871148459,0.476540616246499,0.00686274509803952,0.00699382140313205,0.465079365079365,0.478804855275444,0.465238095238095,0.461470588235294,0.468781512605042,0.00731092436974801,0.00731206905477565,0.457703081232493,0.472324929971989,0.375693481358488,0.373593219747649,0.388222243822749,0.0146290240750995,0.015819594034186,0.371492958136811,0.40075100628701,0.96218487394958,0.955182072829131,0.96218487394958,0.00700280112044849,0.00808613822394469,0.948179271708683,0.96218487394958,2.20898030411275,2.20607672841587,2.20988039958118,0.00380367116530955,0.00397566246166273,2.20317315271899,2.21078049504961,,,,,,,,,,,,,,,,,,,,,,,,,,,,,,,,,,,,,,,,,,,,,,,,,,,,,,,,,,,,,,,,,,,,,,,,,,,,,,"standard","cuda","/Users/stefano/Documents/fastEmbedR-results/MNIST/standard/cuda/20260722_125640_1071197/benchmark_summary_median_variability.csv"
"MNIST","fastEmbedR_opentsne_cuda_knn","t-SNE","cuda","embedding_from_precomputed_knn",1,,70000,784,,30,"float32",,3,3,"success",0.618,0.6165,0.6385,0.022,0.0245831920899897,0.615,0.659,,,,,,,,,,,,,,,,,,,,,,,,,,,,,0.618,0.6165,0.6385,0.022,0.0245831920899897,0.615,0.659,0.867389678955078,0.867361068725586,0.868167877197266,0.000806808471679688,0.000915551185297477,0.867332458496094,0.868946075439453,553,553,553,0,0,553,553,553,553,553,0,0,553,553,0.925260215036328,0.924401231790352,0.925612821105287,0.00121158931493448,0.00124636322281982,0.923542248544377,0.925965427174246,0.455835667600373,0.453548085901027,0.456022408963585,0.00247432306255796,0.00275562176720285,0.451260504201681,0.456209150326797,0.476470588235294,0.471475256769375,0.477194211017741,0.00571895424836599,0.00622807643287419,0.466479925303455,0.477917833800187,0.463445378151261,0.460056022408964,0.466848739495799,0.00679271708683449,0.00679272189975451,0.456666666666667,0.470252100840336,0.37457317362084,0.373776175065207,0.383103526896799,0.0093273518315925,0.0103409098858423,0.372979176509574,0.391633880172759,0.955182072829132,0.949579831932774,0.957282913165266,0.00770308123249297,0.00796392255332961,0.943977591036415,0.959383753501401,2.21317331584272,2.21280521542994,2.21330098151988,0.000495766089934957,0.000514833600910163,2.21243711501717,2.21342864719704,,,,,,,,,,,,,,,,,,,,,,,,,,,,,,,,,,,,,,,,,,,,,,,,,,,,,,,,,,,,,,,,,,,,,,,,,,,,,,"standard","cuda","/Users/stefano/Documents/fastEmbedR-results/MNIST/standard/cuda/20260722_125640_1071197/benchmark_summary_median_variability.csv"
"MNIST","fastEmbedR_umap_cuda_binary_full","UMAP","cuda","full_pipeline",1,,70000,784,30,,"float32",,3,3,"success",1.047,1.0415,1.0535,0.012,0.0120138808606267,1.036,1.06,0.0509999999999999,0.048,0.0564999999999998,0.0084999999999998,0.00862167810425152,0.0450000000000002,0.0619999999999998,0.619,0.6165,0.6215,0.00499999999999989,0.005,0.614,0.624,,,,,,,,,,,,,,,0.137,0.136,0.141,0.005,0.00529150262212917,0.135,0.145,1.15337753295898,1.14861488342285,1.15917778015137,0.0105628967285156,0.010579870364488,1.14385223388672,1.16497802734375,2807,2807,2807,0,0,2807,2807,2807,2807,2807,0,0,2807,2807,0.926001099909332,0.925031517672192,0.928099035079541,0.00306751740734912,0.00313592992453238,0.924061935435052,0.93019697024975,0.467600373482726,0.46704014939309,0.468020541549953,0.00098039215686252,0.000983721172068142,0.466479925303455,0.46844070961718,0.494677871148459,0.492623716153127,0.49906629318394,0.00644257703081252,0.00658202600543294,0.490569561157796,0.503454715219421,0.485490196078431,0.483179271708684,0.488795518207283,0.00561624649859899,0.00564551447618335,0.480868347338936,0.492100840336134,0.488869299650653,0.476675034810784,0.492477879120766,0.0158028443099815,0.016562041521956,0.464480769970916,0.496086458590879,0.949579831932773,0.945378151260504,0.950980392156862,0.00560224089635852,0.00583099719738414,0.941176470588235,0.952380952380952,,,,,,,,,,,,,,,,,,,,,,,,,,,,,,,,,,,,,,,,,,,,,,,,,,,,,,,,,,,,,,,,,,,,,,,,,,,,,,,,,,,,,"standard","cuda","/Users/stefano/Documents/fastEmbedR-results/MNIST/standard/cuda/20260722_125640_1071197/benchmark_summary_median_variability.csv"
"MNIST","fastEmbedR_umap_cuda_binary_knn","UMAP","cuda","embedding_from_precomputed_knn",1,,70000,784,30,,"float32",,3,3,"success",1.908,1.9005,1.938,0.0374999999999999,0.0396862696659689,1.893,1.968,,,,,,,,,,,,,,,,,,,,,,,,,,,,,1.908,1.9005,1.938,0.0374999999999999,0.0396862696659689,1.893,1.968,0.84661865234375,0.846523284912109,0.847373962402344,0.000850677490234375,0.000932108872046636,0.846427917480469,0.848129272460938,487,487,487,0,0,487,487,487,487,487,0,0,487,487,0.923201871197104,0.922594151022686,0.926341071884615,0.00374692086192896,0.00402188353158257,0.921986430848268,0.929480272572126,0.466573295985061,0.460224089635854,0.466619981325864,0.00639589169000954,0.00735853388006889,0.453874883286648,0.466666666666667,0.493697478991597,0.489425770308124,0.497082166199813,0.00765639589168998,0.00767350422446027,0.48515406162465,0.50046685340803,0.481036414565826,0.475504201680672,0.483263305322129,0.00775910364145654,0.00799033212351166,0.469971988795518,0.485490196078431,0.499098900992742,0.49672210616903,0.502937691587434,0.00621558541840395,0.00627263734843095,0.494345311345318,0.506776482182126,0.950980392156863,0.94327731092437,0.953081232492998,0.00980392156862764,0.010323690190241,0.935574229691877,0.955182072829132,,,,,,,,,,,,,,,,,,,,,,,,,,,,,,,,,,,,,,,,,,,,,,,,,,,,,,,,,,,,,,,,,,,,,,,,,,,,,,,,,,,,,"standard","cuda","/Users/stefano/Documents/fastEmbedR-results/MNIST/standard/cuda/20260722_125640_1071197/benchmark_summary_median_variability.csv"
"MNIST","fastEmbedR_umap_cuda_fuzzy_full","UMAP","cuda","full_pipeline",1,,70000,784,30,,"float32",,3,3,"success",0.991,0.977,0.9965,0.0195,0.0201080415091409,0.963,1.002,0.0629999999999999,0.0610000000000001,0.0639999999999999,0.00299999999999985,0.00305505046330373,0.0590000000000002,0.0649999999999999,0.629,0.612,0.6315,0.0195,0.021221058723196,0.595,0.634,,,,,,,,,,,,,,,0.0600000000000001,0.057,0.0600000000000001,0.00300000000000015,0.00346410161513793,0.0539999999999998,0.0600000000000001,1.13073348999023,1.12929725646973,1.13576889038086,0.00647163391113281,0.00679706158566876,1.12786102294922,1.14080429077148,2807,2807,2807,0,0,2807,2807,2807,2807,2807,0,0,2807,2807,0.927346664666832,0.925614172345253,0.927617723403882,0.00200355105862904,0.00217397015125088,0.923881680023674,0.927888782140932,0.46750700280112,0.465592903828198,0.472782446311858,0.00718954248366049,0.00744686064671952,0.463678804855275,0.478057889822596,0.490429505135387,0.487441643323996,0.495424836601307,0.00798319327731101,0.0080668882708383,0.484453781512605,0.500420168067227,0.474397759103641,0.470448179271709,0.478543417366946,0.00809523809523799,0.00809602960730396,0.466498599439776,0.482689075630252,0.518540715374824,0.502506703521896,0.544202188382138,0.0416954848602415,0.0420643490439394,0.486472691668968,0.569863661389451,0.963585434173669,0.962885154061625,0.964985994397759,0.00210084033613445,0.00213939108074514,0.96218487394958,0.966386554621849,,,,,,,,,,,,,,,,,,,,,,,,,,,,,,,,,,,,,,,,,,,,,,,,,,,,,,,,,,,,,,,,,,,,,,,,,,,,,,,,,,,,,"standard","cuda","/Users/stefano/Documents/fastEmbedR-results/MNIST/standard/cuda/20260722_125640_1071197/benchmark_summary_median_variability.csv"
"MNIST","fastEmbedR_umap_cuda_fuzzy_knn","UMAP","cuda","embedding_from_precomputed_knn",1,,70000,784,30,,"float32",,3,3,"success",2.651,2.63,2.661,0.0309999999999997,0.0316438514301488,2.609,2.671,,,,,,,,,,,,,,,,,,,,,,,,,,,,,2.651,2.63,2.661,0.0309999999999997,0.0316438514301488,2.609,2.671,0.861606597900391,0.857568740844727,0.861763000488281,0.00419425964355469,0.00475538749413241,0.853530883789062,0.861919403076172,485,461,485,24,27.712812921102,437,485,485,461,485,24,27.712812921102,437,485,0.925961103206357,0.924637360974298,0.927164517519502,0.00252715654520352,0.00252811124623136,0.923313618742239,0.928367931832646,0.466573295985061,0.464285714285715,0.46890756302521,0.00462184873949545,0.0046219273336771,0.461998132586368,0.471241830065359,0.490336134453781,0.489775910364145,0.494000933706816,0.0042250233426705,0.00458951172724394,0.48921568627451,0.497665732959851,0.475770308123249,0.473655462184874,0.477324929971988,0.00366946778711452,0.00368369527117453,0.471540616246499,0.478879551820728,0.525370920165793,0.510343853410889,0.53706845015105,0.0267245967401615,0.0267936436981683,0.495316786655984,0.548765980136307,0.959383753501401,0.956582633053221,0.959383753501401,0.00280112044817959,0.00323445528957804,0.953781512605042,0.959383753501401,,,,,,,,,,,,,,,,,,,,,,,,,,,,,,,,,,,,,,,,,,,,,,,,,,,,,,,,,,,,,,,,,,,,,,,,,,,,,,,,,,,,,"standard","cuda","/Users/stefano/Documents/fastEmbedR-results/MNIST/standard/cuda/20260722_125640_1071197/benchmark_summary_median_variability.csv"
"Macosko2015_retina","fastEmbedR_pca_cpu","PCA","cpu","pca_only",1,1,44808,50,,,"float32",,3,3,"success",0.991,0.984,1.014,0.03,0.0313900196453161,0.977,1.037,,,,,,,,,,,,,,,0.991,0.984,1.014,0.03,0.0313900196453161,0.977,1.037,,,,,,,,,,,,,,,0.536731719970703,0.536680221557617,0.536931991577148,0.00025177001953125,0.000266018728204516,0.536628723144531,0.537132263183594,,,,,,,,,,,,,,,,,,,,,,,,,,,,,,,,,,,,,,,,,,,,,,,,,,,,,,,,,,,,,,,,,,,,,,,,,,,,,,,,,,,,,,,,,,,,,,,,,,,,,,,,,,,,,,,,,,,,,,,,,,,,,,,,,,,,,,,,,,,,,"standard","cpu1","/Users/stefano/Documents/fastEmbedR-results/Macosko2015_retina/standard/cpu1/20260721_084502_1071172/benchmark_summary_median_variability.csv"
"Macosko2015_retina","irlba_pca","PCA","cpu","pca_only",1,1,44808,50,,,"standard_R_double",,3,3,"success",0.67,0.646,0.6815,0.0355,0.036226141573915,0.622,0.693,,,,,,,,,,,,,,,0.67,0.646,0.6815,0.0355,0.036226141573915,0.622,0.693,,,,,,,,,,,,,,,0.218963623046875,0.212934494018555,0.21904182434082,0.00610733032226562,0.00700742444115642,0.206905364990234,0.219120025634766,,,,,,,,,,,,,,,,,,,,,,,,,,,,,,,,,,,,,,,,,,,,,,,,,,,,,,,,,,,,,,,,,,,,,,,,,,,,,,,,,,,,,,,,,,,,,,,,,,,,,,,,,,,,,,,,,,,,,,,,,,,,,,,,,,,,,,,,,,,,,"standard","cpu1","/Users/stefano/Documents/fastEmbedR-results/Macosko2015_retina/standard/cpu1/20260721_084502_1071172/benchmark_summary_median_variability.csv"
"Macosko2015_retina","fastEmbedR_opentsne_cpu_full","t-SNE","cpu","full_pipeline",1,1,44808,50,,30,"float32",,3,3,"success",30.889,30.8605,30.9025,0.041999999999998,0.0428835632847828,30.832,30.916,0.00499999999999989,0.00449999999999995,0.00549999999999995,0.001,0.001,0.004,0.00600000000000001,7.885,7.855,7.921,0.0659999999999989,0.0660908465674331,7.825,7.957,,,,,,,,,,,,,,,21.851,21.8445,21.9065,0.0620000000000012,0.0681493458026803,21.838,21.962,0.584346771240234,0.58430290222168,0.584856033325195,0.000553131103515625,0.00061493976921545,0.584259033203125,0.585365295410156,,,,,,,,,,,,,,,0.92644833923453,0.923980888551677,0.927795203169785,0.00381431461810799,0.00386879407036297,0.921513437868825,0.929142067105041,0.3878,0.383866666666666,0.38875,0.00488333333333352,0.0051781950237226,0.379933333333333,0.3897,0.420983333333333,0.419266666666666,0.424675,0.00540833333333357,0.00552723057034718,0.41755,0.428366666666667,0.45394,0.4507,0.4562,0.0055,0.00552902643630261,0.44746,0.45846,-0.00468253321437287,-0.0214748827878841,0.0295070996535431,0.0509819824414272,0.0519620151873775,-0.0382672323613954,0.063696732521459,0.9685,0.9655,0.972,0.00649999999999995,0.00650640709864772,0.9625,0.9755,1.97046545437,1.96921333600623,1.99114296588535,0.0219296298791201,0.0246310907797377,1.96796121764246,2.0118204774007,,,,,,,,,,,,,,,,,,,,,,,,,,,,,,,,,,,,,,,,,,,,,,,,,,,,,,,,,,,,,,,,,,,,,,,,,,,,,,"standard","cpu1","/Users/stefano/Documents/fastEmbedR-results/Macosko2015_retina/standard/cpu1/20260721_084502_1071172/benchmark_summary_median_variability.csv"
"Macosko2015_retina","fastEmbedR_opentsne_cpu_knn","t-SNE","cpu","embedding_from_precomputed_knn",1,1,44808,50,,30,"float32",,3,3,"success",22.023,22.0195,22.0525,0.0330000000000013,0.0362537354397228,22.016,22.082,,,,,,,,,,,,,,,,,,,,,,,,,,,,,22.023,22.0195,22.0525,0.0330000000000013,0.0362537354397228,22.016,22.082,0.477733612060547,0.477640151977539,0.477895736694336,0.000255584716796875,0.000258640975687926,0.477546691894531,0.478057861328125,,,,,,,,,,,,,,,0.924328426909459,0.92195182094082,0.926046552014838,0.00409473107401803,0.00411234178025399,0.91957521497218,0.927764677120216,0.389033333333333,0.383183333333333,0.390183333333333,0.00700000000000001,0.00750755175362335,0.377333333333333,0.391333333333333,0.418383333333333,0.4177,0.422575,0.00487500000000007,0.00527905540091479,0.417016666666667,0.426766666666667,0.4512,0.44714,0.454425,0.00728499999999999,0.00730093373023845,0.44308,0.45765,-0.0697727061834645,-0.076119215847868,-0.0631985937349739,0.0129206221128942,0.0129212903171466,-0.0824657255122716,-0.0566244812864832,0.97,0.96475,0.97275,0.00800000000000001,0.00812916559883813,0.9595,0.9755,2.01699680387061,2.01699680387061,2.01699680387061,0,0,2.01699680387061,2.01699680387061,,,,,,,,,,,,,,,,,,,,,,,,,,,,,,,,,,,,,,,,,,,,,,,,,,,,,,,,,,,,,,,,,,,,,,,,,,,,,,"standard","cpu1","/Users/stefano/Documents/fastEmbedR-results/Macosko2015_retina/standard/cpu1/20260721_084502_1071172/benchmark_summary_median_variability.csv"
"Macosko2015_retina","KlugerLab_FItSNE","t-SNE","cpu","full_pipeline",1,1,44808,50,,30,"standard_R_double",,3,3,"success",51.088,50.873,51.3075,0.4345,0.434507767479478,50.658,51.527,,,,,,,,,,,,,,,,,,,,,,,,,,,,,,,,,,,,0.573268890380859,0.573236465454102,0.57342529296875,0.000188827514648438,0.000201938894491114,0.573204040527344,0.573581695556641,,,,,,,,,,,,,,,0.923544073512055,0.922090465351542,0.924801407857023,0.0027109425054801,0.00271330986157275,0.92063685719103,0.92605874220199,0.375533333333333,0.371,0.376933333333333,0.00593333333333301,0.00620298613871033,0.366466666666667,0.378333333333333,0.4115,0.40975,0.415166666666666,0.00541666666666651,0.00552854545199847,0.408,0.418833333333333,0.4487,0.44554,0.450345,0.004805,0.00488396355432757,0.44238,0.45199,0.0182321860217816,0.00803356190715401,0.021856508072882,0.013822946165728,0.0143346081184005,-0.00216506220747358,0.0254808301239824,0.968,0.965,0.97025,0.00525000000000009,0.0052678268764264,0.962,0.9725,2.00508474253989,2.00347749629698,2.0058101988368,0.00233270253982454,0.00238761086491592,2.00187025005406,2.00653565513371,,,,,,,,,,,,,,,,,,,,,,,,,,,,,,,,,,,,,,,,,,,,,,,,,,,,,,,,,,,,,,,,,,,,,,,,,,,,,,"standard","cpu1","/Users/stefano/Documents/fastEmbedR-results/Macosko2015_retina/standard/cpu1/20260721_084502_1071172/benchmark_summary_median_variability.csv"
"Macosko2015_retina","Rtsne_full","t-SNE","cpu","full_pipeline",1,1,44808,50,,30,"standard_R_double",,3,3,"success",121.932,121.5305,122.1625,0.631999999999991,0.639664755946423,121.129,122.393,,,,,,,,,,,,,,,,,,,,,,,,,,,,,,,,,,,,0.538818359375,0.538745880126953,0.5389404296875,0.000194549560546875,0.000196645084861484,0.538673400878906,0.5390625,,,,,,,,,,,,,,,0.92278084640027,0.922668108244815,0.925083485078402,0.0024153768335865,0.00272627951880103,0.922555370089361,0.927386123756534,0.3787,0.376216666666666,0.38115,0.00493333333333351,0.00493337087072824,0.373733333333333,0.3836,0.41715,0.4166,0.420975,0.00437500000000002,0.0047661130214603,0.41605,0.4248,0.45437,0.45382,0.455415,0.00159500000000001,0.00162040118489217,0.45327,0.45646,-0.108390279676899,-0.152837724132054,-0.100271265684399,0.0525664584476546,0.0565963854000912,-0.197285168587209,-0.0921522516918998,0.9665,0.9655,0.9675,0.002,0.002,0.9645,0.9685,1.84131601657263,1.8380060130012,1.85633151252931,0.0183254995281199,0.0195319426482751,1.83469600942976,1.871347008486,,,,,,,,,,,,,,,,,,,,,,,,,,,,,,,,,,,,,,,,,,,,,,,,,,,,,,,,,,,,,,,,,,,,,,,,,,,,,,"standard","cpu1","/Users/stefano/Documents/fastEmbedR-results/Macosko2015_retina/standard/cpu1/20260721_084502_1071172/benchmark_summary_median_variability.csv"
"Macosko2015_retina","Rtsne_neighbors","t-SNE","cpu","embedding_from_precomputed_knn",1,1,44808,50,,30,"standard_R_double",,3,3,"success",91.696,91.665,91.7035,0.0384999999999991,0.040820746359336,91.634,91.711,,,,,,,,,,,,,,,,,,,,,,,,,,,,,91.696,91.665,91.7035,0.0384999999999991,0.040820746359336,91.634,91.711,0.571754455566406,0.571708679199219,0.571804046630859,9.5367431640625e-05,9.53928595657911e-05,0.571662902832031,0.571853637695312,,,,,,,,,,,,,,,0.918233872871354,0.91781250210757,0.921054122407688,0.00324162030011799,0.00352509696678955,0.917391131343787,0.923874371944023,0.376466666666667,0.3744,0.380033333333334,0.00563333333333349,0.00569951264973118,0.372333333333333,0.3836,0.40875,0.407066666666666,0.411933333333333,0.00486666666666702,0.00494312092148754,0.405383333333333,0.415116666666667,0.43769,0.43501,0.43868,0.00367000000000001,0.00379749039937343,0.43233,0.43967,-0.0150886379820302,-0.0270309878102541,-0.0141847088541353,0.0128462789561187,0.0143402391962002,-0.0389733376384779,-0.0132807797262405,0.9655,0.9635,0.968,0.00449999999999995,0.0045092497528229,0.9615,0.9705,1.97001178617977,1.97001178617977,1.97001178617977,0,0,1.97001178617977,1.97001178617977,,,,,,,,,,,,,,,,,,,,,,,,,,,,,,,,,,,,,,,,,,,,,,,,,,,,,,,,,,,,,,,,,,,,,,,,,,,,,,"standard","cpu1","/Users/stefano/Documents/fastEmbedR-results/Macosko2015_retina/standard/cpu1/20260721_084502_1071172/benchmark_summary_median_variability.csv"
"Macosko2015_retina","fastEmbedR_umap_cpu_binary_full","UMAP","cpu","full_pipeline",1,1,44808,50,30,,"float32",,3,3,"success",91.012,91.0065,91.053,0.0464999999999947,0.0508166639335249,91.001,91.094,0.00500000000000012,0.00400000000000011,0.00500000000000012,0.00100000000000001,0.00115470053837926,0.00300000000000011,0.00500000000000012,7.88,7.8675,7.893,0.0255000000000001,0.0255016339345799,7.855,7.906,,,,,,,,,,,,,,,82.891,82.8715,82.9045,0.0330000000000155,0.0331813200460754,82.852,82.918,0.527290344238281,0.527168273925781,0.527292251586914,0.000123977661132812,0.000142068667980469,0.527046203613281,0.527294158935547,,,,,,,,,,,,,,,0.918811751812511,0.918094587759231,0.921684513572753,0.00358992581352202,0.00379953082691533,0.917377423705952,0.924557275332996,0.3544,0.354366666666666,0.358216666666667,0.00385000000000002,0.00442647757293571,0.354333333333333,0.362033333333333,0.416566666666667,0.412883333333333,0.419241666666667,0.00635833333333347,0.00638492872433334,0.4092,0.421916666666667,0.46942,0.46403,0.47181,0.00778000000000001,0.00797047050054137,0.45864,0.4742,0.182146511710177,0.177345404949085,0.354126649240236,0.176781244291151,0.201414707612787,0.172544298187992,0.526106786770294,0.964,0.9455,0.96775,0.02225,0.0238240074994391,0.927,0.9715,,,,,,,,,,,,,,,,,,,,,,,,,,,,,,,,,,,,,,,,,,,,,,,,,,,,,,,,,,,,,,,,,,,,,,,,,,,,,,,,,,,,,"standard","cpu1","/Users/stefano/Documents/fastEmbedR-results/Macosko2015_retina/standard/cpu1/20260721_084502_1071172/benchmark_summary_median_variability.csv"
"Macosko2015_retina","fastEmbedR_umap_cpu_binary_knn","UMAP","cpu","embedding_from_precomputed_knn",1,1,44808,50,30,,"float32",,3,3,"success",82.944,82.9405,82.977,0.0365000000000038,0.0402781992315146,82.937,83.01,,,,,,,,,,,,,,,,,,,,,,,,,,,,,82.944,82.9405,82.977,0.0365000000000038,0.0402781992315146,82.937,83.01,0.539478302001953,0.539443969726562,0.539615631103516,0.000171661376953125,0.000181669325253153,0.539409637451172,0.539752960205078,,,,,,,,,,,,,,,0.918811751812511,0.918094587759231,0.921684513572753,0.00358992581352202,0.00379953082691533,0.917377423705952,0.924557275332996,0.3544,0.354366666666666,0.358216666666667,0.00385000000000002,0.00442647757293571,0.354333333333333,0.362033333333333,0.416566666666667,0.412883333333333,0.419241666666667,0.00635833333333347,0.00638492872433334,0.4092,0.421916666666667,0.46942,0.46403,0.47181,0.00778000000000001,0.00797047050054137,0.45864,0.4742,0.182146511710177,0.177345404949085,0.354126649240236,0.176781244291151,0.201414707612787,0.172544298187992,0.526106786770294,0.964,0.9455,0.96775,0.02225,0.0238240074994391,0.927,0.9715,,,,,,,,,,,,,,,,,,,,,,,,,,,,,,,,,,,,,,,,,,,,,,,,,,,,,,,,,,,,,,,,,,,,,,,,,,,,,,,,,,,,,"standard","cpu1","/Users/stefano/Documents/fastEmbedR-results/Macosko2015_retina/standard/cpu1/20260721_084502_1071172/benchmark_summary_median_variability.csv"
"Macosko2015_retina","fastEmbedR_umap_cpu_fuzzy_full","UMAP","cpu","full_pipeline",1,1,44808,50,30,,"float32",,3,3,"success",23.366,23.361,23.4155,0.0545000000000009,0.0602522475376087,23.356,23.465,0.00500000000000012,0.00450000000000006,0.00550000000000006,0.00100000000000001,0.001,0.004,0.00600000000000001,7.868,7.853,7.8965,0.0434999999999999,0.0441927595879685,7.838,7.925,,,,,,,,,,,,,,,15.25,15.239,15.2605,0.0214999999999996,0.0215019378971607,15.228,15.271,0.528289794921875,0.528257369995117,0.528360366821289,0.000102996826171875,0.000105325258330682,0.528224945068359,0.528430938720703,,,,,,,,,,,,,,,0.917943281065588,0.91703411734952,0.920441637160682,0.00340751981116194,0.0035288858585459,0.916124953633451,0.922939993255775,0.3548,0.351783333333334,0.356666666666666,0.00488333333333296,0.00492826316036131,0.348766666666667,0.358533333333333,0.407416666666667,0.405658333333333,0.411216666666667,0.00555833333333355,0.00568194834867747,0.4039,0.415016666666667,0.45587,0.45337,0.45726,0.00389,0.00394243579529205,0.45087,0.45865,0.391140535183111,0.383993662884036,0.455963787366061,0.0719701244820249,0.0793004019543902,0.376846790584961,0.520787039549011,0.9695,0.967,0.97125,0.00424999999999986,0.00427200187265874,0.9645,0.973,,,,,,,,,,,,,,,,,,,,,,,,,,,,,,,,,,,,,,,,,,,,,,,,,,,,,,,,,,,,,,,,,,,,,,,,,,,,,,,,,,,,,"standard","cpu1","/Users/stefano/Documents/fastEmbedR-results/Macosko2015_retina/standard/cpu1/20260721_084502_1071172/benchmark_summary_median_variability.csv"
"Macosko2015_retina","fastEmbedR_umap_cpu_fuzzy_knn","UMAP","cpu","embedding_from_precomputed_knn",1,1,44808,50,30,,"float32",,3,3,"success",15.384,15.379,15.389,0.00999999999999801,0.00999999999999979,15.374,15.394,,,,,,,,,,,,,,,,,,,,,,,,,,,,,15.384,15.379,15.389,0.00999999999999801,0.00999999999999979,15.374,15.394,0.538784027099609,0.53870964050293,0.538835525512695,0.000125885009765625,0.000126576690849587,0.53863525390625,0.538887023925781,,,,,,,,,,,,,,,0.917943281065588,0.91703411734952,0.920441637160682,0.00340751981116194,0.0035288858585459,0.916124953633451,0.922939993255775,0.3548,0.351783333333334,0.356666666666666,0.00488333333333296,0.00492826316036131,0.348766666666667,0.358533333333333,0.407416666666667,0.405658333333333,0.411216666666667,0.00555833333333355,0.00568194834867747,0.4039,0.415016666666667,0.45587,0.45337,0.45726,0.00389,0.00394243579529205,0.45087,0.45865,0.391140535183111,0.383993662884036,0.455963787366061,0.0719701244820249,0.0793004019543902,0.376846790584961,0.520787039549011,0.9695,0.967,0.97125,0.00424999999999986,0.00427200187265874,0.9645,0.973,,,,,,,,,,,,,,,,,,,,,,,,,,,,,,,,,,,,,,,,,,,,,,,,,,,,,,,,,,,,,,,,,,,,,,,,,,,,,,,,,,,,,"standard","cpu1","/Users/stefano/Documents/fastEmbedR-results/Macosko2015_retina/standard/cpu1/20260721_084502_1071172/benchmark_summary_median_variability.csv"
"Macosko2015_retina","umap_package","UMAP","cpu","full_pipeline",1,1,44808,50,30,,"standard_R_double",,3,3,"success",456.322,453.935,462.0005,8.06549999999999,8.28635108677716,451.548,467.679,,,,,,,,,,,,,,,,,,,,,,,,,,,,,,,,,,,,3.78230285644531,3.63712501525879,4.04880714416504,0.41168212890625,0.41759894332989,3.49194717407227,4.31531143188477,,,,,,,,,,,,,,,0.919731562974203,0.918441358961389,0.921761869836452,0.00332051087506346,0.00334789135835214,0.917151154948575,0.923792176698702,0.3617,0.3594,0.364116666666667,0.00471666666666654,0.00471714760013718,0.3571,0.366533333333333,0.415733333333333,0.414391666666666,0.419241666666667,0.00485000000000002,0.00500872387088922,0.41305,0.42275,0.46586,0.46242,0.467705,0.00528500000000004,0.00536462797716053,0.45898,0.46955,0.38943800959058,0.349917254216564,0.419680409272185,0.069763155055621,0.0699685198126004,0.310396498842547,0.449922808953789,0.9635,0.96325,0.9665,0.00325000000000009,0.00361708906903514,0.963,0.9695,,,,,,,,,,,,,,,,,,,,,,,,,,,,,,,,,,,,,,,,,,,,,,,,,,,,,,,,,,,,,,,,,,,,,,,,,,,,,,,,,,,,,"standard","cpu1","/Users/stefano/Documents/fastEmbedR-results/Macosko2015_retina/standard/cpu1/20260721_084502_1071172/benchmark_summary_median_variability.csv"
"Macosko2015_retina","umap_package_knn","UMAP","cpu","embedding_from_precomputed_knn",1,1,44808,50,30,,"standard_R_double",,3,3,"success",185.868,185.6705,187.6095,1.93899999999999,2.13409613966506,185.473,189.351,,,,,,,,,,,,,,,,,,,,,,,,,,,,,185.868,185.6705,187.6095,1.93899999999999,2.13409613966506,185.473,189.351,1.39471054077148,1.39463043212891,1.42569541931152,0.0310649871826172,0.0358245962451475,1.39455032348633,1.45668029785156,,,,,,,,,,,,,,,0.920570510875063,0.918193786882482,0.922720426572248,0.00452663968976552,0.00452853334041469,0.915817062889901,0.924870342269432,0.360533333333333,0.357733333333333,0.36365,0.00591666666666701,0.00591949071883507,0.354933333333333,0.366766666666667,0.416766666666667,0.415725,0.4206,0.00487499999999996,0.00513453268817373,0.414683333333333,0.424433333333333,0.46747,0.46339,0.47124,0.00785000000000002,0.0078520400746133,0.45931,0.47501,0.357223894396831,0.326794163369923,0.365788272175748,0.0389941088058255,0.0409866451312338,0.296364432343015,0.374352649954666,0.968,0.9635,0.97,0.00649999999999995,0.0066583281184794,0.959,0.972,,,,,,,,,,,,,,,,,,,,,,,,,,,,,,,,,,,,,,,,,,,,,,,,,,,,,,,,,,,,,,,,,,,,,,,,,,,,,,,,,,,,,"standard","cpu1","/Users/stefano/Documents/fastEmbedR-results/Macosko2015_retina/standard/cpu1/20260721_084502_1071172/benchmark_summary_median_variability.csv"
"Macosko2015_retina","uwot_default","UMAP","cpu","full_pipeline",1,1,44808,50,30,,"standard_R_double",,3,3,"success",41.777,41.769,41.7895,0.0204999999999984,0.0206639783197703,41.761,41.802,,,,,,,,,,,,,,,,,,,,,,,,,,,,,,,,,,,,0.730377197265625,0.730300903320312,0.730401992797852,0.000101089477539062,0.00010537130216166,0.730224609375,0.730426788330078,,,,,,,,,,,,,,,0.917999207553532,0.917617922778621,0.920453447985162,0.00283552520654196,0.0030777564743131,0.917236638003709,0.922907688416793,0.353133333333333,0.351966666666667,0.35595,0.00398333333333345,0.0040956616613737,0.3508,0.358766666666667,0.410433333333333,0.40655,0.411475,0.00492500000000001,0.00519108031288415,0.402666666666667,0.412516666666667,0.46234,0.456545,0.463755,0.00720999999999999,0.00764060861450185,0.45075,0.46517,0.41284505351065,0.394836119712038,0.416417246758159,0.0215811270461205,0.0231347834186406,0.376827185913427,0.419989440005668,0.9665,0.96425,0.96775,0.00349999999999995,0.0035472994422988,0.962,0.969,,,,,,,,,,,,,,,,,,,,,,,,,,,,,,,,,,,,,,,,,,,,,,,,,,,,,,,,,,,,,,,,,,,,,,,,,,,,,,,,,,,,,"standard","cpu1","/Users/stefano/Documents/fastEmbedR-results/Macosko2015_retina/standard/cpu1/20260721_084502_1071172/benchmark_summary_median_variability.csv"
"Macosko2015_retina","uwot_fast_sgd","UMAP","cpu","full_pipeline",1,1,44808,50,30,,"standard_R_double",,3,3,"success",36.437,36.364,36.4475,0.0835000000000008,0.0909633625880962,36.291,36.458,,,,,,,,,,,,,,,,,,,,,,,,,,,,,,,,,,,,0.729999542236328,0.729867935180664,0.730009078979492,0.000141143798828125,0.000157761293348263,0.729736328125,0.730018615722656,,,,,,,,,,,,,,,0.919295818580341,0.918118462316642,0.920982077221379,0.00286361490473797,0.00287864856009288,0.916941106052942,0.922668335862418,0.351166666666667,0.349466666666667,0.354683333333334,0.00521666666666648,0.00532106227211276,0.347766666666667,0.3582,0.413483333333333,0.40695,0.413608333333333,0.00665833333333304,0.00761723800434312,0.400416666666667,0.413733333333333,0.45747,0.45218,0.46176,0.00957999999999998,0.0095973815873567,0.44689,0.46605,0.428205767134515,0.418177825612804,0.462087383137772,0.0439095575249671,0.0460186393844448,0.408149884091094,0.495968999141028,0.9615,0.961,0.9645,0.00349999999999995,0.00378593889720019,0.9605,0.9675,,,,,,,,,,,,,,,,,,,,,,,,,,,,,,,,,,,,,,,,,,,,,,,,,,,,,,,,,,,,,,,,,,,,,,,,,,,,,,,,,,,,,"standard","cpu1","/Users/stefano/Documents/fastEmbedR-results/Macosko2015_retina/standard/cpu1/20260721_084502_1071172/benchmark_summary_median_variability.csv"
"Macosko2015_retina","uwot_knn","UMAP","cpu","embedding_from_precomputed_knn",1,1,44808,50,30,,"standard_R_double",,3,3,"success",22.03,22.0075,22.088,0.0805000000000007,0.0830682450358343,21.985,22.146,,,,,,,,,,,,,,,,,,,,,,,,,,,,,22.03,22.0075,22.088,0.0805000000000007,0.0830682450358343,21.985,22.146,0.724056243896484,0.724040985107422,0.724081039428711,4.00543212890625e-05,4.04309923695492e-05,0.724025726318359,0.724105834960938,,,,,,,,,,,,,,,0.917052335187995,0.915789419996628,0.920451618614061,0.00466219861743344,0.00482259809229525,0.914526504805261,0.923850902040128,0.3527,0.349766666666667,0.356783333333334,0.007016666666667,0.00704800996341869,0.346833333333333,0.360866666666667,0.4053,0.404691666666667,0.411875,0.00718333333333349,0.00796663761036087,0.404083333333333,0.41845,0.4541,0.454015,0.459345,0.00533,0.006106070749672,0.45393,0.46459,0.410124662099846,0.405343628315186,0.411951966485404,0.0066083381702185,0.00682483009505298,0.400562594530525,0.413779270870962,0.9665,0.961,0.96875,0.00774999999999992,0.00797391580927044,0.9555,0.971,,,,,,,,,,,,,,,,,,,,,,,,,,,,,,,,,,,,,,,,,,,,,,,,,,,,,,,,,,,,,,,,,,,,,,,,,,,,,,,,,,,,,"standard","cpu1","/Users/stefano/Documents/fastEmbedR-results/Macosko2015_retina/standard/cpu1/20260721_084502_1071172/benchmark_summary_median_variability.csv"
"Macosko2015_retina","fastEmbedR_pca_cpu","PCA","cpu","pca_only",4,4,44808,50,,,"float32",,3,3,"success",0.961,0.9445,0.9785,0.0339999999999999,0.0340049016074644,0.928,0.996,,,,,,,,,,,,,,,0.961,0.9445,0.9785,0.0339999999999999,0.0340049016074644,0.928,0.996,,,,,,,,,,,,,,,0.543525695800781,0.543424606323242,0.543998718261719,0.000574111938476562,0.000612956686301083,0.543323516845703,0.544471740722656,,,,,,,,,,,,,,,,,,,,,,,,,,,,,,,,,,,,,,,,,,,,,,,,,,,,,,,,,,,,,,,,,,,,,,,,,,,,,,,,,,,,,,,,,,,,,,,,,,,,,,,,,,,,,,,,,,,,,,,,,,,,,,,,,,,,,,,,,,,,,"standard","cpu4","/Users/stefano/Documents/fastEmbedR-results/Macosko2015_retina/standard/cpu4/20260721_084502_1071183/benchmark_summary_median_variability.csv"
"Macosko2015_retina","irlba_pca","PCA","cpu","pca_only",4,4,44808,50,,,"standard_R_double",,3,3,"success",0.622,0.622,0.624,0.002,0.00230940107675851,0.622,0.626,,,,,,,,,,,,,,,0.622,0.622,0.624,0.002,0.00230940107675851,0.622,0.626,,,,,,,,,,,,,,,0.225456237792969,0.225399017333984,0.22547721862793,7.82012939453125e-05,8.09519146850434e-05,0.225341796875,0.225498199462891,,,,,,,,,,,,,,,,,,,,,,,,,,,,,,,,,,,,,,,,,,,,,,,,,,,,,,,,,,,,,,,,,,,,,,,,,,,,,,,,,,,,,,,,,,,,,,,,,,,,,,,,,,,,,,,,,,,,,,,,,,,,,,,,,,,,,,,,,,,,,"standard","cpu4","/Users/stefano/Documents/fastEmbedR-results/Macosko2015_retina/standard/cpu4/20260721_084502_1071183/benchmark_summary_median_variability.csv"
"Macosko2015_retina","fastEmbedR_opentsne_cpu_full","t-SNE","cpu","full_pipeline",4,4,44808,50,,30,"float32",,3,3,"success",19.013,18.328,19.028,0.699999999999996,0.799770800500577,17.643,19.043,0.002,0.002,0.002,0,0,0.002,0.002,6.174,6.1705,6.1785,0.00799999999999912,0.00802080627701063,6.167,6.183,,,,,,,,,,,,,,,11.607,10.973,11.6505,0.677500000000002,0.758443361981192,10.339,11.694,0.607166290283203,0.606235504150391,0.634330749511719,0.0280952453613281,0.0319177799971108,0.605304718017578,0.661495208740234,,,,,,,,,,,,,,,0.925181301635475,0.923405016017535,0.9275034311246,0.00409841510706455,0.00411051354055074,0.921628730399595,0.929825560613724,0.3868,0.3821,0.389166666666666,0.0070666666666665,0.00719392748035386,0.3774,0.391533333333333,0.418516666666667,0.41705,0.422808333333333,0.00575833333333342,0.00598486517067109,0.415583333333333,0.4271,0.4516,0.44778,0.455675,0.00789499999999999,0.00789637258492783,0.44396,0.45975,-0.0106501767444388,-0.0153473146438163,-0.000983379203605045,0.0143639354402113,0.0146477010817806,-0.0200444525431938,0.00868341833722871,0.9675,0.9635,0.97175,0.00824999999999998,0.00825126252965769,0.9595,0.976,2.01303228158539,2.00562088724931,2.01382572112105,0.00820483387173532,0.00905087882158013,1.99820949291323,2.0146191606567,,,,,,,,,,,,,,,,,,,,,,,,,,,,,,,,,,,,,,,,,,,,,,,,,,,,,,,,,,,,,,,,,,,,,,,,,,,,,,"standard","cpu4","/Users/stefano/Documents/fastEmbedR-results/Macosko2015_retina/standard/cpu4/20260721_084502_1071183/benchmark_summary_median_variability.csv"
"Macosko2015_retina","fastEmbedR_opentsne_cpu_knn","t-SNE","cpu","embedding_from_precomputed_knn",4,4,44808,50,,30,"float32",,3,3,"success",9.388,8.9575,9.587,0.6295,0.643532697951964,8.527,9.786,,,,,,,,,,,,,,,,,,,,,,,,,,,,,9.388,8.9575,9.587,0.6295,0.643532697951964,8.527,9.786,0.493480682373047,0.489461898803711,0.493705749511719,0.00424385070800781,0.00477574046097795,0.485443115234375,0.493930816650391,,,,,,,,,,,,,,,0.924328426909459,0.92195182094082,0.926046552014838,0.00409473107401803,0.00411234178025399,0.91957521497218,0.927764677120216,0.389033333333333,0.383183333333333,0.390183333333333,0.00700000000000001,0.00750755175362335,0.377333333333333,0.391333333333333,0.418383333333333,0.4177,0.422575,0.00487500000000007,0.00527905540091479,0.417016666666667,0.426766666666667,0.4512,0.44714,0.454425,0.00728499999999999,0.00730093373023845,0.44308,0.45765,-0.0697727061834645,-0.076119215847868,-0.0631985937349739,0.0129206221128942,0.0129212903171466,-0.0824657255122716,-0.0566244812864832,0.97,0.96475,0.97275,0.00800000000000001,0.00812916559883813,0.9595,0.9755,2.01699680387061,2.01699680387061,2.01699680387061,0,0,2.01699680387061,2.01699680387061,,,,,,,,,,,,,,,,,,,,,,,,,,,,,,,,,,,,,,,,,,,,,,,,,,,,,,,,,,,,,,,,,,,,,,,,,,,,,,"standard","cpu4","/Users/stefano/Documents/fastEmbedR-results/Macosko2015_retina/standard/cpu4/20260721_084502_1071183/benchmark_summary_median_variability.csv"
"Macosko2015_retina","KlugerLab_FItSNE","t-SNE","cpu","full_pipeline",4,4,44808,50,,30,"standard_R_double",,3,3,"success",36.717,36.684,37.5765,0.892499999999998,1.01205582849959,36.651,38.436,,,,,,,,,,,,,,,,,,,,,,,,,,,,,,,,,,,,0.580257415771484,0.580196380615234,0.580469131469727,0.000272750854492188,0.000286288730488246,0.580135345458984,0.580680847167969,,,,,,,,,,,,,,,0.92447376496375,0.922579640870005,0.92510563142809,0.002525990558085,0.00262901624323592,0.92068551677626,0.92573749789243,0.3753,0.371983333333333,0.37655,0.00456666666666655,0.00471997332070285,0.368666666666667,0.3778,0.410566666666667,0.409516666666667,0.4145,0.00498333333333301,0.00525402843681026,0.408466666666667,0.418433333333333,0.44878,0.44553,0.450295,0.00476500000000002,0.00486915119228529,0.44228,0.45181,0.0253299828301987,0.014766865284837,0.0304085830468082,0.0156417177619712,0.0159590093047248,0.00420374773947521,0.0354871832634176,0.9675,0.966,0.97075,0.00475000000000003,0.00485626742811113,0.9645,0.974,2.00261638683096,2.00203628210868,2.00374367783808,0.00170739572940493,0.00173637681784823,2.00145617738639,2.0048709688452,,,,,,,,,,,,,,,,,,,,,,,,,,,,,,,,,,,,,,,,,,,,,,,,,,,,,,,,,,,,,,,,,,,,,,,,,,,,,,"standard","cpu4","/Users/stefano/Documents/fastEmbedR-results/Macosko2015_retina/standard/cpu4/20260721_084502_1071183/benchmark_summary_median_variability.csv"
"Macosko2015_retina","Rtsne_full","t-SNE","cpu","full_pipeline",4,4,44808,50,,30,"standard_R_double",,3,3,"success",52.268,50.235,53.8065,3.5715,3.58289301170623,48.202,55.345,,,,,,,,,,,,,,,,,,,,,,,,,,,,,,,,,,,,0.546253204345703,0.54210090637207,0.54627799987793,0.00417709350585938,0.00480904033648753,0.537948608398438,0.546302795410156,,,,,,,,,,,,,,,0.919542286292362,0.918850202326758,0.922922795481369,0.0040725931546115,0.00435835118635447,0.918158118361153,0.926303304670376,0.374666666666667,0.3725,0.379383333333334,0.00688333333333352,0.00703901823962541,0.370333333333333,0.3841,0.4127,0.410008333333334,0.419033333333333,0.00902499999999995,0.00926667166266856,0.407316666666667,0.425366666666667,0.45024,0.444425,0.45286,0.00843500000000003,0.00863434421366208,0.43861,0.45548,-0.0189327737857118,-0.0820963097372979,0.00931826749839965,0.0914145772356975,0.093610464296556,-0.145259845688884,0.0375693087825111,0.9675,0.96675,0.96875,0.002,0.00202072594216369,0.966,0.97,1.87490299638203,1.87275616788468,1.87542646152729,0.00267029364260996,0.0028300007647937,1.87060933938733,1.87594992667255,,,,,,,,,,,,,,,,,,,,,,,,,,,,,,,,,,,,,,,,,,,,,,,,,,,,,,,,,,,,,,,,,,,,,,,,,,,,,,"standard","cpu4","/Users/stefano/Documents/fastEmbedR-results/Macosko2015_retina/standard/cpu4/20260721_084502_1071183/benchmark_summary_median_variability.csv"
"Macosko2015_retina","Rtsne_neighbors","t-SNE","cpu","embedding_from_precomputed_knn",4,4,44808,50,,30,"standard_R_double",,3,3,"success",46.248,45.7185,48.0265,2.308,2.41802901829844,45.189,49.805,,,,,,,,,,,,,,,,,,,,,,,,,,,,,46.248,45.7185,48.0265,2.308,2.41802901829844,45.189,49.805,0.573383331298828,0.569356918334961,0.573566436767578,0.00420951843261719,0.00475854140136995,0.565330505371094,0.573749542236328,,,,,,,,,,,,,,,0.918233872871354,0.91781250210757,0.921054122407688,0.00324162030011799,0.00352509696678955,0.917391131343787,0.923874371944023,0.376466666666667,0.3744,0.380033333333334,0.00563333333333349,0.00569951264973118,0.372333333333333,0.3836,0.40875,0.407066666666666,0.411933333333333,0.00486666666666702,0.00494312092148754,0.405383333333333,0.415116666666667,0.43769,0.43501,0.43868,0.00367000000000001,0.00379749039937343,0.43233,0.43967,-0.01508863798203,-0.0270309878102539,-0.0141847088541349,0.0128462789561191,0.0143402391962004,-0.0389733376384778,-0.0132807797262397,0.9655,0.9635,0.968,0.00449999999999995,0.0045092497528229,0.9615,0.9705,1.97001178617977,1.97001178617977,1.97001178617977,0,0,1.97001178617977,1.97001178617977,,,,,,,,,,,,,,,,,,,,,,,,,,,,,,,,,,,,,,,,,,,,,,,,,,,,,,,,,,,,,,,,,,,,,,,,,,,,,,"standard","cpu4","/Users/stefano/Documents/fastEmbedR-results/Macosko2015_retina/standard/cpu4/20260721_084502_1071183/benchmark_summary_median_variability.csv"
"Macosko2015_retina","fastEmbedR_umap_cpu_binary_full","UMAP","cpu","full_pipeline",4,4,44808,50,30,,"float32",,3,3,"success",65.488,64.2645,66.4585,2.194,2.19885705159143,63.041,67.429,0.00299999999999989,0.00249999999999994,0.00299999999999989,0.000499999999999945,0.000577350269189562,0.002,0.00299999999999989,6.104,6.0275,6.3525,0.325,0.339832802026722,5.951,6.601,,,,,,,,,,,,,,,58.566,57.6785,59.7705,2.092,2.09999055553432,56.791,60.975,0.528213500976562,0.528072357177734,0.528232574462891,0.00016021728515625,0.000175033231685077,0.527931213378906,0.528251647949219,,,,,,,,,,,,,,,0.919916877423706,0.919915764626539,0.922338138593829,0.00242237396729039,0.00279647427184897,0.919914651829371,0.924759399763952,0.356466666666667,0.353566666666667,0.3602,0.00663333333333294,0.00665075879825662,0.350666666666667,0.363933333333333,0.414833333333333,0.412916666666666,0.418941666666666,0.006025,0.00615644046988678,0.411,0.42305,0.46812,0.463565,0.470525,0.00695999999999997,0.00706982555183179,0.45901,0.47293,0.391854544242999,0.356929653708639,0.402575885840465,0.045646232131826,0.0477372925661486,0.32200476317428,0.413297227437932,0.971,0.96675,0.97325,0.00649999999999995,0.00660176744011279,0.9625,0.9755,,,,,,,,,,,,,,,,,,,,,,,,,,,,,,,,,,,,,,,,,,,,,,,,,,,,,,,,,,,,,,,,,,,,,,,,,,,,,,,,,,,,,"standard","cpu4","/Users/stefano/Documents/fastEmbedR-results/Macosko2015_retina/standard/cpu4/20260721_084502_1071183/benchmark_summary_median_variability.csv"
"Macosko2015_retina","fastEmbedR_umap_cpu_binary_knn","UMAP","cpu","embedding_from_precomputed_knn",4,4,44808,50,30,,"float32",,3,3,"success",61.233,60.089,62.6125,2.5235,2.52716026401176,58.945,63.992,,,,,,,,,,,,,,,,,,,,,,,,,,,,,61.233,60.089,62.6125,2.5235,2.52716026401176,58.945,63.992,0.540294647216797,0.540216445922852,0.540327072143555,0.000110626220703125,0.000113739406706814,0.540138244628906,0.540359497070312,,,,,,,,,,,,,,,0.919906423874557,0.918198305513404,0.920849055808464,0.00265075029506001,0.00268734074570508,0.916490187152251,0.921791687742371,0.3552,0.352716666666667,0.357733333333334,0.005016666666667,0.00501674972245787,0.350233333333333,0.360266666666667,0.41265,0.412466666666667,0.4172,0.00473333333333348,0.00536286960221592,0.412283333333333,0.42175,0.46675,0.463505,0.46907,0.00556499999999999,0.00559056645907489,0.46026,0.47139,0.219224371779274,0.215096124824196,0.231042086208096,0.0159459613838995,0.0165524314769785,0.210967877869118,0.242859800636917,0.972,0.9665,0.973,0.00650000000000006,0.00700000000000001,0.961,0.974,,,,,,,,,,,,,,,,,,,,,,,,,,,,,,,,,,,,,,,,,,,,,,,,,,,,,,,,,,,,,,,,,,,,,,,,,,,,,,,,,,,,,"standard","cpu4","/Users/stefano/Documents/fastEmbedR-results/Macosko2015_retina/standard/cpu4/20260721_084502_1071183/benchmark_summary_median_variability.csv"
"Macosko2015_retina","fastEmbedR_umap_cpu_fuzzy_full","UMAP","cpu","full_pipeline",4,4,44808,50,30,,"float32",,3,3,"success",17.928,17.3765,18.6075,1.231,1.2332162557043,16.825,19.287,0.00299999999999989,0.00299999999999989,0.003,1.10154940724527e-16,1.2694558359329e-16,0.00299999999999989,0.00300000000000011,6.167,6.08,6.2675,0.1875,0.187661930076401,5.993,6.368,,,,,,,,,,,,,,,11.264,10.9025,12.045,1.1425,1.16788969227977,10.541,12.826,0.528007507324219,0.527950286865234,0.528144836425781,0.000194549560546875,0.000199971655610369,0.52789306640625,0.528282165527344,,,,,,,,,,,,,,,0.91882505479683,0.916144680492329,0.92033331647277,0.0041886359804415,0.00424294953006281,0.913464306187827,0.92184157814871,0.355433333333333,0.351416666666666,0.356016666666666,0.00459999999999999,0.00500891797290178,0.3474,0.3566,0.4069,0.403516666666667,0.4098,0.00628333333333347,0.00628952686202629,0.400133333333333,0.4127,0.45491,0.44641,0.455175,0.00876500000000002,0.00997147431426265,0.43791,0.45544,0.345522759328256,0.279451797028872,0.436432316601952,0.15698051957308,0.157634182393499,0.213380834729488,0.527341873875648,0.9635,0.958,0.96425,0.00625000000000009,0.00682519840981441,0.9525,0.965,,,,,,,,,,,,,,,,,,,,,,,,,,,,,,,,,,,,,,,,,,,,,,,,,,,,,,,,,,,,,,,,,,,,,,,,,,,,,,,,,,,,,"standard","cpu4","/Users/stefano/Documents/fastEmbedR-results/Macosko2015_retina/standard/cpu4/20260721_084502_1071183/benchmark_summary_median_variability.csv"
"Macosko2015_retina","fastEmbedR_umap_cpu_fuzzy_knn","UMAP","cpu","embedding_from_precomputed_knn",4,4,44808,50,30,,"float32",,3,3,"success",12.03,11.787,12.132,0.345000000000001,0.354474258585866,11.544,12.234,,,,,,,,,,,,,,,,,,,,,,,,,,,,,12.03,11.787,12.132,0.345000000000001,0.354474258585866,11.544,12.234,0.540447235107422,0.540420532226562,0.540462493896484,4.1961669921875e-05,4.2478670981064e-05,0.540393829345703,0.540477752685547,,,,,,,,,,,,,,,0.917100252908447,0.916555757882313,0.919427499578486,0.0028717416961731,0.00305062313483997,0.916011262856179,0.921754746248525,0.3526,0.351183333333334,0.354533333333333,0.00334999999999996,0.00336325459658967,0.349766666666667,0.356466666666667,0.405466666666667,0.404891666666667,0.409366666666667,0.00447500000000001,0.00486937709910964,0.404316666666667,0.413266666666667,0.45211,0.45065,0.454015,0.00336500000000001,0.00337479382086275,0.44919,0.45592,0.382821823486565,0.373358367584472,0.448461362184683,0.0751029946002105,0.0818069509517451,0.36389491168238,0.514100900882801,0.9645,0.96325,0.966,0.00275000000000003,0.00275378527364308,0.962,0.9675,,,,,,,,,,,,,,,,,,,,,,,,,,,,,,,,,,,,,,,,,,,,,,,,,,,,,,,,,,,,,,,,,,,,,,,,,,,,,,,,,,,,,"standard","cpu4","/Users/stefano/Documents/fastEmbedR-results/Macosko2015_retina/standard/cpu4/20260721_084502_1071183/benchmark_summary_median_variability.csv"
"Macosko2015_retina","umap_package","UMAP","cpu","full_pipeline",4,4,44808,50,30,,"standard_R_double",,3,3,"success",465.905,455.8465,467.0055,11.159,12.2992629453963,445.788,468.106,,,,,,,,,,,,,,,,,,,,,,,,,,,,,,,,,,,,4.18880462646484,3.89488220214844,4.1983528137207,0.303470611572266,0.345037168513724,3.60095977783203,4.20790100097656,,,,,,,,,,,,,,,0.919731562974203,0.918441358961389,0.921761869836452,0.00332051087506346,0.00334789135835214,0.917151154948575,0.923792176698702,0.3617,0.3594,0.364116666666667,0.00471666666666654,0.00471714760013718,0.3571,0.366533333333333,0.415733333333333,0.414391666666666,0.419241666666667,0.00485000000000002,0.00500872387088922,0.41305,0.42275,0.46586,0.46242,0.467705,0.00528500000000004,0.00536462797716053,0.45898,0.46955,0.38943800959058,0.349917254216564,0.419680409272185,0.069763155055621,0.0699685198126004,0.310396498842547,0.449922808953789,0.9635,0.96325,0.9665,0.00325000000000009,0.00361708906903514,0.963,0.9695,,,,,,,,,,,,,,,,,,,,,,,,,,,,,,,,,,,,,,,,,,,,,,,,,,,,,,,,,,,,,,,,,,,,,,,,,,,,,,,,,,,,,"standard","cpu4","/Users/stefano/Documents/fastEmbedR-results/Macosko2015_retina/standard/cpu4/20260721_084502_1071183/benchmark_summary_median_variability.csv"
"Macosko2015_retina","umap_package_knn","UMAP","cpu","embedding_from_precomputed_knn",4,4,44808,50,30,,"standard_R_double",,3,3,"success",182.133,178.994,185.9305,6.9365,6.94691104016743,175.855,189.728,,,,,,,,,,,,,,,,,,,,,,,,,,,,,182.133,178.994,185.9305,6.9365,6.94691104016743,175.855,189.728,1.3951530456543,1.36186218261719,1.42615699768066,0.0642948150634766,0.0643083708758329,1.32857131958008,1.45716094970703,,,,,,,,,,,,,,,0.920570510875063,0.918193786882482,0.922720426572248,0.00452663968976552,0.00452853334041469,0.915817062889901,0.924870342269432,0.360533333333333,0.357733333333333,0.36365,0.00591666666666701,0.00591949071883507,0.354933333333333,0.366766666666667,0.416766666666667,0.415725,0.4206,0.00487499999999996,0.00513453268817373,0.414683333333333,0.424433333333333,0.46747,0.46339,0.47124,0.00785000000000002,0.0078520400746133,0.45931,0.47501,0.357223894396831,0.326794163369923,0.365788272175748,0.0389941088058255,0.0409866451312338,0.296364432343015,0.374352649954666,0.968,0.9635,0.97,0.00649999999999995,0.0066583281184794,0.959,0.972,,,,,,,,,,,,,,,,,,,,,,,,,,,,,,,,,,,,,,,,,,,,,,,,,,,,,,,,,,,,,,,,,,,,,,,,,,,,,,,,,,,,,"standard","cpu4","/Users/stefano/Documents/fastEmbedR-results/Macosko2015_retina/standard/cpu4/20260721_084502_1071183/benchmark_summary_median_variability.csv"
"Macosko2015_retina","uwot_default","UMAP","cpu","full_pipeline",4,4,44808,50,30,,"standard_R_double",,3,3,"success",31.439,31.1245,32.0445,0.920000000000002,0.935214948554609,30.81,32.65,,,,,,,,,,,,,,,,,,,,,,,,,,,,,,,,,,,,0.731235504150391,0.72715950012207,0.731307983398438,0.00414848327636719,0.0047489630850379,0.72308349609375,0.731380462646484,,,,,,,,,,,,,,,0.917999207553532,0.917617922778621,0.920453447985162,0.00283552520654196,0.0030777564743131,0.917236638003709,0.922907688416793,0.353133333333333,0.351966666666667,0.35595,0.00398333333333345,0.0040956616613737,0.3508,0.358766666666667,0.410433333333333,0.40655,0.411475,0.00492500000000001,0.00519108031288415,0.402666666666667,0.412516666666667,0.46234,0.456545,0.463755,0.00720999999999999,0.00764060861450185,0.45075,0.46517,0.41284505351065,0.394836119712038,0.416417246758159,0.0215811270461205,0.0231347834186406,0.376827185913427,0.419989440005668,0.9665,0.96425,0.96775,0.00349999999999995,0.0035472994422988,0.962,0.969,,,,,,,,,,,,,,,,,,,,,,,,,,,,,,,,,,,,,,,,,,,,,,,,,,,,,,,,,,,,,,,,,,,,,,,,,,,,,,,,,,,,,"standard","cpu4","/Users/stefano/Documents/fastEmbedR-results/Macosko2015_retina/standard/cpu4/20260721_084502_1071183/benchmark_summary_median_variability.csv"
"Macosko2015_retina","uwot_fast_sgd","UMAP","cpu","full_pipeline",4,4,44808,50,30,,"standard_R_double",,3,3,"success",20.831,20.275,21.59,1.315,1.32021260914041,19.719,22.349,,,,,,,,,,,,,,,,,,,,,,,,,,,,,,,,,,,,0.73126220703125,0.727272033691406,0.731418609619141,0.00414657592773438,0.00470035721876291,0.723281860351562,0.731575012207031,,,,,,,,,,,,,,,0.918991316809981,0.917194132524026,0.921477550160175,0.00428341763614903,0.00430185187060739,0.915396948238071,0.923963783510369,0.350366666666667,0.348683333333333,0.354283333333334,0.00560000000000005,0.00574652874286663,0.347,0.3582,0.40715,0.404208333333334,0.413025,0.00881666666666647,0.00897784825329859,0.401266666666667,0.4189,0.45848,0.454545,0.46308,0.00853500000000001,0.0085436311562083,0.45061,0.46768,0.35418137901349,0.325827668765119,0.442064756663791,0.116237087898671,0.121211884882733,0.297473958516748,0.529948134314091,0.964,0.959,0.9655,0.00650000000000006,0.00680685928555405,0.954,0.967,,,,,,,,,,,,,,,,,,,,,,,,,,,,,,,,,,,,,,,,,,,,,,,,,,,,,,,,,,,,,,,,,,,,,,,,,,,,,,,,,,,,,"standard","cpu4","/Users/stefano/Documents/fastEmbedR-results/Macosko2015_retina/standard/cpu4/20260721_084502_1071183/benchmark_summary_median_variability.csv"
"Macosko2015_retina","uwot_knn","UMAP","cpu","embedding_from_precomputed_knn",4,4,44808,50,30,,"standard_R_double",,3,3,"success",16.728,16.0805,16.795,0.714500000000001,0.789200228079034,15.433,16.862,,,,,,,,,,,,,,,,,,,,,,,,,,,,,16.728,16.0805,16.795,0.714500000000001,0.789200228079034,15.433,16.862,0.725173950195312,0.725000381469727,0.743364334106445,0.0183639526367188,0.0211053697650709,0.724826812744141,0.761554718017578,,,,,,,,,,,,,,,0.91816191198786,0.916769010284944,0.919762746585736,0.00299373630079247,0.00299614236448882,0.915376108582027,0.921363581183612,0.353133333333333,0.3508,0.3573,0.00650000000000001,0.00658561845010559,0.348466666666667,0.361466666666667,0.407183333333333,0.404383333333333,0.410333333333333,0.00595000000000001,0.00595343038368075,0.401583333333333,0.413483333333333,0.45653,0.453825,0.45656,0.00273499999999993,0.00314092873738537,0.45112,0.45659,0.335297407518628,0.307841064215466,0.379408534206775,0.071567469991309,0.072210548842653,0.280384720912304,0.423519660894922,0.9685,0.95825,0.97125,0.0129999999999999,0.0137021896060447,0.948,0.974,,,,,,,,,,,,,,,,,,,,,,,,,,,,,,,,,,,,,,,,,,,,,,,,,,,,,,,,,,,,,,,,,,,,,,,,,,,,,,,,,,,,,"standard","cpu4","/Users/stefano/Documents/fastEmbedR-results/Macosko2015_retina/standard/cpu4/20260721_084502_1071183/benchmark_summary_median_variability.csv"
"Macosko2015_retina","fastEmbedR_pca_cuda","PCA","cuda","pca_only",1,,44808,50,,,"float32",,3,3,"success",1.173,1.1595,1.2145,0.0550000000000002,0.0573265499863138,1.146,1.256,,,,,,,,,,,,,,,1.173,1.1595,1.2145,0.0550000000000002,0.0573265499863138,1.146,1.256,,,,,,,,,,,,,,,0.726390838623047,0.720291137695312,0.726505279541016,0.00621414184570312,0.00711032146530792,0.714191436767578,0.726619720458984,437,437,449,12,13.856406460551,437,461,437,437,449,12,13.856406460551,437,461,,,,,,,,,,,,,,,,,,,,,,,,,,,,,,,,,,,,,,,,,,,,,,,,,,,,,,,,,,,,,,,,,,,,,,,,,,,,,,,,,,,,,,,,,,,,,,,,,,,,,,,,,,,,,,,,,,,,,,,,,,,,,,,"standard","cuda","/Users/stefano/Documents/fastEmbedR-results/Macosko2015_retina/standard/cuda/20260722_125341_1071194/benchmark_summary_median_variability.csv"
"Macosko2015_retina","fastEmbedR_opentsne_cuda_full","t-SNE","cuda","full_pipeline",1,,44808,50,,30,"float32",,3,3,"success",0.916,0.916,1.007,0.0910000000000001,0.105077748992512,0.916,1.098,0.00300000000000011,0.003,0.00300000000000011,1.09721259855533e-16,1.2694558359329e-16,0.00299999999999989,0.00300000000000011,0.353,0.349,0.3625,0.0135,0.0138684293751432,0.345,0.372,,,,,,,,,,,,,,,0.281,0.28,0.3655,0.0855,0.0981546398971202,0.279,0.45,0.987293243408203,0.987215042114258,0.988227844238281,0.00101280212402344,0.00112704992388206,0.987136840820312,0.989162445068359,2107,2107,2113,6,6.92820323027551,2107,2119,2107,2107,2113,6,6.92820323027551,2107,2119,0.924561355589277,0.924244191535998,0.926689369414939,0.00244517787894094,0.0026593145405739,0.923927027482718,0.9288173832406,0.386733333333333,0.38525,0.39035,0.00509999999999999,0.00524662148787562,0.383766666666667,0.393966666666667,0.423583333333333,0.421466666666666,0.428816666666667,0.00735000000000002,0.00756705823754324,0.41935,0.43405,0.45892,0.45527,0.46453,0.00925999999999999,0.00932888703615459,0.45162,0.47014,0.089557979583277,0.0865111041134045,0.0896127780115294,0.00310167389812484,0.00355028956255295,0.083464228643532,0.0896675764397817,0.966,0.96425,0.972,0.00774999999999992,0.00812916559883812,0.9625,0.978,1.91315897801347,1.90545008923278,1.9155217132512,0.01007162401842,0.0105339797609157,1.89774120045209,1.91788444848893,,,,,,,,,,,,,,,,,,,,,,,,,,,,,,,,,,,,,,,,,,,,,,,,,,,,,,,,,,,,,,,,,,,,,,,,,,,,,,"standard","cuda","/Users/stefano/Documents/fastEmbedR-results/Macosko2015_retina/standard/cuda/20260722_125341_1071194/benchmark_summary_median_variability.csv"
"Macosko2015_retina","fastEmbedR_opentsne_cuda_knn","t-SNE","cuda","embedding_from_precomputed_knn",1,,44808,50,,30,"float32",,3,3,"success",0.577,0.5695,0.5825,0.013,0.0130511813003012,0.562,0.588,,,,,,,,,,,,,,,,,,,,,,,,,,,,,0.577,0.5695,0.5825,0.013,0.0130511813003012,0.562,0.588,0.613552093505859,0.613388061523438,0.614511489868164,0.00112342834472656,0.00121365539232952,0.613224029541016,0.615470886230469,543,543,543,0,0,543,543,543,543,543,0,0,543,543,0.926961355589277,0.926060276513236,0.928934707469229,0.00287443095599393,0.00294034175611933,0.925159197437194,0.930908059349182,0.389133333333333,0.386633333333333,0.391716666666666,0.0050833333333335,0.00508356101493768,0.384133333333333,0.3943,0.422833333333333,0.421558333333333,0.42625,0.00469166666666698,0.00485187058237867,0.420283333333333,0.429666666666667,0.46135,0.45629,0.46324,0.00695000000000001,0.00718694186238716,0.45123,0.46513,0.0496423212954282,0.041025852421511,0.0556170304583146,0.0145911780368036,0.0146706773744537,0.0324093835475938,0.061591739621201,0.9645,0.963,0.97,0.0069999999999999,0.007371114795832,0.9615,0.9755,1.91249930526668,1.91055674317915,1.91251365196834,0.00195690878918997,0.00225140627179043,1.90861418109161,1.91252799866999,,,,,,,,,,,,,,,,,,,,,,,,,,,,,,,,,,,,,,,,,,,,,,,,,,,,,,,,,,,,,,,,,,,,,,,,,,,,,,"standard","cuda","/Users/stefano/Documents/fastEmbedR-results/Macosko2015_retina/standard/cuda/20260722_125341_1071194/benchmark_summary_median_variability.csv"
"Macosko2015_retina","fastEmbedR_umap_cuda_binary_full","UMAP","cuda","full_pipeline",1,,44808,50,30,,"float32",,3,3,"success",0.698,0.697,0.711,0.014,0.0156204993518133,0.696,0.724,0.00299999999999989,0.00299999999999989,0.003,1.10154940724527e-16,1.2694558359329e-16,0.00299999999999989,0.00300000000000011,0.362,0.3535,0.373,0.0195,0.01955334583475,0.345,0.384,,,,,,,,,,,,,,,0.0960000000000001,0.0960000000000001,0.102,0.00599999999999995,0.00692820323027545,0.0960000000000001,0.108,0.941429138183594,0.941379547119141,0.941507339477539,0.000127792358398438,0.000128855482132374,0.941329956054688,0.941585540771484,2031,2017,2085,68,71.8145760506412,2003,2139,2031,2017,2085,68,71.8145760506412,2003,2139,0.918755875906255,0.918400581689429,0.920822196931377,0.00242161524194895,0.00261535681943062,0.918045287472602,0.9228885179565,0.3558,0.354116666666667,0.358516666666666,0.00439999999999996,0.00444026192086974,0.352433333333333,0.361233333333333,0.41525,0.412466666666667,0.418616666666667,0.00614999999999999,0.00615921471666037,0.409683333333333,0.421983333333333,0.46598,0.4618,0.470085,0.00828499999999999,0.00828511315553383,0.45762,0.47419,0.107154161812036,0.0927699304452725,0.198794605291271,0.106024674845998,0.115024949958065,0.0783856990785089,0.290435048770505,0.964,0.9615,0.96675,0.00524999999999998,0.00525198375219628,0.959,0.9695,,,,,,,,,,,,,,,,,,,,,,,,,,,,,,,,,,,,,,,,,,,,,,,,,,,,,,,,,,,,,,,,,,,,,,,,,,,,,,,,,,,,,"standard","cuda","/Users/stefano/Documents/fastEmbedR-results/Macosko2015_retina/standard/cuda/20260722_125341_1071194/benchmark_summary_median_variability.csv"
"Macosko2015_retina","fastEmbedR_umap_cuda_binary_knn","UMAP","cuda","embedding_from_precomputed_knn",1,,44808,50,30,,"float32",,3,3,"success",1.086,1.079,1.0875,0.00849999999999973,0.00907377172587743,1.072,1.089,,,,,,,,,,,,,,,,,,,,,,,,,,,,,1.086,1.079,1.0875,0.00849999999999973,0.00907377172587743,1.072,1.089,0.654930114746094,0.654855728149414,0.654947280883789,9.1552734375e-05,9.73308625959249e-05,0.654781341552734,0.654964447021484,479,458,479,21,24.2487113059643,437,479,479,458,479,21,24.2487113059643,437,479,0.91958728713539,0.917977786208059,0.920004897993593,0.00202711178553405,0.00214072795329364,0.916368285280728,0.920422508851796,0.346366666666667,0.343733333333334,0.349416666666667,0.00568333333333348,0.00568842228989285,0.3411,0.352466666666667,0.406883333333333,0.405233333333333,0.410391666666666,0.00515833333333349,0.00526873201416041,0.403583333333333,0.4139,0.46509,0.46166,0.467505,0.00584499999999999,0.00587430279550971,0.45823,0.46992,0.306187986132237,0.292174137191905,0.325880369905402,0.033706232713497,0.0338653024449162,0.278160288251573,0.345572753678567,0.9655,0.96275,0.9675,0.00475000000000003,0.00476969600708476,0.96,0.9695,,,,,,,,,,,,,,,,,,,,,,,,,,,,,,,,,,,,,,,,,,,,,,,,,,,,,,,,,,,,,,,,,,,,,,,,,,,,,,,,,,,,,"standard","cuda","/Users/stefano/Documents/fastEmbedR-results/Macosko2015_retina/standard/cuda/20260722_125341_1071194/benchmark_summary_median_variability.csv"
"Macosko2015_retina","fastEmbedR_umap_cuda_fuzzy_full","UMAP","cuda","full_pipeline",1,,44808,50,30,,"float32",,3,3,"success",0.656,0.656,0.6675,0.0115,0.0132790561913614,0.656,0.679,0.00299999999999989,0.00299999999999989,0.003,1.10154940724527e-16,1.2694558359329e-16,0.00299999999999989,0.00300000000000011,0.38,0.3615,0.385,0.0235,0.0247588368062799,0.343,0.39,,,,,,,,,,,,,,,0.042,0.0415,0.0575,0.016,0.0181934053986603,0.0409999999999999,0.073,0.941627502441406,0.941579818725586,0.941741943359375,0.000162124633789062,0.000166643046341974,0.941532135009766,0.941856384277344,2031,2017,2036,19,19.6977156035922,2003,2041,2031,2017,2036,19,19.6977156035922,2003,2041,0.912367442252571,0.91164549822964,0.916927364693981,0.00528186646434003,0.00572783898697313,0.91092355420671,0.92148728713539,0.3466,0.346216666666667,0.353466666666666,0.00724999999999998,0.00815927102771456,0.345833333333333,0.360333333333333,0.399033333333333,0.397008333333333,0.403758333333333,0.00674999999999998,0.00692766194325327,0.394983333333333,0.408483333333333,0.44217,0.43928,0.447295,0.00801499999999999,0.0081182079303255,0.43639,0.45242,0.325290946585166,0.219981599847234,0.340418322285495,0.120436722438261,0.131209501987266,0.114672253109301,0.355545697985823,0.9645,0.96025,0.9675,0.00724999999999998,0.0072858309981315,0.956,0.9705,,,,,,,,,,,,,,,,,,,,,,,,,,,,,,,,,,,,,,,,,,,,,,,,,,,,,,,,,,,,,,,,,,,,,,,,,,,,,,,,,,,,,"standard","cuda","/Users/stefano/Documents/fastEmbedR-results/Macosko2015_retina/standard/cuda/20260722_125341_1071194/benchmark_summary_median_variability.csv"
"Macosko2015_retina","fastEmbedR_umap_cuda_fuzzy_knn","UMAP","cuda","embedding_from_precomputed_knn",1,,44808,50,30,,"float32",,3,3,"success",1.425,1.4225,1.4355,0.0130000000000001,0.0137961347243832,1.42,1.446,,,,,,,,,,,,,,,,,,,,,,,,,,,,,1.425,1.4225,1.4355,0.0130000000000001,0.0137961347243832,1.42,1.446,0.660171508789062,0.660043716430664,0.660213470458984,0.000169754028320312,0.000176839095863331,0.659915924072266,0.660255432128906,437,437,437,0,0,437,437,437,437,437,0,0,437,437,0.91685370089361,0.915210057325915,0.918263539032204,0.00305348170628905,0.00305646400112951,0.91356641375822,0.919673377170798,0.3515,0.349183333333334,0.354316666666667,0.00513333333333299,0.0051414438093245,0.346866666666667,0.357133333333333,0.404233333333333,0.404133333333333,0.408775,0.00464166666666699,0.0053029429285735,0.404033333333333,0.413316666666667,0.45572,0.453535,0.457815,0.00427999999999995,0.00428031540893893,0.45135,0.45991,0.3669335356622,0.338474963987829,0.428776135060665,0.090301171072837,0.0923352547305387,0.310016392313457,0.490618734459131,0.9685,0.9625,0.97075,0.00824999999999998,0.00852936105461597,0.9565,0.973,,,,,,,,,,,,,,,,,,,,,,,,,,,,,,,,,,,,,,,,,,,,,,,,,,,,,,,,,,,,,,,,,,,,,,,,,,,,,,,,,,,,,"standard","cuda","/Users/stefano/Documents/fastEmbedR-results/Macosko2015_retina/standard/cuda/20260722_125341_1071194/benchmark_summary_median_variability.csv"
"MetRef","fastEmbedR_pca_cpu","PCA","cpu","pca_only",1,1,873,375,,,"float32",,3,3,"success",0.771,0.7525,0.7805,0.028,0.0284780617317963,0.734,0.79,,,,,,,,,,,,,,,0.771,0.7525,0.7805,0.028,0.0284780617317963,0.734,0.79,,,,,,,,,,,,,,,0.475658416748047,0.47273063659668,0.51336669921875,0.0406360626220703,0.0453267842004401,0.469802856445312,0.551074981689453,,,,,,,,,,,,,,,,,,,,,,,,,,,,,,,,,,,,,,,,,,,,,,,,,,,,,,,,,,,,,,,,,,,,,,,,,,,,,,,,,,,,,,,,,,,,,,,,,,,,,,,,,,,,,,,,,,,,,,,,,,,,,,,,,,,,,,,,,,,,,"standard","cpu1","/Users/stefano/Documents/fastEmbedR-results/MetRef/standard/cpu1/20260721_084502_1071174/benchmark_summary_median_variability.csv"
"MetRef","irlba_pca","PCA","cpu","pca_only",1,1,873,375,,,"standard_R_double",,3,3,"success",0.573,0.561,0.5745,0.0135000000000001,0.0147986485869487,0.549,0.576,,,,,,,,,,,,,,,0.573,0.561,0.5745,0.0135000000000001,0.0147986485869487,0.549,0.576,,,,,,,,,,,,,,,0.200031280517578,0.199987411499023,0.200038909912109,5.14984130859375e-05,5.55864791727559e-05,0.199943542480469,0.200046539306641,,,,,,,,,,,,,,,,,,,,,,,,,,,,,,,,,,,,,,,,,,,,,,,,,,,,,,,,,,,,,,,,,,,,,,,,,,,,,,,,,,,,,,,,,,,,,,,,,,,,,,,,,,,,,,,,,,,,,,,,,,,,,,,,,,,,,,,,,,,,,"standard","cpu1","/Users/stefano/Documents/fastEmbedR-results/MetRef/standard/cpu1/20260721_084502_1071174/benchmark_summary_median_variability.csv"
"MetRef","fastEmbedR_opentsne_cpu_full","t-SNE","cpu","full_pipeline",1,1,873,375,,30,"float32",,3,3,"success",2.963,2.917,2.998,0.0810000000000004,0.0812485897313506,2.871,3.033,0.001,0.000999999999999945,0.001,5.50774703622636e-17,6.3472791796645e-17,0.00099999999999989,0.001,0.311,0.303,0.3175,0.0145,0.014525839046334,0.295,0.324,,,,,,,,,,,,,,,1.578,1.568,1.5795,0.0114999999999998,0.0125033328890073,1.558,1.581,0.510528564453125,0.510412216186523,0.510671615600586,0.0002593994140625,0.000259857147867885,0.510295867919922,0.510814666748047,,,,,,,,,,,,,,,0.88761521011612,0.886461109988096,0.888943647103744,0.00248253711564794,0.00248457675351523,0.885307009860072,0.890272084091368,0.439557082856052,0.436120656739214,0.440817105765559,0.00469644902634597,0.00486164002822366,0.432684230622375,0.442077128675067,0.446888125238641,0.443604429171439,0.447842688048874,0.00423825887743451,0.00444647338404918,0.440320733104238,0.448797250859107,0.404879725085911,0.403379152348225,0.405234822451317,0.00185567010309295,0.00196999563646212,0.401878579610538,0.405589919816724,0.0310100026439473,0.0257404591941525,0.0483168248227911,0.0225763656286386,0.0236218326567799,0.0204709157443577,0.0656236470016349,0.709049255441008,0.709049255441008,0.714203894616266,0.00515463917525749,0.00595206463082061,0.709049255441008,0.719358533791523,1.83221103071495,1.83091525953256,1.83832055741364,0.00740529788108013,0.00790964711166673,1.82961948835017,1.84443008411233,,,,,,,,,,,,,,,,,,,,,,,,,,,,,,,,,,,,,,,,,,,,,,,,,,,,,,,,,,,,,,,,,,,,,,,,,,,,,,"standard","cpu1","/Users/stefano/Documents/fastEmbedR-results/MetRef/standard/cpu1/20260721_084502_1071174/benchmark_summary_median_variability.csv"
"MetRef","fastEmbedR_opentsne_cpu_knn","t-SNE","cpu","embedding_from_precomputed_knn",1,1,873,375,,30,"float32",,3,3,"success",1.657,1.632,1.706,0.0739999999999998,0.0752861208988748,1.607,1.755,,,,,,,,,,,,,,,,,,,,,,,,,,,,,1.657,1.632,1.706,0.0739999999999998,0.0752861208988748,1.607,1.755,0.437324523925781,0.4324951171875,0.437404632568359,0.00490951538085938,0.00562333993952982,0.427665710449219,0.437484741210938,,,,,,,,,,,,,,,0.888764099454215,0.888764099454215,0.888764099454215,0,0,0.888764099454215,0.888764099454215,0.438411607483772,0.438411607483772,0.438411607483772,0,0,0.438411607483772,0.438411607483772,0.445017182130584,0.445017182130584,0.445017182130584,0,0,0.445017182130584,0.445017182130584,0.405910652920962,0.405910652920962,0.405910652920962,0,0,0.405910652920962,0.405910652920962,0.0346581205699129,0.0346581205699129,0.0346581205699129,0,0,0.0346581205699129,0.0346581205699129,0.706758304696449,0.706758304696449,0.706758304696449,0,0,0.706758304696449,0.706758304696449,1.83353271206429,1.83353271206429,1.83353271206429,0,0,1.83353271206429,1.83353271206429,,,,,,,,,,,,,,,,,,,,,,,,,,,,,,,,,,,,,,,,,,,,,,,,,,,,,,,,,,,,,,,,,,,,,,,,,,,,,,"standard","cpu1","/Users/stefano/Documents/fastEmbedR-results/MetRef/standard/cpu1/20260721_084502_1071174/benchmark_summary_median_variability.csv"
"MetRef","KlugerLab_FItSNE","t-SNE","cpu","full_pipeline",1,1,873,375,,30,"standard_R_double",,3,3,"success",6.287,5.817,6.3695,0.5525,0.596077455817055,5.347,6.452,,,,,,,,,,,,,,,,,,,,,,,,,,,,,,,,,,,,0.525516510009766,0.52537727355957,0.525522232055664,0.00014495849609375,0.000164179772326998,0.525238037109375,0.525527954101562,,,,,,,,,,,,,,,0.868530692001887,0.868155425285807,0.869648451362218,0.00149302607641011,0.0015533486323947,0.867780158569728,0.870766210722548,0.437647957235586,0.43631156930126,0.439404352806415,0.00309278350515452,0.00310227528565661,0.434975181366934,0.441160748377243,0.403512791141657,0.403340969835815,0.406815578465063,0.00347460862924798,0.00391670199625802,0.403169148529973,0.410118365788469,0.368339060710195,0.364203894616266,0.371145475372279,0.00694158075601348,0.00698384351066564,0.360068728522337,0.373951890034364,0.0216918840889561,0.0115210763463782,0.0435843390312303,0.0320632626848521,0.0327696783376932,0.00135026860380036,0.0654767939735045,0.7262313860252,0.72508591065292,0.730240549828179,0.00515463917525805,0.00541330541380626,0.723940435280641,0.734249713631157,2.1166902407364,2.09768944668141,2.12323770679018,0.0255482601087698,0.0265406993255127,2.07868865262642,2.12978517284396,,,,,,,,,,,,,,,,,,,,,,,,,,,,,,,,,,,,,,,,,,,,,,,,,,,,,,,,,,,,,,,,,,,,,,,,,,,,,,"standard","cpu1","/Users/stefano/Documents/fastEmbedR-results/MetRef/standard/cpu1/20260721_084502_1071174/benchmark_summary_median_variability.csv"
"MetRef","Rtsne_full","t-SNE","cpu","full_pipeline",1,1,873,375,,30,"standard_R_double",,3,3,"success",1.465,1.46,1.469,0.00900000000000012,0.0090184995056458,1.455,1.473,,,,,,,,,,,,,,,,,,,,,,,,,,,,,,,,,,,,0.40252685546875,0.400001525878906,0.40765380859375,0.00765228271484375,0.00779830616784543,0.397476196289062,0.41278076171875,,,,,,,,,,,,,,,0.877392898052692,0.877078992880085,0.879322372706242,0.00224337982615752,0.00242956264109299,0.876765087707477,0.881251847359792,0.442535318823979,0.440435280641467,0.445399007254678,0.00496372661321098,0.00498326891954977,0.438335242458954,0.448262695685376,0.41340206185567,0.411416571210386,0.414642993508973,0.00322642229858749,0.00325493321175762,0.409431080565101,0.415883925162276,0.372256586483391,0.368190148911798,0.373940435280641,0.00575028636884301,0.00591253214899577,0.364123711340206,0.375624284077892,0.0407353965217974,0.0364391883333497,0.0509938390776039,0.0145546507442542,0.0149561783611654,0.0321429801449019,0.0612522816334104,0.703321878579611,0.699312714776632,0.715349369988546,0.0160366552119131,0.0166914799499002,0.695303550973654,0.72737686139748,2.03485755501657,2.02071296999715,2.04063337689573,0.019920406898585,0.0204980001423982,2.00656838497773,2.0464091987749,,,,,,,,,,,,,,,,,,,,,,,,,,,,,,,,,,,,,,,,,,,,,,,,,,,,,,,,,,,,,,,,,,,,,,,,,,,,,,"standard","cpu1","/Users/stefano/Documents/fastEmbedR-results/MetRef/standard/cpu1/20260721_084502_1071174/benchmark_summary_median_variability.csv"
"MetRef","Rtsne_neighbors","t-SNE","cpu","embedding_from_precomputed_knn",1,1,873,375,,30,"standard_R_double",,3,3,"success",0.909,0.909,0.9095,0.000499999999999945,0.000577350269189626,0.909,0.91,,,,,,,,,,,,,,,,,,,,,,,,,,,,,0.909,0.909,0.9095,0.000499999999999945,0.000577350269189626,0.909,0.91,0.437530517578125,0.431215286254883,0.437685012817383,0.0064697265625,0.00738301551935389,0.424900054931641,0.437839508056641,,,,,,,,,,,,,,,0.876007726343688,0.876007726343688,0.876007726343688,0,0,0.876007726343688,0.876007726343688,0.441313478426881,0.441313478426881,0.441313478426881,0,0,0.441313478426881,0.441313478426881,0.404314623902253,0.404314623902253,0.404314623902253,0,0,0.404314623902253,0.404314623902253,0.36991981672394,0.36991981672394,0.36991981672394,0,0,0.36991981672394,0.36991981672394,0.0267235993426524,0.0267235993426524,0.0267235993426524,0,0,0.0267235993426524,0.0267235993426524,0.713631156930126,0.713631156930126,0.713631156930126,0,0,0.713631156930126,0.713631156930126,2.02451905897656,2.02451905897656,2.02451905897656,0,0,2.02451905897656,2.02451905897656,,,,,,,,,,,,,,,,,,,,,,,,,,,,,,,,,,,,,,,,,,,,,,,,,,,,,,,,,,,,,,,,,,,,,,,,,,,,,,"standard","cpu1","/Users/stefano/Documents/fastEmbedR-results/MetRef/standard/cpu1/20260721_084502_1071174/benchmark_summary_median_variability.csv"
"MetRef","fastEmbedR_umap_cpu_binary_full","UMAP","cpu","full_pipeline",1,1,873,375,30,,"float32",,3,3,"success",4.438,4.4125,4.4505,0.0380000000000003,0.038734136537857,4.387,4.463,0.001,0.001,0.0015,5e-04,0.000577350269189626,0.001,0.002,0.325,0.324,0.325,0.001,0.00115470053837925,0.323,0.325,,,,,,,,,,,,,,,3.834,3.8095,3.8455,0.0360000000000005,0.0367740850781272,3.785,3.857,0.427345275878906,0.427223205566406,0.427389144897461,0.000165939331054688,0.000171971923238798,0.427101135253906,0.427433013916016,,,,,,,,,,,,,,,0.807346944275992,0.806790782292299,0.808656200166206,0.00186541787390748,0.00191542005531589,0.806234620308605,0.80996545605642,0.281939671630393,0.280068728522336,0.284956090110729,0.00488736158839248,0.00493190374722184,0.27819778541428,0.287972508591065,0.349904543718977,0.349541809851089,0.351870943108056,0.00232913325696799,0.00250641365899564,0.3491790759832,0.353837342497136,0.362474226804124,0.362164948453608,0.364043528064147,0.0018785796105385,0.00201451746016068,0.361855670103093,0.36561282932417,-0.0303113784483505,-0.0331615779103792,-0.0287067636882442,0.0044548142221349,0.00451248602992738,-0.0360117773724078,-0.027102148928138,0.565864833906071,0.562428407789233,0.56815578465063,0.00572737686139746,0.00576543294026025,0.558991981672394,0.570446735395189,,,,,,,,,,,,,,,,,,,,,,,,,,,,,,,,,,,,,,,,,,,,,,,,,,,,,,,,,,,,,,,,,,,,,,,,,,,,,,,,,,,,,"standard","cpu1","/Users/stefano/Documents/fastEmbedR-results/MetRef/standard/cpu1/20260721_084502_1071174/benchmark_summary_median_variability.csv"
"MetRef","fastEmbedR_umap_cpu_binary_knn","UMAP","cpu","embedding_from_precomputed_knn",1,1,873,375,30,,"float32",,3,3,"success",3.849,3.819,3.9205,0.1015,0.104289660721154,3.789,3.992,,,,,,,,,,,,,,,,,,,,,,,,,,,,,3.849,3.819,3.9205,0.1015,0.104289660721154,3.789,3.992,0.4190673828125,0.416164398193359,0.422458648681641,0.00629425048828125,0.00630056045673155,0.413261413574219,0.425849914550781,,,,,,,,,,,,,,,0.807346944275992,0.806790782292299,0.808656200166206,0.00186541787390748,0.00191542005531589,0.806234620308605,0.80996545605642,0.281939671630393,0.280068728522336,0.284956090110729,0.00488736158839248,0.00493190374722184,0.27819778541428,0.287972508591065,0.349904543718977,0.349541809851089,0.351870943108056,0.00232913325696799,0.00250641365899564,0.3491790759832,0.353837342497136,0.362474226804124,0.362164948453608,0.364043528064147,0.0018785796105385,0.00201451746016068,0.361855670103093,0.36561282932417,-0.0303113784483505,-0.0331615779103792,-0.0287067636882442,0.0044548142221349,0.00451248602992738,-0.0360117773724078,-0.027102148928138,0.565864833906071,0.562428407789233,0.56815578465063,0.00572737686139746,0.00576543294026025,0.558991981672394,0.570446735395189,,,,,,,,,,,,,,,,,,,,,,,,,,,,,,,,,,,,,,,,,,,,,,,,,,,,,,,,,,,,,,,,,,,,,,,,,,,,,,,,,,,,,"standard","cpu1","/Users/stefano/Documents/fastEmbedR-results/MetRef/standard/cpu1/20260721_084502_1071174/benchmark_summary_median_variability.csv"
"MetRef","fastEmbedR_umap_cpu_fuzzy_full","UMAP","cpu","full_pipeline",1,1,873,375,30,,"float32",,3,3,"success",1.316,1.2925,1.317,0.0245000000000002,0.0277308492477242,1.269,1.318,0.001,0.001,0.0015,5e-04,0.000577350269189626,0.001,0.002,0.323,0.316,0.324,0.00800000000000001,0.00871779788708136,0.309,0.325,,,,,,,,,,,,,,,0.713,0.699,0.7135,0.0145,0.0164620776331543,0.685,0.714,0.42724609375,0.420356750488281,0.427392959594727,0.00703620910644531,0.00804126270116664,0.413467407226562,0.427539825439453,,,,,,,,,,,,,,,0.862881566830627,0.86275799025223,0.864902320149136,0.00214432989690694,0.00240788508194289,0.862634413673832,0.866923073467646,0.41008018327606,0.408323787705231,0.410996563573883,0.00267277586865244,0.00271642032774973,0.406567392134402,0.411912943871707,0.419282168766705,0.419243986254295,0.420714012982054,0.00147002672775898,0.00167583100611997,0.419205803741886,0.422145857197404,0.384948453608247,0.384730813287514,0.385567010309278,0.000836197021763962,0.000867642461234689,0.384513172966781,0.386185567010309,0.168235029602385,0.163900181137839,0.169864409355763,0.00596422821792403,0.00616537686475995,0.159565332673293,0.171493789109141,0.731958762886598,0.730813287514319,0.733676975945017,0.00286368843069851,0.00288271647012986,0.729667812142039,0.735395189003436,,,,,,,,,,,,,,,,,,,,,,,,,,,,,,,,,,,,,,,,,,,,,,,,,,,,,,,,,,,,,,,,,,,,,,,,,,,,,,,,,,,,,"standard","cpu1","/Users/stefano/Documents/fastEmbedR-results/MetRef/standard/cpu1/20260721_084502_1071174/benchmark_summary_median_variability.csv"
"MetRef","fastEmbedR_umap_cpu_fuzzy_knn","UMAP","cpu","embedding_from_precomputed_knn",1,1,873,375,30,,"float32",,3,3,"success",0.816,0.8145,0.831,0.0165,0.0182482875908947,0.813,0.846,,,,,,,,,,,,,,,,,,,,,,,,,,,,,0.816,0.8145,0.831,0.0165,0.0182482875908947,0.813,0.846,0.419101715087891,0.418954849243164,0.422496795654297,0.00354194641113281,0.00400778625578371,0.418807983398438,0.425891876220703,,,,,,,,,,,,,,,0.862881566830627,0.86275799025223,0.864902320149136,0.00214432989690694,0.00240788508194289,0.862634413673832,0.866923073467646,0.41008018327606,0.408323787705231,0.410996563573883,0.00267277586865244,0.00271642032774973,0.406567392134402,0.411912943871707,0.419282168766705,0.419243986254295,0.420714012982054,0.00147002672775898,0.00167583100611997,0.419205803741886,0.422145857197404,0.384948453608247,0.384730813287514,0.385567010309278,0.000836197021763962,0.000867642461234689,0.384513172966781,0.386185567010309,0.168235029602385,0.163900181137839,0.169864409355763,0.00596422821792403,0.00616537686475995,0.159565332673293,0.171493789109141,0.731958762886598,0.730813287514319,0.733676975945017,0.00286368843069851,0.00288271647012986,0.729667812142039,0.735395189003436,,,,,,,,,,,,,,,,,,,,,,,,,,,,,,,,,,,,,,,,,,,,,,,,,,,,,,,,,,,,,,,,,,,,,,,,,,,,,,,,,,,,,"standard","cpu1","/Users/stefano/Documents/fastEmbedR-results/MetRef/standard/cpu1/20260721_084502_1071174/benchmark_summary_median_variability.csv"
"MetRef","umap_package","UMAP","cpu","full_pipeline",1,1,873,375,30,,"standard_R_double",,3,3,"success",4.221,4.219,4.244,0.0250000000000004,0.0277848879788999,4.217,4.267,,,,,,,,,,,,,,,,,,,,,,,,,,,,,,,,,,,,0.550743103027344,0.546939849853516,0.551057815551758,0.00411796569824219,0.00458413351820938,0.543136596679688,0.551372528076172,,,,,,,,,,,,,,,0.8487654470723,0.846317723423848,0.850946836466545,0.00462911304269698,0.00463166624521403,0.843869999775397,0.853128225860791,0.386254295532646,0.385834287896143,0.388239786177931,0.00240549828178704,0.0025696953776551,0.385414280259641,0.390225276823215,0.406491027109584,0.40479190530737,0.406872852233677,0.00208094692630745,0.00221557297845019,0.403092783505155,0.40725467735777,0.378991981672394,0.378407789232531,0.380813287514319,0.00240549828178704,0.00250929708089748,0.377823596792669,0.382634593356243,0.123906733485295,0.117057897971762,0.134636697120102,0.017578799148339,0.017721039228242,0.11020906245823,0.145366660754908,0.710194730813288,0.710194730813288,0.711340206185567,0.00114547537227949,0.0013226810290713,0.710194730813288,0.712485681557847,,,,,,,,,,,,,,,,,,,,,,,,,,,,,,,,,,,,,,,,,,,,,,,,,,,,,,,,,,,,,,,,,,,,,,,,,,,,,,,,,,,,,"standard","cpu1","/Users/stefano/Documents/fastEmbedR-results/MetRef/standard/cpu1/20260721_084502_1071174/benchmark_summary_median_variability.csv"
"MetRef","umap_package_knn","UMAP","cpu","embedding_from_precomputed_knn",1,1,873,375,30,,"standard_R_double",,3,3,"success",3.835,3.817,3.855,0.0379999999999998,0.0380175398116887,3.799,3.875,,,,,,,,,,,,,,,,,,,,,,,,,,,,,3.835,3.817,3.855,0.0379999999999998,0.0380175398116887,3.799,3.875,0.577728271484375,0.577131271362305,0.578628540039062,0.00149726867675781,0.00150747163748027,0.576534271240234,0.57952880859375,,,,,,,,,,,,,,,0.844091817712194,0.843379601554253,0.845505648765806,0.00212604721155352,0.00216429308698328,0.842667385396312,0.846919479819419,0.378617793050783,0.376365024818633,0.378694158075601,0.00232913325696849,0.00264646406279731,0.374112256586483,0.37877052310042,0.401221840397098,0.400916380297824,0.402920962199313,0.002004581901489,0.00216004156916584,0.400610920198549,0.404620084001527,0.38077892325315,0.379461626575028,0.381111111111111,0.00164948453608249,0.00174478624210186,0.378144329896907,0.381443298969072,0.106243908260522,0.101794876884938,0.110588352545169,0.00879347566023184,0.00879368297929183,0.0973458455093533,0.114932796829817,0.693012600229095,0.690721649484536,0.700458190148912,0.0097365406643759,0.0101812078090674,0.688430698739977,0.707903780068729,,,,,,,,,,,,,,,,,,,,,,,,,,,,,,,,,,,,,,,,,,,,,,,,,,,,,,,,,,,,,,,,,,,,,,,,,,,,,,,,,,,,,"standard","cpu1","/Users/stefano/Documents/fastEmbedR-results/MetRef/standard/cpu1/20260721_084502_1071174/benchmark_summary_median_variability.csv"
"MetRef","uwot_default","UMAP","cpu","full_pipeline",1,1,873,375,30,,"standard_R_double",,3,3,"success",2.413,2.3905,2.417,0.0265,0.0285715476187996,2.368,2.421,,,,,,,,,,,,,,,,,,,,,,,,,,,,,,,,,,,,0.484657287597656,0.484489440917969,0.48466682434082,0.000177383422851562,0.000199546713085486,0.484321594238281,0.484676361083984,,,,,,,,,,,,,,,0.863322327785639,0.862711811872515,0.864182647171125,0.00147083529860947,0.00147788939614474,0.862101295959392,0.865042966556611,0.406261932035128,0.40618556701031,0.406414662084765,0.00022909507445551,0.000233299004451982,0.406109201985491,0.406567392134402,0.418671248568156,0.417086674303169,0.420313096601757,0.00322642229858749,0.00322659174315763,0.415502100038182,0.421954944635357,0.384765177548683,0.383883161512028,0.386403207331042,0.00252004581901499,0.00255756717562467,0.383001145475372,0.388041237113402,0.151232325587154,0.147472154210999,0.154945797344,0.0074736431330005,0.00747369176718754,0.143711982834845,0.158659269100846,0.722794959908362,0.721076746849942,0.72794959908362,0.00687285223367706,0.00715349140710008,0.719358533791523,0.733104238258877,,,,,,,,,,,,,,,,,,,,,,,,,,,,,,,,,,,,,,,,,,,,,,,,,,,,,,,,,,,,,,,,,,,,,,,,,,,,,,,,,,,,,"standard","cpu1","/Users/stefano/Documents/fastEmbedR-results/MetRef/standard/cpu1/20260721_084502_1071174/benchmark_summary_median_variability.csv"
"MetRef","uwot_fast_sgd","UMAP","cpu","full_pipeline",1,1,873,375,30,,"standard_R_double",,3,3,"success",2.195,2.1875,2.196,0.00849999999999973,0.00929157324317746,2.18,2.197,,,,,,,,,,,,,,,,,,,,,,,,,,,,,,,,,,,,0.4842529296875,0.484199523925781,0.484582901000977,0.000383377075195312,0.000415300072146651,0.484146118164062,0.484912872314453,,,,,,,,,,,,,,,0.861081508433843,0.860688318397233,0.866605978932237,0.00591766053500398,0.00661780824241473,0.860295128360623,0.872130449430631,0.409316533027873,0.407560137457045,0.412180221458572,0.00462008400152752,0.00466410498813478,0.405803741886216,0.415043909889271,0.416914852997327,0.416418480336006,0.417678503245513,0.00126002290950744,0.00126943694945067,0.415922107674685,0.4184421534937,0.385841924398625,0.385097365406644,0.387182130584192,0.00208476517754852,0.00211293895761194,0.384352806414662,0.388522336769759,0.187695873000698,0.178087224633928,0.19361043129295,0.0155232066590225,0.0156690367329416,0.168478576267157,0.199524989585202,0.746849942726231,0.746277205040091,0.750286368843069,0.004009163802978,0.00433669976769766,0.745704467353952,0.753722794959908,,,,,,,,,,,,,,,,,,,,,,,,,,,,,,,,,,,,,,,,,,,,,,,,,,,,,,,,,,,,,,,,,,,,,,,,,,,,,,,,,,,,,"standard","cpu1","/Users/stefano/Documents/fastEmbedR-results/MetRef/standard/cpu1/20260721_084502_1071174/benchmark_summary_median_variability.csv"
"MetRef","uwot_knn","UMAP","cpu","embedding_from_precomputed_knn",1,1,873,375,30,,"standard_R_double",,3,3,"success",1.924,1.8875,1.931,0.0435000000000001,0.0467154506917501,1.851,1.938,,,,,,,,,,,,,,,,,,,,,,,,,,,,,1.924,1.8875,1.931,0.0435000000000001,0.0467154506917501,1.851,1.938,0.493057250976562,0.492786407470703,0.493539810180664,0.000753402709960938,0.000763254100766717,0.492515563964844,0.494022369384766,,,,,,,,,,,,,,,0.864732026143791,0.864303438672147,0.865574871414774,0.00127143274262742,0.00129373273661774,0.863874851200503,0.866417716685758,0.408323787705231,0.407674684994273,0.409087437953418,0.001412752959145,0.00141430005173394,0.407025582283314,0.409851088201604,0.419587628865979,0.417640320733104,0.41983581519664,0.00219549446353606,0.00240469005050621,0.415693012600229,0.420084001527301,0.383963344788087,0.383711340206186,0.38659793814433,0.0028865979381445,0.00319760703428456,0.383459335624284,0.389232531500573,0.148457057269208,0.141135169214456,0.162144577718478,0.021009408504022,0.0213284396432615,0.133813281159704,0.175832098167748,0.736540664375716,0.733104238258877,0.737686139747995,0.00458190148911797,0.00476899427140006,0.729667812142039,0.738831615120275,,,,,,,,,,,,,,,,,,,,,,,,,,,,,,,,,,,,,,,,,,,,,,,,,,,,,,,,,,,,,,,,,,,,,,,,,,,,,,,,,,,,,"standard","cpu1","/Users/stefano/Documents/fastEmbedR-results/MetRef/standard/cpu1/20260721_084502_1071174/benchmark_summary_median_variability.csv"
"MetRef","fastEmbedR_pca_cpu","PCA","cpu","pca_only",4,4,873,375,,,"float32",,3,3,"success",0.818,0.789,0.823,0.034,0.0367151195013716,0.76,0.828,,,,,,,,,,,,,,,0.818,0.789,0.823,0.034,0.0367151195013716,0.76,0.828,,,,,,,,,,,,,,,0.482219696044922,0.482175827026367,0.482454299926758,0.000278472900390625,0.000299455760130952,0.482131958007812,0.482688903808594,,,,,,,,,,,,,,,,,,,,,,,,,,,,,,,,,,,,,,,,,,,,,,,,,,,,,,,,,,,,,,,,,,,,,,,,,,,,,,,,,,,,,,,,,,,,,,,,,,,,,,,,,,,,,,,,,,,,,,,,,,,,,,,,,,,,,,,,,,,,,"standard","cpu4","/Users/stefano/Documents/fastEmbedR-results/MetRef/standard/cpu4/20260721_084502_1071185/benchmark_summary_median_variability.csv"
"MetRef","irlba_pca","PCA","cpu","pca_only",4,4,873,375,,,"standard_R_double",,3,3,"success",0.58,0.58,0.588,0.00800000000000001,0.00923760430703402,0.58,0.596,,,,,,,,,,,,,,,0.58,0.58,0.588,0.00800000000000001,0.00923760430703402,0.58,0.596,,,,,,,,,,,,,,,0.185455322265625,0.183980941772461,0.189546585083008,0.00556564331054688,0.00576706827540401,0.182506561279297,0.193637847900391,,,,,,,,,,,,,,,,,,,,,,,,,,,,,,,,,,,,,,,,,,,,,,,,,,,,,,,,,,,,,,,,,,,,,,,,,,,,,,,,,,,,,,,,,,,,,,,,,,,,,,,,,,,,,,,,,,,,,,,,,,,,,,,,,,,,,,,,,,,,,"standard","cpu4","/Users/stefano/Documents/fastEmbedR-results/MetRef/standard/cpu4/20260721_084502_1071185/benchmark_summary_median_variability.csv"
"MetRef","fastEmbedR_opentsne_cpu_full","t-SNE","cpu","full_pipeline",4,4,873,375,,30,"float32",,3,3,"success",1.761,1.753,1.767,0.0139999999999998,0.0140475383371369,1.745,1.773,0.001,0.001,0.001,0,0,0.001,0.001,0.277,0.2765,0.278,0.0015,0.00152752523165195,0.276,0.279,,,,,,,,,,,,,,,0.493,0.492,0.497,0.005,0.00529150262212919,0.491,0.501,0.517345428466797,0.517330169677734,0.517396926879883,6.67572021484375e-05,6.99592320937038e-05,0.517314910888672,0.517448425292969,,,,,,,,,,,,,,,0.884126586258788,0.882554410080184,0.885847045347349,0.00329263526716506,0.00329374805903149,0.880982233901579,0.887567504435909,0.439251622756777,0.437266132111492,0.439442535318824,0.00217640320733153,0.00241044278501447,0.435280641466208,0.439633447880871,0.442764413898435,0.441962581137839,0.444845360824743,0.00288277968690348,0.00297586901697607,0.441160748377243,0.44692630775105,0.402542955326461,0.402520045819015,0.403711340206186,0.00119129438717103,0.0013625540697789,0.402497136311569,0.404879725085911,0.0330833412114059,0.0267097516530476,0.0527941766172739,0.0260844249642263,0.0271972658180926,0.0203361620946893,0.0725050120231419,0.707903780068729,0.707903780068729,0.709049255441008,0.00114547537227949,0.0013226810290713,0.707903780068729,0.710194730813288,1.8338908207125,1.83177076922389,1.84384631696081,0.0120755477369152,0.0128950992502569,1.82965071773529,1.85380181320912,,,,,,,,,,,,,,,,,,,,,,,,,,,,,,,,,,,,,,,,,,,,,,,,,,,,,,,,,,,,,,,,,,,,,,,,,,,,,,"standard","cpu4","/Users/stefano/Documents/fastEmbedR-results/MetRef/standard/cpu4/20260721_084502_1071185/benchmark_summary_median_variability.csv"
"MetRef","fastEmbedR_opentsne_cpu_knn","t-SNE","cpu","embedding_from_precomputed_knn",4,4,873,375,,30,"float32",,3,3,"success",0.614,0.6135,0.635,0.0215000000000001,0.0245424801789333,0.613,0.656,,,,,,,,,,,,,,,,,,,,,,,,,,,,,0.614,0.6135,0.635,0.0215000000000001,0.0245424801789333,0.613,0.656,0.427734375,0.42735481262207,0.431447982788086,0.00409317016601562,0.00452319889830435,0.426975250244141,0.435161590576172,,,,,,,,,,,,,,,0.882047121712373,0.882047121712373,0.882047121712373,0,0,0.882047121712373,0.882047121712373,0.434364261168385,0.434364261168385,0.434364261168385,0,0,0.434364261168385,0.434364261168385,0.442764413898435,0.442764413898435,0.442764413898435,0,0,0.442764413898435,0.442764413898435,0.405406643757159,0.405406643757159,0.405406643757159,0,0,0.405406643757159,0.405406643757159,0.0459395906149043,0.0459395906149043,0.0459395906149043,0,0,0.0459395906149043,0.0459395906149043,0.698739977090493,0.698739977090493,0.698739977090493,0,0,0.698739977090493,0.698739977090493,1.82459117262815,1.82459117262815,1.82459117262815,0,0,1.82459117262815,1.82459117262815,,,,,,,,,,,,,,,,,,,,,,,,,,,,,,,,,,,,,,,,,,,,,,,,,,,,,,,,,,,,,,,,,,,,,,,,,,,,,,"standard","cpu4","/Users/stefano/Documents/fastEmbedR-results/MetRef/standard/cpu4/20260721_084502_1071185/benchmark_summary_median_variability.csv"
"MetRef","KlugerLab_FItSNE","t-SNE","cpu","full_pipeline",4,4,873,375,,30,"standard_R_double",,3,3,"success",5.548,5.1425,5.736,0.593500000000001,0.606639101937882,4.737,5.924,,,,,,,,,,,,,,,,,,,,,,,,,,,,,,,,,,,,0.517936706542969,0.517147064208984,0.522182464599609,0.005035400390625,0.0054163489292484,0.516357421875,0.52642822265625,,,,,,,,,,,,,,,0.868530692001887,0.868155425285807,0.869648451362218,0.00149302607641011,0.0015533486323947,0.867780158569728,0.870766210722548,0.437647957235586,0.43631156930126,0.439404352806415,0.00309278350515452,0.00310227528565661,0.434975181366934,0.441160748377243,0.403512791141657,0.403340969835815,0.406815578465063,0.00347460862924798,0.00391670199625802,0.403169148529973,0.410118365788469,0.368339060710195,0.364203894616266,0.371145475372279,0.00694158075601348,0.00698384351066564,0.360068728522337,0.373951890034364,0.0216918840889561,0.0115210763463782,0.0435843390312303,0.0320632626848521,0.0327696783376932,0.00135026860380036,0.0654767939735045,0.7262313860252,0.72508591065292,0.730240549828179,0.00515463917525805,0.00541330541380626,0.723940435280641,0.734249713631157,2.1166902407364,2.09768944668141,2.12323770679018,0.0255482601087698,0.0265406993255127,2.07868865262642,2.12978517284396,,,,,,,,,,,,,,,,,,,,,,,,,,,,,,,,,,,,,,,,,,,,,,,,,,,,,,,,,,,,,,,,,,,,,,,,,,,,,,"standard","cpu4","/Users/stefano/Documents/fastEmbedR-results/MetRef/standard/cpu4/20260721_084502_1071185/benchmark_summary_median_variability.csv"
"MetRef","Rtsne_full","t-SNE","cpu","full_pipeline",4,4,873,375,,30,"standard_R_double",,3,3,"success",0.878,0.864,0.879,0.015,0.0167729941672122,0.85,0.88,,,,,,,,,,,,,,,,,,,,,,,,,,,,,,,,,,,,0.417247772216797,0.412260055541992,0.417423248291016,0.00516319274902344,0.00586325670848071,0.407272338867188,0.417598724365234,,,,,,,,,,,,,,,0.878097163263931,0.877719875120724,0.880584057678054,0.0028641825573299,0.00311239799208631,0.877342586977517,0.883070952092177,0.444902634593356,0.442115311187476,0.446811760213822,0.00469644902634597,0.00472373904590791,0.439327987781596,0.448720885834288,0.412600229095074,0.409488354333715,0.413631156930126,0.00414280259641098,0.00431349742740141,0.406376479572356,0.414662084765178,0.372943871706758,0.369518900343643,0.373035509736541,0.003516609392898,0.00400877104932689,0.366093928980527,0.373127147766323,0.0232237019081752,0.0147069248041302,0.0289353482413532,0.014228423437223,0.0143202986371144,0.0061901477000852,0.0346469945745313,0.698739977090493,0.689003436426117,0.701603665521191,0.0126002290950744,0.0132102664314672,0.679266895761741,0.70446735395189,2.01796043906024,2.01509775286801,2.02232046336035,0.00722271049233525,0.00727426197808762,2.01223506667578,2.02668048766045,,,,,,,,,,,,,,,,,,,,,,,,,,,,,,,,,,,,,,,,,,,,,,,,,,,,,,,,,,,,,,,,,,,,,,,,,,,,,,"standard","cpu4","/Users/stefano/Documents/fastEmbedR-results/MetRef/standard/cpu4/20260721_084502_1071185/benchmark_summary_median_variability.csv"
"MetRef","Rtsne_neighbors","t-SNE","cpu","embedding_from_precomputed_knn",4,4,873,375,,30,"standard_R_double",,3,3,"success",0.503,0.498,0.5065,0.00849999999999995,0.00854400374531754,0.493,0.51,,,,,,,,,,,,,,,,,,,,,,,,,,,,,0.503,0.498,0.5065,0.00849999999999995,0.00854400374531754,0.493,0.51,0.432979583740234,0.431657791137695,0.433408737182617,0.00175094604492188,0.00182521604446589,0.430335998535156,0.433837890625,,,,,,,,,,,,,,,0.876007726343688,0.876007726343688,0.876007726343688,0,0,0.876007726343688,0.876007726343688,0.441313478426881,0.441313478426881,0.441313478426881,0,0,0.441313478426881,0.441313478426881,0.404314623902253,0.404314623902253,0.404314623902253,0,0,0.404314623902253,0.404314623902253,0.36991981672394,0.36991981672394,0.36991981672394,0,0,0.36991981672394,0.36991981672394,0.0267235993426525,0.0267235993426525,0.0267235993426525,0,0,0.0267235993426525,0.0267235993426525,0.713631156930126,0.713631156930126,0.713631156930126,0,0,0.713631156930126,0.713631156930126,2.02451905897656,2.02451905897656,2.02451905897656,0,0,2.02451905897656,2.02451905897656,,,,,,,,,,,,,,,,,,,,,,,,,,,,,,,,,,,,,,,,,,,,,,,,,,,,,,,,,,,,,,,,,,,,,,,,,,,,,,"standard","cpu4","/Users/stefano/Documents/fastEmbedR-results/MetRef/standard/cpu4/20260721_084502_1071185/benchmark_summary_median_variability.csv"
"MetRef","fastEmbedR_umap_cpu_binary_full","UMAP","cpu","full_pipeline",4,4,873,375,30,,"float32",,3,3,"success",0.955,0.9475,0.958,0.0105,0.010816653826392,0.94,0.961,0.001,0.001,0.001,0,0,0.001,0.001,0.274,0.2735,0.277,0.0035,0.00378593889720019,0.273,0.28,,,,,,,,,,,,,,,0.397,0.394,0.411,0.017,0.0181475434517549,0.391,0.425,0.4119873046875,0.411914825439453,0.412160873413086,0.000246047973632812,0.000252875396493715,0.411842346191406,0.412334442138672,,,,,,,,,,,,,,,0.801959167172023,0.800887586191406,0.801968555578015,0.00108096938660907,0.00124281099527696,0.79981600521079,0.801977943984008,0.278426880488736,0.27819778541428,0.279305078274151,0.00110729285987055,0.00116899198199905,0.277968690339824,0.280183276059565,0.347155402825506,0.345628102329133,0.34725085910653,0.00162275677739604,0.00182118976979176,0.344100801832761,0.347346315387553,0.360114547537228,0.358213058419244,0.360217640320733,0.002004581901489,0.0022575263139994,0.35631156930126,0.360320733104238,-0.0298519577240669,-0.0299769463330629,-0.0267635243755718,0.0032134219574912,0.00364052408107792,-0.030101934942059,-0.0236750910270766,0.550973654066438,0.540091638029782,0.553837342497136,0.013745704467354,0.0145043298306397,0.529209621993127,0.556701030927835,,,,,,,,,,,,,,,,,,,,,,,,,,,,,,,,,,,,,,,,,,,,,,,,,,,,,,,,,,,,,,,,,,,,,,,,,,,,,,,,,,,,,"standard","cpu4","/Users/stefano/Documents/fastEmbedR-results/MetRef/standard/cpu4/20260721_084502_1071185/benchmark_summary_median_variability.csv"
"MetRef","fastEmbedR_umap_cpu_binary_knn","UMAP","cpu","embedding_from_precomputed_knn",4,4,873,375,30,,"float32",,3,3,"success",0.517,0.517,0.519,0.002,0.00230940107675851,0.517,0.521,,,,,,,,,,,,,,,,,,,,,,,,,,,,,0.517,0.517,0.519,0.002,0.00230940107675851,0.517,0.521,0.4197998046875,0.419775009155273,0.459774017333984,0.0399990081787109,0.0461725672292207,0.419750213623047,0.499748229980469,,,,,,,,,,,,,,,0.801959167172023,0.800887586191406,0.801968555578015,0.00108096938660907,0.00124281099527696,0.79981600521079,0.801977943984008,0.278426880488736,0.27819778541428,0.279305078274151,0.00110729285987055,0.00116899198199905,0.277968690339824,0.280183276059565,0.347155402825506,0.345628102329133,0.34725085910653,0.00162275677739604,0.00182118976979176,0.344100801832761,0.347346315387553,0.360114547537228,0.358213058419244,0.360217640320733,0.002004581901489,0.0022575263139994,0.35631156930126,0.360320733104238,-0.0298519577240669,-0.0299769463330629,-0.0267635243755718,0.0032134219574912,0.00364052408107792,-0.030101934942059,-0.0236750910270766,0.550973654066438,0.540091638029782,0.553837342497136,0.013745704467354,0.0145043298306397,0.529209621993127,0.556701030927835,,,,,,,,,,,,,,,,,,,,,,,,,,,,,,,,,,,,,,,,,,,,,,,,,,,,,,,,,,,,,,,,,,,,,,,,,,,,,,,,,,,,,"standard","cpu4","/Users/stefano/Documents/fastEmbedR-results/MetRef/standard/cpu4/20260721_084502_1071185/benchmark_summary_median_variability.csv"
"MetRef","fastEmbedR_umap_cpu_fuzzy_full","UMAP","cpu","full_pipeline",4,4,873,375,30,,"float32",,3,3,"success",0.669,0.665,0.6835,0.0185,0.0194679223339317,0.661,0.698,0.001,0.001,0.001,0,0,0.001,0.001,0.272,0.272,0.2735,0.0015,0.00173205080756888,0.272,0.275,,,,,,,,,,,,,,,0.133,0.132,0.142,0.01,0.0110151410945722,0.131,0.151,0.420673370361328,0.417947769165039,0.424583435058594,0.00663566589355469,0.00667081052890877,0.41522216796875,0.428493499755859,,,,,,,,,,,,,,,0.86227702535768,0.860313096601756,0.863498865754779,0.00318576915302249,0.00321445020811508,0.858349167845832,0.864720706151877,0.401221840397098,0.400992745322642,0.401756395570829,0.000763650248186531,0.000783749742565551,0.400763650248186,0.402290950744559,0.414471172203131,0.413802978235968,0.414891179839634,0.00108820160366552,0.00109759504453861,0.413134784268805,0.415311187476136,0.383825887743414,0.383699885452463,0.384696449026346,0.000996563573883003,0.00108532406265151,0.383573883161512,0.385567010309278,0.130845559389812,0.128925066051423,0.134834075361338,0.005909009309915,0.00602842960991637,0.127004572713033,0.138822591332863,0.703321878579611,0.698739977090493,0.70561282932417,0.00687285223367706,0.00699897013357138,0.694158075601375,0.707903780068729,,,,,,,,,,,,,,,,,,,,,,,,,,,,,,,,,,,,,,,,,,,,,,,,,,,,,,,,,,,,,,,,,,,,,,,,,,,,,,,,,,,,,"standard","cpu4","/Users/stefano/Documents/fastEmbedR-results/MetRef/standard/cpu4/20260721_084502_1071185/benchmark_summary_median_variability.csv"
"MetRef","fastEmbedR_umap_cpu_fuzzy_knn","UMAP","cpu","embedding_from_precomputed_knn",4,4,873,375,30,,"float32",,3,3,"success",0.259,0.259,0.268,0.00900000000000001,0.0103923048454133,0.259,0.277,,,,,,,,,,,,,,,,,,,,,,,,,,,,,0.259,0.259,0.268,0.00900000000000001,0.0103923048454133,0.259,0.277,0.425827026367188,0.418888092041016,0.425878524780273,0.00699043273925781,0.00804228871037609,0.411949157714844,0.425930023193359,,,,,,,,,,,,,,,0.86227702535768,0.860313096601756,0.863498865754779,0.00318576915302249,0.00321445020811508,0.858349167845832,0.864720706151877,0.401221840397098,0.400992745322642,0.401756395570829,0.000763650248186531,0.000783749742565551,0.400763650248186,0.402290950744559,0.414471172203131,0.413802978235968,0.414891179839634,0.00108820160366552,0.00109759504453861,0.413134784268805,0.415311187476136,0.383825887743414,0.383699885452463,0.384696449026346,0.000996563573883003,0.00108532406265151,0.383573883161512,0.385567010309278,0.130845559389812,0.128925066051423,0.134834075361338,0.005909009309915,0.00602842960991637,0.127004572713033,0.138822591332863,0.703321878579611,0.698739977090493,0.70561282932417,0.00687285223367706,0.00699897013357138,0.694158075601375,0.707903780068729,,,,,,,,,,,,,,,,,,,,,,,,,,,,,,,,,,,,,,,,,,,,,,,,,,,,,,,,,,,,,,,,,,,,,,,,,,,,,,,,,,,,,"standard","cpu4","/Users/stefano/Documents/fastEmbedR-results/MetRef/standard/cpu4/20260721_084502_1071185/benchmark_summary_median_variability.csv"
"MetRef","umap_package","UMAP","cpu","full_pipeline",4,4,873,375,30,,"standard_R_double",,3,3,"success",3.827,3.802,3.9105,0.1085,0.11363538181394,3.777,3.994,,,,,,,,,,,,,,,,,,,,,,,,,,,,,,,,,,,,0.544502258300781,0.544330596923828,0.548410415649414,0.00407981872558594,0.00461505379698885,0.544158935546875,0.552318572998047,,,,,,,,,,,,,,,0.8487654470723,0.846317723423848,0.850946836466545,0.00462911304269698,0.00463166624521403,0.843869999775397,0.853128225860791,0.386254295532646,0.385834287896143,0.388239786177931,0.00240549828178704,0.0025696953776551,0.385414280259641,0.390225276823215,0.406491027109584,0.40479190530737,0.406872852233677,0.00208094692630745,0.00221557297845019,0.403092783505155,0.40725467735777,0.378991981672394,0.378407789232531,0.380813287514319,0.00240549828178704,0.00250929708089748,0.377823596792669,0.382634593356243,0.123906733485295,0.117057897971762,0.134636697120102,0.017578799148339,0.017721039228242,0.11020906245823,0.145366660754908,0.710194730813288,0.710194730813288,0.711340206185567,0.00114547537227949,0.0013226810290713,0.710194730813288,0.712485681557847,,,,,,,,,,,,,,,,,,,,,,,,,,,,,,,,,,,,,,,,,,,,,,,,,,,,,,,,,,,,,,,,,,,,,,,,,,,,,,,,,,,,,"standard","cpu4","/Users/stefano/Documents/fastEmbedR-results/MetRef/standard/cpu4/20260721_084502_1071185/benchmark_summary_median_variability.csv"
"MetRef","umap_package_knn","UMAP","cpu","embedding_from_precomputed_knn",4,4,873,375,30,,"standard_R_double",,3,3,"success",3.529,3.5255,3.5375,0.0119999999999996,0.0123423390543824,3.522,3.546,,,,,,,,,,,,,,,,,,,,,,,,,,,,,3.529,3.5255,3.5375,0.0119999999999996,0.0123423390543824,3.522,3.546,0.571872711181641,0.567832946777344,0.574907302856445,0.00707435607910156,0.00709811979841325,0.563793182373047,0.57794189453125,,,,,,,,,,,,,,,0.844091817712194,0.843379601554253,0.845505648765806,0.00212604721155352,0.00216429308698328,0.842667385396312,0.846919479819419,0.378617793050783,0.376365024818633,0.378694158075601,0.00232913325696849,0.00264646406279731,0.374112256586483,0.37877052310042,0.401221840397098,0.400916380297824,0.402920962199313,0.002004581901489,0.00216004156916584,0.400610920198549,0.404620084001527,0.38077892325315,0.379461626575028,0.381111111111111,0.00164948453608249,0.00174478624210186,0.378144329896907,0.381443298969072,0.106243908260522,0.101794876884938,0.110588352545169,0.00879347566023184,0.00879368297929183,0.0973458455093533,0.114932796829817,0.693012600229095,0.690721649484536,0.700458190148912,0.0097365406643759,0.0101812078090674,0.688430698739977,0.707903780068729,,,,,,,,,,,,,,,,,,,,,,,,,,,,,,,,,,,,,,,,,,,,,,,,,,,,,,,,,,,,,,,,,,,,,,,,,,,,,,,,,,,,,"standard","cpu4","/Users/stefano/Documents/fastEmbedR-results/MetRef/standard/cpu4/20260721_084502_1071185/benchmark_summary_median_variability.csv"
"MetRef","uwot_default","UMAP","cpu","full_pipeline",4,4,873,375,30,,"standard_R_double",,3,3,"success",2.206,2.2015,2.2115,0.00999999999999979,0.0100166528008778,2.197,2.217,,,,,,,,,,,,,,,,,,,,,,,,,,,,,,,,,,,,0.485439300537109,0.485395431518555,0.48548698425293,9.1552734375e-05,9.15792214967389e-05,0.4853515625,0.48553466796875,,,,,,,,,,,,,,,0.863322327785639,0.862711811872515,0.864182647171125,0.00147083529860947,0.00147788939614474,0.862101295959392,0.865042966556611,0.406261932035128,0.40618556701031,0.406414662084765,0.00022909507445551,0.000233299004451982,0.406109201985491,0.406567392134402,0.418671248568156,0.417086674303169,0.420313096601757,0.00322642229858749,0.00322659174315763,0.415502100038182,0.421954944635357,0.384765177548683,0.383883161512028,0.386403207331042,0.00252004581901499,0.00255756717562467,0.383001145475372,0.388041237113402,0.151232325587154,0.147472154210999,0.154945797344,0.0074736431330005,0.00747369176718754,0.143711982834845,0.158659269100846,0.722794959908362,0.721076746849942,0.72794959908362,0.00687285223367706,0.00715349140710008,0.719358533791523,0.733104238258877,,,,,,,,,,,,,,,,,,,,,,,,,,,,,,,,,,,,,,,,,,,,,,,,,,,,,,,,,,,,,,,,,,,,,,,,,,,,,,,,,,,,,"standard","cpu4","/Users/stefano/Documents/fastEmbedR-results/MetRef/standard/cpu4/20260721_084502_1071185/benchmark_summary_median_variability.csv"
"MetRef","uwot_fast_sgd","UMAP","cpu","full_pipeline",4,4,873,375,30,,"standard_R_double",,3,3,"success",1.578,1.5615,1.622,0.0604999999999998,0.0625486477338506,1.545,1.666,,,,,,,,,,,,,,,,,,,,,,,,,,,,,,,,,,,,0.485088348388672,0.485048294067383,0.48533821105957,0.0002899169921875,0.000314205416165365,0.485008239746094,0.485588073730469,,,,,,,,,,,,,,,0.864647305886845,0.8639492846394,0.866825775441907,0.00287649080250652,0.00300079573903536,0.863251263391955,0.869004244996968,0.409316533027873,0.409278350515464,0.409698358151967,0.000420007636502517,0.000464510311592239,0.409240168003055,0.41008018327606,0.422947689957999,0.420045819014891,0.423386788850706,0.00334096983581544,0.00363095416769572,0.417143948071783,0.423825887743414,0.384490263459336,0.383963344788087,0.385005727376862,0.00104238258877448,0.00104240356796582,0.383436426116838,0.385521191294387,0.161042559450164,0.159822740199193,0.163045818149641,0.00322307795044846,0.0032546618766254,0.158602920948221,0.165049076849118,0.725085910652921,0.719931271477664,0.726231386025201,0.00630011454753698,0.00671187316962443,0.714776632302406,0.72737686139748,,,,,,,,,,,,,,,,,,,,,,,,,,,,,,,,,,,,,,,,,,,,,,,,,,,,,,,,,,,,,,,,,,,,,,,,,,,,,,,,,,,,,"standard","cpu4","/Users/stefano/Documents/fastEmbedR-results/MetRef/standard/cpu4/20260721_084502_1071185/benchmark_summary_median_variability.csv"
"MetRef","uwot_knn","UMAP","cpu","embedding_from_precomputed_knn",4,4,873,375,30,,"standard_R_double",,3,3,"success",1.341,1.331,1.348,0.0169999999999999,0.0170880074906351,1.321,1.355,,,,,,,,,,,,,,,,,,,,,,,,,,,,,1.341,1.331,1.348,0.0169999999999999,0.0170880074906351,1.321,1.355,0.492687225341797,0.492618560791016,0.493160247802734,0.00054168701171875,0.000589853025620309,0.492549896240234,0.493633270263672,,,,,,,,,,,,,,,0.863831008692137,0.863462075781057,0.866052332502303,0.00259025672124558,0.00280235863092071,0.863093142869977,0.868273656312468,0.407865597556319,0.406987399770905,0.409736540664375,0.00274914089347045,0.00280825391967345,0.406109201985491,0.411607483772432,0.420427644138984,0.418365788468881,0.420847651775486,0.00248186330660555,0.00265672739684638,0.416303932798778,0.421267659411989,0.386552119129439,0.385761741122566,0.386769759450172,0.001008018327606,0.00106086934531602,0.384971363115693,0.386987399770905,0.149998998769138,0.148294420905895,0.151490477890262,0.00319605698436748,0.00319842418574449,0.146589843042651,0.152981957011386,0.720504009163803,0.717067583046964,0.726231386025201,0.00916380297823605,0.00925876720349918,0.713631156930126,0.731958762886598,,,,,,,,,,,,,,,,,,,,,,,,,,,,,,,,,,,,,,,,,,,,,,,,,,,,,,,,,,,,,,,,,,,,,,,,,,,,,,,,,,,,,"standard","cpu4","/Users/stefano/Documents/fastEmbedR-results/MetRef/standard/cpu4/20260721_084502_1071185/benchmark_summary_median_variability.csv"
"MetRef","fastEmbedR_pca_cuda","PCA","cuda","pca_only",1,,873,375,,,"float32",,3,3,"success",0.986,0.978,1.0055,0.0275000000000001,0.0282901631902916,0.97,1.025,,,,,,,,,,,,,,,0.986,0.978,1.0055,0.0275000000000001,0.0282901631902916,0.97,1.025,,,,,,,,,,,,,,,0.673389434814453,0.6688232421875,0.673393249511719,0.00457000732421875,0.00527478888056317,0.664257049560547,0.673397064208984,437,437,442,5,5.77350269189626,437,447,437,437,442,5,5.77350269189626,437,447,,,,,,,,,,,,,,,,,,,,,,,,,,,,,,,,,,,,,,,,,,,,,,,,,,,,,,,,,,,,,,,,,,,,,,,,,,,,,,,,,,,,,,,,,,,,,,,,,,,,,,,,,,,,,,,,,,,,,,,,,,,,,,,"standard","cuda","/Users/stefano/Documents/fastEmbedR-results/MetRef/standard/cuda/20260722_125527_1071196/benchmark_summary_median_variability.csv"
"MetRef","fastEmbedR_opentsne_cuda_full","t-SNE","cuda","full_pipeline",1,,873,375,,30,"float32",,3,3,"success",0.701,0.701,0.7405,0.0395,0.0456106712659805,0.701,0.78,0.001,0.001,0.001,0,0,0.001,0.001,0.308,0.308,0.311,0.003,0.00346410161513776,0.308,0.314,,,,,,,,,,,,,,,0.114,0.112,0.16,0.048,0.0543077649451101,0.11,0.206,0.990623474121094,0.990606307983398,0.991479873657227,0.000873565673828125,0.0009989433845361,0.990589141845703,0.992336273193359,2029,2027,2037,10,10.5830052442584,2025,2045,2029,2027,2037,10,10.5830052442584,2025,2045,0.885633223277856,0.885603979965411,0.885644722952182,4.07429867710363e-05,4.20111477537315e-05,0.885574736652966,0.885656222626508,0.442306223749523,0.442268041237113,0.44245895379916,0.000190912562046508,0.000202042864533224,0.442229858724704,0.442611683848797,0.451355479190531,0.451355479190531,0.451355479190531,0,0,0.451355479190531,0.451355479190531,0.411592210767468,0.411592210767468,0.411660939289805,6.87285223369694e-05,7.9360861744541e-05,0.411592210767468,0.411729667812142,0.0550213371908667,0.0549692520051454,0.0550594397216966,9.01877165511503e-05,9.05483062384295e-05,0.0549171668194241,0.0550975422525264,0.722794959908362,0.722794959908362,0.722794959908362,0,0,0.722794959908362,0.722794959908362,1.82390288204151,1.82389765710939,1.82390372693997,6.0698305799356e-06,6.57554116074632e-06,1.82389243217727,1.82390457183843,,,,,,,,,,,,,,,,,,,,,,,,,,,,,,,,,,,,,,,,,,,,,,,,,,,,,,,,,,,,,,,,,,,,,,,,,,,,,,"standard","cuda","/Users/stefano/Documents/fastEmbedR-results/MetRef/standard/cuda/20260722_125527_1071196/benchmark_summary_median_variability.csv"
"MetRef","fastEmbedR_opentsne_cuda_knn","t-SNE","cuda","embedding_from_precomputed_knn",1,,873,375,,30,"float32",,3,3,"success",0.378,0.372,0.3795,0.00750000000000001,0.00793725393319378,0.366,0.381,,,,,,,,,,,,,,,,,,,,,,,,,,,,,0.378,0.372,0.3795,0.00750000000000001,0.00793725393319378,0.366,0.381,0.573032379150391,0.572963714599609,0.5731201171875,0.000156402587890625,0.000156789781105533,0.572895050048828,0.573207855224609,473,473,473,0,0,473,473,473,473,473,0,0,473,473,0.886317094535409,0.886293151854098,0.886606742582486,0.000313590728387547,0.000349102074942985,0.886269209172787,0.886896390629562,0.434211531118748,0.433486063382971,0.434211531118748,0.000725467735776975,0.000837697985078481,0.432760595647194,0.434211531118748,0.445208094692631,0.444062619320352,0.445208094692631,0.00114547537227949,0.0013226810290713,0.442917143948072,0.445208094692631,0.404238258877434,0.403596792668957,0.404238258877434,0.000641466208476493,0.000740701376279904,0.402955326460481,0.404238258877434,0.0367159199784955,0.0367157054217536,0.0388964311043848,0.00218072568263125,0.00251796125454029,0.0367154908650116,0.0410769422302741,0.689576174112257,0.689576174112257,0.693012600229095,0.00343642611683848,0.00396804308721391,0.689576174112257,0.696449026345934,1.82514321558449,1.82473346802938,1.82514337243867,0.000409904409295114,0.000473226308286263,1.82432372047427,1.82514352929286,,,,,,,,,,,,,,,,,,,,,,,,,,,,,,,,,,,,,,,,,,,,,,,,,,,,,,,,,,,,,,,,,,,,,,,,,,,,,,"standard","cuda","/Users/stefano/Documents/fastEmbedR-results/MetRef/standard/cuda/20260722_125527_1071196/benchmark_summary_median_variability.csv"
"MetRef","fastEmbedR_umap_cuda_binary_full","UMAP","cuda","full_pipeline",1,,873,375,30,,"float32",,3,3,"success",0.578,0.5725,0.5795,0.0069999999999999,0.007371114795832,0.567,0.581,0.001,0.001,0.001,0,0,0.001,0.001,0.305,0.303,0.306,0.003,0.0030550504633039,0.301,0.307,,,,,,,,,,,,,,,0.0290000000000001,0.0285,0.0295,0.000999999999999997,0.000999999999999999,0.028,0.03,0.905132293701172,0.904069900512695,0.911258697509766,0.00718879699707031,0.00776059727847286,0.903007507324219,0.917385101318359,1993,1993,1993,0,0,1993,1993,1993,1993,1993,0,0,1993,1993,0.81597116097298,0.815889315634615,0.817707252431327,0.00181793679671205,0.00205355081229216,0.815807470296251,0.819443343889675,0.300267277586865,0.297403589156166,0.300610920198549,0.00320733104238247,0.0035219099068651,0.294539900725468,0.300954562810233,0.363535700649103,0.362447499045437,0.364394807178313,0.00194730813287503,0.00195179502392231,0.361359297441772,0.365253913707522,0.371408934707904,0.370538373424971,0.371786941580756,0.0012485681557845,0.00128054378628861,0.369667812142039,0.372164948453608,-0.0218946394802118,-0.0221031009850983,-0.0206838057830583,0.00141929520203995,0.00153274770955422,-0.0223115624899847,-0.0194729720859048,0.549828178694158,0.548682703321879,0.559564719358534,0.0108820160366551,0.0119591139850061,0.547537227949599,0.569301260022909,,,,,,,,,,,,,,,,,,,,,,,,,,,,,,,,,,,,,,,,,,,,,,,,,,,,,,,,,,,,,,,,,,,,,,,,,,,,,,,,,,,,,"standard","cuda","/Users/stefano/Documents/fastEmbedR-results/MetRef/standard/cuda/20260722_125527_1071196/benchmark_summary_median_variability.csv"
"MetRef","fastEmbedR_umap_cuda_binary_knn","UMAP","cuda","embedding_from_precomputed_knn",1,,873,375,30,,"float32",,3,3,"success",0.364,0.3635,0.38,0.0165,0.0187705443004015,0.363,0.396,,,,,,,,,,,,,,,,,,,,,,,,,,,,,0.364,0.3635,0.38,0.0165,0.0187705443004015,0.363,0.396,0.550018310546875,0.546611785888672,0.550125122070312,0.00351333618164062,0.00399661107053714,0.543205261230469,0.55023193359375,437,437,437,0,0,437,437,437,437,437,0,0,437,437,0.809460638321766,0.807743368596006,0.81030554994048,0.0025621813444735,0.00261121481261322,0.806026098870247,0.811150461559194,0.284459717449408,0.283161512027492,0.285299732722413,0.00213822069492153,0.00215452248639394,0.281863306605575,0.286139747995418,0.351050019091256,0.350057273768614,0.352443680794196,0.00238640702558196,0.00239760640495422,0.349064528445972,0.353837342497136,0.363665521191294,0.363516609392898,0.364329896907217,0.000813287514318528,0.000866027865816265,0.363367697594502,0.364994272623139,-0.0258704083911532,-0.0279236038621214,-0.0228738033668775,0.0050498004952439,0.00507909036181902,-0.0299767993330896,-0.0198771983426018,0.529209621993127,0.526918671248568,0.529782359679267,0.00286368843069895,0.0030306429680009,0.524627720504009,0.530355097365407,,,,,,,,,,,,,,,,,,,,,,,,,,,,,,,,,,,,,,,,,,,,,,,,,,,,,,,,,,,,,,,,,,,,,,,,,,,,,,,,,,,,,"standard","cuda","/Users/stefano/Documents/fastEmbedR-results/MetRef/standard/cuda/20260722_125527_1071196/benchmark_summary_median_variability.csv"
"MetRef","fastEmbedR_umap_cuda_fuzzy_full","UMAP","cuda","full_pipeline",1,,873,375,30,,"float32",,3,3,"success",0.58,0.5735,0.641,0.0675000000000001,0.074473709007497,0.567,0.702,0.001,0.001,0.001,0,0,0.001,0.001,0.317,0.311,0.3805,0.0695,0.0770216419802469,0.305,0.444,,,,,,,,,,,,,,,0.0229999999999999,0.0225,0.0244999999999998,0.0019999999999999,0.00208166599946604,0.022,0.0259999999999998,0.909629821777344,0.906522750854492,0.914567947387695,0.00804519653320312,0.00811435606486443,0.903415679931641,0.919506072998047,1997,1995,1997,2,2.3094010767585,1993,1997,1997,1995,1997,2,2.3094010767585,1993,1997,0.870686970779148,0.87025119601105,0.871301978752555,0.0010507827415045,0.00105586578241375,0.869815421242953,0.871916986725962,0.421000381825124,0.419014891179839,0.421725849560901,0.0027109583810615,0.00280686917899799,0.417029400534555,0.422451317296678,0.42401680030546,0.422928598701795,0.424513172966781,0.00158457426498654,0.00162099643231864,0.421840397098129,0.425009545628102,0.386254295532646,0.383493699885453,0.38639175257732,0.00289805269186699,0.00326991255451595,0.380733104238259,0.386529209621993,0.151632483743507,0.147702981854349,0.156479314691101,0.008776332836752,0.00879229865252929,0.143773479965191,0.161326145638695,0.717067583046964,0.710767468499427,0.72680412371134,0.0160366552119131,0.0161589186479564,0.70446735395189,0.736540664375716,,,,,,,,,,,,,,,,,,,,,,,,,,,,,,,,,,,,,,,,,,,,,,,,,,,,,,,,,,,,,,,,,,,,,,,,,,,,,,,,,,,,,"standard","cuda","/Users/stefano/Documents/fastEmbedR-results/MetRef/standard/cuda/20260722_125527_1071196/benchmark_summary_median_variability.csv"
"MetRef","fastEmbedR_umap_cuda_fuzzy_knn","UMAP","cuda","embedding_from_precomputed_knn",1,,873,375,30,,"float32",,3,3,"success",0.353,0.3495,0.3555,0.00600000000000001,0.00602771377334171,0.346,0.358,,,,,,,,,,,,,,,,,,,,,,,,,,,,,0.353,0.3495,0.3555,0.00600000000000001,0.00602771377334171,0.346,0.358,0.549278259277344,0.535991668701172,0.549448013305664,0.0134563446044922,0.0154409739693625,0.522705078125,0.549617767333984,437,437,437,0,0,437,437,437,437,437,0,0,437,437,0.864211216674528,0.861886261033623,0.864842530826764,0.0029562697931409,0.00311378733814921,0.859561305392718,0.865473844979,0.41061473844979,0.408094692630775,0.411607483772432,0.00351279114165698,0.00362177450158221,0.40557464681176,0.412600229095074,0.417602138220695,0.414852997327224,0.417850324551356,0.00299732722413149,0.00332699489984589,0.412103856433753,0.418098510882016,0.382565864833906,0.381901489117984,0.383150057273768,0.0012485681557845,0.00124942609180868,0.381237113402062,0.383734249713631,0.135189298684939,0.132240483451295,0.143120925532763,0.010880442081468,0.0112543394778332,0.129291668217651,0.151052552380587,0.719358533791523,0.716494845360825,0.719358533791523,0.00286368843069851,0.003306702572678,0.713631156930126,0.719358533791523,,,,,,,,,,,,,,,,,,,,,,,,,,,,,,,,,,,,,,,,,,,,,,,,,,,,,,,,,,,,,,,,,,,,,,,,,,,,,,,,,,,,,"standard","cuda","/Users/stefano/Documents/fastEmbedR-results/MetRef/standard/cuda/20260722_125527_1071196/benchmark_summary_median_variability.csv"
"TabulaMuris","fastEmbedR_pca_cpu","PCA","cpu","pca_only",1,1,100102,50,,,"float32",,3,3,"success",1.197,1.196,1.1985,0.00249999999999995,0.00251661147842353,1.195,1.2,,,,,,,,,,,,,,,1.197,1.196,1.1985,0.00249999999999995,0.00251661147842353,1.195,1.2,,,,,,,,,,,,,,,0.566825866699219,0.566616058349609,0.57420539855957,0.00758934020996094,0.00864482869867065,0.56640625,0.581584930419922,,,,,,,,,,,,,,,,,,,,,,,,,,,,,,,,,,,,,,,,,,,,,,,,,,,,,,,,,,,,,,,,,,,,,,,,,,,,,,,,,,,,,,,,,,,,,,,,,,,,,,,,,,,,,,,,,,,,,,,,,,,,,,,,,,,,,,,,,,,,,"standard","cpu1","/Users/stefano/Documents/fastEmbedR-results/TabulaMuris/standard/cpu1/20260721_084502_1071176/benchmark_summary_median_variability.csv"
"TabulaMuris","irlba_pca","PCA","cpu","pca_only",1,1,100102,50,,,"standard_R_double",,3,3,"success",0.843,0.8155,0.846,0.0305,0.0336204302966713,0.788,0.849,,,,,,,,,,,,,,,0.843,0.8155,0.846,0.0305,0.0336204302966713,0.788,0.849,,,,,,,,,,,,,,,0.293838500976562,0.293788909912109,0.293842315673828,5.340576171875e-05,5.95874761650593e-05,0.293739318847656,0.293846130371094,,,,,,,,,,,,,,,,,,,,,,,,,,,,,,,,,,,,,,,,,,,,,,,,,,,,,,,,,,,,,,,,,,,,,,,,,,,,,,,,,,,,,,,,,,,,,,,,,,,,,,,,,,,,,,,,,,,,,,,,,,,,,,,,,,,,,,,,,,,,,"standard","cpu1","/Users/stefano/Documents/fastEmbedR-results/TabulaMuris/standard/cpu1/20260721_084502_1071176/benchmark_summary_median_variability.csv"
"TabulaMuris","fastEmbedR_opentsne_cpu_full","t-SNE","cpu","full_pipeline",1,1,100102,50,,30,"float32",,3,3,"success",90.738,90.6445,91.3645,0.719999999999999,0.783004682829759,90.551,91.991,0.005,0.005,0.00600000000000001,0.00100000000000001,0.00115470053837926,0.005,0.00700000000000001,13.476,13.2845,13.7585,0.474,0.476902855237137,13.093,14.041,,,,,,,,,,,,,,,76.113,75.646,76.6245,0.978499999999997,0.978837235363126,75.179,77.136,0.664493560791016,0.664457321166992,0.666389465332031,0.00193214416503906,0.00221042204318354,0.664421081542969,0.668285369873047,,,,,,,,,,,,,,,0.977580003372113,0.976706297420334,0.97828647782836,0.00158018040802554,0.0015831273626192,0.975832591468555,0.978992952284606,0.629133333333333,0.626733333333333,0.630566666666666,0.00383333333333358,0.00387374830441102,0.624333333333333,0.632,0.618533333333333,0.614391666666666,0.623108333333333,0.00871666666666659,0.00872025632480882,0.61025,0.627683333333333,0.59256,0.5882,0.59454,0.00634000000000001,0.00648719764870267,0.58384,0.59652,-0.0180229796983108,-0.0222837128204601,-0.0125693322075653,0.00971438061289484,0.00973876475341996,-0.0265444459426095,-0.00711568471681982,0.835,0.83375,0.84425,0.0105,0.0114709778717132,0.8325,0.8535,1.71198428873755,1.71077580187584,1.71364738130315,0.00287157942731486,0.00288354940817392,1.70956731501412,1.71531047386875,,,,,,,,,,,,,,,,,,,,,,,,,,,,,,,,,,,,,,,,,,,,,,,,,,,,,,,,,,,,,,,,,,,,,,,,,,,,,,"standard","cpu1","/Users/stefano/Documents/fastEmbedR-results/TabulaMuris/standard/cpu1/20260721_084502_1071176/benchmark_summary_median_variability.csv"
"TabulaMuris","fastEmbedR_opentsne_cpu_knn","t-SNE","cpu","embedding_from_precomputed_knn",1,1,100102,50,,30,"float32",,3,3,"success",78.402,78.0685,78.451,0.382499999999993,0.41627675089216,77.735,78.5,,,,,,,,,,,,,,,,,,,,,,,,,,,,,78.402,78.0685,78.451,0.382499999999993,0.41627675089216,77.735,78.5,0.542072296142578,0.5419921875,0.542081832885742,8.96453857421875e-05,9.84704330268826e-05,0.541912078857422,0.542091369628906,,,,,,,,,,,,,,,0.977478384758051,0.977131040296746,0.978318167256786,0.00118712696004042,0.00122069740701414,0.976783695835441,0.979157949755522,0.6282,0.62425,0.62825,0.004,0.00459020696701141,0.6203,0.6283,0.612633333333333,0.608758333333333,0.61665,0.00789166666666696,0.00789209050838865,0.604883333333333,0.620666666666667,0.58629,0.57989,0.588035,0.00814499999999996,0.00857694778655744,0.57349,0.58978,-0.0297964183766474,-0.0357477872739626,-0.0279139954157401,0.00783379185822245,0.00817845147664004,-0.0416991561712777,-0.0260315724548328,0.837,0.8355,0.8425,0.00700000000000012,0.007371114795832,0.834,0.848,1.71300792027635,1.71300792027635,1.71300792027635,0,0,1.71300792027635,1.71300792027635,,,,,,,,,,,,,,,,,,,,,,,,,,,,,,,,,,,,,,,,,,,,,,,,,,,,,,,,,,,,,,,,,,,,,,,,,,,,,,"standard","cpu1","/Users/stefano/Documents/fastEmbedR-results/TabulaMuris/standard/cpu1/20260721_084502_1071176/benchmark_summary_median_variability.csv"
"TabulaMuris","KlugerLab_FItSNE","t-SNE","cpu","full_pipeline",1,1,100102,50,,30,"standard_R_double",,3,3,"success",94.159,93.58,94.1615,0.581499999999991,0.670019651453099,93.001,94.164,,,,,,,,,,,,,,,,,,,,,,,,,,,,,,,,,,,,0.683887481689453,0.683876037597656,0.683977127075195,0.000101089477539062,0.000110713880162762,0.683864593505859,0.684066772460938,,,,,,,,,,,,,,,0.977306272129489,0.976297883999325,0.977954889563311,0.00165700556398596,0.00166997377935378,0.975289495869162,0.978603506997134,0.6236,0.618866666666666,0.624416666666667,0.00555000000000005,0.00599298973183894,0.614133333333333,0.625233333333333,0.610116666666667,0.608016666666667,0.611125,0.00310833333333294,0.00317158974041089,0.605916666666667,0.612133333333333,0.58405,0.58092,0.585105,0.00418499999999999,0.00435309468462762,0.57779,0.58616,-0.00950414406602477,-0.0165192016427181,-0.00433277393825139,0.0121864277044667,0.0122328280185993,-0.0235342592194114,0.000838596189521987,0.8375,0.835,0.84475,0.00975000000000004,0.0101283430694923,0.8325,0.852,1.73855925470263,1.73570938953572,1.73968130603099,0.00397191649526984,0.00409526973457906,1.73285952436881,1.74080335735935,,,,,,,,,,,,,,,,,,,,,,,,,,,,,,,,,,,,,,,,,,,,,,,,,,,,,,,,,,,,,,,,,,,,,,,,,,,,,,"standard","cpu1","/Users/stefano/Documents/fastEmbedR-results/TabulaMuris/standard/cpu1/20260721_084502_1071176/benchmark_summary_median_variability.csv"
"TabulaMuris","Rtsne_full","t-SNE","cpu","full_pipeline",1,1,100102,50,,30,"standard_R_double",,3,3,"success",232.819,232.0275,237.9105,5.88300000000004,6.38537566109728,231.236,243.002,,,,,,,,,,,,,,,,,,,,,,,,,,,,,,,,,,,,0.57867431640625,0.578607559204102,0.578790664672852,0.00018310546875,0.000185330436187247,0.578540802001953,0.578907012939453,,,,,,,,,,,,,,,0.933197538357781,0.931603001180239,0.93506722306525,0.00346422188501105,0.00346786226028817,0.930008464002698,0.93693690777272,0.609166666666667,0.602616666666667,0.610133333333333,0.00751666666666639,0.00817872126199931,0.596066666666667,0.6111,0.560083333333333,0.558216666666667,0.560866666666667,0.00264999999999993,0.0027228117275536,0.55635,0.56165,0.49963,0.4987,0.502335,0.00363499999999994,0.00377669608696987,0.49777,0.50504,-0.158911024597294,-0.174713376998518,-0.127660940950443,0.0470524360480751,0.0478902481889988,-0.190515729399742,-0.0964108573035918,0.8175,0.80575,0.81975,0.014,0.015036067748362,0.794,0.822,1.8781710620393,1.87328844823501,1.88471885475803,0.0114304065230248,0.0114707657498233,1.86840583443072,1.89126664747677,,,,,,,,,,,,,,,,,,,,,,,,,,,,,,,,,,,,,,,,,,,,,,,,,,,,,,,,,,,,,,,,,,,,,,,,,,,,,,"standard","cpu1","/Users/stefano/Documents/fastEmbedR-results/TabulaMuris/standard/cpu1/20260721_084502_1071176/benchmark_summary_median_variability.csv"
"TabulaMuris","Rtsne_neighbors","t-SNE","cpu","embedding_from_precomputed_knn",1,1,100102,50,,30,"standard_R_double",,3,3,"success",153.857,153.782,154.1015,0.319500000000005,0.33415116339765,153.707,154.346,,,,,,,,,,,,,,,,,,,,,,,,,,,,,153.857,153.782,154.1015,0.319500000000005,0.33415116339765,153.707,154.346,0.764873504638672,0.764871597290039,0.764888763427734,1.71661376953125e-05,1.88174547665262e-05,0.764869689941406,0.764904022216797,,,,,,,,,,,,,,,0.963605850615411,0.963264373630079,0.965249924127466,0.00198555049738658,0.00212320434284657,0.962922896644748,0.966893997639521,0.608966666666667,0.605983333333334,0.609666666666667,0.00368333333333348,0.00391213686044037,0.603,0.610366666666667,0.578166666666667,0.578,0.583325,0.00532500000000002,0.00605484960207118,0.577833333333333,0.588483333333333,0.54788,0.546495,0.553145,0.00665000000000004,0.00701716704470779,0.54511,0.55841,-0.0558247958818088,-0.0581242630785049,-0.0523848364998935,0.0057394265786114,0.0057770746570203,-0.0604237302752011,-0.0489448771179783,0.801,0.79875,0.8125,0.0137499999999999,0.0147507061977836,0.7965,0.824,1.60433246271742,1.60433246271742,1.60433246271742,0,0,1.60433246271742,1.60433246271742,,,,,,,,,,,,,,,,,,,,,,,,,,,,,,,,,,,,,,,,,,,,,,,,,,,,,,,,,,,,,,,,,,,,,,,,,,,,,,"standard","cpu1","/Users/stefano/Documents/fastEmbedR-results/TabulaMuris/standard/cpu1/20260721_084502_1071176/benchmark_summary_median_variability.csv"
"TabulaMuris","fastEmbedR_umap_cpu_binary_full","UMAP","cpu","full_pipeline",1,1,100102,50,30,,"float32",,3,3,"success",153.659,153.641,153.768,0.12700000000001,0.137438471081922,153.623,153.877,0.00600000000000001,0.00600000000000001,0.00600000000000006,5.46437894932694e-17,6.35989704429675e-17,0.00600000000000001,0.00600000000000012,12.999,12.9585,13.007,0.0485000000000007,0.0520032050294346,12.918,13.015,,,,,,,,,,,,,,,140.348,140.339,140.5075,0.168499999999995,0.189584633695168,140.33,140.667,0.713047027587891,0.713016510009766,0.713085174560547,6.866455078125e-05,6.88056908084548e-05,0.712985992431641,0.713123321533203,,,,,,,,,,,,,,,0.985575771370764,0.985285575788232,0.986806103523858,0.0015205277356265,0.001614504109186,0.984995380205699,0.988036435676952,0.637933333333333,0.634283333333333,0.639633333333333,0.00534999999999997,0.00546717477313463,0.630633333333333,0.641333333333333,0.650516666666667,0.649616666666667,0.651916666666667,0.00229999999999997,0.00231804515342847,0.648716666666667,0.653316666666667,0.63224,0.63059,0.632955,0.00236499999999995,0.00242582631969667,0.62894,0.63367,0.00578531465307152,-0.030321982073429,0.00630469076473876,0.0366266728381678,0.0419961886495676,-0.0664292787999295,0.006824066876406,0.8235,0.81775,0.8325,0.01475,0.0148688712864606,0.812,0.8415,,,,,,,,,,,,,,,,,,,,,,,,,,,,,,,,,,,,,,,,,,,,,,,,,,,,,,,,,,,,,,,,,,,,,,,,,,,,,,,,,,,,,"standard","cpu1","/Users/stefano/Documents/fastEmbedR-results/TabulaMuris/standard/cpu1/20260721_084502_1071176/benchmark_summary_median_variability.csv"
"TabulaMuris","fastEmbedR_umap_cpu_binary_knn","UMAP","cpu","embedding_from_precomputed_knn",1,1,100102,50,30,,"float32",,3,3,"success",140.361,140.355,140.511,0.156000000000006,0.176771038351882,140.349,140.661,,,,,,,,,,,,,,,,,,,,,,,,,,,,,140.361,140.355,140.511,0.156000000000006,0.176771038351882,140.349,140.661,0.734649658203125,0.734622955322266,0.734687805175781,6.4849853515625e-05,6.51855754495051e-05,0.734596252441406,0.734725952148438,,,,,,,,,,,,,,,0.985575771370764,0.985285575788232,0.986806103523858,0.0015205277356265,0.001614504109186,0.984995380205699,0.988036435676952,0.637933333333333,0.634283333333333,0.639633333333333,0.00534999999999997,0.00546717477313463,0.630633333333333,0.641333333333333,0.650516666666667,0.649616666666667,0.651916666666667,0.00229999999999997,0.00231804515342847,0.648716666666667,0.653316666666667,0.63224,0.63059,0.632955,0.00236499999999995,0.00242582631969667,0.62894,0.63367,0.00578531465307152,-0.030321982073429,0.00630469076473876,0.0366266728381678,0.0419961886495676,-0.0664292787999295,0.006824066876406,0.8235,0.81775,0.8325,0.01475,0.0148688712864606,0.812,0.8415,,,,,,,,,,,,,,,,,,,,,,,,,,,,,,,,,,,,,,,,,,,,,,,,,,,,,,,,,,,,,,,,,,,,,,,,,,,,,,,,,,,,,"standard","cpu1","/Users/stefano/Documents/fastEmbedR-results/TabulaMuris/standard/cpu1/20260721_084502_1071176/benchmark_summary_median_variability.csv"
"TabulaMuris","fastEmbedR_umap_cpu_fuzzy_full","UMAP","cpu","full_pipeline",1,1,100102,50,30,,"float32",,3,3,"success",43.344,43.335,43.43,0.0949999999999989,0.104887241041668,43.326,43.516,0.00600000000000001,0.0055,0.00650000000000001,0.001,0.001,0.005,0.00700000000000001,12.973,12.957,12.9765,0.0195000000000007,0.0207926268983342,12.941,12.98,,,,,,,,,,,,,,,30.09,30.0845,30.167,0.0825000000000031,0.0922514679196666,30.079,30.244,0.708148956298828,0.708076477050781,0.708219528198242,0.000143051147460938,0.000143055385950663,0.708003997802734,0.708290100097656,,,,,,,,,,,,,,,0.96941947395043,0.969302402630248,0.971180003372113,0.00187760074186449,0.00210373542133493,0.969185331310066,0.972940532793795,0.614933333333333,0.6126,0.619266666666667,0.00666666666666649,0.00676592771006141,0.610266666666667,0.6236,0.612133333333333,0.609225,0.613008333333333,0.00378333333333303,0.00396128252706828,0.606316666666667,0.613883333333333,0.5817,0.576795,0.582665,0.00587000000000004,0.0062953501358807,0.57189,0.58363,-0.0707740869420549,-0.0773832529340384,-0.069032529539674,0.00835072339436439,0.00881092800653687,-0.0839924189260219,-0.0672909721372931,0.825,0.818,0.8275,0.00949999999999984,0.00984885780179605,0.811,0.83,,,,,,,,,,,,,,,,,,,,,,,,,,,,,,,,,,,,,,,,,,,,,,,,,,,,,,,,,,,,,,,,,,,,,,,,,,,,,,,,,,,,,"standard","cpu1","/Users/stefano/Documents/fastEmbedR-results/TabulaMuris/standard/cpu1/20260721_084502_1071176/benchmark_summary_median_variability.csv"
"TabulaMuris","fastEmbedR_umap_cpu_fuzzy_knn","UMAP","cpu","embedding_from_precomputed_knn",1,1,100102,50,30,,"float32",,3,3,"success",30.054,30.0295,30.274,0.244500000000002,0.269295995761789,30.005,30.494,,,,,,,,,,,,,,,,,,,,,,,,,,,,,30.054,30.0295,30.274,0.244500000000002,0.269295995761789,30.005,30.494,0.73095703125,0.73090934753418,0.731084823608398,0.00017547607421875,0.000181468961979161,0.730861663818359,0.731212615966797,,,,,,,,,,,,,,,0.96941947395043,0.969302402630248,0.971180003372113,0.00187760074186449,0.00210373542133493,0.969185331310066,0.972940532793795,0.614933333333333,0.6126,0.619266666666667,0.00666666666666649,0.00676592771006141,0.610266666666667,0.6236,0.612133333333333,0.609225,0.613008333333333,0.00378333333333303,0.00396128252706828,0.606316666666667,0.613883333333333,0.5817,0.576795,0.582665,0.00587000000000004,0.0062953501358807,0.57189,0.58363,-0.0707740869420549,-0.0773832529340384,-0.069032529539674,0.00835072339436439,0.00881092800653687,-0.0839924189260219,-0.0672909721372931,0.825,0.818,0.8275,0.00949999999999984,0.00984885780179605,0.811,0.83,,,,,,,,,,,,,,,,,,,,,,,,,,,,,,,,,,,,,,,,,,,,,,,,,,,,,,,,,,,,,,,,,,,,,,,,,,,,,,,,,,,,,"standard","cpu1","/Users/stefano/Documents/fastEmbedR-results/TabulaMuris/standard/cpu1/20260721_084502_1071176/benchmark_summary_median_variability.csv"
"TabulaMuris","umap_package","UMAP","cpu","full_pipeline",1,1,100102,50,30,,"standard_R_double",,3,3,"success",899.657,894.045,899.986,5.94100000000003,6.67823659359268,888.433,900.315,,,,,,,,,,,,,,,,,,,,,,,,,,,,,,,,,,,,6.71964263916016,6.71051597595215,6.74112129211426,0.0306053161621094,0.0314251904414045,6.70138931274414,6.76259994506836,,,,,,,,,,,,,,,0.986592345304333,0.98530102006407,0.986737371438206,0.001436351374136,0.00158148848149013,0.984009694823807,0.986882397572079,0.6383,0.635916666666666,0.639283333333333,0.00336666666666696,0.00346233703988796,0.633533333333333,0.640266666666667,0.652416666666667,0.650191666666667,0.653225,0.003033333333333,0.00314167035071964,0.647966666666667,0.654033333333333,0.64211,0.63988,0.646655,0.00677499999999998,0.00690557986944855,0.63765,0.6512,0.0520823530412518,0.0454011677598769,0.0611834745935363,0.0157823068336594,0.0158440285126667,0.038719982478502,0.0702845961458209,0.8325,0.83025,0.84,0.00975000000000015,0.0102102889283311,0.828,0.8475,,,,,,,,,,,,,,,,,,,,,,,,,,,,,,,,,,,,,,,,,,,,,,,,,,,,,,,,,,,,,,,,,,,,,,,,,,,,,,,,,,,,,"standard","cpu1","/Users/stefano/Documents/fastEmbedR-results/TabulaMuris/standard/cpu1/20260721_084502_1071176/benchmark_summary_median_variability.csv"
"TabulaMuris","umap_package_knn","UMAP","cpu","embedding_from_precomputed_knn",1,1,100102,50,30,,"standard_R_double",,3,3,"success",448.307,447.373,448.4135,1.04049999999995,1.14494206549209,446.439,448.52,,,,,,,,,,,,,,,,,,,,,,,,,,,,,448.307,447.373,448.4135,1.04049999999995,1.14494206549209,446.439,448.52,2.77892303466797,2.77890396118164,2.77900695800781,0.000102996826171875,0.000109590969982988,2.77888488769531,2.77909088134766,,,,,,,,,,,,,,,0.988626605968639,0.987271741696172,0.98888208565166,0.00161034395548798,0.00173092166589934,0.985916877423706,0.989137565334682,0.6417,0.640483333333334,0.642966666666666,0.00248333333333295,0.00248350111290012,0.639266666666667,0.644233333333333,0.652183333333333,0.651258333333333,0.658816666666666,0.00755833333333344,0.00824561050454093,0.650333333333333,0.66545,0.64682,0.64592,0.64843,0.0025099999999999,0.00254325251072974,0.64502,0.65004,0.0674791474636328,0.0556692737020328,0.0683482391049202,0.0126789654028874,0.0141653239104864,0.0438593999404328,0.0692173307462075,0.8375,0.832,0.84275,0.0107499999999999,0.0107509689485801,0.8265,0.848,,,,,,,,,,,,,,,,,,,,,,,,,,,,,,,,,,,,,,,,,,,,,,,,,,,,,,,,,,,,,,,,,,,,,,,,,,,,,,,,,,,,,"standard","cpu1","/Users/stefano/Documents/fastEmbedR-results/TabulaMuris/standard/cpu1/20260721_084502_1071176/benchmark_summary_median_variability.csv"
"TabulaMuris","uwot_default","UMAP","cpu","full_pipeline",1,1,100102,50,30,,"standard_R_double",,3,3,"success",96.633,96.5635,96.661,0.0974999999999966,0.100400863210097,96.494,96.689,,,,,,,,,,,,,,,,,,,,,,,,,,,,,,,,,,,,0.883880615234375,0.883823394775391,0.883916854858398,9.34600830078125e-05,9.4241810931843e-05,0.883766174316406,0.883953094482422,,,,,,,,,,,,,,,0.981581082448154,0.979438543247344,0.982173545776429,0.00273500252908454,0.00287769883256912,0.977296004046535,0.982766009104704,0.628466666666667,0.6269,0.629383333333333,0.00248333333333339,0.00251152897211616,0.625333333333333,0.6303,0.64005,0.6367,0.643916666666666,0.00721666666666643,0.00722282903433671,0.63335,0.647783333333333,0.62858,0.61992,0.629595,0.00967499999999999,0.010634266939161,0.61126,0.63061,0.048504956132869,0.0238732579506298,0.0571115803049745,0.0332383223543447,0.034501986492685,-0.000758440231609392,0.0657182044770799,0.8205,0.80375,0.83075,0.027,0.0272595548997655,0.787,0.841,,,,,,,,,,,,,,,,,,,,,,,,,,,,,,,,,,,,,,,,,,,,,,,,,,,,,,,,,,,,,,,,,,,,,,,,,,,,,,,,,,,,,"standard","cpu1","/Users/stefano/Documents/fastEmbedR-results/TabulaMuris/standard/cpu1/20260721_084502_1071176/benchmark_summary_median_variability.csv"
"TabulaMuris","uwot_fast_sgd","UMAP","cpu","full_pipeline",1,1,100102,50,30,,"standard_R_double",,3,3,"success",86.769,86.754,86.8195,0.0655000000000001,0.0686318682051809,86.739,86.87,,,,,,,,,,,,,,,,,,,,,,,,,,,,,,,,,,,,0.883869171142578,0.88385009765625,0.88395881652832,0.000108718872070312,0.000116103075497065,0.883831024169922,0.884048461914062,,,,,,,,,,,,,,,0.98106110268083,0.980579000168606,0.982283417636149,0.00170441746754346,0.00175717872093457,0.980096897656382,0.983505732591469,0.6273,0.6241,0.628666666666666,0.0045666666666665,0.00468773024125892,0.6209,0.630033333333333,0.636666666666667,0.631975,0.637766666666667,0.00579166666666708,0.00615170105953882,0.627283333333333,0.638866666666667,0.61235,0.610795,0.620375,0.00957999999999992,0.0102825110422179,0.60924,0.6284,0.0469570886805635,0.0334275560425263,0.0483595673488156,0.0149320113062893,0.016492021535069,0.0198980234044891,0.0497620460170677,0.8145,0.80875,0.827,0.0182499999999999,0.0186614576065215,0.803,0.8395,,,,,,,,,,,,,,,,,,,,,,,,,,,,,,,,,,,,,,,,,,,,,,,,,,,,,,,,,,,,,,,,,,,,,,,,,,,,,,,,,,,,,"standard","cpu1","/Users/stefano/Documents/fastEmbedR-results/TabulaMuris/standard/cpu1/20260721_084502_1071176/benchmark_summary_median_variability.csv"
"TabulaMuris","uwot_knn","UMAP","cpu","embedding_from_precomputed_knn",1,1,100102,50,30,,"standard_R_double",,3,3,"success",57.01,56.9595,57.0725,0.113,0.11321219015636,56.909,57.135,,,,,,,,,,,,,,,,,,,,,,,,,,,,,57.01,56.9595,57.0725,0.113,0.11321219015636,56.909,57.135,0.936405181884766,0.936397552490234,0.936529159545898,0.000131607055664062,0.000147759004737308,0.936389923095703,0.936653137207031,,,,,,,,,,,,,,,0.981594756364863,0.980705572416119,0.982627811498904,0.00192223908278499,0.00192403293389326,0.979816388467375,0.983660866632945,0.631866666666667,0.627866666666667,0.632766666666667,0.00490000000000002,0.00521664004253058,0.623866666666667,0.633666666666667,0.6371,0.635408333333334,0.639991666666667,0.00458333333333294,0.00463540121720239,0.633716666666667,0.642883333333333,0.62242,0.61796,0.622685,0.00472499999999987,0.00530957939326017,0.6135,0.62295,0.0118011954521063,0.00177257427839496,0.0253138456737015,0.0235412713953066,0.0236270525396133,-0.00825604689531638,0.0388264958952968,0.8155,0.81525,0.8175,0.00224999999999997,0.00246644143115814,0.815,0.8195,,,,,,,,,,,,,,,,,,,,,,,,,,,,,,,,,,,,,,,,,,,,,,,,,,,,,,,,,,,,,,,,,,,,,,,,,,,,,,,,,,,,,"standard","cpu1","/Users/stefano/Documents/fastEmbedR-results/TabulaMuris/standard/cpu1/20260721_084502_1071176/benchmark_summary_median_variability.csv"
"TabulaMuris","fastEmbedR_pca_cpu","PCA","cpu","pca_only",4,4,100102,50,,,"float32",,3,3,"success",1.193,1.1765,1.216,0.0395000000000003,0.0396778695664641,1.16,1.239,,,,,,,,,,,,,,,1.193,1.1765,1.216,0.0395000000000003,0.0396778695664641,1.16,1.239,,,,,,,,,,,,,,,0.60595703125,0.593889236450195,0.617164611816406,0.0232753753662109,0.0232806734140961,0.581821441650391,0.628372192382812,,,,,,,,,,,,,,,,,,,,,,,,,,,,,,,,,,,,,,,,,,,,,,,,,,,,,,,,,,,,,,,,,,,,,,,,,,,,,,,,,,,,,,,,,,,,,,,,,,,,,,,,,,,,,,,,,,,,,,,,,,,,,,,,,,,,,,,,,,,,,"standard","cpu4","/Users/stefano/Documents/fastEmbedR-results/TabulaMuris/standard/cpu4/20260721_084502_1071187/benchmark_summary_median_variability.csv"
"TabulaMuris","irlba_pca","PCA","cpu","pca_only",4,4,100102,50,,,"standard_R_double",,3,3,"success",0.78,0.7755,0.847,0.0714999999999999,0.0800895332320855,0.771,0.914,,,,,,,,,,,,,,,0.78,0.7755,0.847,0.0714999999999999,0.0800895332320855,0.771,0.914,,,,,,,,,,,,,,,0.300106048583984,0.300022125244141,0.300128936767578,0.0001068115234375,0.000112474285825073,0.299938201904297,0.300151824951172,,,,,,,,,,,,,,,,,,,,,,,,,,,,,,,,,,,,,,,,,,,,,,,,,,,,,,,,,,,,,,,,,,,,,,,,,,,,,,,,,,,,,,,,,,,,,,,,,,,,,,,,,,,,,,,,,,,,,,,,,,,,,,,,,,,,,,,,,,,,,"standard","cpu4","/Users/stefano/Documents/fastEmbedR-results/TabulaMuris/standard/cpu4/20260721_084502_1071187/benchmark_summary_median_variability.csv"
"TabulaMuris","fastEmbedR_opentsne_cpu_full","t-SNE","cpu","full_pipeline",4,4,100102,50,,30,"float32",,3,3,"success",48.91,47.3595,49.8775,2.518,2.54039767228151,45.809,50.845,0.003,0.0025,0.0035,0.001,0.001,0.002,0.004,11.997,11.9855,12.0425,0.0570000000000004,0.0602854321816911,11.974,12.088,,,,,,,,,,,,,,,35.463,33.951,36.4245,2.4735,2.49383620151766,32.439,37.386,0.698776245117188,0.698520660400391,0.703456878662109,0.00493621826171875,0.00555817144131855,0.698265075683594,0.708137512207031,,,,,,,,,,,,,,,0.97680944191536,0.976734302815714,0.977887287135391,0.00115298431967648,0.00129015994978871,0.976659163716068,0.978965132355421,0.6261,0.625766666666666,0.62995,0.00418333333333354,0.00465000995618224,0.625433333333333,0.6338,0.61795,0.612,0.624533333333333,0.0125333333333335,0.0125386661231629,0.60605,0.631116666666667,0.59111,0.58659,0.59478,0.00819000000000014,0.00820468971584751,0.58207,0.59845,-0.0180952087122255,-0.0247693874518929,-0.0139415000176676,0.0108278874342253,0.0109252339122641,-0.0314435661915603,-0.00978779132310964,0.84,0.837,0.84525,0.00825000000000009,0.00835164654424507,0.834,0.8505,1.71132940926134,1.71009623051394,1.71356707992761,0.00347084941366527,0.00351896722406362,1.70886305176655,1.71580475059388,,,,,,,,,,,,,,,,,,,,,,,,,,,,,,,,,,,,,,,,,,,,,,,,,,,,,,,,,,,,,,,,,,,,,,,,,,,,,,"standard","cpu4","/Users/stefano/Documents/fastEmbedR-results/TabulaMuris/standard/cpu4/20260721_084502_1071187/benchmark_summary_median_variability.csv"
"TabulaMuris","fastEmbedR_opentsne_cpu_knn","t-SNE","cpu","embedding_from_precomputed_knn",4,4,100102,50,,30,"float32",,3,3,"success",35.786,34.7235,36.943,2.2195,2.22017048894899,33.661,38.1,,,,,,,,,,,,,,,,,,,,,,,,,,,,,35.786,34.7235,36.943,2.2195,2.22017048894899,33.661,38.1,0.576187133789062,0.57618522644043,0.576311111450195,0.000125885009765625,0.00014427088900736,0.576183319091797,0.576435089111328,,,,,,,,,,,,,,,0.977478384758051,0.977131040296746,0.978318167256786,0.00118712696004042,0.00122069740701414,0.976783695835441,0.979157949755522,0.6282,0.62425,0.62825,0.004,0.00459020696701141,0.6203,0.6283,0.612633333333333,0.608758333333333,0.61665,0.00789166666666696,0.00789209050838865,0.604883333333333,0.620666666666667,0.58629,0.57989,0.588035,0.00814499999999996,0.00857694778655744,0.57349,0.58978,-0.0297964183766474,-0.0357477872739626,-0.0279139954157401,0.00783379185822245,0.00817845147664004,-0.0416991561712777,-0.0260315724548328,0.837,0.8355,0.8425,0.00700000000000012,0.007371114795832,0.834,0.848,1.71300792027635,1.71300792027635,1.71300792027635,0,0,1.71300792027635,1.71300792027635,,,,,,,,,,,,,,,,,,,,,,,,,,,,,,,,,,,,,,,,,,,,,,,,,,,,,,,,,,,,,,,,,,,,,,,,,,,,,,"standard","cpu4","/Users/stefano/Documents/fastEmbedR-results/TabulaMuris/standard/cpu4/20260721_084502_1071187/benchmark_summary_median_variability.csv"
"TabulaMuris","KlugerLab_FItSNE","t-SNE","cpu","full_pipeline",4,4,100102,50,,30,"standard_R_double",,3,3,"success",59.028,58.5645,61.0525,2.488,2.64620186934658,58.101,63.077,,,,,,,,,,,,,,,,,,,,,,,,,,,,,,,,,,,,0.690887451171875,0.690883636474609,0.690938949584961,5.53131103515625e-05,6.17855357526466e-05,0.690879821777344,0.690990447998047,,,,,,,,,,,,,,,0.977028662957343,0.975898878772551,0.97800354071826,0.00210466194570902,0.00210656131466305,0.974769094587759,0.978978418479177,0.621866666666667,0.617516666666667,0.62345,0.00593333333333312,0.0061445850898106,0.613166666666667,0.625033333333333,0.609283333333333,0.607975,0.609316666666667,0.00134166666666657,0.00153034128364997,0.606666666666667,0.60935,0.58388,0.581075,0.584735,0.00366,0.0038292427449824,0.57827,0.58559,-0.0101429946628614,-0.0164367944026005,-0.00479949137387799,0.0116373030287225,0.0116502293066311,-0.0227305941423395,0.00054401191510543,0.8385,0.83425,0.8435,0.00925000000000009,0.0092601295887261,0.83,0.8485,1.73604062979369,1.73219768307876,1.7365680866324,0.00437040355364982,0.004771224678025,1.72835473636382,1.73709554347112,,,,,,,,,,,,,,,,,,,,,,,,,,,,,,,,,,,,,,,,,,,,,,,,,,,,,,,,,,,,,,,,,,,,,,,,,,,,,,"standard","cpu4","/Users/stefano/Documents/fastEmbedR-results/TabulaMuris/standard/cpu4/20260721_084502_1071187/benchmark_summary_median_variability.csv"
"TabulaMuris","Rtsne_full","t-SNE","cpu","full_pipeline",4,4,100102,50,,30,"standard_R_double",,3,3,"success",105.214,103.5255,109.9245,6.399,6.63259846013109,101.837,114.635,,,,,,,,,,,,,,,,,,,,,,,,,,,,,,,,,,,,0.586219787597656,0.58613395690918,0.61900520324707,0.0328712463378906,0.037906988643417,0.586048126220703,0.651790618896484,,,,,,,,,,,,,,,0.93335397066262,0.930970460293373,0.935434058337548,0.00446359804417495,0.00446703435668135,0.928586949924127,0.937514146012477,0.605033333333333,0.60025,0.606933333333333,0.00668333333333304,0.00688753570939148,0.595466666666667,0.608833333333333,0.562966666666667,0.559208333333334,0.565466666666667,0.00625833333333348,0.00630036007201485,0.55545,0.567966666666667,0.50861,0.50063,0.51001,0.00938000000000005,0.0101201054012957,0.49265,0.51141,-0.120308228109144,-0.129903494989586,-0.112766799298299,0.0171366956912865,0.0171776722177695,-0.139498761870027,-0.105225370487454,0.814,0.8125,0.818,0.00549999999999995,0.00568624070307729,0.811,0.822,1.87722105023335,1.86835523722785,1.88432028472866,0.01596504750081,0.0159975938268018,1.85948942422236,1.89141951922398,,,,,,,,,,,,,,,,,,,,,,,,,,,,,,,,,,,,,,,,,,,,,,,,,,,,,,,,,,,,,,,,,,,,,,,,,,,,,,"standard","cpu4","/Users/stefano/Documents/fastEmbedR-results/TabulaMuris/standard/cpu4/20260721_084502_1071187/benchmark_summary_median_variability.csv"
"TabulaMuris","Rtsne_neighbors","t-SNE","cpu","embedding_from_precomputed_knn",4,4,100102,50,,30,"standard_R_double",,3,3,"success",82.337,82.0715,82.475,0.403499999999994,0.410159724985281,81.806,82.613,,,,,,,,,,,,,,,,,,,,,,,,,,,,,82.337,82.0715,82.475,0.403499999999994,0.410159724985281,81.806,82.613,0.766361236572266,0.766143798828125,0.766412734985352,0.000268936157226562,0.000285491290925105,0.765926361083984,0.766464233398438,,,,,,,,,,,,,,,0.963605850615411,0.963264373630079,0.965249924127466,0.00198555049738658,0.00212320434284657,0.962922896644748,0.966893997639521,0.608966666666667,0.605983333333334,0.609666666666667,0.00368333333333348,0.00391213686044037,0.603,0.610366666666667,0.578166666666667,0.578,0.583325,0.00532500000000002,0.00605484960207118,0.577833333333333,0.588483333333333,0.54788,0.546495,0.553145,0.00665000000000004,0.00701716704470779,0.54511,0.55841,-0.0558247958818088,-0.0581242630785049,-0.0523848364998935,0.00573942657861144,0.00577707465702035,-0.0604237302752011,-0.0489448771179782,0.801,0.79875,0.8125,0.0137499999999999,0.0147507061977836,0.7965,0.824,1.60433246271742,1.60433246271742,1.60433246271742,0,0,1.60433246271742,1.60433246271742,,,,,,,,,,,,,,,,,,,,,,,,,,,,,,,,,,,,,,,,,,,,,,,,,,,,,,,,,,,,,,,,,,,,,,,,,,,,,,"standard","cpu4","/Users/stefano/Documents/fastEmbedR-results/TabulaMuris/standard/cpu4/20260721_084502_1071187/benchmark_summary_median_variability.csv"
"TabulaMuris","fastEmbedR_umap_cpu_binary_full","UMAP","cpu","full_pipeline",4,4,100102,50,30,,"float32",,3,3,"success",105.016,104.9,106.388,1.488,1.65529131373705,104.784,107.76,0.003,0.00299999999999994,0.003,5.50774703622636e-17,6.35982311220791e-17,0.00299999999999989,0.003,11.734,11.559,11.947,0.387999999999998,0.3886197799049,11.384,12.16,,,,,,,,,,,,,,,93.127,92.8555,94.4165,1.56099999999999,1.66798151468574,92.584,95.706,0.710502624511719,0.710445404052734,0.710624694824219,0.000179290771484375,0.000183158442993478,0.71038818359375,0.710746765136719,,,,,,,,,,,,,,,0.98556904400607,0.983721758556736,0.986589799359298,0.00286804080256253,0.00290746889552057,0.981874473107402,0.987610554712527,0.630833333333333,0.627133333333333,0.636366666666667,0.00923333333333354,0.00929380518489702,0.623433333333333,0.6419,0.647966666666667,0.643741666666667,0.649066666666667,0.00532500000000002,0.00562235122820815,0.639516666666667,0.650166666666667,0.63157,0.627775,0.63221,0.00443499999999997,0.004794500321549,0.62398,0.63285,-0.0407259730858024,-0.0722165342941327,-0.0354301594240222,0.0367863748701105,0.0397738478872755,-0.103707095502463,-0.0301343457622419,0.8135,0.81075,0.8245,0.0137499999999999,0.0145516322108552,0.808,0.8355,,,,,,,,,,,,,,,,,,,,,,,,,,,,,,,,,,,,,,,,,,,,,,,,,,,,,,,,,,,,,,,,,,,,,,,,,,,,,,,,,,,,,"standard","cpu4","/Users/stefano/Documents/fastEmbedR-results/TabulaMuris/standard/cpu4/20260721_084502_1071187/benchmark_summary_median_variability.csv"
"TabulaMuris","fastEmbedR_umap_cpu_binary_knn","UMAP","cpu","embedding_from_precomputed_knn",4,4,100102,50,30,,"float32",,3,3,"success",92.293,91.8895,93.082,1.1925,1.21309232954462,91.486,93.871,,,,,,,,,,,,,,,,,,,,,,,,,,,,,92.293,91.8895,93.082,1.1925,1.21309232954462,91.486,93.871,0.731552124023438,0.731521606445312,0.731664657592773,0.000143051147460938,0.000150684565880722,0.731491088867188,0.731777191162109,,,,,,,,,,,,,,,0.983323469903895,0.98328669701568,0.983559349182263,0.000272652166582454,0.000295894669562442,0.983249924127466,0.983795228460631,0.635566666666667,0.629883333333333,0.6369,0.00701666666666656,0.00745259089921822,0.6242,0.638233333333333,0.6442,0.63915,0.648983333333333,0.00983333333333347,0.00983453853254701,0.6341,0.653766666666667,0.62966,0.62731,0.63275,0.00543999999999989,0.00545675117018665,0.62496,0.63584,-0.0488390865508598,-0.0652174366981263,-0.0352131898440467,0.0300042468540795,0.0300463003145894,-0.0815957868453927,-0.0215872931372337,0.808,0.80225,0.8215,0.01925,0.0197631812553883,0.7965,0.835,,,,,,,,,,,,,,,,,,,,,,,,,,,,,,,,,,,,,,,,,,,,,,,,,,,,,,,,,,,,,,,,,,,,,,,,,,,,,,,,,,,,,"standard","cpu4","/Users/stefano/Documents/fastEmbedR-results/TabulaMuris/standard/cpu4/20260721_084502_1071187/benchmark_summary_median_variability.csv"
"TabulaMuris","fastEmbedR_umap_cpu_fuzzy_full","UMAP","cpu","full_pipeline",4,4,100102,50,30,,"float32",,3,3,"success",33.012,32.0025,33.3695,1.367,1.41788234114588,30.993,33.727,0.00300000000000011,0.00300000000000011,0.00350000000000006,0.000499999999999945,0.000577350269189562,0.00300000000000011,0.004,12.235,11.8575,12.489,0.631500000000001,0.635512653952172,11.48,12.743,,,,,,,,,,,,,,,20.436,19.844,20.5525,0.708500000000001,0.759828270071601,19.252,20.669,0.710742950439453,0.710708618164062,0.710906982421875,0.0001983642578125,0.000212027632111559,0.710674285888672,0.711071014404297,,,,,,,,,,,,,,,0.970258978249874,0.968843045017704,0.973072879784185,0.00422983476648109,0.00430615148475551,0.967427111785534,0.975886781318496,0.620233333333333,0.614333333333333,0.622766666666666,0.00843333333333351,0.00865443581403554,0.608433333333333,0.6253,0.6115,0.611375,0.61225,0.000874999999999959,0.000946484724300044,0.61125,0.613,0.57886,0.577565,0.584235,0.00667000000000006,0.007073733102118,0.57627,0.58961,-0.0708903607449774,-0.0735899222724163,-0.0351102235417569,0.0384796987306594,0.0429588412718036,-0.0762894837998551,0.000669913661463606,0.819,0.81875,0.82275,0.004,0.00448144321991627,0.8185,0.8265,,,,,,,,,,,,,,,,,,,,,,,,,,,,,,,,,,,,,,,,,,,,,,,,,,,,,,,,,,,,,,,,,,,,,,,,,,,,,,,,,,,,,"standard","cpu4","/Users/stefano/Documents/fastEmbedR-results/TabulaMuris/standard/cpu4/20260721_084502_1071187/benchmark_summary_median_variability.csv"
"TabulaMuris","fastEmbedR_umap_cpu_fuzzy_knn","UMAP","cpu","embedding_from_precomputed_knn",4,4,100102,50,30,,"float32",,3,3,"success",18.867,18.8215,19,0.1785,0.185511005962808,18.776,19.133,,,,,,,,,,,,,,,,,,,,,,,,,,,,,18.867,18.8215,19,0.1785,0.185511005962808,18.776,19.133,0.731925964355469,0.731866836547852,0.732000350952148,0.000133514404296875,0.000133804732238067,0.731807708740234,0.732074737548828,,,,,,,,,,,,,,,0.971942539200809,0.97015241106053,0.973401095936604,0.00324868487607444,0.00325432019877057,0.96836228292025,0.974859652672399,0.6188,0.615933333333333,0.6199,0.00396666666666656,0.00409570687608542,0.613066666666667,0.621,0.61435,0.6106,0.615616666666666,0.00501666666666645,0.00521752744052115,0.60685,0.616883333333333,0.58512,0.58008,0.58799,0.00791000000000008,0.00800860370684764,0.57504,0.59086,-0.0411177077419163,-0.0454196992187817,-0.0146624294666263,0.0307572697521554,0.0333106441636595,-0.049721690695647,0.0117928488086638,0.81,0.80975,0.81975,0.01,0.0114054080739504,0.8095,0.8295,,,,,,,,,,,,,,,,,,,,,,,,,,,,,,,,,,,,,,,,,,,,,,,,,,,,,,,,,,,,,,,,,,,,,,,,,,,,,,,,,,,,,"standard","cpu4","/Users/stefano/Documents/fastEmbedR-results/TabulaMuris/standard/cpu4/20260721_084502_1071187/benchmark_summary_median_variability.csv"
"TabulaMuris","umap_package","UMAP","cpu","full_pipeline",4,4,100102,50,30,,"standard_R_double",,3,3,"success",837.215,828.3415,865.881,37.5395000000001,39.2402227185321,819.468,894.547,,,,,,,,,,,,,,,,,,,,,,,,,,,,,,,,,,,,6.74179840087891,6.66867065429688,6.74977684020996,0.0811061859130859,0.0894037143437682,6.59554290771484,6.75775527954102,,,,,,,,,,,,,,,0.986592345304333,0.98530102006407,0.986737371438206,0.001436351374136,0.00158148848149013,0.984009694823807,0.986882397572079,0.6383,0.635916666666666,0.639283333333333,0.00336666666666696,0.00346233703988796,0.633533333333333,0.640266666666667,0.652416666666667,0.650191666666667,0.653225,0.003033333333333,0.00314167035071964,0.647966666666667,0.654033333333333,0.64211,0.63988,0.646655,0.00677499999999998,0.00690557986944855,0.63765,0.6512,0.0520823530412518,0.0454011677598769,0.0611834745935363,0.0157823068336594,0.0158440285126667,0.038719982478502,0.0702845961458209,0.8325,0.83025,0.84,0.00975000000000015,0.0102102889283311,0.828,0.8475,,,,,,,,,,,,,,,,,,,,,,,,,,,,,,,,,,,,,,,,,,,,,,,,,,,,,,,,,,,,,,,,,,,,,,,,,,,,,,,,,,,,,"standard","cpu4","/Users/stefano/Documents/fastEmbedR-results/TabulaMuris/standard/cpu4/20260721_084502_1071187/benchmark_summary_median_variability.csv"
"TabulaMuris","umap_package_knn","UMAP","cpu","embedding_from_precomputed_knn",4,4,100102,50,30,,"standard_R_double",,3,3,"success",388.953,388.443,391.34,2.89699999999999,3.09305436960511,387.933,393.727,,,,,,,,,,,,,,,,,,,,,,,,,,,,,388.953,388.443,391.34,2.89699999999999,3.09305436960511,387.933,393.727,2.7794075012207,2.77936553955078,2.77941131591797,4.57763671875e-05,5.07990121343948e-05,2.77932357788086,2.77941513061523,,,,,,,,,,,,,,,0.988626605968639,0.987271741696172,0.98888208565166,0.00161034395548798,0.00173092166589934,0.985916877423706,0.989137565334682,0.6417,0.640483333333334,0.642966666666666,0.00248333333333295,0.00248350111290012,0.639266666666667,0.644233333333333,0.652183333333333,0.651258333333333,0.658816666666666,0.00755833333333344,0.00824561050454093,0.650333333333333,0.66545,0.64682,0.64592,0.64843,0.0025099999999999,0.00254325251072974,0.64502,0.65004,0.0674791474636328,0.0556692737020328,0.0683482391049202,0.0126789654028874,0.0141653239104864,0.0438593999404328,0.0692173307462075,0.8375,0.832,0.84275,0.0107499999999999,0.0107509689485801,0.8265,0.848,,,,,,,,,,,,,,,,,,,,,,,,,,,,,,,,,,,,,,,,,,,,,,,,,,,,,,,,,,,,,,,,,,,,,,,,,,,,,,,,,,,,,"standard","cpu4","/Users/stefano/Documents/fastEmbedR-results/TabulaMuris/standard/cpu4/20260721_084502_1071187/benchmark_summary_median_variability.csv"
"TabulaMuris","uwot_default","UMAP","cpu","full_pipeline",4,4,100102,50,30,,"standard_R_double",,3,3,"success",84.374,82.6495,84.382,1.73250000000002,1.99591591339248,80.925,84.39,,,,,,,,,,,,,,,,,,,,,,,,,,,,,,,,,,,,0.885051727294922,0.884992599487305,0.885076522827148,8.392333984375e-05,8.62324108540139e-05,0.884933471679688,0.885101318359375,,,,,,,,,,,,,,,0.981581082448154,0.979438543247344,0.982173545776429,0.00273500252908454,0.00287769883256912,0.977296004046535,0.982766009104704,0.628466666666667,0.6269,0.629383333333333,0.00248333333333339,0.00251152897211616,0.625333333333333,0.6303,0.64005,0.6367,0.643916666666666,0.00721666666666643,0.00722282903433671,0.63335,0.647783333333333,0.62858,0.61992,0.629595,0.00967499999999999,0.010634266939161,0.61126,0.63061,0.048504956132869,0.0238732579506298,0.0571115803049745,0.0332383223543447,0.034501986492685,-0.000758440231609392,0.0657182044770799,0.8205,0.80375,0.83075,0.027,0.0272595548997655,0.787,0.841,,,,,,,,,,,,,,,,,,,,,,,,,,,,,,,,,,,,,,,,,,,,,,,,,,,,,,,,,,,,,,,,,,,,,,,,,,,,,,,,,,,,,"standard","cpu4","/Users/stefano/Documents/fastEmbedR-results/TabulaMuris/standard/cpu4/20260721_084502_1071187/benchmark_summary_median_variability.csv"
"TabulaMuris","uwot_fast_sgd","UMAP","cpu","full_pipeline",4,4,100102,50,30,,"standard_R_double",,3,3,"success",59.054,58.2395,59.3975,1.158,1.18950031525847,57.425,59.741,,,,,,,,,,,,,,,,,,,,,,,,,,,,,,,,,,,,0.915767669677734,0.900321960449219,0.922702789306641,0.0223808288574219,0.0229138577893277,0.884876251220703,0.929637908935547,,,,,,,,,,,,,,,0.981968942842691,0.981442960714888,0.982835955150902,0.00139299443601404,0.0014068406780498,0.980916978587085,0.983702967459113,0.631466666666667,0.6299,0.631566666666667,0.00166666666666715,0.00186944238071579,0.628333333333333,0.631666666666667,0.640133333333333,0.638733333333333,0.643466666666667,0.00473333333333359,0.00486316464561632,0.637333333333333,0.6468,0.62077,0.61865,0.623325,0.00467499999999998,0.00468174112910996,0.61653,0.62588,0.0507538146772948,0.0416902084304682,0.058897352609898,0.0172071441794298,0.0172153415895812,0.0326266021836416,0.0670408905425012,0.827,0.82,0.82925,0.00925000000000009,0.00964797042560423,0.813,0.8315,,,,,,,,,,,,,,,,,,,,,,,,,,,,,,,,,,,,,,,,,,,,,,,,,,,,,,,,,,,,,,,,,,,,,,,,,,,,,,,,,,,,,"standard","cpu4","/Users/stefano/Documents/fastEmbedR-results/TabulaMuris/standard/cpu4/20260721_084502_1071187/benchmark_summary_median_variability.csv"
"TabulaMuris","uwot_knn","UMAP","cpu","embedding_from_precomputed_knn",4,4,100102,50,30,,"standard_R_double",,3,3,"success",42.131,41.937,42.4895,0.552500000000002,0.560603543810893,41.743,42.848,,,,,,,,,,,,,,,,,,,,,,,,,,,,,42.131,41.937,42.4895,0.552500000000002,0.560603543810893,41.743,42.848,0.937656402587891,0.937557220458984,0.937747955322266,0.00019073486328125,0.000190785719131582,0.937458038330078,0.937839508056641,,,,,,,,,,,,,,,0.983163007924465,0.98304414938459,0.984359307030855,0.00131515764626544,0.0014548536098136,0.982925290844714,0.985555606137245,0.628133333333333,0.62435,0.630383333333333,0.00603333333333311,0.00609793529113014,0.620566666666667,0.632633333333333,0.63935,0.63915,0.640366666666667,0.00121666666666653,0.00130483431614594,0.63895,0.641383333333333,0.62587,0.622675,0.62735,0.00467499999999998,0.00477870624053553,0.61948,0.62883,0.0215454640007842,0.0169781827504401,0.028006743804442,0.0110285610540018,0.0110826396868479,0.0124109015000961,0.0344680236080997,0.828,0.817,0.833,0.016,0.0163707055437449,0.806,0.838,,,,,,,,,,,,,,,,,,,,,,,,,,,,,,,,,,,,,,,,,,,,,,,,,,,,,,,,,,,,,,,,,,,,,,,,,,,,,,,,,,,,,"standard","cpu4","/Users/stefano/Documents/fastEmbedR-results/TabulaMuris/standard/cpu4/20260721_084502_1071187/benchmark_summary_median_variability.csv"
"TabulaMuris","fastEmbedR_pca_cuda","PCA","cuda","pca_only",1,,100102,50,,,"float32",,3,3,"success",1.411,1.4045,1.4305,0.0259999999999998,0.0270616579930597,1.398,1.45,,,,,,,,,,,,,,,1.411,1.4045,1.4305,0.0259999999999998,0.0270616579930597,1.398,1.45,,,,,,,,,,,,,,,0.759197235107422,0.759096145629883,0.79688835144043,0.0377922058105469,0.0435804336029946,0.758995056152344,0.834579467773438,437,437,437,0,0,437,437,437,437,437,0,0,437,437,,,,,,,,,,,,,,,,,,,,,,,,,,,,,,,,,,,,,,,,,,,,,,,,,,,,,,,,,,,,,,,,,,,,,,,,,,,,,,,,,,,,,,,,,,,,,,,,,,,,,,,,,,,,,,,,,,,,,,,,,,,,,,,"standard","cuda","/Users/stefano/Documents/fastEmbedR-results/TabulaMuris/standard/cuda/20260722_155959_1071198/benchmark_summary_median_variability.csv"
"TabulaMuris","fastEmbedR_opentsne_cuda_full","t-SNE","cuda","full_pipeline",1,,100102,50,,30,"float32",,3,3,"success",3.088,3.086,3.172,0.0859999999999994,0.098169920715733,3.084,3.256,0.00600000000000001,0.00600000000000001,0.00649999999999996,0.000499999999999946,0.000577350269189563,0.00600000000000001,0.0069999999999999,0.512,0.5095,0.5575,0.0479999999999999,0.0540401085614503,0.507,0.603,,,,,,,,,,,,,,,2.273,2.2715,2.315,0.0435000000000003,0.0493862328994631,2.27,2.357,0.817470550537109,0.817386627197266,0.818267822265625,0.000881195068359375,0.000972690455921686,0.817302703857422,0.819065093994141,927,927,927,0,0,927,927,927,927,927,0,0,927,927,0.983247091552858,0.982521547799696,0.983681799022088,0.00116025122239105,0.00117233875099177,0.981796004046535,0.984116506491317,0.641166666666667,0.637066666666667,0.642283333333334,0.00521666666666654,0.00549366638688306,0.632966666666667,0.6434,0.631933333333333,0.627133333333333,0.634933333333333,0.00780000000000003,0.00786892622916243,0.622333333333333,0.637933333333333,0.60372,0.597355,0.6043,0.00694499999999998,0.00770638912418346,0.59099,0.60488,0.0162886694000834,0.0116071474483259,0.0210828486615162,0.00947570121319031,0.009475924442403,0.00692562549656849,0.0258770279229491,0.8405,0.8365,0.8465,0.01,0.0100664459136943,0.8325,0.8525,1.66563938335067,1.66549743041114,1.66822163892303,0.00272420851188504,0.00306697532804457,1.66535547747162,1.67080389449539,,,,,,,,,,,,,,,,,,,,,,,,,,,,,,,,,,,,,,,,,,,,,,,,,,,,,,,,,,,,,,,,,,,,,,,,,,,,,,"standard","cuda","/Users/stefano/Documents/fastEmbedR-results/TabulaMuris/standard/cuda/20260722_155959_1071198/benchmark_summary_median_variability.csv"
"TabulaMuris","fastEmbedR_opentsne_cuda_knn","t-SNE","cuda","embedding_from_precomputed_knn",1,,100102,50,,30,"float32",,3,3,"success",2.533,2.531,2.5345,0.00350000000000028,0.0035118845842843,2.529,2.536,,,,,,,,,,,,,,,,,,,,,,,,,,,,,2.533,2.531,2.5345,0.00350000000000028,0.0035118845842843,2.529,2.536,0.658504486083984,0.658359527587891,0.659456253051758,0.00109672546386719,0.00119154803221946,0.658214569091797,0.660408020019531,781,781,781,0,0,781,781,781,781,781,0,0,781,781,0.981642943854325,0.981565570730063,0.982007207890744,0.000441637160681019,0.000471676633779558,0.9814881976058,0.982371471927162,0.637966666666667,0.6331,0.639733333333333,0.00663333333333349,0.00687054906426318,0.628233333333333,0.6415,0.6271,0.622166666666667,0.629425,0.00725833333333348,0.00741290791145465,0.617233333333333,0.63175,0.59748,0.592985,0.598975,0.00599000000000005,0.00623539092599655,0.58849,0.60047,-0.00440985453819105,-0.0114426289843593,-0.00314181700403336,0.00830081198032592,0.00894320282417255,-0.0184754034305275,-0.00187377946987566,0.838,0.8325,0.8425,0.01,0.0100166528008778,0.827,0.847,1.67257899010957,1.67178017608722,1.67372978161124,0.00194960552402001,0.0019601677856605,1.67098136206488,1.67488057311292,,,,,,,,,,,,,,,,,,,,,,,,,,,,,,,,,,,,,,,,,,,,,,,,,,,,,,,,,,,,,,,,,,,,,,,,,,,,,,"standard","cuda","/Users/stefano/Documents/fastEmbedR-results/TabulaMuris/standard/cuda/20260722_155959_1071198/benchmark_summary_median_variability.csv"
"TabulaMuris","fastEmbedR_umap_cuda_binary_full","UMAP","cuda","full_pipeline",1,,100102,50,30,,"float32",,3,3,"success",0.981,0.969,1.042,0.0730000000000001,0.078290058968769,0.957,1.103,0.00600000000000001,0.00600000000000001,0.00700000000000001,0.001,0.00115470053837925,0.00600000000000001,0.00800000000000001,0.53,0.5285,0.591,0.0625,0.0713185342904166,0.527,0.652,,,,,,,,,,,,,,,0.168,0.168,0.1685,5e-04,0.000577350269189626,0.168,0.169,0.771156311035156,0.771087646484375,0.771196365356445,0.000108718872070312,0.000109966547434994,0.771018981933594,0.771236419677734,799,799,799,0,0,799,799,799,799,799,0,0,799,799,0.983853296240094,0.982953793626707,0.984213159669533,0.00125936604282595,0.00129733302564938,0.98205429101332,0.984573023098972,0.635433333333333,0.6315,0.637416666666667,0.00591666666666657,0.00602282694790754,0.627566666666667,0.6394,0.649883333333333,0.648575,0.653883333333333,0.00530833333333303,0.00553113242708247,0.647266666666667,0.657883333333333,0.6406,0.639015,0.641105,0.00209000000000004,0.00218103186588364,0.63743,0.64161,-0.000309037303987841,-0.0211120003574842,0.0311220413345921,0.0522340416920763,0.0525932257214387,-0.0419149634109806,0.062553119973172,0.8255,0.81825,0.83175,0.0135,0.0135123400391395,0.811,0.838,,,,,,,,,,,,,,,,,,,,,,,,,,,,,,,,,,,,,,,,,,,,,,,,,,,,,,,,,,,,,,,,,,,,,,,,,,,,,,,,,,,,,"standard","cuda","/Users/stefano/Documents/fastEmbedR-results/TabulaMuris/standard/cuda/20260722_155959_1071198/benchmark_summary_median_variability.csv"
"TabulaMuris","fastEmbedR_umap_cuda_binary_knn","UMAP","cuda","embedding_from_precomputed_knn",1,,100102,50,30,,"float32",,3,3,"success",1.833,1.8235,1.944,0.1205,0.133993780950212,1.814,2.055,,,,,,,,,,,,,,,,,,,,,,,,,,,,,1.833,1.8235,1.944,0.1205,0.133993780950212,1.814,2.055,0.798328399658203,0.794971466064453,0.798351287841797,0.00337982177734375,0.0038895348709413,0.791614532470703,0.798374176025391,511,511,511,0,0,511,511,511,511,511,0,0,511,511,0.984043955488113,0.983964078570224,0.986788694992413,0.00282461642218856,0.00321646111961277,0.983884201652335,0.989533434496712,0.604966666666667,0.600216666666667,0.606383333333333,0.00616666666666643,0.00645999082673339,0.595466666666667,0.6078,0.642633333333333,0.641633333333333,0.647308333333333,0.00567499999999987,0.00605867147153566,0.640633333333333,0.651983333333333,0.63824,0.63516,0.640945,0.00578500000000015,0.00578905000842111,0.63208,0.64365,0.00694396482565093,0.00365846876520993,0.0115794593882158,0.00792099062300589,0.00795924563646954,0.000372972704768932,0.0162149539507807,0.8145,0.81225,0.82375,0.0115,0.0121894763354843,0.81,0.833,,,,,,,,,,,,,,,,,,,,,,,,,,,,,,,,,,,,,,,,,,,,,,,,,,,,,,,,,,,,,,,,,,,,,,,,,,,,,,,,,,,,,"standard","cuda","/Users/stefano/Documents/fastEmbedR-results/TabulaMuris/standard/cuda/20260722_155959_1071198/benchmark_summary_median_variability.csv"
"TabulaMuris","fastEmbedR_umap_cuda_fuzzy_full","UMAP","cuda","full_pipeline",1,,100102,50,30,,"float32",,3,3,"success",0.891,0.8695,0.9395,0.0700000000000001,0.071714712576988,0.848,0.988,0.0069999999999999,0.00649999999999996,0.0089999999999999,0.00249999999999994,0.00264575131106455,0.00600000000000001,0.0109999999999999,0.529,0.5155,0.5795,0.0639999999999999,0.0674709814167049,0.502,0.63,,,,,,,,,,,,,,,0.073,0.0704999999999999,0.0735,0.00300000000000014,0.00321455025366447,0.0679999999999998,0.0740000000000001,0.771785736083984,0.77142333984375,0.790922164916992,0.0194988250732422,0.0223090178889256,0.771060943603516,0.81005859375,641,636,642,6,6.42910050732864,631,643,641,636,642,6,6.42910050732864,631,643,0.96363631765301,0.960987194402293,0.965971016691958,0.00498382228966454,0.00498712731038008,0.958338071151576,0.968305715730905,0.616533333333333,0.61425,0.61805,0.00380000000000003,0.0038256928687397,0.611966666666667,0.619566666666667,0.603483333333333,0.602216666666667,0.614075,0.0118583333333335,0.0130232591073734,0.60095,0.624666666666667,0.57191,0.565565,0.583325,0.01776,0.0179996083290721,0.55922,0.59474,-0.0593576130411034,-0.0951324741807332,-0.0546163107777259,0.0405161634030073,0.0443010920377944,-0.130907335320363,-0.0498750085143484,0.8135,0.813,0.8155,0.00250000000000006,0.00264575131106459,0.8125,0.8175,,,,,,,,,,,,,,,,,,,,,,,,,,,,,,,,,,,,,,,,,,,,,,,,,,,,,,,,,,,,,,,,,,,,,,,,,,,,,,,,,,,,,"standard","cuda","/Users/stefano/Documents/fastEmbedR-results/TabulaMuris/standard/cuda/20260722_155959_1071198/benchmark_summary_median_variability.csv"
"TabulaMuris","fastEmbedR_umap_cuda_fuzzy_knn","UMAP","cuda","embedding_from_precomputed_knn",1,,100102,50,30,,"float32",,3,3,"success",2.63,2.627,2.6385,0.0114999999999998,0.0119303534454487,2.624,2.647,,,,,,,,,,,,,,,,,,,,,,,,,,,,,2.63,2.627,2.6385,0.0114999999999998,0.0119303534454487,2.624,2.647,0.820705413818359,0.820669174194336,0.820783615112305,0.00011444091796875,0.000116977138591582,0.820632934570312,0.82086181640625,437,437,473,36,41.5692193816531,437,509,437,437,473,36,41.5692193816531,437,509,0.972703119204181,0.971809475636486,0.973148297083122,0.00133882144663655,0.00136362874614159,0.970915832068791,0.973593474962064,0.616633333333333,0.611316666666667,0.61735,0.00603333333333356,0.00659199851672049,0.606,0.618066666666667,0.618566666666667,0.613741666666667,0.621108333333334,0.00736666666666652,0.0074836921468047,0.608916666666667,0.62365,0.5942,0.58615,0.59513,0.00897999999999999,0.00987615984749811,0.5781,0.59606,-0.0923473968076605,-0.093373620780553,-0.0532373836103857,0.0401362371701673,0.0457643514984714,-0.0943998447534455,-0.0141273704131109,0.807,0.80375,0.815,0.01125,0.0115794357951211,0.8005,0.823,,,,,,,,,,,,,,,,,,,,,,,,,,,,,,,,,,,,,,,,,,,,,,,,,,,,,,,,,,,,,,,,,,,,,,,,,,,,,,,,,,,,,"standard","cuda","/Users/stefano/Documents/fastEmbedR-results/TabulaMuris/standard/cuda/20260722_155959_1071198/benchmark_summary_median_variability.csv"
"USPS","fastEmbedR_pca_cpu","PCA","cpu","pca_only",1,1,11000,256,,,"float32",,3,3,"success",0.982,0.9675,0.982,0.0145,0.0167431578064992,0.953,0.982,,,,,,,,,,,,,,,0.982,0.9675,0.982,0.0145,0.0167431578064992,0.953,0.982,,,,,,,,,,,,,,,0.542858123779297,0.542760848999023,0.542867660522461,0.0001068115234375,0.000118214589867925,0.54266357421875,0.542877197265625,,,,,,,,,,,,,,,,,,,,,,,,,,,,,,,,,,,,,,,,,,,,,,,,,,,,,,,,,,,,,,,,,,,,,,,,,,,,,,,,,,,,,,,,,,,,,,,,,,,,,,,,,,,,,,,,,,,,,,,,,,,,,,,,,,,,,,,,,,,,,"standard","cpu1","/Users/stefano/Documents/fastEmbedR-results/USPS/standard/cpu1/20260721_084502_1071177/benchmark_summary_median_variability.csv"
"USPS","irlba_pca","PCA","cpu","pca_only",1,1,11000,256,,,"standard_R_double",,3,3,"success",0.762,0.7605,0.7735,0.0130000000000001,0.0142243921955679,0.759,0.785,,,,,,,,,,,,,,,0.762,0.7605,0.7735,0.0130000000000001,0.0142243921955679,0.759,0.785,,,,,,,,,,,,,,,0.226951599121094,0.226781845092773,0.228063583374023,0.00128173828125,0.00139240282258554,0.226612091064453,0.229175567626953,,,,,,,,,,,,,,,,,,,,,,,,,,,,,,,,,,,,,,,,,,,,,,,,,,,,,,,,,,,,,,,,,,,,,,,,,,,,,,,,,,,,,,,,,,,,,,,,,,,,,,,,,,,,,,,,,,,,,,,,,,,,,,,,,,,,,,,,,,,,,"standard","cpu1","/Users/stefano/Documents/fastEmbedR-results/USPS/standard/cpu1/20260721_084502_1071177/benchmark_summary_median_variability.csv"
"USPS","fastEmbedR_opentsne_cpu_full","t-SNE","cpu","full_pipeline",1,1,11000,256,,30,"float32",,3,3,"success",18.895,18.8655,19.5405,0.675000000000004,0.762961554295716,18.836,20.186,0.003,0.003,0.003,0,0,0.003,0.003,3.378,3.357,3.4625,0.1055,0.111688555068697,3.336,3.547,,,,,,,,,,,,,,,14.347,14.294,14.847,0.552999999999999,0.61025568411937,14.241,15.347,0.578960418701172,0.564306259155273,0.579109191894531,0.0148029327392578,0.0170077108618944,0.549652099609375,0.579257965087891,,,,,,,,,,,,,,,0.950708611790274,0.94955651181744,0.952462526487368,0.00290601466992702,0.00292671287441669,0.948404411844607,0.954216441184461,0.45184,0.447013333333333,0.458053333333334,0.01104,0.0110689903852225,0.442186666666667,0.464266666666667,0.455226666666667,0.453906666666667,0.46592,0.012013333333333,0.0131759871371001,0.452586666666667,0.476613333333333,0.462336,0.45972,0.473496,0.013776,0.0146325489235471,0.457104,0.484656,0.176671425734639,0.176069459457674,0.184415620792035,0.0083461613343615,0.00930925451740716,0.175467493180709,0.192159815849432,0.7384,0.7324,0.7412,0.00880000000000003,0.00899184816004656,0.7264,0.744,2.07451446520661,2.0694612368889,2.07454237304843,0.0050811361595251,0.00585114461452479,2.0644080085712,2.07457028089025,,,,,,,,,,,,,,,,,,,,,,,,,,,,,,,,,,,,,,,,,,,,,,,,,,,,,,,,,,,,,,,,,,,,,,,,,,,,,,"standard","cpu1","/Users/stefano/Documents/fastEmbedR-results/USPS/standard/cpu1/20260721_084502_1071177/benchmark_summary_median_variability.csv"
"USPS","fastEmbedR_opentsne_cpu_knn","t-SNE","cpu","embedding_from_precomputed_knn",1,1,11000,256,,30,"float32",,3,3,"success",14.858,14.8355,14.8825,0.0470000000000006,0.0470141822574136,14.813,14.907,,,,,,,,,,,,,,,,,,,,,,,,,,,,,14.858,14.8355,14.8825,0.0470000000000006,0.0470141822574136,14.813,14.907,0.442104339599609,0.439266204833984,0.442243576049805,0.00297737121582031,0.00336046971852722,0.436428070068359,0.4423828125,,,,,,,,,,,,,,,0.950384395544689,0.949203499049172,0.951737006248302,0.00253350719913037,0.00253544617726347,0.948022602553654,0.953089616951915,0.452,0.449786666666667,0.456906666666667,0.00712000000000002,0.00728782648083874,0.447573333333333,0.461813333333333,0.45504,0.454813333333334,0.46828,0.0134666666666665,0.0154207671423719,0.454586666666667,0.48152,0.463808,0.461288,0.477504,0.016216,0.0174525923957827,0.458768,0.4912,0.178571038041713,0.177725705490082,0.186076794953755,0.00835108946367202,0.00919389903416965,0.176880372938452,0.193582551865796,0.7488,0.7368,0.7496,0.0128,0.014340618303732,0.7248,0.7504,2.06679599056111,2.06679599056111,2.06679599056111,0,0,2.06679599056111,2.06679599056111,,,,,,,,,,,,,,,,,,,,,,,,,,,,,,,,,,,,,,,,,,,,,,,,,,,,,,,,,,,,,,,,,,,,,,,,,,,,,,"standard","cpu1","/Users/stefano/Documents/fastEmbedR-results/USPS/standard/cpu1/20260721_084502_1071177/benchmark_summary_median_variability.csv"
"USPS","KlugerLab_FItSNE","t-SNE","cpu","full_pipeline",1,1,11000,256,,30,"standard_R_double",,3,3,"success",25.908,25.6135,26.2195,0.605999999999998,0.606079477736487,25.319,26.531,,,,,,,,,,,,,,,,,,,,,,,,,,,,,,,,,,,,0.536552429199219,0.534076690673828,0.540634155273438,0.00655746459960938,0.00662269386107047,0.531600952148438,0.544715881347656,,,,,,,,,,,,,,,0.944597098614507,0.943087095897854,0.947454430861179,0.00436733496332498,0.0044360696157787,0.941577093181201,0.950311763107851,0.438613333333333,0.437626666666666,0.446533333333333,0.00890666666666651,0.00976485610824924,0.43664,0.454453333333333,0.458266666666667,0.457946666666667,0.470706666666667,0.01276,0.0145527454454477,0.457626666666667,0.483146666666667,0.467344,0.46712,0.481104,0.013984,0.0160195720292398,0.466896,0.494864,0.159852224685857,0.150368826788339,0.166799781321049,0.0164309545327095,0.0164960529771581,0.140885428890821,0.17374733795624,0.7344,0.7304,0.7372,0.00680000000000003,0.006835202996254,0.7264,0.74,2.10868683180583,2.10843475456706,2.10883905692397,0.000404302356914688,0.000408391818973792,2.10818267732829,2.10899128204212,,,,,,,,,,,,,,,,,,,,,,,,,,,,,,,,,,,,,,,,,,,,,,,,,,,,,,,,,,,,,,,,,,,,,,,,,,,,,,"standard","cpu1","/Users/stefano/Documents/fastEmbedR-results/USPS/standard/cpu1/20260721_084502_1071177/benchmark_summary_median_variability.csv"
"USPS","Rtsne_full","t-SNE","cpu","full_pipeline",1,1,11000,256,,30,"standard_R_double",,3,3,"success",21.464,21.2695,21.528,0.258499999999998,0.26925638339694,21.075,21.592,,,,,,,,,,,,,,,,,,,,,,,,,,,,,,,,,,,,0.481033325195312,0.48094367980957,0.495925903320312,0.0149822235107422,0.017248457724876,0.480854034423828,0.510818481445312,,,,,,,,,,,,,,,0.942396957348547,0.941719271936974,0.945504243412117,0.00378497147514256,0.00403654086775254,0.941041586525401,0.948611529475686,0.444373333333333,0.442746666666667,0.44864,0.00589333333333353,0.00608724714282085,0.44112,0.452906666666667,0.456266666666667,0.454613333333333,0.46664,0.0120266666666665,0.0130379003081186,0.45296,0.477013333333333,0.463088,0.460376,0.476944,0.016568,0.0177734315576181,0.457664,0.4908,0.176171937855646,0.162563200272043,0.180849932097267,0.018286731825224,0.0189997531491275,0.14895446268844,0.185527926338888,0.7448,0.744,0.75,0.00600000000000001,0.00651562225219766,0.7432,0.7552,2.01568173008781,2.01349700293489,2.02249308315342,0.00899608021853027,0.00938427843489057,2.01131227578197,2.02930443621903,,,,,,,,,,,,,,,,,,,,,,,,,,,,,,,,,,,,,,,,,,,,,,,,,,,,,,,,,,,,,,,,,,,,,,,,,,,,,,"standard","cpu1","/Users/stefano/Documents/fastEmbedR-results/USPS/standard/cpu1/20260721_084502_1071177/benchmark_summary_median_variability.csv"
"USPS","Rtsne_neighbors","t-SNE","cpu","embedding_from_precomputed_knn",1,1,11000,256,,30,"standard_R_double",,3,3,"success",19.518,19.2525,19.597,0.344500000000004,0.360935358940259,18.987,19.676,,,,,,,,,,,,,,,,,,,,,,,,,,,,,19.518,19.2525,19.597,0.344500000000004,0.360935358940259,18.987,19.676,0.441543579101562,0.441530227661133,0.455188751220703,0.0136585235595703,0.0157638017040998,0.441516876220703,0.468833923339844,,,,,,,,,,,,,,,0.940331301276827,0.94021322466721,0.942311502309155,0.00209827764194515,0.00235766936851602,0.940095148057593,0.944291703341483,0.44544,0.44288,0.449386666666666,0.00650666666666649,0.00655573483747298,0.44032,0.453333333333333,0.455146666666667,0.453693333333334,0.466,0.0123066666666665,0.0134501813288064,0.45224,0.476853333333333,0.45848,0.457112,0.471856,0.014744,0.016292622788653,0.455744,0.485232,0.101747240221987,0.0934969239239345,0.105704250151674,0.0122073262277396,0.0124564430512088,0.0852466076258819,0.109661260081361,0.732,0.7316,0.7324,0.000799999999999912,0.000800000000000023,0.7312,0.7328,2.05453174053227,2.05453174053227,2.05453174053227,0,0,2.05453174053227,2.05453174053227,,,,,,,,,,,,,,,,,,,,,,,,,,,,,,,,,,,,,,,,,,,,,,,,,,,,,,,,,,,,,,,,,,,,,,,,,,,,,,"standard","cpu1","/Users/stefano/Documents/fastEmbedR-results/USPS/standard/cpu1/20260721_084502_1071177/benchmark_summary_median_variability.csv"
"USPS","fastEmbedR_umap_cpu_binary_full","UMAP","cpu","full_pipeline",1,1,11000,256,30,,"float32",,3,3,"success",19.574,19.528,19.5745,0.0465000000000018,0.053407240457951,19.482,19.575,0.004,0.0035,0.004,5e-04,0.000577350269189626,0.003,0.004,3.49,3.4825,3.494,0.0115000000000003,0.0116761865920914,3.475,3.498,,,,,,,,,,,,,,,15.792,15.7545,15.8085,0.0539999999999985,0.0553443764080862,15.717,15.825,0.429183959960938,0.42793083190918,0.429607391357422,0.00167655944824219,0.00174365050877389,0.426677703857422,0.430030822753906,,,,,,,,,,,,,,,0.941262743819614,0.939854256995381,0.944460353164901,0.00460609616951901,0.00472049874356211,0.938445770171149,0.947657962510187,0.424266666666667,0.42176,0.43,0.00823999999999997,0.00844796184054223,0.419253333333333,0.435733333333333,0.459146666666667,0.458133333333334,0.471546666666667,0.0134133333333335,0.0149377453799775,0.45712,0.483946666666667,0.47856,0.477216,0.49152,0.014304,0.0157981507778601,0.475872,0.50448,0.219755777187125,0.21856476695407,0.231386458656168,0.0128216917020985,0.0141677341146057,0.217373756721014,0.243017140125211,0.7144,0.7076,0.7228,0.0152,0.0152280443042872,0.7008,0.7312,,,,,,,,,,,,,,,,,,,,,,,,,,,,,,,,,,,,,,,,,,,,,,,,,,,,,,,,,,,,,,,,,,,,,,,,,,,,,,,,,,,,,"standard","cpu1","/Users/stefano/Documents/fastEmbedR-results/USPS/standard/cpu1/20260721_084502_1071177/benchmark_summary_median_variability.csv"
"USPS","fastEmbedR_umap_cpu_binary_knn","UMAP","cpu","embedding_from_precomputed_knn",1,1,11000,256,30,,"float32",,3,3,"success",15.764,15.585,15.9095,0.324499999999999,0.32507588857578,15.406,16.055,,,,,,,,,,,,,,,,,,,,,,,,,,,,,15.764,15.585,15.9095,0.324499999999999,0.32507588857578,15.406,16.055,0.429615020751953,0.429588317871094,0.429641723632812,5.340576171875e-05,5.340576171875e-05,0.429561614990234,0.429668426513672,,,,,,,,,,,,,,,0.941262743819614,0.939854256995381,0.944460353164901,0.00460609616951901,0.00472049874356211,0.938445770171149,0.947657962510187,0.424266666666667,0.42176,0.43,0.00823999999999997,0.00844796184054223,0.419253333333333,0.435733333333333,0.459146666666667,0.458133333333334,0.471546666666667,0.0134133333333335,0.0149377453799775,0.45712,0.483946666666667,0.47856,0.477216,0.49152,0.014304,0.0157981507778601,0.475872,0.50448,0.219755777187125,0.21856476695407,0.231386458656168,0.0128216917020985,0.0141677341146057,0.217373756721014,0.243017140125211,0.7144,0.7076,0.7228,0.0152,0.0152280443042872,0.7008,0.7312,,,,,,,,,,,,,,,,,,,,,,,,,,,,,,,,,,,,,,,,,,,,,,,,,,,,,,,,,,,,,,,,,,,,,,,,,,,,,,,,,,,,,"standard","cpu1","/Users/stefano/Documents/fastEmbedR-results/USPS/standard/cpu1/20260721_084502_1071177/benchmark_summary_median_variability.csv"
"USPS","fastEmbedR_umap_cpu_fuzzy_full","UMAP","cpu","full_pipeline",1,1,11000,256,30,,"float32",,3,3,"success",6.797,6.765,6.821,0.056,0.056190153348548,6.733,6.845,0.004,0.0035,0.004,5e-04,0.000577350269189626,0.003,0.004,3.47,3.47,3.4815,0.0114999999999998,0.0132790561913612,3.47,3.493,,,,,,,,,,,,,,,3.031,3.0135,3.063,0.0495000000000001,0.0502029215617313,2.996,3.095,0.430034637451172,0.429925918579102,0.430196762084961,0.000270843505859375,0.00027259297458748,0.429817199707031,0.43035888671875,,,,,,,,,,,,,,,0.892563672914969,0.890454745992937,0.897513175767454,0.00705842977451743,0.00724645118344276,0.888345819070905,0.90246267861994,0.36064,0.358586666666666,0.365333333333334,0.00674666666666701,0.00691669799189727,0.356533333333333,0.370026666666667,0.37856,0.37736,0.387533333333334,0.0101733333333335,0.01111927522285,0.37616,0.396506666666667,0.385232,0.383592,0.396368,0.012776,0.0139026681372078,0.381952,0.407504,0.131126284397801,0.107220459441032,0.146003587590064,0.038783128149032,0.0391318595363798,0.0833146344842629,0.160880890782327,0.7152,0.7116,0.7196,0.00800000000000001,0.00801332224070226,0.708,0.724,,,,,,,,,,,,,,,,,,,,,,,,,,,,,,,,,,,,,,,,,,,,,,,,,,,,,,,,,,,,,,,,,,,,,,,,,,,,,,,,,,,,,"standard","cpu1","/Users/stefano/Documents/fastEmbedR-results/USPS/standard/cpu1/20260721_084502_1071177/benchmark_summary_median_variability.csv"
"USPS","fastEmbedR_umap_cpu_fuzzy_knn","UMAP","cpu","embedding_from_precomputed_knn",1,1,11000,256,30,,"float32",,3,3,"success",3.083,3.066,3.1235,0.0575000000000001,0.0590790430976446,3.049,3.164,,,,,,,,,,,,,,,,,,,,,,,,,,,,,3.083,3.066,3.1235,0.0575000000000001,0.0590790430976446,3.049,3.164,0.428657531738281,0.428468704223633,0.428674697875977,0.00020599365234375,0.000228595554604777,0.428279876708984,0.428691864013672,,,,,,,,,,,,,,,0.892563672914969,0.890454745992937,0.897513175767454,0.00705842977451743,0.00724645118344276,0.888345819070905,0.90246267861994,0.36064,0.358586666666666,0.365333333333334,0.00674666666666701,0.00691669799189727,0.356533333333333,0.370026666666667,0.37856,0.37736,0.387533333333334,0.0101733333333335,0.01111927522285,0.37616,0.396506666666667,0.385232,0.383592,0.396368,0.012776,0.0139026681372078,0.381952,0.407504,0.131126284397801,0.107220459441032,0.146003587590064,0.038783128149032,0.0391318595363798,0.0833146344842629,0.160880890782327,0.7152,0.7116,0.7196,0.00800000000000001,0.00801332224070226,0.708,0.724,,,,,,,,,,,,,,,,,,,,,,,,,,,,,,,,,,,,,,,,,,,,,,,,,,,,,,,,,,,,,,,,,,,,,,,,,,,,,,,,,,,,,"standard","cpu1","/Users/stefano/Documents/fastEmbedR-results/USPS/standard/cpu1/20260721_084502_1071177/benchmark_summary_median_variability.csv"
"USPS","umap_package","UMAP","cpu","full_pipeline",1,1,11000,256,30,,"standard_R_double",,3,3,"success",91.285,90.4735,94.333,3.8595,4.06977284378379,89.662,97.381,,,,,,,,,,,,,,,,,,,,,,,,,,,,,,,,,,,,1.34708786010742,1.28457641601562,1.37288856506348,0.0883121490478516,0.0908199415991928,1.22206497192383,1.39868927001953,,,,,,,,,,,,,,,0.896608834555827,0.895195935886987,0.898285813637598,0.00308987775061143,0.00309363712619228,0.893783037218147,0.89996279271937,0.364,0.363386666666667,0.368773333333334,0.00538666666666698,0.00589785648444542,0.362773333333333,0.373546666666667,0.383013333333333,0.3828,0.39136,0.00855999999999996,0.0097633995293839,0.382586666666667,0.399706666666667,0.39112,0.390104,0.39976,0.009656,0.0106119489884438,0.389088,0.4084,0.103790220162992,0.0955470458526075,0.119404073968819,0.023857028116212,0.0242335874895274,0.0873038715422229,0.135017927774647,0.7336,0.728,0.7372,0.0092000000000001,0.00927218061371396,0.7224,0.7408,,,,,,,,,,,,,,,,,,,,,,,,,,,,,,,,,,,,,,,,,,,,,,,,,,,,,,,,,,,,,,,,,,,,,,,,,,,,,,,,,,,,,"standard","cpu1","/Users/stefano/Documents/fastEmbedR-results/USPS/standard/cpu1/20260721_084502_1071177/benchmark_summary_median_variability.csv"
"USPS","umap_package_knn","UMAP","cpu","embedding_from_precomputed_knn",1,1,11000,256,30,,"standard_R_double",,3,3,"success",34.985,34.898,35.026,0.128,0.130726176924644,34.811,35.067,,,,,,,,,,,,,,,,,,,,,,,,,,,,,34.985,34.898,35.026,0.128,0.130726176924644,34.811,35.067,0.745758056640625,0.738563537597656,0.745935440063477,0.00737190246582031,0.00841179786981396,0.731369018554688,0.746112823486328,,,,,,,,,,,,,,,0.939029828850856,0.938776441184461,0.942612855202391,0.00383641401792989,0.00429110363909995,0.938523053518066,0.946195881553926,0.420106666666667,0.416266666666667,0.427253333333333,0.0109866666666665,0.0111513015350641,0.412426666666667,0.4344,0.449146666666667,0.446746666666667,0.460626666666667,0.01388,0.0148369987980499,0.444346666666667,0.472106666666667,0.464384,0.461392,0.477936,0.016544,0.0176316515392064,0.4584,0.491488,0.202102117892971,0.195166220876017,0.215255114081287,0.0200888932052695,0.0204070511731012,0.188230323859063,0.228408110269602,0.7344,0.7304,0.738,0.00759999999999994,0.00760350796233773,0.7264,0.7416,,,,,,,,,,,,,,,,,,,,,,,,,,,,,,,,,,,,,,,,,,,,,,,,,,,,,,,,,,,,,,,,,,,,,,,,,,,,,,,,,,,,,"standard","cpu1","/Users/stefano/Documents/fastEmbedR-results/USPS/standard/cpu1/20260721_084502_1071177/benchmark_summary_median_variability.csv"
"USPS","uwot_default","UMAP","cpu","full_pipeline",1,1,11000,256,30,,"standard_R_double",,3,3,"success",11.758,11.7155,11.773,0.057500000000001,0.0596517672272442,11.673,11.788,,,,,,,,,,,,,,,,,,,,,,,,,,,,,,,,,,,,0.578666687011719,0.57862663269043,0.57867431640625,4.76837158203125e-05,5.12269009360852e-05,0.578586578369141,0.578681945800781,,,,,,,,,,,,,,,0.889979027438196,0.88820633523499,0.89450416734583,0.00629783211083956,0.00649522994857449,0.886433643031785,0.899029307253464,0.35888,0.357226666666666,0.363173333333333,0.00594666666666699,0.00613889602815102,0.355573333333333,0.367466666666667,0.37752,0.375093333333334,0.38664,0.0115466666666665,0.0121761685879212,0.372666666666667,0.39576,0.387936,0.382608,0.397168,0.01456,0.0147334315532171,0.37728,0.4064,0.121888784831545,0.119190894913489,0.138421904640105,0.0192310097266155,0.0208239348782329,0.116493004995434,0.154955024448665,0.728,0.7176,0.7284,0.0107999999999999,0.0122463600034187,0.7072,0.7288,,,,,,,,,,,,,,,,,,,,,,,,,,,,,,,,,,,,,,,,,,,,,,,,,,,,,,,,,,,,,,,,,,,,,,,,,,,,,,,,,,,,,"standard","cpu1","/Users/stefano/Documents/fastEmbedR-results/USPS/standard/cpu1/20260721_084502_1071177/benchmark_summary_median_variability.csv"
"USPS","uwot_fast_sgd","UMAP","cpu","full_pipeline",1,1,11000,256,30,,"standard_R_double",,3,3,"success",11.056,11.0245,11.086,0.0614999999999988,0.0615060972587268,10.993,11.116,,,,,,,,,,,,,,,,,,,,,,,,,,,,,,,,,,,,0.578548431396484,0.578348159790039,0.578578948974609,0.000230789184570312,0.000250737162034179,0.578147888183594,0.578609466552734,,,,,,,,,,,,,,,0.892375550122249,0.890059983700082,0.897483292583537,0.00742330888345544,0.00759633225907973,0.887744417277914,0.902591035044825,0.356053333333333,0.352533333333333,0.363173333333333,0.01064,0.0108411069545503,0.349013333333333,0.370293333333333,0.375386666666667,0.372213333333334,0.385893333333333,0.01368,0.0143202069093266,0.36904,0.3964,0.382048,0.379744,0.394704,0.01496,0.0161097145019188,0.37744,0.40736,0.128804899591895,0.126478230097055,0.135480920646877,0.009002690549822,0.00934633921920349,0.124151560602214,0.142156941701858,0.7232,0.7228,0.7244,0.00159999999999993,0.00166533279957291,0.7224,0.7256,,,,,,,,,,,,,,,,,,,,,,,,,,,,,,,,,,,,,,,,,,,,,,,,,,,,,,,,,,,,,,,,,,,,,,,,,,,,,,,,,,,,,"standard","cpu1","/Users/stefano/Documents/fastEmbedR-results/USPS/standard/cpu1/20260721_084502_1071177/benchmark_summary_median_variability.csv"
"USPS","uwot_knn","UMAP","cpu","embedding_from_precomputed_knn",1,1,11000,256,30,,"standard_R_double",,3,3,"success",5.518,5.432,5.555,0.122999999999999,0.126211462765207,5.346,5.592,,,,,,,,,,,,,,,,,,,,,,,,,,,,,5.518,5.432,5.555,0.122999999999999,0.126211462765207,5.346,5.592,0.556777954101562,0.552497863769531,0.55682373046875,0.00432586669921875,0.00496886247381632,0.5482177734375,0.556869506835938,,,,,,,,,,,,,,,0.896787742461288,0.890549850584081,0.897734159195871,0.00718430861179042,0.00780688968952758,0.884311958706873,0.898680575930454,0.352746666666667,0.351893333333334,0.361706666666667,0.00981333333333345,0.0108723284500574,0.35104,0.370666666666667,0.373173333333333,0.370266666666667,0.384106666666666,0.01384,0.0145952523990712,0.36736,0.39504,0.38152,0.378512,0.393176,0.014664,0.0154907132609617,0.375504,0.404832,0.116953250283975,0.115978426003784,0.118667869806643,0.00268944380285902,0.00272314896807609,0.115003601723593,0.120382489329311,0.728,0.7108,0.7312,0.0204000000000001,0.0219429563489821,0.6936,0.7344,,,,,,,,,,,,,,,,,,,,,,,,,,,,,,,,,,,,,,,,,,,,,,,,,,,,,,,,,,,,,,,,,,,,,,,,,,,,,,,,,,,,,"standard","cpu1","/Users/stefano/Documents/fastEmbedR-results/USPS/standard/cpu1/20260721_084502_1071177/benchmark_summary_median_variability.csv"
"USPS","fastEmbedR_pca_cpu","PCA","cpu","pca_only",4,4,11000,256,,,"float32",,3,3,"success",1.002,0.971,1.003,0.0320000000000001,0.0363868107973205,0.94,1.004,,,,,,,,,,,,,,,1.002,0.971,1.003,0.0320000000000001,0.0363868107973205,0.94,1.004,,,,,,,,,,,,,,,0.603939056396484,0.58506965637207,0.609825134277344,0.0247554779052734,0.0258654706306739,0.566200256347656,0.615711212158203,,,,,,,,,,,,,,,,,,,,,,,,,,,,,,,,,,,,,,,,,,,,,,,,,,,,,,,,,,,,,,,,,,,,,,,,,,,,,,,,,,,,,,,,,,,,,,,,,,,,,,,,,,,,,,,,,,,,,,,,,,,,,,,,,,,,,,,,,,,,,"standard","cpu4","/Users/stefano/Documents/fastEmbedR-results/USPS/standard/cpu4/20260721_084502_1071188/benchmark_summary_median_variability.csv"
"USPS","irlba_pca","PCA","cpu","pca_only",4,4,11000,256,,,"standard_R_double",,3,3,"success",0.81,0.789,0.821,0.0319999999999999,0.0325166623953525,0.768,0.832,,,,,,,,,,,,,,,0.81,0.789,0.821,0.0319999999999999,0.0325166623953525,0.768,0.832,,,,,,,,,,,,,,,0.233287811279297,0.233169555664062,0.233379364013672,0.000209808349609375,0.000210374011816748,0.233051300048828,0.233470916748047,,,,,,,,,,,,,,,,,,,,,,,,,,,,,,,,,,,,,,,,,,,,,,,,,,,,,,,,,,,,,,,,,,,,,,,,,,,,,,,,,,,,,,,,,,,,,,,,,,,,,,,,,,,,,,,,,,,,,,,,,,,,,,,,,,,,,,,,,,,,,"standard","cpu4","/Users/stefano/Documents/fastEmbedR-results/USPS/standard/cpu4/20260721_084502_1071188/benchmark_summary_median_variability.csv"
"USPS","fastEmbedR_opentsne_cpu_full","t-SNE","cpu","full_pipeline",4,4,11000,256,,30,"float32",,3,3,"success",12.508,12.478,12.8965,0.4185,0.466886495842405,12.448,13.285,0.003,0.0025,0.003,5e-04,0.000577350269189626,0.002,0.003,3.172,3.1655,3.173,0.00750000000000028,0.0081445278152472,3.159,3.174,,,,,,,,,,,,,,,8.08,8.0305,8.474,0.4435,0.486057952648996,7.981,8.868,0.563934326171875,0.562959671020508,0.569147109985352,0.00618743896484375,0.0066536941465523,0.561985015869141,0.574359893798828,,,,,,,,,,,,,,,0.948599271936974,0.948457353979897,0.951374995925021,0.00291764194512345,0.00329012855719466,0.94831543602282,0.954150719913067,0.4528,0.448586666666666,0.459066666666667,0.01048,0.0105468380376581,0.444373333333333,0.465333333333333,0.453973333333333,0.452853333333333,0.469813333333333,0.01696,0.0189701801080889,0.451733333333333,0.485653333333333,0.460848,0.458656,0.474928,0.0162720000000001,0.0176602991292145,0.456464,0.489008,0.176601760733508,0.175246405388299,0.183210953233129,0.0079645478448305,0.00852261446511315,0.17389105004309,0.189820145732751,0.74,0.734,0.7412,0.00719999999999998,0.00771492060879435,0.728,0.7424,2.0623228393979,2.06112656919284,2.0665558733224,0.00542930412956455,0.00570537652516381,2.05993029898778,2.07078890724691,,,,,,,,,,,,,,,,,,,,,,,,,,,,,,,,,,,,,,,,,,,,,,,,,,,,,,,,,,,,,,,,,,,,,,,,,,,,,,"standard","cpu4","/Users/stefano/Documents/fastEmbedR-results/USPS/standard/cpu4/20260721_084502_1071188/benchmark_summary_median_variability.csv"
"USPS","fastEmbedR_opentsne_cpu_knn","t-SNE","cpu","embedding_from_precomputed_knn",4,4,11000,256,,30,"float32",,3,3,"success",7.677,7.5885,7.899,0.3105,0.31992342833872,7.5,8.121,,,,,,,,,,,,,,,,,,,,,,,,,,,,,7.677,7.5885,7.899,0.3105,0.31992342833872,7.5,8.121,0.530963897705078,0.486520767211914,0.532920837402344,0.0464000701904297,0.0524848420955228,0.44207763671875,0.534877777099609,,,,,,,,,,,,,,,0.950384395544689,0.949203499049172,0.951737006248302,0.00253350719913037,0.00253544617726347,0.948022602553654,0.953089616951915,0.452,0.449786666666667,0.456906666666667,0.00712000000000002,0.00728782648083874,0.447573333333333,0.461813333333333,0.45504,0.454813333333334,0.46828,0.0134666666666665,0.0154207671423719,0.454586666666667,0.48152,0.463808,0.461288,0.477504,0.016216,0.0174525923957827,0.458768,0.4912,0.178571038041713,0.177725705490082,0.186076794953755,0.00835108946367202,0.00919389903416965,0.176880372938452,0.193582551865796,0.7488,0.7368,0.7496,0.0128,0.014340618303732,0.7248,0.7504,2.06679599056111,2.06679599056111,2.06679599056111,0,0,2.06679599056111,2.06679599056111,,,,,,,,,,,,,,,,,,,,,,,,,,,,,,,,,,,,,,,,,,,,,,,,,,,,,,,,,,,,,,,,,,,,,,,,,,,,,,"standard","cpu4","/Users/stefano/Documents/fastEmbedR-results/USPS/standard/cpu4/20260721_084502_1071188/benchmark_summary_median_variability.csv"
"USPS","KlugerLab_FItSNE","t-SNE","cpu","full_pipeline",4,4,11000,256,,30,"standard_R_double",,3,3,"success",18.494,18.4125,18.713,0.3005,0.310809159024204,18.331,18.932,,,,,,,,,,,,,,,,,,,,,,,,,,,,,,,,,,,,0.563140869140625,0.560810089111328,0.570684432983398,0.00987434387207031,0.0103228083355535,0.558479309082031,0.578227996826172,,,,,,,,,,,,,,,0.9449273132301,0.943377625645205,0.947079315403423,0.00370168975821794,0.00371798798911997,0.94182793806031,0.949231317576746,0.438026666666667,0.437733333333334,0.44472,0.00698666666666647,0.00790359693079296,0.43744,0.451413333333333,0.457626666666667,0.45736,0.46744,0.01008,0.0114885166498904,0.457093333333333,0.477253333333333,0.466992,0.466768,0.477144,0.010376,0.0118539629379095,0.466544,0.487296,0.160054754926177,0.150774205517018,0.16824614134333,0.017471935826312,0.0174832481781795,0.141493656107859,0.176437527760483,0.728,0.7228,0.7316,0.00880000000000003,0.0088483520122864,0.7176,0.7352,2.11079814106231,2.11071814433679,2.11350034941014,0.00278220507334526,0.00316743792376136,2.11063814761128,2.11620255775797,,,,,,,,,,,,,,,,,,,,,,,,,,,,,,,,,,,,,,,,,,,,,,,,,,,,,,,,,,,,,,,,,,,,,,,,,,,,,,"standard","cpu4","/Users/stefano/Documents/fastEmbedR-results/USPS/standard/cpu4/20260721_084502_1071188/benchmark_summary_median_variability.csv"
"USPS","Rtsne_full","t-SNE","cpu","full_pipeline",4,4,11000,256,,30,"standard_R_double",,3,3,"success",12.193,12.161,12.968,0.807,0.913928516533615,12.129,13.743,,,,,,,,,,,,,,,,,,,,,,,,,,,,,,,,,,,,0.517940521240234,0.510576248168945,0.530010223388672,0.0194339752197266,0.0196229393085653,0.503211975097656,0.542079925537109,,,,,,,,,,,,,,,0.942293985330073,0.942270122249389,0.945898614506927,0.00362849225753892,0.00417611278681273,0.942246259168704,0.949503243683782,0.447573333333333,0.445893333333333,0.451946666666666,0.00605333333333347,0.00624986873936257,0.444213333333333,0.45632,0.45736,0.453826666666666,0.468173333333333,0.014346666666667,0.0149496815276376,0.450293333333333,0.478986666666667,0.462864,0.458656,0.477768,0.019112,0.0200849035181485,0.454448,0.492672,0.179282997622854,0.177723894433107,0.189021317210567,0.01129742277746,0.0122446568636116,0.17616479124336,0.19875963679828,0.7592,0.7584,0.76,0.00160000000000005,0.00159999999999999,0.7576,0.7608,2.02309888172866,2.01841080547364,2.02714347003286,0.00873266455921984,0.00874056381961736,2.01372272921863,2.03118805833707,,,,,,,,,,,,,,,,,,,,,,,,,,,,,,,,,,,,,,,,,,,,,,,,,,,,,,,,,,,,,,,,,,,,,,,,,,,,,,"standard","cpu4","/Users/stefano/Documents/fastEmbedR-results/USPS/standard/cpu4/20260721_084502_1071188/benchmark_summary_median_variability.csv"
"USPS","Rtsne_neighbors","t-SNE","cpu","embedding_from_precomputed_knn",4,4,11000,256,,30,"standard_R_double",,3,3,"success",13.638,13.45,15.1625,1.7125,1.87831493631925,13.262,16.687,,,,,,,,,,,,,,,,,,,,,,,,,,,,,13.638,13.45,15.1625,1.7125,1.87831493631925,13.262,16.687,0.470436096191406,0.464073181152344,0.503469467163086,0.0393962860107422,0.042298602317233,0.457710266113281,0.536502838134766,,,,,,,,,,,,,,,0.940217114914425,0.940015278456941,0.942809540885629,0.00279426242868752,0.00311654861367662,0.939813441999457,0.945401966856832,0.444906666666667,0.442906666666667,0.449493333333334,0.00658666666666652,0.00675384773734622,0.440906666666667,0.45408,0.45544,0.453826666666666,0.465773333333333,0.011946666666667,0.0129641419992912,0.452213333333333,0.476106666666667,0.458128,0.45716,0.471616,0.014456,0.0161624895772073,0.456192,0.485104,0.100934931600015,0.0927263225463204,0.105046004658918,0.0123196821125976,0.012544766548844,0.0845177134926258,0.109157077717821,0.7272,0.726,0.7336,0.00760000000000005,0.00817149517122377,0.7248,0.74,2.05480990802664,2.05480990802664,2.05480990802664,0,0,2.05480990802664,2.05480990802664,,,,,,,,,,,,,,,,,,,,,,,,,,,,,,,,,,,,,,,,,,,,,,,,,,,,,,,,,,,,,,,,,,,,,,,,,,,,,,"standard","cpu4","/Users/stefano/Documents/fastEmbedR-results/USPS/standard/cpu4/20260721_084502_1071188/benchmark_summary_median_variability.csv"
"USPS","fastEmbedR_umap_cpu_binary_full","UMAP","cpu","full_pipeline",4,4,11000,256,30,,"float32",,3,3,"success",15.192,14.6225,15.254,0.631500000000001,0.69616401324209,14.053,15.316,0.003,0.00299999999999994,0.003,5.50774703622636e-17,6.35982311220791e-17,0.00299999999999989,0.003,3.208,3.204,3.245,0.0409999999999999,0.0452106182218292,3.2,3.282,,,,,,,,,,,,,,,11.681,11.1375,11.689,0.551500000000001,0.632249159746377,10.594,11.697,0.427478790283203,0.427280426025391,0.427581787109375,0.000301361083984375,0.000306349721635498,0.427082061767578,0.427684783935547,,,,,,,,,,,,,,,0.923260157565879,0.922970997011682,0.923262439554469,0.000291442542787568,0.000335219121692232,0.922681836457484,0.923264721543059,0.3576,0.355546666666666,0.36128,0.00573333333333353,0.00580974404994986,0.353493333333333,0.36496,0.4036,0.402946666666667,0.405986666666666,0.00303999999999999,0.00320048144526429,0.402293333333333,0.408373333333333,0.435248,0.433016,0.436936,0.00391999999999998,0.00393256218429326,0.430784,0.438624,0.18257718430606,0.171233450818115,0.182944312884826,0.011710862066711,0.0133156390054299,0.159889717330171,0.183311441463593,0.676,0.67,0.6764,0.00639999999999996,0.00717030915186598,0.664,0.6768,,,,,,,,,,,,,,,,,,,,,,,,,,,,,,,,,,,,,,,,,,,,,,,,,,,,,,,,,,,,,,,,,,,,,,,,,,,,,,,,,,,,,"standard","cpu4","/Users/stefano/Documents/fastEmbedR-results/USPS/standard/cpu4/20260721_084502_1071188/benchmark_summary_median_variability.csv"
"USPS","fastEmbedR_umap_cpu_binary_knn","UMAP","cpu","embedding_from_precomputed_knn",4,4,11000,256,30,,"float32",,3,3,"success",11.859,11.8465,11.923,0.0765000000000011,0.0820751687986894,11.834,11.987,,,,,,,,,,,,,,,,,,,,,,,,,,,,,11.859,11.8465,11.923,0.0765000000000011,0.0820751687986894,11.834,11.987,0.429225921630859,0.429004669189453,0.462495803833008,0.0334911346435547,0.0385451260567867,0.428783416748047,0.495765686035156,,,,,,,,,,,,,,,0.922480717196414,0.919058538440641,0.924643977180114,0.00558543873947304,0.00563253211891699,0.915636359684868,0.926807237163814,0.361226666666667,0.351386666666667,0.366666666666667,0.01528,0.0154897299309359,0.341546666666667,0.372106666666667,0.4116,0.399853333333334,0.412506666666667,0.012653333333333,0.0141164931118805,0.388106666666667,0.413413333333333,0.43536,0.428368,0.439312,0.0109440000000001,0.0110838472261816,0.421376,0.443264,0.185500880985976,0.172187251899574,0.188112422980373,0.0159251710807995,0.0170818411379167,0.158873622813171,0.19072396497477,0.6728,0.6608,0.6748,0.0139999999999999,0.0151437555888007,0.6488,0.6768,,,,,,,,,,,,,,,,,,,,,,,,,,,,,,,,,,,,,,,,,,,,,,,,,,,,,,,,,,,,,,,,,,,,,,,,,,,,,,,,,,,,,"standard","cpu4","/Users/stefano/Documents/fastEmbedR-results/USPS/standard/cpu4/20260721_084502_1071188/benchmark_summary_median_variability.csv"
"USPS","fastEmbedR_umap_cpu_fuzzy_full","UMAP","cpu","full_pipeline",4,4,11000,256,30,,"float32",,3,3,"success",5.857,5.8335,5.9685,0.135000000000001,0.144244006230184,5.81,6.08,0.002,0.002,0.0025,5e-04,0.000577350269189626,0.002,0.003,3.178,3.1645,3.1785,0.0139999999999998,0.0158850034099252,3.151,3.179,,,,,,,,,,,,,,,2.405,2.3935,2.5005,0.107,0.117477657450257,2.382,2.596,0.429542541503906,0.428176879882812,0.429956436157227,0.00177955627441406,0.00186246449293797,0.426811218261719,0.430370330810547,,,,,,,,,,,,,,,0.889570268948655,0.887680760662863,0.895639728334692,0.00795896767182858,0.00831680007382781,0.885791252377071,0.901709187720728,0.33872,0.336186666666667,0.343946666666667,0.00775999999999999,0.00791426653675589,0.333653333333333,0.349173333333333,0.366933333333333,0.364493333333333,0.375586666666667,0.0110933333333335,0.0116589256858491,0.362053333333333,0.38424,0.37792,0.375224,0.387696,0.012472,0.013124769864649,0.372528,0.397472,0.106402668033094,0.0948397448407261,0.130942289488811,0.0361025446480844,0.0368717411577791,0.0832768216483582,0.155481910944527,0.7112,0.7096,0.7152,0.00560000000000005,0.00576888204074236,0.708,0.7192,,,,,,,,,,,,,,,,,,,,,,,,,,,,,,,,,,,,,,,,,,,,,,,,,,,,,,,,,,,,,,,,,,,,,,,,,,,,,,,,,,,,,"standard","cpu4","/Users/stefano/Documents/fastEmbedR-results/USPS/standard/cpu4/20260721_084502_1071188/benchmark_summary_median_variability.csv"
"USPS","fastEmbedR_umap_cpu_fuzzy_knn","UMAP","cpu","embedding_from_precomputed_knn",4,4,11000,256,30,,"float32",,3,3,"success",2.784,2.7715,2.8,0.0285000000000002,0.0285715476187996,2.759,2.816,,,,,,,,,,,,,,,,,,,,,,,,,,,,,2.784,2.7715,2.8,0.0285000000000002,0.0285715476187996,2.759,2.816,0.429233551025391,0.429079055786133,0.429372787475586,0.000293731689453125,0.000293863770484792,0.428924560546875,0.429512023925781,,,,,,,,,,,,,,,0.893346069002988,0.88968195599022,0.899794077696278,0.010112121706058,0.0102390606885986,0.886017842977452,0.906242086389568,0.34032,0.338933333333334,0.348186666666667,0.009253333333333,0.00998103089754619,0.337546666666667,0.356053333333333,0.368773333333333,0.364653333333333,0.3804,0.015746666666667,0.0163322031355011,0.360533333333333,0.392026666666667,0.380944,0.377,0.391216,0.014216,0.0146779602579287,0.373056,0.401488,0.107199244646701,0.0889495364034091,0.124392014986764,0.0354424785833553,0.0354477313901566,0.0706998281601173,0.141584785326828,0.692,0.6876,0.7012,0.0136000000000001,0.013879481258318,0.6832,0.7104,,,,,,,,,,,,,,,,,,,,,,,,,,,,,,,,,,,,,,,,,,,,,,,,,,,,,,,,,,,,,,,,,,,,,,,,,,,,,,,,,,,,,"standard","cpu4","/Users/stefano/Documents/fastEmbedR-results/USPS/standard/cpu4/20260721_084502_1071188/benchmark_summary_median_variability.csv"
"USPS","umap_package","UMAP","cpu","full_pipeline",4,4,11000,256,30,,"standard_R_double",,3,3,"success",91.252,88.6555,95.805,7.14950000000002,7.23818446389241,86.059,100.358,,,,,,,,,,,,,,,,,,,,,,,,,,,,,,,,,,,,1.33491897583008,1.24304580688477,1.36631965637207,0.123273849487305,0.128122659661157,1.15117263793945,1.39772033691406,,,,,,,,,,,,,,,0.896608834555827,0.895195935886987,0.898285813637598,0.00308987775061143,0.00309363712619228,0.893783037218147,0.89996279271937,0.364,0.363386666666667,0.368773333333334,0.00538666666666698,0.00589785648444542,0.362773333333333,0.373546666666667,0.383013333333333,0.3828,0.39136,0.00855999999999996,0.0097633995293839,0.382586666666667,0.399706666666667,0.39112,0.390104,0.39976,0.009656,0.0106119489884438,0.389088,0.4084,0.103790220162992,0.0955470458526075,0.119404073968819,0.023857028116212,0.0242335874895274,0.0873038715422229,0.135017927774647,0.7336,0.728,0.7372,0.0092000000000001,0.00927218061371396,0.7224,0.7408,,,,,,,,,,,,,,,,,,,,,,,,,,,,,,,,,,,,,,,,,,,,,,,,,,,,,,,,,,,,,,,,,,,,,,,,,,,,,,,,,,,,,"standard","cpu4","/Users/stefano/Documents/fastEmbedR-results/USPS/standard/cpu4/20260721_084502_1071188/benchmark_summary_median_variability.csv"
"USPS","umap_package_knn","UMAP","cpu","embedding_from_precomputed_knn",4,4,11000,256,30,,"standard_R_double",,3,3,"success",34.77,34.7055,35.669,0.963499999999996,1.07724757290668,34.641,36.568,,,,,,,,,,,,,,,,,,,,,,,,,,,,,34.77,34.7055,35.669,0.963499999999996,1.07724757290668,34.641,36.568,0.731758117675781,0.731592178344727,0.732118606567383,0.00052642822265625,0.000538277980333593,0.731426239013672,0.732479095458984,,,,,,,,,,,,,,,0.939029828850856,0.938776441184461,0.942612855202391,0.00383641401792989,0.00429110363909995,0.938523053518066,0.946195881553926,0.420106666666667,0.416266666666667,0.427253333333333,0.0109866666666665,0.0111513015350641,0.412426666666667,0.4344,0.449146666666667,0.446746666666667,0.460626666666667,0.01388,0.0148369987980499,0.444346666666667,0.472106666666667,0.464384,0.461392,0.477936,0.016544,0.0176316515392064,0.4584,0.491488,0.202102117892971,0.195166220876017,0.215255114081287,0.0200888932052695,0.0204070511731012,0.188230323859063,0.228408110269602,0.7344,0.7304,0.738,0.00759999999999994,0.00760350796233773,0.7264,0.7416,,,,,,,,,,,,,,,,,,,,,,,,,,,,,,,,,,,,,,,,,,,,,,,,,,,,,,,,,,,,,,,,,,,,,,,,,,,,,,,,,,,,,"standard","cpu4","/Users/stefano/Documents/fastEmbedR-results/USPS/standard/cpu4/20260721_084502_1071188/benchmark_summary_median_variability.csv"
"USPS","uwot_default","UMAP","cpu","full_pipeline",4,4,11000,256,30,,"standard_R_double",,3,3,"success",9.936,9.8625,10.038,0.1755,0.176269679752362,9.789,10.14,,,,,,,,,,,,,,,,,,,,,,,,,,,,,,,,,,,,0.579349517822266,0.579326629638672,0.579408645629883,8.20159912109375e-05,8.46427370231253e-05,0.579303741455078,0.5794677734375,,,,,,,,,,,,,,,0.889979027438196,0.88820633523499,0.89450416734583,0.00629783211083956,0.00649522994857449,0.886433643031785,0.899029307253464,0.35888,0.357226666666666,0.363173333333333,0.00594666666666699,0.00613889602815102,0.355573333333333,0.367466666666667,0.37752,0.375093333333334,0.38664,0.0115466666666665,0.0121761685879212,0.372666666666667,0.39576,0.387936,0.382608,0.397168,0.01456,0.0147334315532171,0.37728,0.4064,0.121888784831545,0.119190894913489,0.138421904640105,0.0192310097266155,0.0208239348782329,0.116493004995434,0.154955024448665,0.728,0.7176,0.7284,0.0107999999999999,0.0122463600034187,0.7072,0.7288,,,,,,,,,,,,,,,,,,,,,,,,,,,,,,,,,,,,,,,,,,,,,,,,,,,,,,,,,,,,,,,,,,,,,,,,,,,,,,,,,,,,,"standard","cpu4","/Users/stefano/Documents/fastEmbedR-results/USPS/standard/cpu4/20260721_084502_1071188/benchmark_summary_median_variability.csv"
"USPS","uwot_fast_sgd","UMAP","cpu","full_pipeline",4,4,11000,256,30,,"standard_R_double",,3,3,"success",7.497,7.3935,7.5195,0.126,0.134398660707613,7.29,7.542,,,,,,,,,,,,,,,,,,,,,,,,,,,,,,,,,,,,0.579704284667969,0.579404830932617,0.579771041870117,0.0003662109375,0.000390076500530618,0.579105377197266,0.579837799072266,,,,,,,,,,,,,,,0.886037881010595,0.884666362401522,0.891312425971204,0.006646063569682,0.00701769424662973,0.883294843792448,0.896586970931812,0.352906666666667,0.351066666666667,0.36192,0.010853333333333,0.0116166725649591,0.349226666666667,0.370933333333333,0.3724,0.371546666666666,0.384426666666666,0.01288,0.0144051677969837,0.370693333333333,0.396453333333333,0.382224,0.379464,0.393944,0.01448,0.0153763107842335,0.376704,0.405664,0.117846770745928,0.104176163046651,0.121446381448848,0.0172702184021965,0.0182227541961448,0.090505555347374,0.125045992151767,0.7128,0.7128,0.7176,0.00480000000000003,0.00554256258422044,0.7128,0.7224,,,,,,,,,,,,,,,,,,,,,,,,,,,,,,,,,,,,,,,,,,,,,,,,,,,,,,,,,,,,,,,,,,,,,,,,,,,,,,,,,,,,,"standard","cpu4","/Users/stefano/Documents/fastEmbedR-results/USPS/standard/cpu4/20260721_084502_1071188/benchmark_summary_median_variability.csv"
"USPS","uwot_knn","UMAP","cpu","embedding_from_precomputed_knn",4,4,11000,256,30,,"standard_R_double",,3,3,"success",4.795,4.7695,4.8195,0.0499999999999998,0.0500033332222299,4.744,4.844,,,,,,,,,,,,,,,,,,,,,,,,,,,,,4.795,4.7695,4.8195,0.0499999999999998,0.0500033332222299,4.744,4.844,0.557491302490234,0.557474136352539,0.557558059692383,8.392333984375e-05,8.86729094015052e-05,0.557456970214844,0.557624816894531,,,,,,,,,,,,,,,0.888971909807118,0.888592838902473,0.893184612876936,0.00459177397446353,0.00509738168983271,0.888213767997827,0.897397315946754,0.35648,0.356026666666666,0.364506666666667,0.00848000000000004,0.00954090453045503,0.355573333333333,0.372533333333333,0.372373333333333,0.372013333333333,0.383973333333333,0.01196,0.0136071353830751,0.371653333333333,0.395573333333333,0.380752,0.380488,0.39296,0.012472,0.0142514500782669,0.380224,0.405168,0.100533082127213,0.0952349624295147,0.103516331062467,0.00828136863295278,0.00838852044863258,0.0899368427318164,0.106499579997722,0.7184,0.7176,0.72,0.00239999999999996,0.00244404037064312,0.7168,0.7216,,,,,,,,,,,,,,,,,,,,,,,,,,,,,,,,,,,,,,,,,,,,,,,,,,,,,,,,,,,,,,,,,,,,,,,,,,,,,,,,,,,,,"standard","cpu4","/Users/stefano/Documents/fastEmbedR-results/USPS/standard/cpu4/20260721_084502_1071188/benchmark_summary_median_variability.csv"
"USPS","fastEmbedR_pca_cuda","PCA","cuda","pca_only",1,,11000,256,,,"float32",,3,3,"success",1.189,1.1815,1.2395,0.0580000000000001,0.063089882971308,1.174,1.29,,,,,,,,,,,,,,,1.189,1.1815,1.2395,0.0580000000000001,0.063089882971308,1.174,1.29,,,,,,,,,,,,,,,0.736660003662109,0.736494064331055,0.737842559814453,0.00134849548339844,0.00147069484344032,0.736328125,0.739025115966797,437,437,448,11,12.7017059221718,437,459,437,437,448,11,12.7017059221718,437,459,,,,,,,,,,,,,,,,,,,,,,,,,,,,,,,,,,,,,,,,,,,,,,,,,,,,,,,,,,,,,,,,,,,,,,,,,,,,,,,,,,,,,,,,,,,,,,,,,,,,,,,,,,,,,,,,,,,,,,,,,,,,,,,"standard","cuda","/Users/stefano/Documents/fastEmbedR-results/USPS/standard/cuda/20260722_160038_1071199/benchmark_summary_median_variability.csv"
"USPS","fastEmbedR_opentsne_cuda_full","t-SNE","cuda","full_pipeline",1,,11000,256,,30,"float32",,3,3,"success",0.767,0.7615,0.8665,0.105,0.118196164630386,0.756,0.966,0.003,0.003,0.0035,5e-04,0.000577350269189626,0.003,0.004,0.324,0.324,0.3255,0.0015,0.00173205080756888,0.324,0.327,,,,,,,,,,,,,,,0.149,0.148,0.243,0.095,0.10912378292563,0.147,0.337,0.987209320068359,0.987197875976562,0.995645523071289,0.00844764709472656,0.00974790211655544,0.987186431884766,1.00408172607422,2011,2011,2034,23,26.5581123827228,2011,2057,2011,2011,2034,23,26.5581123827228,2011,2057,0.954678663406683,0.952408410757946,0.955786883998913,0.00337847324096741,0.00344444300384205,0.950138158109209,0.956895104591144,0.456106666666667,0.450346666666667,0.459066666666667,0.00871999999999995,0.00886858124692631,0.444586666666667,0.462026666666667,0.456853333333333,0.454186666666667,0.467413333333333,0.0132266666666665,0.0139897443918088,0.45152,0.477973333333333,0.461392,0.460624,0.473624,0.013,0.0145879321815442,0.459856,0.485856,0.203321696247637,0.200574543251347,0.208128163855895,0.00755362060454801,0.00764661862924665,0.197827390255058,0.212934631464154,0.7376,0.7372,0.7436,0.00639999999999996,0.00717030915186602,0.7368,0.7496,2.03072566454911,2.02831801236227,2.03154449058221,0.00322647821993494,0.00335434313778122,2.02591036017544,2.03236331661531,,,,,,,,,,,,,,,,,,,,,,,,,,,,,,,,,,,,,,,,,,,,,,,,,,,,,,,,,,,,,,,,,,,,,,,,,,,,,,"standard","cuda","/Users/stefano/Documents/fastEmbedR-results/USPS/standard/cuda/20260722_160038_1071199/benchmark_summary_median_variability.csv"
"USPS","fastEmbedR_opentsne_cuda_knn","t-SNE","cuda","embedding_from_precomputed_knn",1,,11000,256,,30,"float32",,3,3,"success",0.419,0.415,0.4205,0.0055,0.00568624070307733,0.411,0.422,,,,,,,,,,,,,,,,,,,,,,,,,,,,,0.419,0.415,0.4205,0.0055,0.00568624070307733,0.411,0.422,0.591373443603516,0.586160659790039,0.592245101928711,0.00608444213867188,0.00658044271361593,0.580947875976562,0.593116760253906,469,461,469,8,9.23760430703401,453,469,469,461,469,8,9.23760430703401,453,469,0.954255169790818,0.952382374354795,0.954481282260256,0.00209890790546052,0.00230418517624322,0.950509578918772,0.954707394729693,0.456533333333333,0.453093333333333,0.458533333333333,0.00544,0.00550316272701435,0.449653333333333,0.460533333333333,0.457333333333333,0.455813333333333,0.46804,0.0122266666666671,0.0133275276249049,0.454293333333333,0.478746666666667,0.463104,0.461744,0.476136,0.014392,0.0158915551577979,0.460384,0.489168,0.200850341918517,0.19831992138443,0.208574930596522,0.0102550092120915,0.0106844906995692,0.195789500850344,0.216299519274527,0.7408,0.7392,0.7444,0.00519999999999987,0.0053266624947835,0.7376,0.748,2.02509223171227,2.0211471967271,2.02905148535196,0.00790428862485992,0.00790429288773737,2.01720216174194,2.03301073899166,,,,,,,,,,,,,,,,,,,,,,,,,,,,,,,,,,,,,,,,,,,,,,,,,,,,,,,,,,,,,,,,,,,,,,,,,,,,,,"standard","cuda","/Users/stefano/Documents/fastEmbedR-results/USPS/standard/cuda/20260722_160038_1071199/benchmark_summary_median_variability.csv"
"USPS","fastEmbedR_umap_cuda_binary_full","UMAP","cuda","full_pipeline",1,,11000,256,30,,"float32",,3,3,"success",0.616,0.615,0.621,0.00600000000000001,0.00642910050732864,0.614,0.626,0.003,0.003,0.0035,5e-04,0.000577350269189626,0.003,0.004,0.325,0.3235,0.3285,0.005,0.00513160143944689,0.322,0.332,,,,,,,,,,,,,,,0.0349999999999999,0.0349999999999999,0.0354999999999999,0.000500000000000049,0.000577350269189682,0.0349999999999999,0.036,0.920734405517578,0.917478561401367,0.920845031738281,0.00336647033691406,0.00382499512845831,0.914222717285156,0.920955657958984,1995,1995,1995,0,0,1995,1995,1995,1995,1995,0,0,1995,1995,0.920883499049171,0.918627090464547,0.921026112469437,0.00239902200488995,0.0026915949259809,0.916370681879924,0.921168725889704,0.359733333333333,0.35912,0.363173333333333,0.00405333333333302,0.00436953764822519,0.358506666666667,0.366613333333333,0.393946666666667,0.39364,0.4052,0.01156,0.0131748537134332,0.393333333333333,0.416453333333333,0.419152,0.415408,0.430624,0.015216,0.0158566700161162,0.411664,0.442096,0.132603508350644,0.124931137029351,0.148520748594118,0.023589611564766,0.0240651004906384,0.117258765708059,0.164437988837591,0.6832,0.6828,0.692,0.00919999999999987,0.0104,0.6824,0.7008,,,,,,,,,,,,,,,,,,,,,,,,,,,,,,,,,,,,,,,,,,,,,,,,,,,,,,,,,,,,,,,,,,,,,,,,,,,,,,,,,,,,,"standard","cuda","/Users/stefano/Documents/fastEmbedR-results/USPS/standard/cuda/20260722_160038_1071199/benchmark_summary_median_variability.csv"
"USPS","fastEmbedR_umap_cuda_binary_knn","UMAP","cuda","embedding_from_precomputed_knn",1,,11000,256,30,,"float32",,3,3,"success",0.484,0.4835,0.4845,0.001,0.001,0.483,0.485,,,,,,,,,,,,,,,,,,,,,,,,,,,,,0.484,0.4835,0.4845,0.001,0.001,0.483,0.485,0.553245544433594,0.553146362304688,0.554380416870117,0.00123405456542969,0.00137129214303709,0.553047180175781,0.555515289306641,437,437,437,0,0,437,437,437,437,437,0,0,437,437,0.926367965226841,0.925582287421896,0.929258592773703,0.00367630535180652,0.00387197092513027,0.924796609616952,0.932149220320565,0.38528,0.38208,0.38832,0.00624000000000002,0.00624068372322563,0.37888,0.39136,0.437413333333333,0.429893333333333,0.443493333333333,0.0135999999999999,0.013625388067868,0.422373333333333,0.449573333333333,0.46496,0.459448,0.472016,0.012568,0.0125995741726986,0.453936,0.479072,0.176266759341734,0.170981473260007,0.176499988930248,0.00551851567024098,0.00624193667645713,0.16569618717828,0.176733218518762,0.6712,0.6588,0.6716,0.0127999999999999,0.0145547243189282,0.6464,0.672,,,,,,,,,,,,,,,,,,,,,,,,,,,,,,,,,,,,,,,,,,,,,,,,,,,,,,,,,,,,,,,,,,,,,,,,,,,,,,,,,,,,,"standard","cuda","/Users/stefano/Documents/fastEmbedR-results/USPS/standard/cuda/20260722_160038_1071199/benchmark_summary_median_variability.csv"
"USPS","fastEmbedR_umap_cuda_fuzzy_full","UMAP","cuda","full_pipeline",1,,11000,256,30,,"float32",,3,3,"success",0.628,0.616,0.6345,0.0185000000000001,0.0187705443004015,0.604,0.641,0.003,0.003,0.003,0,0,0.003,0.003,0.331,0.3275,0.333,0.0055,0.00556776436283003,0.324,0.335,,,,,,,,,,,,,,,0.028,0.0269999999999999,0.037,0.0100000000000001,0.0110151410945723,0.0259999999999998,0.046,0.914051055908203,0.914041519165039,0.918445587158203,0.00440406799316406,0.0050798825934667,0.914031982421875,0.922840118408203,1995,1995,1995,0,0,1995,1995,1995,1995,1995,0,0,1995,1995,0.888755490355882,0.888399261070361,0.890325368106493,0.0019261070361315,0.00204960220048691,0.888043031784841,0.891895245857104,0.343093333333333,0.341626666666667,0.348346666666666,0.00671999999999995,0.00706668343813531,0.34016,0.3536,0.36496,0.363266666666667,0.372666666666666,0.00939999999999996,0.0100206483119902,0.361573333333333,0.380373333333333,0.378608,0.376904,0.388648,0.011744,0.0126919069226548,0.3752,0.398688,0.128531564352866,0.125080333740455,0.146365296094222,0.021284962353767,0.022847357293773,0.121629103128045,0.164199027835579,0.7072,0.7056,0.7172,0.0116000000000001,0.0125729869164013,0.704,0.7272,,,,,,,,,,,,,,,,,,,,,,,,,,,,,,,,,,,,,,,,,,,,,,,,,,,,,,,,,,,,,,,,,,,,,,,,,,,,,,,,,,,,,"standard","cuda","/Users/stefano/Documents/fastEmbedR-results/USPS/standard/cuda/20260722_160038_1071199/benchmark_summary_median_variability.csv"
"USPS","fastEmbedR_umap_cuda_fuzzy_knn","UMAP","cuda","embedding_from_precomputed_knn",1,,11000,256,30,,"float32",,3,3,"success",0.632,0.624,0.6355,0.0115,0.0117898261225516,0.616,0.639,,,,,,,,,,,,,,,,,,,,,,,,,,,,,0.632,0.624,0.6355,0.0115,0.0117898261225516,0.616,0.639,0.554306030273438,0.554292678833008,0.555253982543945,0.0009613037109375,0.00110239030982215,0.554279327392578,0.556201934814453,437,437,437,0,0,437,437,437,437,437,0,0,437,437,0.888293702798153,0.883227688128226,0.893407552295572,0.0101798641673461,0.0101799016296421,0.878161673458299,0.898521401792991,0.342186666666667,0.34064,0.34984,0.00919999999999999,0.00985243417939223,0.339093333333333,0.357493333333333,0.362506666666667,0.35804,0.37476,0.01672,0.0173138420324872,0.353573333333333,0.387013333333333,0.380384,0.37504,0.39088,0.01584,0.0161168638802136,0.369696,0.401376,0.116794444109897,0.105886851708729,0.117596058877662,0.0117092071689323,0.0130823976077498,0.0949792593075614,0.118397673645426,0.7176,0.7152,0.7272,0.012,0.01269960629311,0.7128,0.7368,,,,,,,,,,,,,,,,,,,,,,,,,,,,,,,,,,,,,,,,,,,,,,,,,,,,,,,,,,,,,,,,,,,,,,,,,,,,,,,,,,,,,"standard","cuda","/Users/stefano/Documents/fastEmbedR-results/USPS/standard/cuda/20260722_160038_1071199/benchmark_summary_median_variability.csv"
"flow18","fastEmbedR_pca_cpu","PCA","cpu","pca_only",1,1,1000021,11,,,"float32",,3,3,"success",1.368,1.3495,1.418,0.0685000000000002,0.0708731260775197,1.331,1.468,,,,,,,,,,,,,,,1.368,1.3495,1.418,0.0685000000000002,0.0708731260775197,1.331,1.468,,,,,,,,,,,,,,,0.737667083740234,0.735330581665039,0.743654251098633,0.00832366943359375,0.00858638021382727,0.732994079589844,0.749641418457031,,,,,,,,,,,,,,,,,,,,,,,,,,,,,,,,,,,,,,,,,,,,,,,,,,,,,,,,,,,,,,,,,,,,,,,,,,,,,,,,,,,,,,,,,,,,,,,,,,,,,,,,,,,,,,,,,,,,,,,,,,,,,,,,,,,,,,,,,,,,,"standard","cpu1","/Users/stefano/Documents/fastEmbedR-results/flow18/standard/cpu1/20260721_084502_1071169/benchmark_summary_median_variability.csv"
"flow18","irlba_pca","PCA","cpu","pca_only",1,1,1000021,11,,,"standard_R_double",,3,3,"success",1.101,1.0745,1.121,0.0465,0.046651187909134,1.048,1.141,,,,,,,,,,,,,,,1.101,1.0745,1.121,0.0465,0.046651187909134,1.048,1.141,,,,,,,,,,,,,,,0.545505523681641,0.545463562011719,0.545578002929688,0.00011444091796875,0.000115789311094485,0.545421600341797,0.545650482177734,,,,,,,,,,,,,,,,,,,,,,,,,,,,,,,,,,,,,,,,,,,,,,,,,,,,,,,,,,,,,,,,,,,,,,,,,,,,,,,,,,,,,,,,,,,,,,,,,,,,,,,,,,,,,,,,,,,,,,,,,,,,,,,,,,,,,,,,,,,,,"standard","cpu1","/Users/stefano/Documents/fastEmbedR-results/flow18/standard/cpu1/20260721_084502_1071169/benchmark_summary_median_variability.csv"
"flow18","fastEmbedR_opentsne_cpu_full","t-SNE","cpu","full_pipeline",1,1,1000021,11,,30,"float32",,3,3,"success",555.014,553.8925,559.403,5.51050000000009,5.82447099171536,552.771,563.792,0.01,0.009,0.01,0.000999999999999996,0.00115470053837925,0.00800000000000001,0.01,309.702,305.3225,314.7415,9.41899999999998,9.42670467342646,300.943,319.781,,,,,,,,,,,,,,,243.863,243.226,247.158,3.93200000000002,4.22085441587364,242.589,250.453,1.92729568481445,1.92718505859375,1.93535232543945,0.00816726684570312,0.00936753059064586,1.92707443237305,1.94340896606445,,,,,,,,,,,,,,,0.975126740853145,0.974996501433148,0.975413117518126,0.000416616084977561,0.000426257248640999,0.974866262013151,0.975699494183106,0.397766666666667,0.393216666666667,0.399466666666667,0.00624999999999998,0.00646297145282261,0.388666666666667,0.401166666666667,0.4387,0.435975,0.439175,0.00319999999999998,0.0034536212878658,0.43325,0.43965,0.47877,0.477335,0.47922,0.00188500000000003,0.00196891679187652,0.4759,0.47967,0.0538105049024427,0.0505470523140637,0.0627171707826135,0.0121701184685498,0.0125986931448235,0.0472835997256848,0.0716238366627844,0.955,0.954,0.9595,0.00550000000000006,0.00585946527708232,0.953,0.964,2.02514999257983,2.02514999257983,2.02514999257983,0,0,2.02514999257983,2.02514999257983,,,,,,,,,,,,,,,,,,,,,,,,,,,,,,,,,,,,,,,,,,,,,,,,,,,,,,,,,,,,,,,,,,,,,,,,,,,,,,"standard","cpu1","/Users/stefano/Documents/fastEmbedR-results/flow18/standard/cpu1/20260721_084502_1071169/benchmark_summary_median_variability.csv"
"flow18","fastEmbedR_opentsne_cpu_knn","t-SNE","cpu","embedding_from_precomputed_knn",1,1,1000021,11,,30,"float32",,3,3,"success",248.222,239.682,250.631,10.949,11.5069683815214,231.142,253.04,,,,,,,,,,,,,,,,,,,,,,,,,,,,,248.222,239.682,250.631,10.949,11.5069683815214,231.142,253.04,1.77303314208984,1.77291297912598,1.7786750793457,0.00576210021972656,0.00658522052676103,1.77279281616211,1.78431701660156,,,,,,,,,,,,,,,0.975537683358624,0.975368976563817,0.976117273646939,0.000748297083122518,0.000784999112327893,0.97520026976901,0.976696863935255,0.398933333333333,0.39465,0.39895,0.00430000000000008,0.00495561783717696,0.390366666666667,0.398966666666667,0.439583333333333,0.435941666666667,0.439641666666666,0.00369999999999998,0.00423911460007767,0.4323,0.4397,0.47933,0.477585,0.479445,0.00186000000000003,0.00208452232737702,0.47584,0.47956,0.0550378006292001,0.0515056159244922,0.0635023376382847,0.0119967217137925,0.0123300729233993,0.0479734312197843,0.0719668746473693,0.955,0.954,0.95975,0.00575000000000003,0.00614410286372229,0.953,0.9645,2.02333396908446,2.02333396908446,2.02333396908446,0,0,2.02333396908446,2.02333396908446,,,,,,,,,,,,,,,,,,,,,,,,,,,,,,,,,,,,,,,,,,,,,,,,,,,,,,,,,,,,,,,,,,,,,,,,,,,,,,"standard","cpu1","/Users/stefano/Documents/fastEmbedR-results/flow18/standard/cpu1/20260721_084502_1071169/benchmark_summary_median_variability.csv"
"flow18","KlugerLab_FItSNE","t-SNE","cpu","full_pipeline",1,1,1000021,11,,30,"standard_R_double",,3,3,"success",1229.035,1195.7855,1231.225,35.4395,39.7180354541023,1162.536,1233.415,,,,,,,,,,,,,,,,,,,,,,,,,,,,,,,,,,,,3.327392578125,3.32717704772949,3.34018516540527,0.0130081176757812,0.0148976031213475,3.32696151733398,3.35297775268555,,,,,,,,,,,,,,,0.974514280896982,0.973528721969314,0.974730677794639,0.00120195582532445,0.00128136693242099,0.972543163041646,0.974947074692295,0.390366666666667,0.386866666666667,0.390466666666667,0.00359999999999994,0.00410040648391512,0.383366666666667,0.390566666666667,0.43505,0.434016666666666,0.435091666666666,0.00107499999999999,0.00121795973904154,0.432983333333333,0.435133333333333,0.47799,0.47699,0.47908,0.00208999999999998,0.00209064583322951,0.47599,0.48017,0.0500583918935425,0.0334773576805935,0.0580871302965804,0.0246097726159869,0.0251002290046124,0.0168963234676445,0.0661158686996182,0.952,0.95175,0.956,0.00424999999999998,0.00476969600708472,0.9515,0.96,2.05477582047247,2.05402175176472,2.05823456151218,0.00421280974745031,0.00449290367609113,2.05326768305698,2.06169330255188,,,,,,,,,,,,,,,,,,,,,,,,,,,,,,,,,,,,,,,,,,,,,,,,,,,,,,,,,,,,,,,,,,,,,,,,,,,,,,"standard","cpu1","/Users/stefano/Documents/fastEmbedR-results/flow18/standard/cpu1/20260721_084502_1071169/benchmark_summary_median_variability.csv"
"flow18","Rtsne_full","t-SNE","cpu","full_pipeline",1,1,1000021,11,,30,"standard_R_double",,3,3,"success",4483.407,4436.237,4640.012,203.775000000001,213.345393747635,4389.067,4796.617,,,,,,,,,,,,,,,,,,,,,,,,,,,,,,,,,,,,3.26238632202148,3.26237106323242,3.26240539550781,3.4332275390625e-05,3.44028454042274e-05,3.26235580444336,3.26242446899414,,,,,,,,,,,,,,,0.718850851458439,0.716982979261507,0.74960949249705,0.0326265132355421,0.0366430740249338,0.715115107064576,0.78036813353566,0.169133333333333,0.164366666666666,0.175516666666666,0.01115,0.0111889992270848,0.1596,0.1819,0.218066666666667,0.210958333333333,0.225316666666667,0.0143583333333335,0.0143585662907524,0.20385,0.232566666666667,0.2563,0.24775,0.26432,0.01657,0.0165728251464056,0.2392,0.27234,-0.155814862342023,-0.199424687103161,-0.151012939956119,0.0484117471470425,0.0533452436875531,-0.2430345118643,-0.146211017570215,0.673,0.66925,0.719,0.0497500000000001,0.0554083327066727,0.6655,0.765,2.79471610936837,2.76532407856343,2.81845469990596,0.0531306213425249,0.0532307873308445,2.7359320477585,2.84219329044355,,,,,,,,,,,,,,,,,,,,,,,,,,,,,,,,,,,,,,,,,,,,,,,,,,,,,,,,,,,,,,,,,,,,,,,,,,,,,,"standard","cpu1","/Users/stefano/Documents/fastEmbedR-results/flow18/standard/cpu1/20260721_084502_1071169/benchmark_summary_median_variability.csv"
"flow18","Rtsne_neighbors","t-SNE","cpu","embedding_from_precomputed_knn",1,1,1000021,11,,30,"standard_R_double",,3,3,"success",2830.286,2809.2125,2855.528,46.3155000000002,46.3779869226769,2788.139,2880.77,,,,,,,,,,,,,,,,,,,,,,,,,,,,,2830.286,2809.2125,2855.528,46.3155000000002,46.3779869226769,2788.139,2880.77,5.2890510559082,5.28893661499023,5.2890567779541,0.000120162963867188,0.000135569424773536,5.28882217407227,5.2890625,,,,,,,,,,,,,,,0.949693997639521,0.949269086157478,0.949918959703254,0.000649873545776503,0.000660047131242173,0.948844174675434,0.950143921766987,0.2885,0.288316666666666,0.289983333333333,0.00166666666666698,0.00182787064944765,0.288133333333333,0.291466666666667,0.368416666666667,0.367175,0.370833333333334,0.00365833333333349,0.00372070035223371,0.365933333333333,0.37325,0.43307,0.429385,0.43387,0.00448499999999996,0.00478431116602309,0.4257,0.43467,-0.0297115215625089,-0.032255336675607,-0.0171087929366466,0.0151465437389604,0.0162217457215717,-0.0347991517887051,-0.00450606431078438,0.944,0.9395,0.9455,0.00600000000000001,0.00624499799839834,0.935,0.947,2.12074280645048,2.12074280645048,2.12074280645048,0,0,2.12074280645048,2.12074280645048,,,,,,,,,,,,,,,,,,,,,,,,,,,,,,,,,,,,,,,,,,,,,,,,,,,,,,,,,,,,,,,,,,,,,,,,,,,,,,"standard","cpu1","/Users/stefano/Documents/fastEmbedR-results/flow18/standard/cpu1/20260721_084502_1071169/benchmark_summary_median_variability.csv"
"flow18","fastEmbedR_umap_cpu_binary_full","UMAP","cpu","full_pipeline",1,1,1000021,11,30,,"float32",,3,3,"success",2055.806,2028.5265,2126.005,97.4785000000002,100.578754163094,2001.247,2196.204,0.0110000000000001,0.01,0.0115000000000001,0.00150000000000005,0.00152752523165201,0.0089999999999999,0.012,287.221,284.582,288.8355,4.25350000000003,4.2944299971009,281.943,290.45,,,,,,,,,,,,,,,1768.315,1743.674,1836.901,93.2270000000001,96.6177754729084,1719.033,1905.487,3.65414047241211,3.65413475036621,3.65787696838379,0.00374221801757812,0.0043178413263477,3.65412902832031,3.66161346435547,,,,,,,,,,,,,,,0.966728022255943,0.966502824144327,0.967103473276008,0.000600649131681008,0.000606881118139985,0.96627762603271,0.967478924296072,0.340233333333333,0.33815,0.341633333333333,0.00348333333333301,0.00350560397923907,0.336066666666667,0.343033333333333,0.433616666666667,0.431025,0.434141666666667,0.00311666666666699,0.00333726157422778,0.428433333333333,0.434666666666667,0.50351,0.5032,0.50392,0.000719999999999943,0.000722311105641694,0.50289,0.50433,0.460853301742649,0.420630264768708,0.461534943779508,0.0409046790108005,0.0468440683135731,0.380407227794767,0.462216585816368,0.9535,0.9535,0.96025,0.00675000000000003,0.00779422863405992,0.9535,0.967,,,,,,,,,,,,,,,,,,,,,,,,,,,,,,,,,,,,,,,,,,,,,,,,,,,,,,,,,,,,,,,,,,,,,,,,,,,,,,,,,,,,,"standard","cpu1","/Users/stefano/Documents/fastEmbedR-results/flow18/standard/cpu1/20260721_084502_1071169/benchmark_summary_median_variability.csv"
"flow18","fastEmbedR_umap_cpu_binary_knn","UMAP","cpu","embedding_from_precomputed_knn",1,1,1000021,11,30,,"float32",,3,3,"success",1676.325,1659.052,1709.321,50.2689999999998,51.0820575544878,1641.779,1742.317,,,,,,,,,,,,,,,,,,,,,,,,,,,,,1676.325,1659.052,1709.321,50.2689999999998,51.0820575544878,1641.779,1742.317,3.8791389465332,3.8791389465332,3.87925338745117,0.00011444091796875,0.000132144989591131,3.8791389465332,3.87936782836914,,,,,,,,,,,,,,,0.966728022255943,0.966502824144327,0.967103473276008,0.000600649131681008,0.000606881118139985,0.96627762603271,0.967478924296072,0.340233333333333,0.33815,0.341633333333333,0.00348333333333301,0.00350560397923907,0.336066666666667,0.343033333333333,0.433616666666667,0.431025,0.434141666666667,0.00311666666666699,0.00333726157422778,0.428433333333333,0.434666666666667,0.50351,0.5032,0.50392,0.000719999999999943,0.000722311105641694,0.50289,0.50433,0.460853301742649,0.420630264768708,0.461534943779508,0.0409046790108005,0.0468440683135731,0.380407227794767,0.462216585816368,0.9535,0.9535,0.96025,0.00675000000000003,0.00779422863405992,0.9535,0.967,,,,,,,,,,,,,,,,,,,,,,,,,,,,,,,,,,,,,,,,,,,,,,,,,,,,,,,,,,,,,,,,,,,,,,,,,,,,,,,,,,,,,"standard","cpu1","/Users/stefano/Documents/fastEmbedR-results/flow18/standard/cpu1/20260721_084502_1071169/benchmark_summary_median_variability.csv"
"flow18","fastEmbedR_umap_cpu_fuzzy_full","UMAP","cpu","full_pipeline",1,1,1000021,11,30,,"float32",,3,3,"success",742.172,742.05,744.334,2.28400000000011,2.56979687913265,741.928,746.496,0.00900000000000012,0.00900000000000012,0.00950000000000006,0.00049999999999994,0.000577350269189556,0.00900000000000012,0.01,301.392,301.1745,302.0585,0.884000000000015,0.921225451956991,300.957,302.725,,,,,,,,,,,,,,,440.942,440.599,442.2455,1.6465,1.73737800530953,440.256,443.549,3.65426254272461,3.6541805267334,3.65794372558594,0.00376319885253906,0.0042987982417649,3.65409851074219,3.66162490844727,,,,,,,,,,,,,,,0.964556179396392,0.963660360816051,0.965238113302985,0.00157775248693315,0.00158257757932373,0.962764542235711,0.965920047209577,0.336266666666667,0.33595,0.337866666666667,0.00191666666666701,0.00205489478869203,0.335633333333333,0.339466666666667,0.42685,0.425633333333334,0.429175,0.00354166666666644,0.00359900963743768,0.424416666666667,0.4315,0.49814,0.49734,0.498705,0.00136500000000001,0.00137172640615152,0.49654,0.49927,0.394108940648304,0.378760995451356,0.42257598065648,0.0438149852051235,0.0444648529149394,0.363413050254409,0.451043020664656,0.9535,0.9485,0.95725,0.00874999999999992,0.0087797114607106,0.9435,0.961,,,,,,,,,,,,,,,,,,,,,,,,,,,,,,,,,,,,,,,,,,,,,,,,,,,,,,,,,,,,,,,,,,,,,,,,,,,,,,,,,,,,,"standard","cpu1","/Users/stefano/Documents/fastEmbedR-results/flow18/standard/cpu1/20260721_084502_1071169/benchmark_summary_median_variability.csv"
"flow18","fastEmbedR_umap_cpu_fuzzy_knn","UMAP","cpu","embedding_from_precomputed_knn",1,1,1000021,11,30,,"float32",,3,3,"success",417.486,413.292,436.689,23.3969999999999,24.9501430056022,409.098,455.892,,,,,,,,,,,,,,,,,,,,,,,,,,,,,417.486,413.292,436.689,23.3969999999999,24.9501430056022,409.098,455.892,3.87921905517578,3.87912559509277,3.87932968139648,0.000204086303710938,0.000204326808789705,3.87903213500977,3.87944030761719,,,,,,,,,,,,,,,0.964556179396392,0.963660360816051,0.965238113302985,0.00157775248693315,0.00158257757932373,0.962764542235711,0.965920047209577,0.336266666666667,0.33595,0.337866666666667,0.00191666666666701,0.00205489478869203,0.335633333333333,0.339466666666667,0.42685,0.425633333333334,0.429175,0.00354166666666644,0.00359900963743768,0.424416666666667,0.4315,0.49814,0.49734,0.498705,0.00136500000000001,0.00137172640615152,0.49654,0.49927,0.394108940648304,0.378760995451356,0.42257598065648,0.0438149852051235,0.0444648529149394,0.363413050254409,0.451043020664656,0.9535,0.9485,0.95725,0.00874999999999992,0.0087797114607106,0.9435,0.961,,,,,,,,,,,,,,,,,,,,,,,,,,,,,,,,,,,,,,,,,,,,,,,,,,,,,,,,,,,,,,,,,,,,,,,,,,,,,,,,,,,,,"standard","cpu1","/Users/stefano/Documents/fastEmbedR-results/flow18/standard/cpu1/20260721_084502_1071169/benchmark_summary_median_variability.csv"
"flow18","uwot_default","UMAP","cpu","full_pipeline",1,1,1000021,11,30,,"standard_R_double",,3,3,"success",1449.534,1446.4365,1453.934,7.49750000000017,7.53511833572202,1443.339,1458.334,,,,,,,,,,,,,,,,,,,,,,,,,,,,,,,,,,,,6.57467651367188,6.57465171813965,6.57468032836914,2.86102294921875e-05,3.10689079866298e-05,6.57462692260742,6.57468414306641,,,,,,,,,,,,,,,0.966804333164728,0.96650788231327,0.966915950092733,0.00040806777946345,0.00042179043657882,0.966211431461811,0.967027567020738,0.3377,0.335983333333334,0.337966666666667,0.001983333333333,0.00215277598566203,0.334266666666667,0.338233333333333,0.4281,0.42625,0.429866666666667,0.00361666666666649,0.00361698667299056,0.4244,0.431633333333333,0.50236,0.501515,0.50246,0.000945000000000085,0.00103828384044702,0.50067,0.50256,0.395962492494917,0.386079820461404,0.412285755543143,0.026205935081738,0.0264684360017966,0.376197148427892,0.428609018591368,0.9535,0.95225,0.95725,0.00499999999999989,0.00520416499866533,0.951,0.961,,,,,,,,,,,,,,,,,,,,,,,,,,,,,,,,,,,,,,,,,,,,,,,,,,,,,,,,,,,,,,,,,,,,,,,,,,,,,,,,,,,,,"standard","cpu1","/Users/stefano/Documents/fastEmbedR-results/flow18/standard/cpu1/20260721_084502_1071169/benchmark_summary_median_variability.csv"
"flow18","uwot_fast_sgd","UMAP","cpu","full_pipeline",1,1,1000021,11,30,,"standard_R_double",,3,3,"success",1330.321,1328.315,1342.77,14.4549999999999,15.66202758266,1326.309,1355.219,,,,,,,,,,,,,,,,,,,,,,,,,,,,,,,,,,,,6.57451248168945,6.57450866699219,6.57462501525879,0.000116348266601562,0.000132200038537319,6.57450485229492,6.57473754882812,,,,,,,,,,,,,,,0.967288855167763,0.966800657561963,0.96923776766144,0.002437110099477,0.00257890189128267,0.966312459956163,0.971186680155117,0.3421,0.3355,0.344816666666667,0.00931666666666653,0.00958264248717619,0.3289,0.347533333333333,0.431716666666667,0.427483333333334,0.435366666666667,0.00788333333333346,0.00789052408718033,0.42325,0.439016666666667,0.50586,0.502665,0.5093,0.00663499999999995,0.0066365076157067,0.49947,0.51274,0.403329081485596,0.397088848313027,0.421083297716678,0.0239944494036505,0.0248982771319943,0.390848615140459,0.43883751394776,0.957,0.95475,0.959,0.00424999999999998,0.00425245027405767,0.9525,0.961,,,,,,,,,,,,,,,,,,,,,,,,,,,,,,,,,,,,,,,,,,,,,,,,,,,,,,,,,,,,,,,,,,,,,,,,,,,,,,,,,,,,,"standard","cpu1","/Users/stefano/Documents/fastEmbedR-results/flow18/standard/cpu1/20260721_084502_1071169/benchmark_summary_median_variability.csv"
"flow18","uwot_knn","UMAP","cpu","embedding_from_precomputed_knn",1,1,1000021,11,30,,"standard_R_double",,3,3,"success",763.92,740.4955,765.5135,25.018,28.0136486556107,717.071,767.107,,,,,,,,,,,,,,,,,,,,,,,,,,,,,763.92,740.4955,765.5135,25.018,28.0136486556107,717.071,767.107,6.27134323120117,6.27120208740234,6.27134895324707,0.000146865844726562,0.000166380868499846,6.27106094360352,6.27135467529297,,,,,,,,,,,,,,,0.966406895970325,0.966282119372787,0.966619001854662,0.000336882481874468,0.000340634615638981,0.966157342775249,0.966831107738998,0.3338,0.331716666666666,0.33785,0.00613333333333349,0.00623755056388634,0.329633333333333,0.3419,0.42565,0.424458333333333,0.428816666666667,0.00435833333333302,0.00450502805515957,0.423266666666667,0.431983333333333,0.49845,0.498215,0.50146,0.00324500000000005,0.00361896394013534,0.49798,0.50447,0.414456170362093,0.396139123763712,0.419182477203677,0.0230433534399654,0.0243426691251836,0.37782207716533,0.423908784045261,0.9545,0.95375,0.96,0.00624999999999998,0.00682519840981445,0.953,0.9655,,,,,,,,,,,,,,,,,,,,,,,,,,,,,,,,,,,,,,,,,,,,,,,,,,,,,,,,,,,,,,,,,,,,,,,,,,,,,,,,,,,,,"standard","cpu1","/Users/stefano/Documents/fastEmbedR-results/flow18/standard/cpu1/20260721_084502_1071169/benchmark_summary_median_variability.csv"
"flow18","fastEmbedR_pca_cpu","PCA","cpu","pca_only",4,4,1000021,11,,,"float32",,3,3,"success",1.409,1.3635,1.411,0.0474999999999999,0.0537308105280387,1.318,1.413,,,,,,,,,,,,,,,1.409,1.3635,1.411,0.0474999999999999,0.0537308105280387,1.318,1.413,,,,,,,,,,,,,,,0.756546020507812,0.756473541259766,0.756671905517578,0.0001983642578125,0.000200746367104756,0.756401062011719,0.756797790527344,,,,,,,,,,,,,,,,,,,,,,,,,,,,,,,,,,,,,,,,,,,,,,,,,,,,,,,,,,,,,,,,,,,,,,,,,,,,,,,,,,,,,,,,,,,,,,,,,,,,,,,,,,,,,,,,,,,,,,,,,,,,,,,,,,,,,,,,,,,,,"standard","cpu4","/Users/stefano/Documents/fastEmbedR-results/flow18/standard/cpu4/20260721_084502_1071180/benchmark_summary_median_variability.csv"
"flow18","irlba_pca","PCA","cpu","pca_only",4,4,1000021,11,,,"standard_R_double",,3,3,"success",0.973,0.949,0.998,0.0489999999999999,0.0490034012424987,0.925,1.023,,,,,,,,,,,,,,,0.973,0.949,0.998,0.0489999999999999,0.0490034012424987,0.925,1.023,,,,,,,,,,,,,,,0.551883697509766,0.551858901977539,0.552040100097656,0.000181198120117188,0.000196484684138121,0.551834106445312,0.552196502685547,,,,,,,,,,,,,,,,,,,,,,,,,,,,,,,,,,,,,,,,,,,,,,,,,,,,,,,,,,,,,,,,,,,,,,,,,,,,,,,,,,,,,,,,,,,,,,,,,,,,,,,,,,,,,,,,,,,,,,,,,,,,,,,,,,,,,,,,,,,,,"standard","cpu4","/Users/stefano/Documents/fastEmbedR-results/flow18/standard/cpu4/20260721_084502_1071180/benchmark_summary_median_variability.csv"
"flow18","fastEmbedR_opentsne_cpu_full","t-SNE","cpu","full_pipeline",4,4,1000021,11,,30,"float32",,3,3,"success",356.27,356.091,358.955,2.86399999999998,3.20871334546004,355.912,361.64,0.00500000000000012,0.005,0.00549999999999995,0.000499999999999945,0.000577350269189496,0.00499999999999989,0.00599999999999978,273.537,272.484,274.475,1.99100000000004,1.99210675751411,271.431,275.413,,,,,,,,,,,,,,,83.025,82.182,83.87,1.68799999999996,1.68800039494461,81.3390000000001,84.715,1.94469833374023,1.94464492797852,1.9447135925293,6.866455078125e-05,7.21102237892549e-05,1.9445915222168,1.94472885131836,,,,,,,,,,,,,,,0.975126740853145,0.974996501433148,0.975413117518126,0.000416616084977561,0.000426257248640999,0.974866262013151,0.975699494183106,0.397766666666667,0.393216666666667,0.399466666666667,0.00624999999999998,0.00646297145282261,0.388666666666667,0.401166666666667,0.4387,0.435975,0.439175,0.00319999999999998,0.0034536212878658,0.43325,0.43965,0.47877,0.477335,0.47922,0.00188500000000003,0.00196891679187652,0.4759,0.47967,0.0538105049024427,0.0505470523140637,0.0627171707826135,0.0121701184685498,0.0125986931448235,0.0472835997256848,0.0716238366627844,0.955,0.954,0.9595,0.00550000000000006,0.00585946527708232,0.953,0.964,2.02514999257983,2.02514999257983,2.02514999257983,0,0,2.02514999257983,2.02514999257983,,,,,,,,,,,,,,,,,,,,,,,,,,,,,,,,,,,,,,,,,,,,,,,,,,,,,,,,,,,,,,,,,,,,,,,,,,,,,,"standard","cpu4","/Users/stefano/Documents/fastEmbedR-results/flow18/standard/cpu4/20260721_084502_1071180/benchmark_summary_median_variability.csv"
"flow18","fastEmbedR_opentsne_cpu_knn","t-SNE","cpu","embedding_from_precomputed_knn",4,4,1000021,11,,30,"float32",,3,3,"success",81.76,81.4045,82.6955,1.291,1.33372198502286,81.049,83.631,,,,,,,,,,,,,,,,,,,,,,,,,,,,,81.76,81.4045,82.6955,1.291,1.33372198502286,81.049,83.631,1.7733268737793,1.77325820922852,1.77335739135742,9.918212890625e-05,0.00010159802426879,1.77318954467773,1.77338790893555,,,,,,,,,,,,,,,0.975537683358624,0.975368976563817,0.976117273646939,0.000748297083122518,0.000784999112327893,0.97520026976901,0.976696863935255,0.398933333333333,0.39465,0.39895,0.00430000000000008,0.00495561783717696,0.390366666666667,0.398966666666667,0.439583333333333,0.435941666666667,0.439641666666666,0.00369999999999998,0.00423911460007767,0.4323,0.4397,0.47933,0.477585,0.479445,0.00186000000000003,0.00208452232737702,0.47584,0.47956,0.0550378006292001,0.0515056159244922,0.0635023376382847,0.0119967217137925,0.0123300729233993,0.0479734312197843,0.0719668746473693,0.955,0.954,0.95975,0.00575000000000003,0.00614410286372229,0.953,0.9645,2.02333396908446,2.02333396908446,2.02333396908446,0,0,2.02333396908446,2.02333396908446,,,,,,,,,,,,,,,,,,,,,,,,,,,,,,,,,,,,,,,,,,,,,,,,,,,,,,,,,,,,,,,,,,,,,,,,,,,,,,"standard","cpu4","/Users/stefano/Documents/fastEmbedR-results/flow18/standard/cpu4/20260721_084502_1071180/benchmark_summary_median_variability.csv"
"flow18","KlugerLab_FItSNE","t-SNE","cpu","full_pipeline",4,4,1000021,11,,30,"standard_R_double",,3,3,"success",464.383,455.6495,466.438,10.7885,11.4568401548304,446.916,468.493,,,,,,,,,,,,,,,,,,,,,,,,,,,,,,,,,,,,3.33035278320312,3.32962799072266,3.34438323974609,0.0147552490234375,0.0166352318626769,3.32890319824219,3.35841369628906,,,,,,,,,,,,,,,0.974468740515933,0.973681360647445,0.974797976732423,0.00111661608497704,0.00114751761781021,0.972893980778958,0.975127212948912,0.392266666666667,0.387783333333333,0.392533333333334,0.00475000000000003,0.00533753306868072,0.3833,0.3928,0.436033333333333,0.434416666666667,0.436391666666667,0.001975,0.00210438255218143,0.4328,0.43675,0.47803,0.476505,0.47922,0.00271499999999997,0.00272188047741507,0.47498,0.48041,0.0497212852703548,0.0330259326983837,0.0579236909332696,0.0248977582348859,0.0253760073203576,0.0163305801264127,0.0661260965961845,0.953,0.95225,0.9565,0.00424999999999986,0.00453688586293872,0.9515,0.96,2.05813001059824,2.05635697039784,2.0606544820851,0.00429751168726478,0.00431935446893076,2.05458393019744,2.06317895357197,,,,,,,,,,,,,,,,,,,,,,,,,,,,,,,,,,,,,,,,,,,,,,,,,,,,,,,,,,,,,,,,,,,,,,,,,,,,,,"standard","cpu4","/Users/stefano/Documents/fastEmbedR-results/flow18/standard/cpu4/20260721_084502_1071180/benchmark_summary_median_variability.csv"
"flow18","Rtsne_full","t-SNE","cpu","full_pipeline",4,4,1000021,11,,30,"standard_R_double",,3,3,"success",1925.527,1893.5205,1970.9645,77.444,77.8312515831527,1861.514,2016.402,,,,,,,,,,,,,,,,,,,,,,,,,,,,,,,,,,,,3.26904678344727,3.26900863647461,3.26910972595215,0.000101089477539062,0.000102098099599944,3.26897048950195,3.26917266845703,,,,,,,,,,,,,,,0.77698406676783,0.738488484235373,0.783887329286798,0.0453988450514246,0.048925930683856,0.699992901702917,0.790790591805766,0.171433333333333,0.162933333333333,0.180183333333333,0.01725,0.017250603854165,0.154433333333333,0.188933333333333,0.2256,0.211108333333334,0.235416666666666,0.024308333333333,0.0244577242967894,0.196616666666667,0.245233333333333,0.26739,0.24933,0.27965,0.03032,0.0305043559730956,0.23127,0.29191,-0.165879248907169,-0.168710618833287,-0.137663797120781,0.031046821712506,0.0343320405609361,-0.171541988759405,-0.109448345334393,0.7445,0.6995,0.75675,0.05725,0.0602916522690607,0.6545,0.769,2.70718790549303,2.66373426878397,2.79159969573085,0.127865426946885,0.130033678413727,2.62028063207491,2.87601148596868,,,,,,,,,,,,,,,,,,,,,,,,,,,,,,,,,,,,,,,,,,,,,,,,,,,,,,,,,,,,,,,,,,,,,,,,,,,,,,"standard","cpu4","/Users/stefano/Documents/fastEmbedR-results/flow18/standard/cpu4/20260721_084502_1071180/benchmark_summary_median_variability.csv"
"flow18","Rtsne_neighbors","t-SNE","cpu","embedding_from_precomputed_knn",4,4,1000021,11,,30,"standard_R_double",,3,3,"success",1315.582,1313.6805,1323.249,9.56850000000009,10.130968479535,1311.779,1330.916,,,,,,,,,,,,,,,,,,,,,,,,,,,,,1315.582,1313.6805,1323.249,9.56850000000009,10.130968479535,1311.779,1330.916,5.28983306884766,5.28970146179199,5.28989601135254,0.000194549560546875,0.000198547572016496,5.28956985473633,5.28995895385742,,,,,,,,,,,,,,,0.949693997639521,0.949269086157478,0.949918959703254,0.000649873545776503,0.000660047131242173,0.948844174675434,0.950143921766987,0.2885,0.288316666666666,0.289983333333333,0.00166666666666698,0.00182787064944765,0.288133333333333,0.291466666666667,0.368416666666667,0.367175,0.370833333333334,0.00365833333333349,0.00372070035223371,0.365933333333333,0.37325,0.43307,0.429385,0.43387,0.00448499999999996,0.00478431116602309,0.4257,0.43467,-0.0297115106561822,-0.0322553312022337,-0.0171087874804133,0.0151465437218205,0.0162217434560859,-0.0347991517482853,-0.0045060643046443,0.944,0.9395,0.9455,0.00600000000000001,0.00624499799839834,0.935,0.947,2.12074280645003,2.12074280645003,2.12074280645003,0,0,2.12074280645003,2.12074280645003,,,,,,,,,,,,,,,,,,,,,,,,,,,,,,,,,,,,,,,,,,,,,,,,,,,,,,,,,,,,,,,,,,,,,,,,,,,,,,"standard","cpu4","/Users/stefano/Documents/fastEmbedR-results/flow18/standard/cpu4/20260721_084502_1071180/benchmark_summary_median_variability.csv"
"flow18","fastEmbedR_umap_cpu_binary_full","UMAP","cpu","full_pipeline",4,4,1000021,11,30,,"float32",,3,3,"success",878.961,877.1695,881.754,4.58450000000005,4.62081966033444,875.378,884.547,0.00600000000000001,0.00549999999999995,0.00600000000000001,0.00050000000000006,0.000577350269189695,0.00499999999999989,0.00600000000000001,260.396,259.677,260.8035,1.12649999999996,1.14076567853934,258.958,261.211,,,,,,,,,,,,,,,617.485,616.0895,621.395,5.30549999999994,5.50053636778571,614.694,625.305,3.67349624633789,3.67349052429199,3.6735782623291,8.7738037109375e-05,9.81744290515015e-05,3.67348480224609,3.67366027832031,,,,,,,,,,,,,,,0.966637481031866,0.966577162367223,0.967125661777103,0.000548499409879888,0.000601559298248125,0.96651684370258,0.96761384252234,0.3421,0.339166666666667,0.342466666666666,0.00329999999999997,0.00361744743236533,0.336233333333333,0.342833333333333,0.433583333333333,0.430533333333333,0.434308333333333,0.00377499999999997,0.00400655712551313,0.427483333333333,0.435033333333333,0.50457,0.50372,0.5048,0.00107999999999997,0.00113777560763678,0.50287,0.50503,0.461152006053576,0.419941691631822,0.461184553206492,0.0412428615746695,0.0476043744833343,0.378731377210069,0.461217100359408,0.9535,0.9535,0.958,0.00449999999999995,0.00519615242270664,0.9535,0.9625,,,,,,,,,,,,,,,,,,,,,,,,,,,,,,,,,,,,,,,,,,,,,,,,,,,,,,,,,,,,,,,,,,,,,,,,,,,,,,,,,,,,,"standard","cpu4","/Users/stefano/Documents/fastEmbedR-results/flow18/standard/cpu4/20260721_084502_1071180/benchmark_summary_median_variability.csv"
"flow18","fastEmbedR_umap_cpu_binary_knn","UMAP","cpu","embedding_from_precomputed_knn",4,4,1000021,11,30,,"float32",,3,3,"success",635.613,631.3055,639.304,7.99850000000004,8.00641573989258,626.998,642.995,,,,,,,,,,,,,,,,,,,,,,,,,,,,,635.613,631.3055,639.304,7.99850000000004,8.00641573989258,626.998,642.995,3.88759994506836,3.88746452331543,3.88763236999512,0.0001678466796875,0.000178069153091184,3.8873291015625,3.88766479492188,,,,,,,,,,,,,,,0.966422728039117,0.966355370089361,0.96693937784522,0.000584007755859428,0.000639024868815052,0.966288012139605,0.967456027651324,0.3413,0.33845,0.342116666666667,0.00366666666666648,0.0038500120249931,0.3356,0.342933333333333,0.433516666666667,0.430266666666667,0.4345,0.00423333333333298,0.00443099353460389,0.427016666666667,0.435483333333333,0.50465,0.503655,0.504685,0.00103000000000009,0.00116965806969387,0.50266,0.50472,0.458950548174813,0.419031622407871,0.45911810834199,0.040086485934119,0.0461914498967256,0.379112696640929,0.459285668509167,0.956,0.95475,0.95925,0.00449999999999995,0.0046457866215888,0.9535,0.9625,,,,,,,,,,,,,,,,,,,,,,,,,,,,,,,,,,,,,,,,,,,,,,,,,,,,,,,,,,,,,,,,,,,,,,,,,,,,,,,,,,,,,"standard","cpu4","/Users/stefano/Documents/fastEmbedR-results/flow18/standard/cpu4/20260721_084502_1071180/benchmark_summary_median_variability.csv"
"flow18","fastEmbedR_umap_cpu_fuzzy_full","UMAP","cpu","full_pipeline",4,4,1000021,11,30,,"float32",,3,3,"success",398.817,396.601,400.715,4.11400000000003,4.11809470507904,394.385,402.613,0.00600000000000001,0.00550000000000006,0.00600000000000001,0.000499999999999945,0.000577350269189562,0.00500000000000012,0.00600000000000001,260.291,259.92,261.25,1.33000000000004,1.3726427066065,259.549,262.209,,,,,,,,,,,,,,,136.332,135.455,139.1955,3.7405,3.91238218139963,134.578,142.059,3.67353439331055,3.67333984375,3.67375183105469,0.0004119873046875,0.000412199177833255,3.67314529418945,3.67396926879883,,,,,,,,,,,,,,,0.964973882987692,0.963926353060192,0.966615435845558,0.00268908278536506,0.00271086467887031,0.962878823132693,0.968256988703423,0.3408,0.339766666666666,0.341316666666666,0.00155,0.00157844273937371,0.338733333333333,0.341833333333333,0.4298,0.42915,0.4306,0.00144999999999995,0.0014525839046334,0.4285,0.4314,0.49906,0.49874,0.50159,0.00285000000000002,0.00312258439971339,0.49842,0.50412,0.455608758050752,0.399702033419315,0.490767340851552,0.091065307432238,0.0918497977544649,0.343795308787877,0.525925923652353,0.954,0.95175,0.958,0.00624999999999998,0.00633113997107417,0.9495,0.962,,,,,,,,,,,,,,,,,,,,,,,,,,,,,,,,,,,,,,,,,,,,,,,,,,,,,,,,,,,,,,,,,,,,,,,,,,,,,,,,,,,,,"standard","cpu4","/Users/stefano/Documents/fastEmbedR-results/flow18/standard/cpu4/20260721_084502_1071180/benchmark_summary_median_variability.csv"
"flow18","fastEmbedR_umap_cpu_fuzzy_knn","UMAP","cpu","embedding_from_precomputed_knn",4,4,1000021,11,30,,"float32",,3,3,"success",135.754,135.2615,135.948,0.686499999999967,0.707801525853111,134.769,136.142,,,,,,,,,,,,,,,,,,,,,,,,,,,,,135.754,135.2615,135.948,0.686499999999967,0.707801525853111,134.769,136.142,3.88741683959961,3.88737297058105,3.88751602172852,0.000143051147460938,0.000146572430953024,3.8873291015625,3.88761520385742,,,,,,,,,,,,,,,0.964718630922273,0.963587051087506,0.966529615579161,0.00294256449165409,0.00296859384641673,0.96245547125274,0.968340600236048,0.3401,0.339216666666666,0.340566666666667,0.00135000000000002,0.00137126597360633,0.338333333333333,0.341033333333333,0.429383333333333,0.428508333333333,0.430333333333333,0.00182500000000002,0.00182551362635289,0.427633333333333,0.431283333333333,0.49906,0.498685,0.5014,0.00271499999999997,0.00294249893797771,0.49831,0.50374,0.456237419739934,0.411934834581026,0.490928260585225,0.078993426004199,0.0791881087125101,0.367632249422118,0.525619101430516,0.9535,0.952,0.95625,0.00425000000000009,0.00431083905212583,0.9505,0.959,,,,,,,,,,,,,,,,,,,,,,,,,,,,,,,,,,,,,,,,,,,,,,,,,,,,,,,,,,,,,,,,,,,,,,,,,,,,,,,,,,,,,"standard","cpu4","/Users/stefano/Documents/fastEmbedR-results/flow18/standard/cpu4/20260721_084502_1071180/benchmark_summary_median_variability.csv"
"flow18","umap_package_knn","UMAP","cpu","embedding_from_precomputed_knn",4,4,1000021,11,30,,"standard_R_double",,3,3,"success",5498.686,5472.041,5525.3195,53.2785000000003,53.2785004137069,5445.396,5551.953,,,,,,,,,,,,,,,,,,,,,,,,,,,,,5498.686,5472.041,5525.3195,53.2785000000003,53.2785004137069,5445.396,5551.953,22.3720397949219,22.3720283508301,22.3724460601807,0.000417709350585938,0.000475859593649867,22.3720169067383,22.3728523254395,,,,,,,,,,,,,,,0.965737059517788,0.965384176361491,0.965886359804418,0.000502183442926962,0.000515755308866634,0.965031293205193,0.966035660091047,0.3328,0.33,0.3357,0.00570000000000004,0.00570029239016153,0.3272,0.3386,0.424466666666667,0.42375,0.427325,0.00357499999999999,0.00378279487112849,0.423033333333333,0.430183333333333,0.49731,0.497305,0.500305,0.003,0.00346121847523863,0.4973,0.5033,0.364761960022303,0.351030351558438,0.376845646130834,0.025815294572396,0.0258328211755765,0.337298743094573,0.388929332239365,0.9555,0.95425,0.9605,0.00624999999999998,0.0066143782776615,0.953,0.9655,,,,,,,,,,,,,,,,,,,,,,,,,,,,,,,,,,,,,,,,,,,,,,,,,,,,,,,,,,,,,,,,,,,,,,,,,,,,,,,,,,,,,"standard","cpu4","/Users/stefano/Documents/fastEmbedR-results/flow18/standard/cpu4/20260721_084502_1071180/benchmark_summary_median_variability.csv"
"flow18","uwot_default","UMAP","cpu","full_pipeline",4,4,1000021,11,30,,"standard_R_double",,3,3,"success",1339.36,1320.773,1347.8855,27.1125,27.7278244789117,1302.186,1356.411,,,,,,,,,,,,,,,,,,,,,,,,,,,,,,,,,,,,6.57567596435547,6.57562255859375,6.57586860656738,0.000246047973632812,0.000258847191118255,6.57556915283203,6.5760612487793,,,,,,,,,,,,,,,0.966804333164728,0.96650788231327,0.966915950092733,0.00040806777946345,0.00042179043657882,0.966211431461811,0.967027567020738,0.3377,0.335983333333334,0.337966666666667,0.001983333333333,0.00215277598566203,0.334266666666667,0.338233333333333,0.4281,0.42625,0.429866666666667,0.00361666666666649,0.00361698667299056,0.4244,0.431633333333333,0.50236,0.501515,0.50246,0.000945000000000085,0.00103828384044702,0.50067,0.50256,0.395962492494917,0.386079820461404,0.412285755543143,0.026205935081738,0.0264684360017966,0.376197148427892,0.428609018591368,0.9535,0.95225,0.95725,0.00499999999999989,0.00520416499866533,0.951,0.961,,,,,,,,,,,,,,,,,,,,,,,,,,,,,,,,,,,,,,,,,,,,,,,,,,,,,,,,,,,,,,,,,,,,,,,,,,,,,,,,,,,,,"standard","cpu4","/Users/stefano/Documents/fastEmbedR-results/flow18/standard/cpu4/20260721_084502_1071180/benchmark_summary_median_variability.csv"
"flow18","uwot_fast_sgd","UMAP","cpu","full_pipeline",4,4,1000021,11,30,,"standard_R_double",,3,3,"success",789.126,784.3195,796.48,12.1605,12.2491229209822,779.513,803.834,,,,,,,,,,,,,,,,,,,,,,,,,,,,,,,,,,,,6.57590103149414,6.57572555541992,6.57597351074219,0.000247955322265625,0.000254986190293402,6.5755500793457,6.57604598999023,,,,,,,,,,,,,,,0.966161406170966,0.966126049570055,0.966549384589445,0.000423335019389626,0.000469744527074679,0.966090692969145,0.966937363007924,0.336866666666667,0.333083333333334,0.338083333333334,0.005,0.00521497132551336,0.3293,0.3393,0.429433333333333,0.425116666666666,0.42985,0.00473333333333353,0.00524160704788567,0.4208,0.430266666666667,0.49989,0.49983,0.501335,0.00150499999999998,0.00170423981098123,0.49977,0.50278,0.397319316641167,0.393343995266692,0.415528865131042,0.02218486986435,0.0236581104787007,0.389368673892217,0.433738413620917,0.9555,0.9545,0.95825,0.00375000000000003,0.00388372673257699,0.9535,0.961,,,,,,,,,,,,,,,,,,,,,,,,,,,,,,,,,,,,,,,,,,,,,,,,,,,,,,,,,,,,,,,,,,,,,,,,,,,,,,,,,,,,,"standard","cpu4","/Users/stefano/Documents/fastEmbedR-results/flow18/standard/cpu4/20260721_084502_1071180/benchmark_summary_median_variability.csv"
"flow18","uwot_knn","UMAP","cpu","embedding_from_precomputed_knn",4,4,1000021,11,30,,"standard_R_double",,3,3,"success",420.951,417.6575,424.9215,7.26400000000001,7.27450839117899,414.364,428.892,,,,,,,,,,,,,,,,,,,,,,,,,,,,,420.951,417.6575,424.9215,7.26400000000001,7.27450839117899,414.364,428.892,6.27215576171875,6.27209091186523,6.27218627929688,9.5367431640625e-05,9.74055887970253e-05,6.27202606201172,6.272216796875,,,,,,,,,,,,,,,0.966028629236216,0.965216405327938,0.966144520316979,0.000928114989040996,0.00101144644038858,0.964404181419659,0.966260411397741,0.333566666666667,0.331116666666667,0.336583333333334,0.00546666666666651,0.00547644788904995,0.328666666666667,0.3396,0.426283333333333,0.424908333333333,0.428458333333333,0.00355,0.00357992085573596,0.423533333333333,0.430633333333333,0.49823,0.49801,0.500875,0.00286499999999995,0.00318879810168866,0.49779,0.50352,0.406566381373112,0.391276268967568,0.415730145059821,0.024453876092253,0.0247083542985671,0.375986156562024,0.42489390874653,0.9545,0.95375,0.95925,0.00549999999999995,0.00596517672272442,0.953,0.964,,,,,,,,,,,,,,,,,,,,,,,,,,,,,,,,,,,,,,,,,,,,,,,,,,,,,,,,,,,,,,,,,,,,,,,,,,,,,,,,,,,,,"standard","cpu4","/Users/stefano/Documents/fastEmbedR-results/flow18/standard/cpu4/20260721_084502_1071180/benchmark_summary_median_variability.csv"
"flow18","fastEmbedR_pca_cuda","PCA","cuda","pca_only",1,,1000021,11,,,"float32",,3,3,"success",1.475,1.4715,1.4945,0.0229999999999999,0.0247857485933617,1.468,1.514,,,,,,,,,,,,,,,1.475,1.4715,1.4945,0.0229999999999999,0.0247857485933617,1.468,1.514,,,,,,,,,,,,,,,0.781093597412109,0.772703170776367,0.781909942626953,0.00920677185058594,0.0101924915680878,0.764312744140625,0.782726287841797,3,3,3,0,0,3,3,3,3,3,0,0,3,3,,,,,,,,,,,,,,,,,,,,,,,,,,,,,,,,,,,,,,,,,,,,,,,,,,,,,,,,,,,,,,,,,,,,,,,,,,,,,,,,,,,,,,,,,,,,,,,,,,,,,,,,,,,,,,,,,,,,,,,,,,,,,,,"standard","cuda","/Users/stefano/Documents/fastEmbedR-results/flow18/standard/cuda/20260721_193325_1071191/benchmark_summary_median_variability.csv"
"flow18","fastEmbedR_opentsne_cuda_full","t-SNE","cuda","full_pipeline",1,,1000021,11,,30,"float32",,3,3,"success",5.471,5.44,5.5625,0.1225,0.127382625712196,5.409,5.654,0.01,0.01,0.0105000000000001,0.000500000000000051,0.000577350269189683,0.01,0.0110000000000001,1.023,1.017,1.0945,0.0775000000000001,0.0862341772926102,1.011,1.166,,,,,,,,,,,,,,,4.15,4.139,4.1905,0.0514999999999999,0.054243279153581,4.128,4.231,0.944881439208984,0.944633483886719,0.944971084594727,0.000337600708007812,0.000349754556865327,0.944385528564453,0.945060729980469,1299,1298,1305,7,7.57187779440036,1297,1311,1299,1298,1305,7,7.57187779440036,1297,1311,0.977266885853988,0.977057443938628,0.978273394031361,0.00121595009273301,0.00130011775237107,0.976848002023268,0.979279902208734,0.4009,0.39675,0.402016666666666,0.00526666666666648,0.00555020853795723,0.3926,0.403133333333333,0.441033333333333,0.439541666666666,0.44225,0.00270833333333353,0.00271298318789089,0.43805,0.443466666666667,0.48293,0.48204,0.483445,0.00140499999999999,0.00142158362399121,0.48115,0.48396,0.0710134739764368,0.0674597027779378,0.079401068452492,0.0119413656745541,0.0122631492692389,0.0639059315794389,0.0877886629285471,0.956,0.95425,0.9595,0.00524999999999998,0.00534633831078179,0.9525,0.963,1.99676421415215,1.99563058222691,1.99720172637623,0.00157114414931492,0.001621734097822,1.99449695030168,1.99763923860031,,,,,,,,,,,,,,,,,,,,,,,,,,,,,,,,,,,,,,,,,,,,,,,,,,,,,,,,,,,,,,,,,,,,,,,,,,,,,,"standard","cuda","/Users/stefano/Documents/fastEmbedR-results/flow18/standard/cuda/20260721_193325_1071191/benchmark_summary_median_variability.csv"
"flow18","fastEmbedR_opentsne_cuda_knn","t-SNE","cuda","embedding_from_precomputed_knn",1,,1000021,11,,30,"float32",,3,3,"success",4.612,4.5985,4.6125,0.0140000000000011,0.0158850034099253,4.585,4.613,,,,,,,,,,,,,,,,,,,,,,,,,,,,,4.612,4.5985,4.6125,0.0140000000000011,0.0158850034099253,4.585,4.613,1.28155517578125,1.28142166137695,1.28248977661133,0.001068115234375,0.00116395159167422,1.28128814697266,1.28342437744141,1123,1123,1123,0,0,1123,1123,1123,1123,1123,0,0,1123,1123,0.97720885179565,0.977151922104198,0.977979177204519,0.000827255100320112,0.000924118760882552,0.977094992412747,0.978749502613387,0.4006,0.398266666666667,0.402416666666667,0.00414999999999999,0.0041607068487796,0.395933333333333,0.404233333333333,0.441916666666667,0.440916666666667,0.442608333333333,0.00169166666666648,0.00170100732682885,0.439916666666667,0.4433,0.48387,0.48197,0.48431,0.00234000000000001,0.00248719386725953,0.48007,0.48475,0.0727702222875207,0.0668173786074113,0.0824956946866185,0.0156783160792072,0.0158288924932638,0.0608645349273019,0.0922211670857162,0.9555,0.954,0.959,0.00500000000000012,0.00513160143944689,0.9525,0.9625,1.99317292348241,1.99220067146551,1.99355725046554,0.00135657900003494,0.00139840094337962,1.99122841944861,1.99394157744868,,,,,,,,,,,,,,,,,,,,,,,,,,,,,,,,,,,,,,,,,,,,,,,,,,,,,,,,,,,,,,,,,,,,,,,,,,,,,,"standard","cuda","/Users/stefano/Documents/fastEmbedR-results/flow18/standard/cuda/20260721_193325_1071191/benchmark_summary_median_variability.csv"
"flow18","fastEmbedR_umap_cuda_binary_full","UMAP","cuda","full_pipeline",1,,1000021,11,30,,"float32",,3,3,"success",2.562,2.5545,2.564,0.00950000000000006,0.0100166528008776,2.547,2.566,0.01,0.01,0.0105000000000001,0.000500000000000051,0.000577350269189683,0.01,0.0110000000000001,1.015,1.003,1.016,0.0130000000000001,0.0144683562761404,0.991,1.017,,,,,,,,,,,,,,,1.318,1.318,1.3185,0.000499999999999945,0.000577350269189562,1.318,1.319,0.898456573486328,0.898384094238281,0.89851188659668,0.000127792358398438,0.000128176098758022,0.898311614990234,0.898567199707031,2927,2927,2927,0,0,2927,2927,2927,2927,2927,0,0,2927,2927,0.966115494857528,0.965285660091047,0.967153962232339,0.00186830214129152,0.00187218110223716,0.964455825324566,0.968192429607149,0.3362,0.335983333333334,0.33925,0.00326666666666647,0.0036533596917134,0.335766666666667,0.3423,0.4303,0.428708333333333,0.43145,0.00274166666666653,0.00275349945691993,0.427116666666667,0.4326,0.50304,0.50249,0.504025,0.00153499999999984,0.00155540991381688,0.50194,0.50501,0.40452541737143,0.402988796679595,0.432784160568227,0.0297953638886325,0.0335527592453946,0.401452175987759,0.461042903765024,0.9535,0.953,0.9575,0.00449999999999995,0.00493288286231625,0.9525,0.9615,,,,,,,,,,,,,,,,,,,,,,,,,,,,,,,,,,,,,,,,,,,,,,,,,,,,,,,,,,,,,,,,,,,,,,,,,,,,,,,,,,,,,"standard","cuda","/Users/stefano/Documents/fastEmbedR-results/flow18/standard/cuda/20260721_193325_1071191/benchmark_summary_median_variability.csv"
"flow18","fastEmbedR_umap_cuda_binary_knn","UMAP","cuda","embedding_from_precomputed_knn",1,,1000021,11,30,,"float32",,3,3,"success",23.265,23.2485,23.2825,0.0339999999999989,0.0340049016074651,23.232,23.3,,,,,,,,,,,,,,,,,,,,,,,,,,,,,23.265,23.2485,23.2825,0.0339999999999989,0.0340049016074651,23.232,23.3,3.88208770751953,3.88207817077637,3.88212776184082,4.9591064453125e-05,5.26280774092989e-05,3.8820686340332,3.88216781616211,1101,1101,1101,0,0,1101,1101,1101,1101,1101,0,0,1101,1101,0.965194520316979,0.965036090035408,0.965272913505312,0.000236823469903946,0.000241289593632681,0.964877659753836,0.965351306693644,0.329866666666667,0.3289,0.333516666666667,0.00461666666666705,0.00486967182710562,0.327933333333333,0.337166666666667,0.424383333333333,0.421416666666666,0.426066666666666,0.00464999999999999,0.00470866026396908,0.41845,0.42775,0.49483,0.494005,0.49762,0.00361499999999998,0.00378883887226682,0.49318,0.50041,0.428292914282434,0.402366552006445,0.43283058849415,0.030464036487705,0.0328717129382464,0.376440189730456,0.437368262705866,0.954,0.95225,0.958,0.00574999999999992,0.00589491306127578,0.9505,0.962,,,,,,,,,,,,,,,,,,,,,,,,,,,,,,,,,,,,,,,,,,,,,,,,,,,,,,,,,,,,,,,,,,,,,,,,,,,,,,,,,,,,,"standard","cuda","/Users/stefano/Documents/fastEmbedR-results/flow18/standard/cuda/20260721_193325_1071191/benchmark_summary_median_variability.csv"
"flow18","fastEmbedR_umap_cuda_fuzzy_full","UMAP","cuda","full_pipeline",1,,1000021,11,30,,"float32",,3,3,"success",1.77,1.7645,1.772,0.00750000000000006,0.0077674534651541,1.759,1.774,0.01,0.00999999999999989,0.01,1.05818132034585e-16,1.21188780250986e-16,0.00999999999999979,0.01,1.022,1.017,1.0225,0.00550000000000006,0.00608276253029819,1.012,1.023,,,,,,,,,,,,,,,0.506,0.5055,0.507,0.00149999999999995,0.00152752523165195,0.505,0.508,0.898582458496094,0.898523330688477,0.899625778198242,0.00110244750976562,0.00124026948961725,0.898464202880859,0.900669097900391,2927,2926,2927,1,1.15470053837925,2925,2927,2927,2926,2927,1,1.15470053837925,2925,2927,0.964518007081437,0.963951694486596,0.965581031866464,0.00162933737986848,0.00165438245197314,0.963385381891755,0.966644056651492,0.332533333333333,0.331783333333333,0.3353,0.00351666666666706,0.00370440178606417,0.331033333333333,0.338066666666667,0.427016666666667,0.425658333333333,0.42705,0.00139166666666651,0.00158806311097651,0.4243,0.427083333333333,0.4983,0.49723,0.49936,0.00213000000000002,0.00213000782471176,0.49616,0.50042,0.396854143377644,0.384702225855851,0.407126185479678,0.022423959623827,0.0224502102976556,0.372550308334058,0.417398227581712,0.952,0.9455,0.95875,0.01325,0.0132507861402007,0.939,0.9655,,,,,,,,,,,,,,,,,,,,,,,,,,,,,,,,,,,,,,,,,,,,,,,,,,,,,,,,,,,,,,,,,,,,,,,,,,,,,,,,,,,,,"standard","cuda","/Users/stefano/Documents/fastEmbedR-results/flow18/standard/cuda/20260721_193325_1071191/benchmark_summary_median_variability.csv"
"flow18","fastEmbedR_umap_cuda_fuzzy_knn","UMAP","cuda","embedding_from_precomputed_knn",1,,1000021,11,30,,"float32",,3,3,"success",32.653,32.6445,32.6865,0.0419999999999945,0.0444109596083355,32.636,32.72,,,,,,,,,,,,,,,,,,,,,,,,,,,,,32.653,32.6445,32.6865,0.0419999999999945,0.0444109596083355,32.636,32.72,3.53853607177734,3.53852462768555,3.53858757019043,6.29425048828125e-05,6.70562585115316e-05,3.53851318359375,3.53863906860352,1101,1101,1101,0,0,1101,1101,1101,1101,1101,0,0,1101,1101,0.964006693643568,0.963166970156804,0.964320881807452,0.00115391165064893,0.00119313643647111,0.962327246670039,0.964635069971337,0.331,0.3309,0.333216666666666,0.00231666666666652,0.0026192308738195,0.3308,0.335433333333333,0.42485,0.423308333333334,0.424975,0.00166666666666648,0.00185654497905612,0.421766666666667,0.4251,0.49625,0.495805,0.497415,0.00161,0.00166279884532074,0.49536,0.49858,0.429607848852207,0.385008939037086,0.439587816267938,0.0545788772308515,0.0581235256219986,0.340410029221965,0.449567783683668,0.9515,0.95025,0.9575,0.00724999999999998,0.00775134396948902,0.949,0.9635,,,,,,,,,,,,,,,,,,,,,,,,,,,,,,,,,,,,,,,,,,,,,,,,,,,,,,,,,,,,,,,,,,,,,,,,,,,,,,,,,,,,,"standard","cuda","/Users/stefano/Documents/fastEmbedR-results/flow18/standard/cuda/20260721_193325_1071191/benchmark_summary_median_variability.csv"
"imagenet","fastEmbedR_pca_cpu","PCA","cpu","pca_only",4,4,1281167,1024,,,"float32",,3,3,"success",51.408,44.605,52.4705,7.8655,8.53525260317467,37.802,53.533,,,,,,,,,,,,,,,51.408,44.605,52.4705,7.8655,8.53525260317467,37.802,53.533,,,,,,,,,,,,,,,29.9000663757324,29.8941478729248,29.9001770019531,0.00602912902832031,0.00689885548404537,29.8882293701172,29.9002876281738,,,,,,,,,,,,,,,,,,,,,,,,,,,,,,,,,,,,,,,,,,,,,,,,,,,,,,,,,,,,,,,,,,,,,,,,,,,,,,,,,,,,,,,,,,,,,,,,,,,,,,,,,,,,,,,,,,,,,,,,,,,,,,,,,,,,,,,,,,,,,"standard","cpu4","/Users/stefano/Documents/fastEmbedR-results/imagenet/standard/cpu4/20260721_084502_1071182/benchmark_summary_median_variability.csv"
"imagenet","irlba_pca","PCA","cpu","pca_only",4,4,1281167,1024,,,"standard_R_double",,3,3,"success",20.46,20.284,23.21,2.926,3.28176294085968,20.108,25.96,,,,,,,,,,,,,,,20.46,20.284,23.21,2.926,3.28176294085968,20.108,25.96,,,,,,,,,,,,,,,28.3264350891113,28.2977104187012,28.3382606506348,0.0405502319335938,0.0417074885792704,28.268985748291,28.3500862121582,,,,,,,,,,,,,,,,,,,,,,,,,,,,,,,,,,,,,,,,,,,,,,,,,,,,,,,,,,,,,,,,,,,,,,,,,,,,,,,,,,,,,,,,,,,,,,,,,,,,,,,,,,,,,,,,,,,,,,,,,,,,,,,,,,,,,,,,,,,,,"standard","cpu4","/Users/stefano/Documents/fastEmbedR-results/imagenet/standard/cpu4/20260721_084502_1071182/benchmark_summary_median_variability.csv"
"imagenet","fastEmbedR_opentsne_cpu_full","t-SNE","cpu","full_pipeline",4,4,1281167,1024,,30,"float32",,3,3,"success",1026.293,1022.584,1063.0515,40.4675000000001,44.7404556637502,1018.875,1099.81,0.505000000000003,0.501000000000001,0.506,0.00499999999999901,0.005291502622129,0.497,0.506999999999998,859.231,859.1865,893.3565,34.17,39.4304504201173,859.142,927.482,,,,,,,,,,,,,,,119.645,119.5585,120.5395,0.981000000000009,1.08626991734713,119.472,121.434,30.4797821044922,30.4735622406006,30.4955291748047,0.0219669342041016,0.0226451338199357,30.467342376709,30.5112762451172,,,,,,,,,,,,,,,0.612870697674419,0.606866445182725,0.614414529346623,0.00754808416389796,0.00797529680791068,0.60086219269103,0.615958361018826,0.133226666666667,0.128266666666667,0.133493333333333,0.00522666666666649,0.00588731719068223,0.123306666666667,0.13376,0.130026666666667,0.127573333333334,0.132426666666667,0.00485333333333351,0.00485343101244823,0.12512,0.134826666666667,0.15024,0.149312,0.155344,0.00603200000000001,0.00649600000000001,0.148384,0.160448,0.513199013955506,0.48849077291528,0.536894886711915,0.0484041137966355,0.048407642602021,0.463782531875053,0.560590759468324,0.032,0.0296,0.036,0.0064,0.00646632301492381,0.0272,0.04,4.24286362328248,4.24174225288698,4.25586347286917,0.0141212199821847,0.0156984588336077,4.24062088249149,4.26886332245586,,,,,,,,,,,,,,,,,,,,,,,,,,,,,,,,,,,,,,,,,,,,,,,,,,,,,,,,,,,,,,,,,,,,,,,,,,,,,,"standard","cpu4","/Users/stefano/Documents/fastEmbedR-results/imagenet/standard/cpu4/20260721_084502_1071182/benchmark_summary_median_variability.csv"
"imagenet","fastEmbedR_opentsne_cpu_knn","t-SNE","cpu","embedding_from_precomputed_knn",4,4,1281167,1024,,30,"float32",,3,3,"success",119.063,118.5865,121.7405,3.154,3.40037002888411,118.11,124.418,,,,,,,,,,,,,,,,,,,,,,,,,,,,,119.063,118.5865,121.7405,3.154,3.40037002888411,118.11,124.418,7.21185684204102,7.21175003051758,7.21190452575684,0.000154495239257812,0.000158221821602459,7.21164321899414,7.21195220947266,,,,,,,,,,,,,,,0.611799246954596,0.609872513842747,0.613060642303433,0.0031881284606865,0.00321118688257204,0.607945780730897,0.61432203765227,0.134506666666667,0.131786666666667,0.134986666666667,0.00320000000000001,0.00345145379997087,0.129066666666667,0.135466666666667,0.129493333333333,0.129333333333333,0.134026666666666,0.00469333333333349,0.00532942078709572,0.129173333333333,0.13856,0.15344,0.152464,0.158064,0.00559999999999999,0.00598297317393284,0.151488,0.162688,0.514195348282224,0.492951078050726,0.531135448326553,0.0381843702758275,0.0382651463740596,0.471706807819227,0.548075548370882,0.04,0.0344,0.0424,0.008,0.00821056230311502,0.0288,0.0448,4.25482069809116,4.25482069809116,4.25482069809116,0,0,4.25482069809116,4.25482069809116,,,,,,,,,,,,,,,,,,,,,,,,,,,,,,,,,,,,,,,,,,,,,,,,,,,,,,,,,,,,,,,,,,,,,,,,,,,,,,"standard","cpu4","/Users/stefano/Documents/fastEmbedR-results/imagenet/standard/cpu4/20260721_084502_1071182/benchmark_summary_median_variability.csv"
"imagenet","Rtsne_neighbors","t-SNE","cpu","embedding_from_precomputed_knn",4,4,1281167,1024,,30,"standard_R_double",,3,3,"success",2054.344,1993.248,2060.2965,67.0484999999999,74.2233333685124,1932.152,2066.249,,,,,,,,,,,,,,,,,,,,,,,,,,,,,2054.344,1993.248,2060.2965,67.0484999999999,74.2233333685124,1932.152,2066.249,27.2784957885742,27.2784748077393,27.278507232666,3.24249267578125e-05,3.28890918893879e-05,27.2784538269043,27.2785186767578,,,,,,,,,,,,,,,0.60820057585825,0.606818781838317,0.616222458471761,0.0094036766334441,0.0101551001834824,0.605436987818383,0.624244341085271,0.106986666666667,0.103733333333333,0.10848,0.0047466666666665,0.00485421237460587,0.10048,0.109973333333333,0.126826666666667,0.124133333333334,0.12904,0.00490666666666648,0.00491448652229063,0.12144,0.131253333333333,0.163808,0.15936,0.1644,0.00503999999999999,0.00550979539850015,0.154912,0.164992,0.369139511470158,0.362005957477441,0.393006855863641,0.0310008983861996,0.0324714584593465,0.354872403484725,0.416874200257124,0.0384,0.0384,0.0416,0.0032,0.00369504172281361,0.0384,0.0448,3.67009835103033,3.67009835103033,3.67009835103033,0,0,3.67009835103033,3.67009835103033,,,,,,,,,,,,,,,,,,,,,,,,,,,,,,,,,,,,,,,,,,,,,,,,,,,,,,,,,,,,,,,,,,,,,,,,,,,,,,"standard","cpu4","/Users/stefano/Documents/fastEmbedR-results/imagenet/standard/cpu4/20260721_084502_1071182/benchmark_summary_median_variability.csv"
"imagenet","fastEmbedR_umap_cpu_binary_full","UMAP","cpu","full_pipeline",4,4,1281167,1024,30,,"float32",,3,3,"success",2140.43,2138.4165,2217.4195,79.0030000000002,90.0848167062576,2136.403,2294.409,0.350999999999999,0.3385,0.368000000000002,0.029500000000002,0.0296141857899239,0.326000000000001,0.385000000000005,761.074,755.1185,789.0135,33.895,36.1935046244488,749.163,816.953,,,,,,,,,,,,,,,1390.594,1382.6545,1433.703,51.0484999999999,54.9385771779114,1374.715,1476.812,11.1483383178711,11.1483173370361,11.1484527587891,0.000135421752929688,0.000145776016106303,11.1482963562012,11.148567199707,,,,,,,,,,,,,,,0.62593080841639,0.621105470653378,0.631104053156146,0.00999858250276842,0.0100005999063135,0.616280132890366,0.636277297895903,0.148266666666667,0.146666666666667,0.15168,0.00501333333333298,0.0051214812672084,0.145066666666667,0.155093333333333,0.14048,0.140133333333333,0.14512,0.0049866666666665,0.00556875942032697,0.139786666666667,0.14976,0.157696,0.154832,0.161248,0.00641600000000001,0.00642828416712682,0.151968,0.1648,0.596757515461277,0.553593638874804,0.596900864431958,0.0433072255571549,0.0499243199009461,0.51042976228833,0.59704421340264,0.0288,0.0264,0.0352,0.0088,0.00909798512492372,0.024,0.0416,,,,,,,,,,,,,,,,,,,,,,,,,,,,,,,,,,,,,,,,,,,,,,,,,,,,,,,,,,,,,,,,,,,,,,,,,,,,,,,,,,,,,"standard","cpu4","/Users/stefano/Documents/fastEmbedR-results/imagenet/standard/cpu4/20260721_084502_1071182/benchmark_summary_median_variability.csv"
"imagenet","fastEmbedR_umap_cpu_binary_knn","UMAP","cpu","embedding_from_precomputed_knn",4,4,1281167,1024,30,,"float32",,3,3,"success",1397.787,1397.6405,1412.264,14.6235000000001,16.8018202089337,1397.494,1426.741,,,,,,,,,,,,,,,,,,,,,,,,,,,,,1397.787,1397.6405,1412.264,14.6235000000001,16.8018202089337,1397.494,1426.741,10.6391410827637,10.6391296386719,10.6393394470215,0.000209808349609375,0.000235936276114786,10.6391181945801,10.6395378112793,,,,,,,,,,,,,,,0.624804429678848,0.623720841638981,0.631901483942414,0.00818064230343296,0.00888689112332916,0.622637253599114,0.63899853820598,0.147306666666667,0.14608,0.15312,0.00704000000000002,0.00752157587900978,0.144853333333333,0.158933333333333,0.137706666666667,0.13744,0.144693333333334,0.0072533333333335,0.00822579141751386,0.137173333333333,0.15168,0.15264,0.150864,0.160768,0.009904,0.0105611797320817,0.149088,0.168896,0.570171874198494,0.553563509343636,0.589461924094313,0.0358984147506771,0.0359317871319801,0.536955144488778,0.608751973990132,0.0272,0.0264,0.0416,0.0152,0.0171082825945018,0.0256,0.056,,,,,,,,,,,,,,,,,,,,,,,,,,,,,,,,,,,,,,,,,,,,,,,,,,,,,,,,,,,,,,,,,,,,,,,,,,,,,,,,,,,,,"standard","cpu4","/Users/stefano/Documents/fastEmbedR-results/imagenet/standard/cpu4/20260721_084502_1071182/benchmark_summary_median_variability.csv"
"imagenet","fastEmbedR_umap_cpu_fuzzy_full","UMAP","cpu","full_pipeline",4,4,1281167,1024,30,,"float32",,3,3,"success",1166.129,1142.6765,1180.3525,37.6759999999999,38.0509192574021,1119.224,1194.576,0.362000000000002,0.359999999999999,0.388999999999999,0.029,0.0323934149686823,0.357999999999997,0.415999999999997,847.869,839.8205,849.823,10.0025000000001,10.6033477260722,831.772,851.777,,,,,,,,,,,,,,,312.367,299.5805,329.2025,29.622,29.7140990833196,286.794,346.038,11.1484489440918,11.148120880127,11.1484489440918,0.00032806396484375,0.00037881563682791,11.1477928161621,11.1484489440918,,,,,,,,,,,,,,,0.588191716500554,0.587186356589148,0.593688416389812,0.00650205980066443,0.00700005904143906,0.586180996677741,0.59918511627907,0.114773333333333,0.109066666666667,0.120266666666667,0.0112,0.0112006772282023,0.10336,0.12576,0.107466666666667,0.105866666666667,0.11224,0.00637333333333301,0.00663144473393651,0.104266666666667,0.117013333333333,0.127072,0.124832,0.12904,0.00420799999999999,0.0042109292719462,0.122592,0.131008,0.557633670395338,0.520007472274017,0.562881383579748,0.0428739113057309,0.0467720824807735,0.482381274152696,0.568129096764158,0.0368,0.0216,0.0376,0.016,0.0180310842713354,0.0064,0.0384,,,,,,,,,,,,,,,,,,,,,,,,,,,,,,,,,,,,,,,,,,,,,,,,,,,,,,,,,,,,,,,,,,,,,,,,,,,,,,,,,,,,,"standard","cpu4","/Users/stefano/Documents/fastEmbedR-results/imagenet/standard/cpu4/20260721_084502_1071182/benchmark_summary_median_variability.csv"
"imagenet","fastEmbedR_umap_cpu_fuzzy_knn","UMAP","cpu","embedding_from_precomputed_knn",4,4,1281167,1024,30,,"float32",,3,3,"success",300.571,289.2,312.0855,22.8855,22.8856499652803,277.829,323.6,,,,,,,,,,,,,,,,,,,,,,,,,,,,,300.571,289.2,312.0855,22.8855,22.8856499652803,277.829,323.6,10.638053894043,10.6380443572998,10.6380805969238,3.62396240234375e-05,3.7570410926041e-05,10.6380348205566,10.6381072998047,,,,,,,,,,,,,,,0.587417054263566,0.584695902547065,0.591429811738649,0.00673390919158345,0.00677507304848884,0.581974750830565,0.595442569213732,0.113386666666667,0.111466666666667,0.11664,0.005173333333333,0.00523029352621501,0.109546666666667,0.119893333333333,0.106026666666667,0.105786666666667,0.109706666666667,0.00392000000000001,0.00439442070509109,0.105546666666667,0.113386666666667,0.125888,0.125184,0.126208,0.001024,0.00104772515479968,0.12448,0.126528,0.5444026513459,0.509515040454179,0.552009834649116,0.042494794194937,0.0453197687932533,0.474627429562458,0.559617017952332,0.0224,0.0208,0.0368,0.016,0.0176242257513155,0.0192,0.0512,,,,,,,,,,,,,,,,,,,,,,,,,,,,,,,,,,,,,,,,,,,,,,,,,,,,,,,,,,,,,,,,,,,,,,,,,,,,,,,,,,,,,"standard","cpu4","/Users/stefano/Documents/fastEmbedR-results/imagenet/standard/cpu4/20260721_084502_1071182/benchmark_summary_median_variability.csv"
"mass41","fastEmbedR_pca_cpu","PCA","cpu","pca_only",1,1,965282,14,,,"float32",,3,3,"success",1.541,1.5235,1.553,0.0295000000000001,0.0296704117486315,1.506,1.565,,,,,,,,,,,,,,,1.541,1.5235,1.553,0.0295000000000001,0.0296704117486315,1.506,1.565,,,,,,,,,,,,,,,0.819171905517578,0.793184280395508,0.819185256958008,0.0260009765625,0.0300156361468474,0.767196655273438,0.819198608398438,,,,,,,,,,,,,,,,,,,,,,,,,,,,,,,,,,,,,,,,,,,,,,,,,,,,,,,,,,,,,,,,,,,,,,,,,,,,,,,,,,,,,,,,,,,,,,,,,,,,,,,,,,,,,,,,,,,,,,,,,,,,,,,,,,,,,,,,,,,,,"standard","cpu1","/Users/stefano/Documents/fastEmbedR-results/mass41/standard/cpu1/20260721_084502_1071173/benchmark_summary_median_variability.csv"
"mass41","irlba_pca","PCA","cpu","pca_only",1,1,965282,14,,,"standard_R_double",,3,3,"success",1.103,1.101,1.118,0.0169999999999999,0.0185831464863552,1.099,1.133,,,,,,,,,,,,,,,1.103,1.101,1.118,0.0169999999999999,0.0185831464863552,1.099,1.133,,,,,,,,,,,,,,,0.536441802978516,0.536403656005859,0.537965774536133,0.00156211853027344,0.00178216325525519,0.536365509033203,0.53948974609375,,,,,,,,,,,,,,,,,,,,,,,,,,,,,,,,,,,,,,,,,,,,,,,,,,,,,,,,,,,,,,,,,,,,,,,,,,,,,,,,,,,,,,,,,,,,,,,,,,,,,,,,,,,,,,,,,,,,,,,,,,,,,,,,,,,,,,,,,,,,,"standard","cpu1","/Users/stefano/Documents/fastEmbedR-results/mass41/standard/cpu1/20260721_084502_1071173/benchmark_summary_median_variability.csv"
"mass41","fastEmbedR_opentsne_cpu_full","t-SNE","cpu","full_pipeline",1,1,965282,14,,30,"float32",,3,3,"success",550.019,549.722,550.066,0.344000000000051,0.373054062212662,549.425,550.113,0.012,0.0115000000000001,0.012,0.00049999999999995,0.000577350269189568,0.0110000000000001,0.012,307.354,307.2805,307.992,0.711500000000001,0.782593338416152,307.207,308.63,,,,,,,,,,,,,,,240.474,240.1215,240.899,0.777500000000003,0.778625926445645,239.769,241.324,1.9288215637207,1.92171287536621,1.93595123291016,0.0142383575439453,0.0142383626966388,1.91460418701172,1.94308090209961,,,,,,,,,,,,,,,0.973045624683864,0.972593517113472,0.973201888383072,0.00060837126960045,0.000631894084253421,0.972141409543079,0.97335815208228,0.3511,0.342883333333334,0.352,0.00911666666666644,0.0100477931979189,0.334666666666667,0.3529,0.409116666666667,0.403275,0.412516666666667,0.00924166666666693,0.00934856396181545,0.397433333333333,0.415916666666667,0.46672,0.46028,0.468395,0.00811499999999998,0.00856864244401254,0.45384,0.47007,0.211441243569074,0.206884218455311,0.221208157159006,0.0143239387036955,0.014636354257986,0.202327193341547,0.230975070748938,0.879,0.8785,0.88675,0.00824999999999987,0.00925112605758525,0.878,0.8945,2.06647044994884,2.0658722919724,2.06701374203555,0.0011414500631548,0.00114188951682218,2.06527413399596,2.06755703412227,,,,,,,,,,,,,,,,,,,,,,,,,,,,,,,,,,,,,,,,,,,,,,,,,,,,,,,,,,,,,,,,,,,,,,,,,,,,,,"standard","cpu1","/Users/stefano/Documents/fastEmbedR-results/mass41/standard/cpu1/20260721_084502_1071173/benchmark_summary_median_variability.csv"
"mass41","fastEmbedR_opentsne_cpu_knn","t-SNE","cpu","embedding_from_precomputed_knn",1,1,965282,14,,30,"float32",,3,3,"success",243.662,243.424,244.8295,1.40549999999999,1.50446679369581,243.186,245.997,,,,,,,,,,,,,,,,,,,,,,,,,,,,,243.662,243.424,244.8295,1.40549999999999,1.50446679369581,243.186,245.997,1.75812530517578,1.75802421569824,1.75814247131348,0.000118255615234375,0.000127797102958702,1.7579231262207,1.75815963745117,,,,,,,,,,,,,,,0.973419575113809,0.97297483560951,0.973524489967965,0.000549654358455443,0.000583621034048795,0.97253009610521,0.973629404822121,0.3512,0.3431,0.352133333333334,0.0090333333333335,0.00993586843116813,0.335,0.353066666666667,0.4089,0.403208333333334,0.413166666666666,0.00995833333333296,0.00999226089420061,0.397516666666667,0.417433333333333,0.46736,0.460705,0.469485,0.00877999999999995,0.00916126083025692,0.45405,0.47161,0.211852313857332,0.207147206555754,0.220958002289005,0.013810795733251,0.0140425466664621,0.202442099254176,0.230063690720678,0.885,0.8805,0.89075,0.0102499999999999,0.0102753750945322,0.876,0.8965,2.06882672899412,2.06882672899412,2.06882672899412,0,0,2.06882672899412,2.06882672899412,,,,,,,,,,,,,,,,,,,,,,,,,,,,,,,,,,,,,,,,,,,,,,,,,,,,,,,,,,,,,,,,,,,,,,,,,,,,,,"standard","cpu1","/Users/stefano/Documents/fastEmbedR-results/mass41/standard/cpu1/20260721_084502_1071173/benchmark_summary_median_variability.csv"
"mass41","KlugerLab_FItSNE","t-SNE","cpu","full_pipeline",1,1,965282,14,,30,"standard_R_double",,3,3,"success",1104.931,1104.392,1105.6075,1.21550000000002,1.21808962450773,1103.853,1106.284,,,,,,,,,,,,,,,,,,,,,,,,,,,,,,,,,,,,3.47312545776367,3.47304916381836,3.47611045837402,0.00306129455566406,0.0034916637644948,3.47297286987305,3.47909545898438,,,,,,,,,,,,,,,0.97024602933738,0.969446046197943,0.970339124936773,0.000893078738829933,0.000981912911195968,0.968646063058506,0.970432220536166,0.340833333333333,0.33165,0.343383333333333,0.011733333333333,0.0123425341056097,0.322466666666667,0.345933333333333,0.397333333333333,0.393425,0.404183333333333,0.010758333333333,0.0108915657140604,0.389516666666667,0.411033333333333,0.45447,0.45138,0.459315,0.00793500000000003,0.00799943122978128,0.44829,0.46416,0.191579977398774,0.19113451731605,0.20045920757702,0.00932469026096902,0.0105194743755435,0.190689057233327,0.209338437755265,0.8855,0.88475,0.89175,0.00700000000000012,0.00768656837173349,0.884,0.898,2.1083958848283,2.10773668216773,2.10993096729551,0.00219428512777053,0.00225180128649179,2.10707747950717,2.11146604976271,,,,,,,,,,,,,,,,,,,,,,,,,,,,,,,,,,,,,,,,,,,,,,,,,,,,,,,,,,,,,,,,,,,,,,,,,,,,,,"standard","cpu1","/Users/stefano/Documents/fastEmbedR-results/mass41/standard/cpu1/20260721_084502_1071173/benchmark_summary_median_variability.csv"
"mass41","Rtsne_full","t-SNE","cpu","full_pipeline",1,1,965282,14,,30,"standard_R_double",,3,3,"success",5981.843,5981.2485,6189.3,208.0515,239.894680962987,5980.654,6396.757,,,,,,,,,,,,,,,,,,,,,,,,,,,,,,,,,,,,3.39754867553711,3.39749908447266,3.39774703979492,0.000247955322265625,0.000262411247587888,3.3974494934082,3.39794540405273,,,,,,,,,,,,,,,0.866518276850447,0.861674515258809,0.884847327600742,0.0231728123419326,0.0244457952703246,0.856830753667172,0.903176378351037,0.207866666666667,0.205583333333334,0.216783333333333,0.0112,0.0118366818423507,0.2033,0.2257,0.294283333333333,0.283275,0.302483333333333,0.019208333333333,0.0192766434184343,0.272266666666667,0.310683333333333,0.36453,0.34361,0.37592,0.0323100000000001,0.0327751389521591,0.32269,0.38731,0.0945508528465695,0.0376431224323528,0.12492346845416,0.087280346021807,0.0886146878774618,-0.0192646079818639,0.15529608406175,0.804,0.7635,0.815,0.0514999999999999,0.0542432791535812,0.723,0.826,2.43931558444874,2.40776738349965,2.50764274202047,0.099875358520825,0.102107710073302,2.37621918255056,2.57596989959221,,,,,,,,,,,,,,,,,,,,,,,,,,,,,,,,,,,,,,,,,,,,,,,,,,,,,,,,,,,,,,,,,,,,,,,,,,,,,,"standard","cpu1","/Users/stefano/Documents/fastEmbedR-results/mass41/standard/cpu1/20260721_084502_1071173/benchmark_summary_median_variability.csv"
"mass41","Rtsne_neighbors","t-SNE","cpu","embedding_from_precomputed_knn",1,1,965282,14,,30,"standard_R_double",,3,3,"success",2771.678,2770.032,2792.8915,22.8594999999996,25.4987403414365,2768.386,2814.105,,,,,,,,,,,,,,,,,,,,,,,,,,,,,2771.678,2770.032,2792.8915,22.8594999999996,25.4987403414365,2768.386,2814.105,5.26272583007812,5.26270866394043,5.26287460327148,0.000165939331054688,0.000182508449003688,5.26269149780273,5.26302337646484,,,,,,,,,,,,,,,0.93363122576294,0.932675248693306,0.934441797336031,0.00176654864272507,0.00176854225091041,0.931719271623672,0.935252368909122,0.251133333333333,0.243883333333333,0.2519,0.00801666666666701,0.00884749389082309,0.236633333333333,0.252666666666667,0.342116666666667,0.336566666666667,0.344291666666667,0.00772499999999998,0.00796696303493368,0.331016666666667,0.346466666666667,0.41406,0.40937,0.41452,0.00514999999999999,0.00569971929133358,0.40468,0.41498,0.114158199498904,0.109829236047054,0.126442367643433,0.0166131315963785,0.0172363347420326,0.105500272595205,0.138726535787962,0.8165,0.8165,0.824,0.00750000000000006,0.00866025403784439,0.8165,0.8315,2.17879935723385,2.17879935723385,2.17879935723385,0,0,2.17879935723385,2.17879935723385,,,,,,,,,,,,,,,,,,,,,,,,,,,,,,,,,,,,,,,,,,,,,,,,,,,,,,,,,,,,,,,,,,,,,,,,,,,,,,"standard","cpu1","/Users/stefano/Documents/fastEmbedR-results/mass41/standard/cpu1/20260721_084502_1071173/benchmark_summary_median_variability.csv"
"mass41","fastEmbedR_umap_cpu_binary_full","UMAP","cpu","full_pipeline",1,1,965282,14,30,,"float32",,3,3,"success",2718.239,2703.0265,2733.1295,30.1030000000001,30.1035740458394,2687.814,2748.02,0.012,0.012,0.0125,0.00049999999999995,0.000577350269189568,0.012,0.0129999999999999,310.028,309.823,310.29,0.467000000000041,0.4681580929558,309.618,310.552,,,,,,,,,,,,,,,2407.422,2392.469,2422.7765,30.3074999999999,30.3083864686546,2377.516,2438.131,3.76440811157227,3.76433181762695,3.76811408996582,0.00378227233886719,0.00432401670247664,3.76425552368164,3.77182006835938,,,,,,,,,,,,,,,0.971212426235036,0.969954763109087,0.971388956331142,0.00143419322205407,0.00156413759228256,0.968697099983139,0.971565486427247,0.316133333333333,0.3048,0.31885,0.01405,0.0149047469445636,0.293466666666667,0.321566666666667,0.4139,0.406166666666666,0.4195,0.0133333333333335,0.0133901013743295,0.398433333333333,0.4251,0.49609,0.489425,0.500455,0.01103,0.0111096459589554,0.48276,0.50482,0.328159705538707,0.318204761597928,0.343007130290469,0.0248023686925405,0.0249626978160614,0.30824981765715,0.357854555042231,0.9045,0.9045,0.90675,0.00224999999999997,0.00259807621135335,0.9045,0.909,,,,,,,,,,,,,,,,,,,,,,,,,,,,,,,,,,,,,,,,,,,,,,,,,,,,,,,,,,,,,,,,,,,,,,,,,,,,,,,,,,,,,"standard","cpu1","/Users/stefano/Documents/fastEmbedR-results/mass41/standard/cpu1/20260721_084502_1071173/benchmark_summary_median_variability.csv"
"mass41","fastEmbedR_umap_cpu_binary_knn","UMAP","cpu","embedding_from_precomputed_knn",1,1,965282,14,30,,"float32",,3,3,"success",2428.36,2426.08,2430.1515,4.07150000000001,4.08125671005065,2423.8,2431.943,,,,,,,,,,,,,,,,,,,,,,,,,,,,,2428.36,2426.08,2430.1515,4.07150000000001,4.08125671005065,2423.8,2431.943,3.98523330688477,3.98176956176758,3.98541450500488,0.00364494323730469,0.00410820108228629,3.97830581665039,3.985595703125,,,,,,,,,,,,,,,0.971212426235036,0.969954763109087,0.971388956331142,0.00143419322205407,0.00156413759228256,0.968697099983139,0.971565486427247,0.316133333333333,0.3048,0.31885,0.01405,0.0149047469445636,0.293466666666667,0.321566666666667,0.4139,0.406166666666666,0.4195,0.0133333333333335,0.0133901013743295,0.398433333333333,0.4251,0.49609,0.489425,0.500455,0.01103,0.0111096459589554,0.48276,0.50482,0.328159705538707,0.318204761597928,0.343007130290469,0.0248023686925405,0.0249626978160614,0.30824981765715,0.357854555042231,0.9045,0.9045,0.90675,0.00224999999999997,0.00259807621135335,0.9045,0.909,,,,,,,,,,,,,,,,,,,,,,,,,,,,,,,,,,,,,,,,,,,,,,,,,,,,,,,,,,,,,,,,,,,,,,,,,,,,,,,,,,,,,"standard","cpu1","/Users/stefano/Documents/fastEmbedR-results/mass41/standard/cpu1/20260721_084502_1071173/benchmark_summary_median_variability.csv"
"mass41","fastEmbedR_umap_cpu_fuzzy_full","UMAP","cpu","full_pipeline",1,1,965282,14,30,,"float32",,3,3,"success",812.584,810.8405,813.198,2.35749999999996,2.44603004887512,809.097,813.812,0.0129999999999999,0.0125,0.0129999999999999,0.00049999999999995,0.000577350269189568,0.012,0.0129999999999999,308.732,308.558,308.915,0.357000000000028,0.357037813123483,308.384,309.098,,,,,,,,,,,,,,,503.577,502.0075,504.01,2.0025,2.10726133484514,500.438,504.443,3.76424026489258,3.76421928405762,3.76783561706543,0.0036163330078125,0.00416372124152248,3.76419830322266,3.77143096923828,,,,,,,,,,,,,,,0.970443213623335,0.969418689934244,0.970915857359636,0.00149716742539197,0.00153069726826877,0.968394166245153,0.971388501095937,0.3126,0.300833333333334,0.3151,0.0142666666666665,0.0152368461789661,0.289066666666667,0.3176,0.4129,0.402058333333334,0.416891666666666,0.014833333333333,0.0153515019171123,0.391216666666667,0.420883333333333,0.49557,0.48571,0.49846,0.01275,0.0133699713288149,0.47585,0.50135,0.335485836807397,0.322274863786595,0.343104621519615,0.0208297577330205,0.0210784960858822,0.309063890765792,0.350723406231833,0.904,0.90375,0.90575,0.002,0.00217944947177033,0.9035,0.9075,,,,,,,,,,,,,,,,,,,,,,,,,,,,,,,,,,,,,,,,,,,,,,,,,,,,,,,,,,,,,,,,,,,,,,,,,,,,,,,,,,,,,"standard","cpu1","/Users/stefano/Documents/fastEmbedR-results/mass41/standard/cpu1/20260721_084502_1071173/benchmark_summary_median_variability.csv"
"mass41","fastEmbedR_umap_cpu_fuzzy_knn","UMAP","cpu","embedding_from_precomputed_knn",1,1,965282,14,30,,"float32",,3,3,"success",509.07,507.1995,510.292,3.09250000000003,3.11508271693278,505.329,511.514,,,,,,,,,,,,,,,,,,,,,,,,,,,,,509.07,507.1995,510.292,3.09250000000003,3.11508271693278,505.329,511.514,3.98884582519531,3.98721122741699,3.98895263671875,0.00174140930175781,0.0019520630035388,3.98557662963867,3.98905944824219,,,,,,,,,,,,,,,0.970443213623335,0.969418689934244,0.970915857359636,0.00149716742539197,0.00153069726826877,0.968394166245153,0.971388501095937,0.3126,0.300833333333334,0.3151,0.0142666666666665,0.0152368461789661,0.289066666666667,0.3176,0.4129,0.402058333333334,0.416891666666666,0.014833333333333,0.0153515019171123,0.391216666666667,0.420883333333333,0.49557,0.48571,0.49846,0.01275,0.0133699713288149,0.47585,0.50135,0.335485836807397,0.322274863786595,0.343104621519615,0.0208297577330205,0.0210784960858822,0.309063890765792,0.350723406231833,0.904,0.90375,0.90575,0.002,0.00217944947177033,0.9035,0.9075,,,,,,,,,,,,,,,,,,,,,,,,,,,,,,,,,,,,,,,,,,,,,,,,,,,,,,,,,,,,,,,,,,,,,,,,,,,,,,,,,,,,,"standard","cpu1","/Users/stefano/Documents/fastEmbedR-results/mass41/standard/cpu1/20260721_084502_1071173/benchmark_summary_median_variability.csv"
"mass41","uwot_default","UMAP","cpu","full_pipeline",1,1,965282,14,30,,"standard_R_double",,3,3,"success",1277.119,1271.371,1279.5195,8.14849999999979,8.37456293386904,1265.623,1281.92,,,,,,,,,,,,,,,,,,,,,,,,,,,,,,,,,,,,5.93188095092773,5.89673805236816,5.94921112060547,0.0524730682373047,0.0534713692266815,5.86159515380859,5.9665412902832,,,,,,,,,,,,,,,0.971752267745743,0.970561515764626,0.97190751138088,0.00134599561625404,0.00147279667430339,0.96937076378351,0.972062755016018,0.3124,0.303583333333334,0.31625,0.0126666666666665,0.0129871874182608,0.294766666666667,0.3201,0.41235,0.406383333333333,0.417508333333333,0.011125,0.0111347845028957,0.400416666666667,0.422666666666667,0.49693,0.49051,0.500035,0.00952500000000001,0.00971538470674219,0.48409,0.50314,0.32903173831227,0.319825003956085,0.336705917469256,0.0168809135131706,0.0169040867697333,0.310618269599901,0.344380096626242,0.899,0.8985,0.901,0.00249999999999995,0.00264575131106459,0.898,0.903,,,,,,,,,,,,,,,,,,,,,,,,,,,,,,,,,,,,,,,,,,,,,,,,,,,,,,,,,,,,,,,,,,,,,,,,,,,,,,,,,,,,,"standard","cpu1","/Users/stefano/Documents/fastEmbedR-results/mass41/standard/cpu1/20260721_084502_1071173/benchmark_summary_median_variability.csv"
"mass41","uwot_fast_sgd","UMAP","cpu","full_pipeline",1,1,965282,14,30,,"standard_R_double",,3,3,"success",1133.255,1130.014,1133.7555,3.74150000000009,4.06229848730997,1126.773,1134.256,,,,,,,,,,,,,,,,,,,,,,,,,,,,,,,,,,,,6.00826644897461,5.92829704284668,6.00829124450684,0.0799942016601562,0.0923550353455545,5.84832763671875,6.00831604003906,,,,,,,,,,,,,,,0.971431074017872,0.970773630079244,0.97165907098297,0.000885440903725998,0.000919500133233004,0.970116186140617,0.971887067948069,0.3127,0.3041,0.315566666666666,0.0114666666666665,0.0119348850636057,0.2955,0.318433333333333,0.411533333333333,0.406516666666667,0.417658333333333,0.0111416666666665,0.011160027047624,0.4015,0.423783333333333,0.49698,0.491335,0.499995,0.00866,0.00879211199504038,0.48569,0.50301,0.321969396375246,0.315338431577909,0.331176054812219,0.0158376232343095,0.0159072847762808,0.308707466780572,0.340382713249191,0.9015,0.8995,0.9035,0.004,0.004,0.8975,0.9055,,,,,,,,,,,,,,,,,,,,,,,,,,,,,,,,,,,,,,,,,,,,,,,,,,,,,,,,,,,,,,,,,,,,,,,,,,,,,,,,,,,,,"standard","cpu1","/Users/stefano/Documents/fastEmbedR-results/mass41/standard/cpu1/20260721_084502_1071173/benchmark_summary_median_variability.csv"
"mass41","uwot_knn","UMAP","cpu","embedding_from_precomputed_knn",1,1,965282,14,30,,"standard_R_double",,3,3,"success",619.021,618.1355,620.7555,2.62,2.66545812197454,617.25,622.49,,,,,,,,,,,,,,,,,,,,,,,,,,,,,619.021,618.1355,620.7555,2.62,2.66545812197454,617.25,622.49,7.29440689086914,7.29239082336426,7.29496955871582,0.0025787353515625,0.0027118258674836,7.29037475585938,7.2955322265625,,,,,,,,,,,,,,,0.971759298600573,0.970603018040803,0.971801854661945,0.00119883662114295,0.00136039332436274,0.969446737481032,0.971844410723318,0.311033333333333,0.3032,0.31625,0.01305,0.0131371539845894,0.295366666666667,0.321466666666667,0.409733333333333,0.404533333333333,0.416525,0.0119916666666671,0.0120268257257285,0.399333333333333,0.423316666666667,0.49563,0.489835,0.499315,0.00947999999999999,0.00955795131465594,0.48404,0.503,0.326859942946629,0.316552079577174,0.340593314722408,0.0240412351452345,0.0241224450789935,0.306244216207718,0.354326686498187,0.897,0.89625,0.899,0.00275000000000003,0.00284312035153869,0.8955,0.901,,,,,,,,,,,,,,,,,,,,,,,,,,,,,,,,,,,,,,,,,,,,,,,,,,,,,,,,,,,,,,,,,,,,,,,,,,,,,,,,,,,,,"standard","cpu1","/Users/stefano/Documents/fastEmbedR-results/mass41/standard/cpu1/20260721_084502_1071173/benchmark_summary_median_variability.csv"
"mass41","fastEmbedR_pca_cpu","PCA","cpu","pca_only",4,4,965282,14,,,"float32",,3,3,"success",1.391,1.3895,1.457,0.0674999999999999,0.0770908554888321,1.388,1.523,,,,,,,,,,,,,,,1.391,1.3895,1.457,0.0674999999999999,0.0770908554888321,1.388,1.523,,,,,,,,,,,,,,,0.825916290283203,0.825862884521484,0.826021194458008,0.000158309936523438,0.000161077822347392,0.825809478759766,0.826126098632812,,,,,,,,,,,,,,,,,,,,,,,,,,,,,,,,,,,,,,,,,,,,,,,,,,,,,,,,,,,,,,,,,,,,,,,,,,,,,,,,,,,,,,,,,,,,,,,,,,,,,,,,,,,,,,,,,,,,,,,,,,,,,,,,,,,,,,,,,,,,,"standard","cpu4","/Users/stefano/Documents/fastEmbedR-results/mass41/standard/cpu4/20260721_084502_1071184/benchmark_summary_median_variability.csv"
"mass41","irlba_pca","PCA","cpu","pca_only",4,4,965282,14,,,"standard_R_double",,3,3,"success",0.878,0.877,0.891,0.014,0.0156204993518133,0.876,0.904,,,,,,,,,,,,,,,0.878,0.877,0.891,0.014,0.0156204993518133,0.876,0.904,,,,,,,,,,,,,,,0.543025970458984,0.54289436340332,0.554981231689453,0.0120868682861328,0.0138813538358037,0.542762756347656,0.566936492919922,,,,,,,,,,,,,,,,,,,,,,,,,,,,,,,,,,,,,,,,,,,,,,,,,,,,,,,,,,,,,,,,,,,,,,,,,,,,,,,,,,,,,,,,,,,,,,,,,,,,,,,,,,,,,,,,,,,,,,,,,,,,,,,,,,,,,,,,,,,,,"standard","cpu4","/Users/stefano/Documents/fastEmbedR-results/mass41/standard/cpu4/20260721_084502_1071184/benchmark_summary_median_variability.csv"
"mass41","fastEmbedR_opentsne_cpu_full","t-SNE","cpu","full_pipeline",4,4,965282,14,,30,"float32",,3,3,"success",339.476,335.8885,340.782,4.89350000000002,5.06768418510863,332.301,342.088,0.0069999999999999,0.00649999999999996,0.0069999999999999,0.000499999999999945,0.000577350269189563,0.00600000000000001,0.0069999999999999,257.037,255.409,258.6635,3.25450000000001,3.25450011522508,253.781,260.29,,,,,,,,,,,,,,,80.16,78.569,80.5075,1.9385,2.06717512562434,76.978,80.855,1.94624328613281,1.93895530700684,1.95504379272461,0.0160884857177734,0.0161121678389125,1.93166732788086,1.96384429931641,,,,,,,,,,,,,,,0.973045624683864,0.972593517113472,0.973201888383072,0.00060837126960045,0.000631894084253421,0.972141409543079,0.97335815208228,0.3511,0.342883333333334,0.352,0.00911666666666644,0.0100477931979189,0.334666666666667,0.3529,0.409116666666667,0.403275,0.412516666666667,0.00924166666666693,0.00934856396181545,0.397433333333333,0.415916666666667,0.46672,0.46028,0.468395,0.00811499999999998,0.00856864244401254,0.45384,0.47007,0.211441243569074,0.206884218455311,0.221208157159006,0.0143239387036955,0.014636354257986,0.202327193341547,0.230975070748938,0.879,0.8785,0.88675,0.00824999999999987,0.00925112605758525,0.878,0.8945,2.06647044994884,2.0658722919724,2.06701374203555,0.0011414500631548,0.00114188951682218,2.06527413399596,2.06755703412227,,,,,,,,,,,,,,,,,,,,,,,,,,,,,,,,,,,,,,,,,,,,,,,,,,,,,,,,,,,,,,,,,,,,,,,,,,,,,,"standard","cpu4","/Users/stefano/Documents/fastEmbedR-results/mass41/standard/cpu4/20260721_084502_1071184/benchmark_summary_median_variability.csv"
"mass41","fastEmbedR_opentsne_cpu_knn","t-SNE","cpu","embedding_from_precomputed_knn",4,4,965282,14,,30,"float32",,3,3,"success",80.467,80.1115,80.8355,0.72399999999999,0.724038903190518,79.756,81.204,,,,,,,,,,,,,,,,,,,,,,,,,,,,,80.467,80.1115,80.8355,0.72399999999999,0.724038903190518,79.756,81.204,1.75838470458984,1.75835990905762,1.75851631164551,0.000156402587890625,0.00016812099812902,1.75833511352539,1.75864791870117,,,,,,,,,,,,,,,0.973419575113809,0.97297483560951,0.973524489967965,0.000549654358455443,0.000583621034048795,0.97253009610521,0.973629404822121,0.3512,0.3431,0.352133333333334,0.0090333333333335,0.00993586843116813,0.335,0.353066666666667,0.4089,0.403208333333334,0.413166666666666,0.00995833333333296,0.00999226089420061,0.397516666666667,0.417433333333333,0.46736,0.460705,0.469485,0.00877999999999995,0.00916126083025692,0.45405,0.47161,0.211852313857332,0.207147206555754,0.220958002289005,0.013810795733251,0.0140425466664621,0.202442099254176,0.230063690720678,0.885,0.8805,0.89075,0.0102499999999999,0.0102753750945322,0.876,0.8965,2.06882672899412,2.06882672899412,2.06882672899412,0,0,2.06882672899412,2.06882672899412,,,,,,,,,,,,,,,,,,,,,,,,,,,,,,,,,,,,,,,,,,,,,,,,,,,,,,,,,,,,,,,,,,,,,,,,,,,,,,"standard","cpu4","/Users/stefano/Documents/fastEmbedR-results/mass41/standard/cpu4/20260721_084502_1071184/benchmark_summary_median_variability.csv"
"mass41","KlugerLab_FItSNE","t-SNE","cpu","full_pipeline",4,4,965282,14,,30,"standard_R_double",,3,3,"success",403.201,402.441,403.5115,1.07049999999998,1.10150820847298,401.681,403.822,,,,,,,,,,,,,,,,,,,,,,,,,,,,,,,,,,,,3.48016738891602,3.47995185852051,3.48308563232422,0.00313377380371094,0.00350077478983664,3.479736328125,3.48600387573242,,,,,,,,,,,,,,,0.970281891755185,0.969542454897994,0.970306339571742,0.000763884673747883,0.000868287339649704,0.968803018040803,0.970330787388299,0.3423,0.33215,0.344316666666666,0.0121666666666665,0.0130414013107543,0.322,0.346333333333333,0.3981,0.393741666666667,0.404483333333334,0.010741666666667,0.0108051042465024,0.389383333333333,0.410866666666667,0.45512,0.45204,0.459545,0.00750499999999998,0.00754506682099854,0.44896,0.46397,0.191875033837874,0.191007368482646,0.199752325632744,0.00874495715009799,0.00963600348509827,0.190139703127418,0.207629617427614,0.8895,0.88725,0.89275,0.00549999999999995,0.00553022000767903,0.885,0.896,2.10785548429744,2.107705277558,2.10821758972997,0.000512312171970564,0.000526716983075172,2.10755507081856,2.1085796951625,,,,,,,,,,,,,,,,,,,,,,,,,,,,,,,,,,,,,,,,,,,,,,,,,,,,,,,,,,,,,,,,,,,,,,,,,,,,,,"standard","cpu4","/Users/stefano/Documents/fastEmbedR-results/mass41/standard/cpu4/20260721_084502_1071184/benchmark_summary_median_variability.csv"
"mass41","Rtsne_full","t-SNE","cpu","full_pipeline",4,4,965282,14,,30,"standard_R_double",,3,3,"success",2307.297,2278.5975,2461.8,183.2025,197.075272109415,2249.898,2616.303,,,,,,,,,,,,,,,,,,,,,,,,,,,,,,,,,,,,3.40436553955078,3.40435218811035,3.40439796447754,4.57763671875e-05,4.70822870421692e-05,3.40433883666992,3.4044303894043,,,,,,,,,,,,,,,0.868080374304502,0.857162493677289,0.868324658573597,0.0111621648963075,0.0127502605820838,0.846244613050076,0.868568942842691,0.2215,0.2103,0.221883333333333,0.0115833333333335,0.0131595480052966,0.1991,0.222266666666667,0.29875,0.288375,0.301816666666667,0.0134416666666665,0.014088375165888,0.278,0.304883333333333,0.36333,0.35464,0.36448,0.00984000000000007,0.0107599318461287,0.34595,0.36563,0.0687537047460859,0.0644964045374828,0.087397736995568,0.0229013324580851,0.0243611107018494,0.0602391043288798,0.10604176924505,0.762,0.757,0.782,0.025,0.0264575131106459,0.752,0.802,2.46954531075272,2.45283581971263,2.4859693447792,0.0331335250665701,0.0331339349495232,2.43612632867253,2.50239337880567,,,,,,,,,,,,,,,,,,,,,,,,,,,,,,,,,,,,,,,,,,,,,,,,,,,,,,,,,,,,,,,,,,,,,,,,,,,,,,"standard","cpu4","/Users/stefano/Documents/fastEmbedR-results/mass41/standard/cpu4/20260721_084502_1071184/benchmark_summary_median_variability.csv"
"mass41","Rtsne_neighbors","t-SNE","cpu","embedding_from_precomputed_knn",4,4,965282,14,,30,"standard_R_double",,3,3,"success",1270.995,1269.5835,1300.4545,30.8709999999999,34.8604179885057,1268.172,1329.914,,,,,,,,,,,,,,,,,,,,,,,,,,,,,1270.995,1269.5835,1300.4545,30.8709999999999,34.8604179885057,1268.172,1329.914,5.26353454589844,5.26345252990723,5.26357650756836,0.000123977661132812,0.000126115991629155,5.26337051391602,5.26361846923828,,,,,,,,,,,,,,,0.93363122576294,0.932675248693306,0.934441797336031,0.00176654864272507,0.00176854225091041,0.931719271623672,0.935252368909122,0.251133333333333,0.243883333333333,0.2519,0.00801666666666701,0.00884749389082309,0.236633333333333,0.252666666666667,0.342116666666667,0.336566666666667,0.344291666666667,0.00772499999999998,0.00796696303493368,0.331016666666667,0.346466666666667,0.41406,0.40937,0.41452,0.00514999999999999,0.00569971929133358,0.40468,0.41498,0.114158199498904,0.109829236047054,0.126442367643433,0.0166131315963785,0.0172363347420326,0.105500272595205,0.138726535787962,0.8165,0.8165,0.824,0.00750000000000006,0.00866025403784439,0.8165,0.8315,2.17879935723385,2.17879935723385,2.17879935723385,0,0,2.17879935723385,2.17879935723385,,,,,,,,,,,,,,,,,,,,,,,,,,,,,,,,,,,,,,,,,,,,,,,,,,,,,,,,,,,,,,,,,,,,,,,,,,,,,,"standard","cpu4","/Users/stefano/Documents/fastEmbedR-results/mass41/standard/cpu4/20260721_084502_1071184/benchmark_summary_median_variability.csv"
"mass41","fastEmbedR_umap_cpu_binary_full","UMAP","cpu","full_pipeline",4,4,965282,14,30,,"float32",,3,3,"success",844.689,831.2275,846.19,14.9625000000001,16.4791057504142,817.766,847.691,0.00600000000000001,0.00599999999999989,0.00600000000000001,1.15359111152458e-16,1.32704928646916e-16,0.00599999999999978,0.00600000000000001,236.62,235.925,237.9415,2.01650000000001,2.04868404917239,235.23,239.263,,,,,,,,,,,,,,,607.826,595.0555,608.0005,12.9450000000001,14.8478762903431,582.285,608.175,3.78665924072266,3.78657531738281,3.78669357299805,0.000118255615234375,0.000121672299335792,3.78649139404297,3.78672790527344,,,,,,,,,,,,,,,0.970508093070308,0.969475602765132,0.971078603945372,0.00160300118023959,0.00162503982980881,0.968443112459956,0.971649114820435,0.315333333333333,0.305816666666667,0.317316666666666,0.0115,0.0122950004895093,0.2963,0.3193,0.413716666666667,0.407316666666667,0.418316666666667,0.011,0.0110489818535465,0.400916666666667,0.422916666666667,0.49756,0.49094,0.500695,0.00975500000000001,0.00996034303291476,0.48432,0.50383,0.313163279388282,0.31185816083411,0.338305537877478,0.0264473770433675,0.0298138698019567,0.310553042279939,0.363447796366674,0.906,0.90325,0.9085,0.00525000000000009,0.00525198375219628,0.9005,0.911,,,,,,,,,,,,,,,,,,,,,,,,,,,,,,,,,,,,,,,,,,,,,,,,,,,,,,,,,,,,,,,,,,,,,,,,,,,,,,,,,,,,,"standard","cpu4","/Users/stefano/Documents/fastEmbedR-results/mass41/standard/cpu4/20260721_084502_1071184/benchmark_summary_median_variability.csv"
"mass41","fastEmbedR_umap_cpu_binary_knn","UMAP","cpu","embedding_from_precomputed_knn",4,4,965282,14,30,,"float32",,3,3,"success",588.413,587.9585,593.092,5.13350000000003,5.68345162144739,587.504,597.771,,,,,,,,,,,,,,,,,,,,,,,,,,,,,588.413,587.9585,593.092,5.13350000000003,5.68345162144739,587.504,597.771,3.99005508422852,3.98987770080566,3.99006271362305,0.000185012817382812,0.000209368620634159,3.98970031738281,3.99007034301758,,,,,,,,,,,,,,,0.970551964255606,0.969587885685382,0.970911439892092,0.00132355420671049,0.00136881115349379,0.968623807115158,0.971270915528579,0.314233333333333,0.305533333333333,0.314933333333333,0.00939999999999996,0.0104734585182419,0.296833333333333,0.315633333333333,0.412616666666667,0.406283333333334,0.417316666666667,0.0110333333333335,0.0110735587641782,0.39995,0.422016666666667,0.49764,0.490675,0.49983,0.00915500000000002,0.00956107908833171,0.48371,0.50202,0.325652693528558,0.319982138067333,0.346623170027361,0.0266410319600275,0.0280673080020257,0.314311582606108,0.367593646526163,0.9105,0.90475,0.911,0.00625000000000009,0.00694622199472488,0.899,0.9115,,,,,,,,,,,,,,,,,,,,,,,,,,,,,,,,,,,,,,,,,,,,,,,,,,,,,,,,,,,,,,,,,,,,,,,,,,,,,,,,,,,,,"standard","cpu4","/Users/stefano/Documents/fastEmbedR-results/mass41/standard/cpu4/20260721_084502_1071184/benchmark_summary_median_variability.csv"
"mass41","fastEmbedR_umap_cpu_fuzzy_full","UMAP","cpu","full_pipeline",4,4,965282,14,30,,"float32",,3,3,"success",411.15,399.5725,414.45,14.8775,15.626228218394,387.995,417.75,0.0069999999999999,0.00649999999999996,0.00700000000000001,0.000500000000000054,0.000577350269189626,0.00600000000000001,0.00700000000000012,260.536,258.8995,262.1105,3.21100000000001,3.21119951627634,257.263,263.685,,,,,,,,,,,,,,,147.181,138.8205,152.063,13.2425,13.3939212704868,130.46,156.945,3.78664398193359,3.78656959533691,3.78673553466797,0.000165939331054688,0.000166235035472877,3.78649520874023,3.78682708740234,,,,,,,,,,,,,,,0.971090574945203,0.969601896813354,0.971188450514247,0.00158655370089344,0.0017781816279712,0.968113218681504,0.971286326083291,0.312533333333333,0.300516666666666,0.314633333333333,0.0141166666666665,0.0152335278373187,0.2885,0.316733333333333,0.4102,0.400191666666667,0.415966666666666,0.015775,0.015963955348546,0.390183333333333,0.421733333333333,0.49573,0.485815,0.498715,0.0129,0.0135062318949439,0.4759,0.5017,0.346937714230203,0.332114149158879,0.346960395541915,0.014846246383036,0.0171298886459014,0.317290584087556,0.346983076853628,0.9075,0.90375,0.90775,0.004,0.00448144321991624,0.9,0.908,,,,,,,,,,,,,,,,,,,,,,,,,,,,,,,,,,,,,,,,,,,,,,,,,,,,,,,,,,,,,,,,,,,,,,,,,,,,,,,,,,,,,"standard","cpu4","/Users/stefano/Documents/fastEmbedR-results/mass41/standard/cpu4/20260721_084502_1071184/benchmark_summary_median_variability.csv"
"mass41","fastEmbedR_umap_cpu_fuzzy_knn","UMAP","cpu","embedding_from_precomputed_knn",4,4,965282,14,30,,"float32",,3,3,"success",126.456,124.21,129.299,5.089,5.10065917308734,121.964,132.142,,,,,,,,,,,,,,,,,,,,,,,,,,,,,126.456,124.21,129.299,5.089,5.10065917308734,121.964,132.142,3.9897575378418,3.98967933654785,3.98984718322754,0.0001678466796875,0.000167976675844604,3.98960113525391,3.98993682861328,,,,,,,,,,,,,,,0.971024262350363,0.969659964592817,0.971258624178048,0.00159865958523053,0.00172664343104741,0.968295666835272,0.971492986005733,0.311966666666667,0.300433333333333,0.314333333333333,0.0139,0.014873441406052,0.2889,0.3167,0.4108,0.400416666666667,0.416333333333333,0.015916666666667,0.0161610986975243,0.390033333333333,0.421866666666667,0.49564,0.48582,0.49895,0.01313,0.0136573643138052,0.476,0.50226,0.342322641438085,0.325991564834173,0.342635639034319,0.016644074200146,0.0190407849368674,0.309660488230261,0.342948636630553,0.904,0.901,0.90575,0.00475000000000003,0.0048045117684665,0.898,0.9075,,,,,,,,,,,,,,,,,,,,,,,,,,,,,,,,,,,,,,,,,,,,,,,,,,,,,,,,,,,,,,,,,,,,,,,,,,,,,,,,,,,,,"standard","cpu4","/Users/stefano/Documents/fastEmbedR-results/mass41/standard/cpu4/20260721_084502_1071184/benchmark_summary_median_variability.csv"
"mass41","umap_package_knn","UMAP","cpu","embedding_from_precomputed_knn",4,4,965282,14,30,,"standard_R_double",,3,3,"success",4661.104,4561.6285,4661.401,99.7724999999991,115.036269832605,4462.153,4661.698,,,,,,,,,,,,,,,,,,,,,,,,,,,,,4661.104,4561.6285,4661.401,99.7724999999991,115.036269832605,4462.153,4661.698,22.0033493041992,22.0014324188232,22.0040168762207,0.00258445739746094,0.00268322219079873,21.9995155334473,22.0046844482422,,,,,,,,,,,,,,,0.971112257629405,0.969860976226606,0.971164382060361,0.0013034058337551,0.00147587011008415,0.968609694823807,0.971216506491317,0.309466666666667,0.300366666666667,0.31375,0.013383333333333,0.0136692003071514,0.291266666666667,0.318033333333333,0.412633333333333,0.406016666666666,0.41795,0.0119333333333336,0.0119569133884035,0.3994,0.423266666666667,0.49835,0.491505,0.501,0.00949500000000003,0.00979903226514404,0.48466,0.50365,0.30310058978784,0.301426820693183,0.318942599709008,0.017515779015824,0.0193317234247368,0.299753051598527,0.334784609630175,0.8995,0.8985,0.9,0.00149999999999995,0.00152752523165195,0.8975,0.9005,,,,,,,,,,,,,,,,,,,,,,,,,,,,,,,,,,,,,,,,,,,,,,,,,,,,,,,,,,,,,,,,,,,,,,,,,,,,,,,,,,,,,"standard","cpu4","/Users/stefano/Documents/fastEmbedR-results/mass41/standard/cpu4/20260721_084502_1071184/benchmark_summary_median_variability.csv"
"mass41","uwot_default","UMAP","cpu","full_pipeline",4,4,965282,14,30,,"standard_R_double",,3,3,"success",913.797,913.2705,913.8045,0.533999999999878,0.61232589362201,912.744,913.812,,,,,,,,,,,,,,,,,,,,,,,,,,,,,,,,,,,,6.00935745239258,6.00929069519043,6.00947189331055,0.000181198120117188,0.000183277579058324,6.00922393798828,6.00958633422852,,,,,,,,,,,,,,,0.971752267745743,0.970561515764626,0.97190751138088,0.00134599561625404,0.00147279667430339,0.96937076378351,0.972062755016018,0.3124,0.303583333333334,0.31625,0.0126666666666665,0.0129871874182608,0.294766666666667,0.3201,0.41235,0.406383333333333,0.417508333333333,0.011125,0.0111347845028957,0.400416666666667,0.422666666666667,0.49693,0.49051,0.500035,0.00952500000000001,0.00971538470674219,0.48409,0.50314,0.32903173831227,0.319825003956085,0.336705917469256,0.0168809135131706,0.0169040867697333,0.310618269599901,0.344380096626242,0.899,0.8985,0.901,0.00249999999999995,0.00264575131106459,0.898,0.903,,,,,,,,,,,,,,,,,,,,,,,,,,,,,,,,,,,,,,,,,,,,,,,,,,,,,,,,,,,,,,,,,,,,,,,,,,,,,,,,,,,,,"standard","cpu4","/Users/stefano/Documents/fastEmbedR-results/mass41/standard/cpu4/20260721_084502_1071184/benchmark_summary_median_variability.csv"
"mass41","uwot_fast_sgd","UMAP","cpu","full_pipeline",4,4,965282,14,30,,"standard_R_double",,3,3,"success",407.708,401.999,408.693,6.69399999999996,7.22830279756827,396.29,409.678,,,,,,,,,,,,,,,,,,,,,,,,,,,,,,,,,,,,6.0094108581543,6.00935173034668,6.00943946838379,8.7738037109375e-05,8.94896866348923e-05,6.00929260253906,6.00946807861328,,,,,,,,,,,,,,,0.971277491148204,0.97038551677626,0.971524422525712,0.00113890574945197,0.00119824863628487,0.969493542404316,0.97177135390322,0.311133333333333,0.302416666666667,0.316183333333333,0.0137666666666665,0.0139284813455232,0.2937,0.321233333333333,0.41075,0.404958333333334,0.41725,0.0122916666666665,0.0122984679864937,0.399166666666667,0.42375,0.4958,0.48982,0.498865,0.00904499999999997,0.00920024093887401,0.48384,0.50193,0.317428879195473,0.313174183606302,0.338482329130049,0.0253081455237475,0.0271029201201075,0.30891948801713,0.359535779064625,0.8965,0.896,0.901,0.00500000000000012,0.00550757054728611,0.8955,0.9055,,,,,,,,,,,,,,,,,,,,,,,,,,,,,,,,,,,,,,,,,,,,,,,,,,,,,,,,,,,,,,,,,,,,,,,,,,,,,,,,,,,,,"standard","cpu4","/Users/stefano/Documents/fastEmbedR-results/mass41/standard/cpu4/20260721_084502_1071184/benchmark_summary_median_variability.csv"
"mass41","uwot_knn","UMAP","cpu","embedding_from_precomputed_knn",4,4,965282,14,30,,"standard_R_double",,3,3,"success",233.181,230.001,234.0125,4.01149999999998,4.23445584855166,226.821,234.844,,,,,,,,,,,,,,,,,,,,,,,,,,,,,233.181,230.001,234.0125,4.01149999999998,4.23445584855166,226.821,234.844,7.29705810546875,7.29704284667969,7.2971019744873,5.91278076171875e-05,6.13917424752467e-05,7.29702758789062,7.29714584350586,,,,,,,,,,,,,,,0.970898718597201,0.970188231326927,0.971314306187826,0.00112607486089988,0.00113887365382204,0.969477744056652,0.971729893778452,0.311233333333333,0.303433333333333,0.315533333333333,0.0121,0.0122675724303276,0.295633333333333,0.319833333333333,0.410233333333333,0.405008333333333,0.416791666666667,0.0117833333333335,0.0118084519322831,0.399783333333333,0.42335,0.49639,0.49067,0.499175,0.00850499999999998,0.00867216428196175,0.48495,0.50196,0.326878758513207,0.317317668605423,0.342379104950864,0.025061436345441,0.0252949371957934,0.307756578697638,0.35787945138852,0.9005,0.89675,0.90075,0.004,0.00448144321991624,0.893,0.901,,,,,,,,,,,,,,,,,,,,,,,,,,,,,,,,,,,,,,,,,,,,,,,,,,,,,,,,,,,,,,,,,,,,,,,,,,,,,,,,,,,,,"standard","cpu4","/Users/stefano/Documents/fastEmbedR-results/mass41/standard/cpu4/20260721_084502_1071184/benchmark_summary_median_variability.csv"
"mass41","fastEmbedR_pca_cuda","PCA","cuda","pca_only",1,,965282,14,,,"float32",,3,3,"success",1.782,1.765,1.7825,0.0174999999999998,0.0199248588451713,1.748,1.783,,,,,,,,,,,,,,,1.782,1.765,1.7825,0.0174999999999998,0.0199248588451713,1.748,1.783,,,,,,,,,,,,,,,0.949005126953125,0.948991775512695,0.949071884155273,8.0108642578125e-05,8.5837752440072e-05,0.948978424072266,0.949138641357422,545,491,545,54,62.3538290724796,437,545,545,491,545,54,62.3538290724796,437,545,,,,,,,,,,,,,,,,,,,,,,,,,,,,,,,,,,,,,,,,,,,,,,,,,,,,,,,,,,,,,,,,,,,,,,,,,,,,,,,,,,,,,,,,,,,,,,,,,,,,,,,,,,,,,,,,,,,,,,,,,,,,,,,"standard","cuda","/Users/stefano/Documents/fastEmbedR-results/mass41/standard/cuda/20260722_125342_1071195/benchmark_summary_median_variability.csv"
"mass41","fastEmbedR_opentsne_cuda_full","t-SNE","cuda","full_pipeline",1,,965282,14,,30,"float32",,3,3,"success",5.773,5.772,5.882,0.109999999999999,0.12644366334459,5.771,5.991,0.012,0.012,0.019,0.007,0.00808290376865476,0.012,0.026,1.444,1.4405,1.511,0.0705,0.0794627795469888,1.437,1.578,,,,,,,,,,,,,,,4.05,4.0475,4.094,0.0465,0.0523099735550816,4.045,4.138,0.926914215087891,0.92683219909668,0.926952362060547,0.000120162963867188,0.000122803236174775,0.926750183105469,0.926990509033203,1295,1294,1295,1,1.15470053837925,1293,1295,1295,1294,1295,1,1.15470053837925,1293,1295,0.975007975046367,0.974504838981622,0.975060099477323,0.000555260495701093,0.000613284639753121,0.974001702916877,0.975112223908279,0.354666666666667,0.344266666666667,0.355333333333334,0.0110666666666665,0.0124117029601247,0.333866666666667,0.356,0.415983333333333,0.407191666666667,0.419,0.0118083333333335,0.0122700289775988,0.3984,0.422016666666667,0.47199,0.46352,0.473065,0.00954499999999997,0.0104563712634929,0.45505,0.47414,0.225740431704233,0.221766846881321,0.236999009806915,0.015232162925593,0.0158021885537175,0.21779326205841,0.248257587909596,0.887,0.88525,0.8925,0.00725000000000009,0.00756637297521081,0.8835,0.898,2.03943211118098,2.03725781066352,2.03950823729402,0.0022504266304999,0.00255575141521988,2.03508351014605,2.03958436340705,,,,,,,,,,,,,,,,,,,,,,,,,,,,,,,,,,,,,,,,,,,,,,,,,,,,,,,,,,,,,,,,,,,,,,,,,,,,,,"standard","cuda","/Users/stefano/Documents/fastEmbedR-results/mass41/standard/cuda/20260722_125342_1071195/benchmark_summary_median_variability.csv"
"mass41","fastEmbedR_opentsne_cuda_knn","t-SNE","cuda","embedding_from_precomputed_knn",1,,965282,14,,30,"float32",,3,3,"success",4.484,4.478,4.486,0.0080000000000009,0.00832666399786447,4.472,4.488,,,,,,,,,,,,,,,,,,,,,,,,,,,,,4.484,4.478,4.486,0.0080000000000009,0.00832666399786447,4.472,4.488,1.26860427856445,1.26859664916992,1.26881217956543,0.000215530395507812,0.000244587251310889,1.26858901977539,1.26902008056641,1111,1111,1111,0,0,1111,1111,1111,1111,1111,0,0,1111,1111,0.974497032540887,0.974009079413253,0.97510949249705,0.00110041308379705,0.00110275848297575,0.973521126285618,0.975721952453212,0.352966666666667,0.3445,0.3542,0.00969999999999993,0.0105607940217757,0.336033333333333,0.355433333333333,0.412116666666667,0.4071,0.416941666666667,0.00984166666666697,0.0098422887657371,0.402083333333333,0.421766666666667,0.47076,0.465515,0.475135,0.00961999999999996,0.0096331043802089,0.46027,0.47951,0.232071236466637,0.228192663021388,0.246819786234821,0.0186271232134325,0.0196559197434799,0.22431408957614,0.261568336003005,0.8905,0.886,0.89375,0.00775000000000015,0.00778352961922378,0.8815,0.897,2.05150125752784,2.04863604429848,2.05200044562566,0.00336440132718963,0.00363114599882154,2.04577083106911,2.05249963372349,,,,,,,,,,,,,,,,,,,,,,,,,,,,,,,,,,,,,,,,,,,,,,,,,,,,,,,,,,,,,,,,,,,,,,,,,,,,,,"standard","cuda","/Users/stefano/Documents/fastEmbedR-results/mass41/standard/cuda/20260722_125342_1071195/benchmark_summary_median_variability.csv"
"mass41","fastEmbedR_umap_cuda_binary_full","UMAP","cuda","full_pipeline",1,,965282,14,30,,"float32",,3,3,"success",3.009,2.967,3.0185,0.0515000000000003,0.0548117992163489,2.925,3.028,0.028,0.0195000000000001,0.0294999999999999,0.0099999999999999,0.0107857931249089,0.0110000000000001,0.0309999999999999,1.417,1.3815,1.4215,0.04,0.0438216080642111,1.346,1.426,,,,,,,,,,,,,,,1.326,1.325,1.33,0.00499999999999989,0.00529150262212919,1.324,1.334,0.87646484375,0.87623405456543,0.876510620117188,0.000276565551757812,0.000296476674660495,0.876003265380859,0.876556396484375,2845,2844,2845,1,1.15470053837925,2843,2845,2845,2844,2845,1,1.15470053837925,2843,2845,0.970762636992076,0.969875257123588,0.971191291519137,0.00131603439554895,0.00134241927499955,0.9689878772551,0.971619946046198,0.311466666666667,0.302016666666667,0.3153,0.013283333333333,0.0136734265124944,0.292566666666667,0.319133333333333,0.41075,0.404191666666667,0.417033333333333,0.012841666666667,0.0128426481346769,0.397633333333333,0.423316666666667,0.49424,0.48789,0.5,0.01211,0.0121147898592313,0.48154,0.50576,0.313611168919156,0.297762670131715,0.325533169689174,0.0277704995574595,0.027862874484957,0.281914171344273,0.337455170459192,0.909,0.9065,0.90925,0.00274999999999992,0.00304138126514909,0.904,0.9095,,,,,,,,,,,,,,,,,,,,,,,,,,,,,,,,,,,,,,,,,,,,,,,,,,,,,,,,,,,,,,,,,,,,,,,,,,,,,,,,,,,,,"standard","cuda","/Users/stefano/Documents/fastEmbedR-results/mass41/standard/cuda/20260722_125342_1071195/benchmark_summary_median_variability.csv"
"mass41","fastEmbedR_umap_cuda_binary_knn","UMAP","cuda","embedding_from_precomputed_knn",1,,965282,14,30,,"float32",,3,3,"success",23.361,23.3465,23.3845,0.0380000000000038,0.0383536178215305,23.332,23.408,,,,,,,,,,,,,,,,,,,,,,,,,,,,,23.361,23.3465,23.3845,0.0380000000000038,0.0383536178215305,23.332,23.408,3.98451614379883,3.98437118530273,3.98797798156738,0.00360679626464844,0.00408365138865235,3.98422622680664,3.99143981933594,1125,1125,1125,0,0,1125,1125,1125,1125,1125,0,0,1125,1125,0.968637666498061,0.967745245321194,0.969001812510538,0.00125656718934442,0.00129305297046989,0.966852824144326,0.969365958523015,0.298466666666667,0.2893,0.301833333333334,0.0125333333333335,0.012972963338335,0.280133333333333,0.3052,0.3987,0.39275,0.4043,0.01155,0.0115517675415208,0.3868,0.4099,0.48634,0.479775,0.488885,0.00911000000000001,0.0094010052653958,0.47321,0.49143,0.342172990378798,0.329499200581344,0.363719769438256,0.0342205688569125,0.0346018878922124,0.316825410783889,0.385266548497714,0.901,0.9005,0.90225,0.00174999999999992,0.00180277563773197,0.9,0.9035,,,,,,,,,,,,,,,,,,,,,,,,,,,,,,,,,,,,,,,,,,,,,,,,,,,,,,,,,,,,,,,,,,,,,,,,,,,,,,,,,,,,,"standard","cuda","/Users/stefano/Documents/fastEmbedR-results/mass41/standard/cuda/20260722_125342_1071195/benchmark_summary_median_variability.csv"
"mass41","fastEmbedR_umap_cuda_fuzzy_full","UMAP","cuda","full_pipeline",1,,965282,14,30,,"float32",,3,3,"success",2.151,2.1435,2.1565,0.0129999999999999,0.0130511813003012,2.136,2.162,0.0169999999999999,0.0145,0.022,0.00750000000000005,0.0076376261582598,0.012,0.0270000000000001,1.394,1.3875,1.3945,0.0069999999999999,0.00781024967590663,1.381,1.395,,,,,,,,,,,,,,,0.504,0.504,0.507,0.003,0.00346410161513776,0.504,0.51,0.876422882080078,0.876310348510742,0.877363204956055,0.0010528564453125,0.0011562518784845,0.876197814941406,0.878303527832031,2845,2844,2845,1,1.15470053837925,2843,2845,2845,2844,2845,1,1.15470053837925,2843,2845,0.970044275838813,0.969775973697522,0.970242201989546,0.000466228292024917,0.000467995456139177,0.96950767155623,0.97044012814028,0.3103,0.301566666666667,0.31045,0.00888333333333347,0.0101720932694055,0.292833333333333,0.3106,0.409,0.40305,0.412508333333333,0.00945833333333346,0.0095628089395751,0.3971,0.416016666666667,0.49219,0.48612,0.49407,0.00795000000000001,0.00830990573552634,0.48005,0.49595,0.289736692010766,0.276629378123138,0.300119385881046,0.023490007757908,0.0235426205539277,0.263522064235511,0.310502079751327,0.9005,0.89925,0.906,0.00674999999999992,0.00718215380880507,0.898,0.9115,,,,,,,,,,,,,,,,,,,,,,,,,,,,,,,,,,,,,,,,,,,,,,,,,,,,,,,,,,,,,,,,,,,,,,,,,,,,,,,,,,,,,"standard","cuda","/Users/stefano/Documents/fastEmbedR-results/mass41/standard/cuda/20260722_125342_1071195/benchmark_summary_median_variability.csv"
"mass41","fastEmbedR_umap_cuda_fuzzy_knn","UMAP","cuda","embedding_from_precomputed_knn",1,,965282,14,30,,"float32",,3,3,"success",31.418,31.3485,31.4205,0.0719999999999956,0.0817333061446386,31.279,31.423,,,,,,,,,,,,,,,,,,,,,,,,,,,,,31.418,31.3485,31.4205,0.0719999999999956,0.0817333061446386,31.279,31.423,3.59335708618164,3.58978843688965,3.59350776672363,0.00371932983398438,0.00421041382043283,3.58621978759766,3.59365844726562,1125,1125,1125,0,0,1125,1125,1125,1125,1125,0,0,1125,1125,0.968994655201484,0.968951913673917,0.969442539200809,0.000490625526892496,0.000543531859028888,0.96890917214635,0.969890423200135,0.308,0.2985,0.308033333333333,0.0095333333333335,0.0109889506795253,0.289,0.308066666666667,0.405966666666667,0.399758333333333,0.408883333333333,0.00912499999999999,0.00932080011666463,0.39355,0.4118,0.48954,0.4839,0.490595,0.00669500000000001,0.00719933561749506,0.47826,0.49165,0.34173486257699,0.334696598933388,0.353121471824875,0.018424872891487,0.018595124205883,0.327658335289786,0.36450808107276,0.9045,0.9005,0.905,0.00450000000000006,0.00493288286231625,0.8965,0.9055,,,,,,,,,,,,,,,,,,,,,,,,,,,,,,,,,,,,,,,,,,,,,,,,,,,,,,,,,,,,,,,,,,,,,,,,,,,,,,,,,,,,,"standard","cuda","/Users/stefano/Documents/fastEmbedR-results/mass41/standard/cuda/20260722_125342_1071195/benchmark_summary_median_variability.csv"
